# Blender 5.0.1
# www.blender.org
o Scissor_Top.001
v -1.223008 0.106935 0.014232
v -1.223008 -0.071288 0.014232
v -1.223008 -0.000000 0.014232
v -1.223008 0.106935 0.014232
v -1.223008 -0.071288 0.014232
v -1.223008 -0.000000 0.014232
v -1.223008 0.074117 0.014232
v -1.223008 0.106935 0.254571
v -1.223008 0.074117 0.254571
v -1.223008 0.106935 -0.000000
v -1.223008 -0.071288 -0.000000
v -1.223008 -0.000000 -0.000000
v -1.223008 0.106935 -0.000000
v -1.223008 -0.000000 -0.000000
v -1.223008 0.074117 -0.000000
v -1.223008 0.106935 -0.014233
v -1.223008 -0.071288 -0.014233
v -1.223008 -0.000000 -0.014233
v -1.223008 0.106935 -0.014233
v -1.223008 -0.071288 -0.014233
v -1.223008 -0.000000 -0.014233
v -1.223008 0.074117 -0.014233
v -1.223008 0.106935 -0.254572
v -1.223008 0.074117 -0.254572
v -1.447224 1.598701 -0.007601
v -1.445128 1.606270 0.010852
v -1.446438 1.569334 -0.021762
v -1.449852 1.574587 -0.000091
v -1.447007 1.569774 0.015516
v -1.449953 1.566075 -0.037609
v -1.446875 1.570842 0.024465
v -1.449580 1.567304 0.036034
v -1.443151 1.586296 0.040118
v -1.445348 1.569638 -0.043923
v -1.445807 1.567439 0.042621
v -1.446808 1.559263 -0.008448
v -1.439183 1.546522 -0.042079
v -1.444649 1.519646 -0.000430
v -1.443941 1.613301 -0.002627
v -1.440309 1.605132 0.028948
v -1.440596 1.607266 -0.026755
v -1.436740 1.601447 0.045448
v -1.435353 1.602079 -0.046566
v -1.435569 1.563033 0.045292
v -1.443558 1.538904 -0.037400
v -1.439786 1.531789 -0.023626
v -1.440932 1.535450 0.021371
v -1.442721 1.535386 0.036534
v -1.438138 1.529442 -0.039234
v -1.441524 1.514218 -0.003961
v -1.434827 1.520624 0.021353
v -1.435946 1.508676 0.004893
v -1.428365 1.645369 0.008208
v -1.424245 1.619588 0.044030
v -1.428979 1.597395 -0.051348
v -1.437558 1.588626 0.043966
v -1.441774 1.586854 -0.043363
v -1.432872 1.556462 -0.045964
v -1.425881 1.549063 0.045535
v -1.429072 1.517313 0.034201
v -1.429150 1.515596 -0.029343
v -1.433105 1.503703 -0.000519
v -1.417488 1.606036 -0.057767
v -1.416438 1.608040 0.056594
v -1.415348 1.595935 0.056511
v -1.419533 1.581355 -0.044539
v -1.421812 1.582760 0.045079
v -1.423634 1.547754 -0.047221
v -1.430993 1.527379 0.040895
v -1.417927 1.500374 -0.024894
v -1.415288 1.499442 0.027199
v -1.395999 1.697247 0.001061
v -1.414939 1.661662 0.015730
v -1.412133 1.637044 -0.044476
v -1.412148 1.636018 0.044427
v -1.417452 1.568843 -0.040634
v -1.418051 1.568251 0.038992
v -1.411996 1.505662 -0.038485
v -1.415010 1.496645 -0.010385
v -1.421896 1.498061 -0.000068
v -1.422225 1.652258 -0.015393
v -1.396149 1.674956 -0.027871
v -1.391027 1.685915 0.023540
v -1.409458 1.593776 -0.060052
v -1.412080 1.553052 0.052175
v -1.412625 1.551956 -0.053126
v -1.414204 1.537689 -0.050319
v -1.412014 1.537383 0.049892
v -1.411199 1.507457 0.039184
v -1.399448 1.664068 0.032245
v -1.406342 1.576751 -0.059298
v -1.403900 1.576875 0.061242
v -1.406227 1.523947 0.046411
v -1.403637 1.487273 -0.029273
v -1.404948 1.487711 0.027452
v -1.407061 1.488427 0.002206
v -1.401769 1.486115 -0.012231
v -1.398608 1.687952 -0.011159
v -1.397480 1.626830 -0.053918
v -1.393426 1.630757 0.052834
v -1.398733 1.586799 0.063113
v -1.400496 1.585449 -0.064115
v -1.406438 1.552705 -0.059291
v -1.405982 1.548747 0.057458
v -1.406776 1.521595 -0.046597
v -1.401162 1.499875 0.043738
v -1.401834 1.499946 -0.044138
v -1.401704 1.487174 0.027004
v -1.371716 1.721791 0.014126
v -1.386600 1.664342 -0.042246
v -1.385375 1.656317 0.046085
v -1.382259 1.589281 -0.061497
v -1.385453 1.596367 0.059288
v -1.395956 1.567570 -0.062666
v -1.393916 1.563584 0.060690
v -1.397280 1.536989 0.052999
v -1.398203 1.537405 -0.053929
v -1.391831 1.516892 0.058606
v -1.386158 1.500870 -0.049680
v -1.386145 1.500193 0.047767
v -1.392128 1.486645 -0.012129
v -1.388202 1.486354 0.012684
v -1.386883 1.639792 -0.053274
v -1.386526 1.576724 -0.061680
v -1.387133 1.543257 -0.057667
v -1.391287 1.522136 -0.061143
v -1.387576 1.525961 0.062001
v -1.386978 1.510489 -0.057161
v -1.387682 1.491852 -0.028480
v -1.388290 1.495551 0.037418
v -1.361974 1.726781 0.023104
v -1.371608 1.657495 -0.053832
v -1.385820 1.543720 0.057269
v -1.384807 1.537290 -0.063218
v -1.383125 1.538585 0.062428
v -1.377845 1.482751 -0.037914
v -1.382661 1.483853 -0.014775
v -1.382301 1.485314 0.032853
v -1.367105 1.730296 -0.012287
v -1.362158 1.725619 -0.024458
v -1.367290 1.731842 0.001022
v -1.365215 1.529279 -0.065365
v -1.359008 1.530194 0.064949
v -1.373833 1.513605 -0.057994
v -1.377056 1.506729 0.054059
v -1.369766 1.492374 0.050032
v -1.374878 1.482090 -0.001390
v -1.373474 1.478955 0.024009
v -1.376003 1.482160 0.036096
v -1.354785 1.697352 0.047924
v -1.352286 1.686393 -0.054594
v -1.353145 1.680247 0.054525
v -1.356858 1.544960 -0.068975
v -1.357948 1.545201 0.068093
v -1.370120 1.493029 -0.051648
v -1.373708 1.478975 -0.024332
v -1.362998 1.484493 0.001118
v -1.342239 1.717167 -0.048353
v -1.363654 1.568761 -0.062004
v -1.361778 1.568641 0.061345
v -1.361916 1.486945 -0.041177
v -1.361442 1.483505 -0.026206
v -1.361905 1.484133 0.035280
v -1.357872 1.599330 0.064263
v -1.347992 1.615667 -0.066300
v -1.348714 1.572681 -0.066124
v -1.359917 1.512882 -0.062481
v -1.359642 1.511151 0.061004
v -1.352588 1.496326 -0.053305
v -1.354907 1.481645 -0.002086
v -1.353492 1.754192 -0.010528
v -1.353021 1.755051 0.009217
v -1.331880 1.776033 0.018339
v -1.334264 1.769967 -0.023060
v -1.329319 1.768885 0.028404
v -1.330969 1.739930 0.044376
v -1.332098 1.568478 -0.068930
v -1.338473 1.529984 -0.068422
v -1.352882 1.495909 0.051763
v -1.334857 1.546614 0.067149
v -1.336897 1.514799 0.058423
v -1.343137 1.485066 0.048412
v -1.342290 1.485528 -0.049516
v -1.337791 1.477182 -0.040074
v -1.347291 1.476011 -0.026507
v -1.346352 1.475691 0.030071
v -1.326627 1.790856 -0.000255
v -1.341459 1.638371 0.065667
v -1.326229 1.557949 -0.070465
v -1.338036 1.530315 0.067809
v -1.336894 1.473734 -0.021196
v -1.335596 1.476263 -0.001348
v -1.335435 1.473814 0.020205
v -1.306880 1.771378 -0.051054
v -1.305426 1.759146 0.055953
v -1.319123 1.684952 -0.067323
v -1.329719 1.569399 0.067637
v -1.324356 1.556604 0.068975
v -1.331888 1.545336 -0.067692
v -1.336670 1.514450 -0.059355
v -1.333486 1.478300 0.038272
v -1.317587 1.722007 0.060199
v -1.337529 1.573665 0.067587
v -1.311842 1.534594 -0.058691
v -1.330042 1.505116 -0.055850
v -1.328029 1.499561 0.052019
v -1.321786 1.484486 0.033994
v -1.320896 1.484239 -0.032880
v -1.325252 1.478089 -0.020193
v -1.324430 1.478478 0.019162
v -1.307521 1.819947 -0.002284
v -1.299083 1.820830 -0.027430
v -1.299059 1.824798 0.020596
v -1.302703 1.796539 -0.042868
v -1.297761 1.814735 0.034340
v -1.299188 1.800608 0.043822
v -1.318032 1.722182 -0.061004
v -1.296812 1.719466 -0.070758
v -1.337530 1.643836 -0.066995
v -1.301689 1.598512 0.068975
v -1.306534 1.548900 -0.062032
v -1.313065 1.505500 0.043212
v -1.328336 1.490615 -0.047974
v -1.313340 1.494102 -0.033422
v -1.322492 1.483497 0.002536
v -1.320412 1.485157 -0.013675
v -1.289521 1.785650 0.059998
v -1.290139 1.766329 -0.064688
v -1.315305 1.692219 0.066672
v -1.306304 1.596819 -0.070060
v -1.296701 1.560568 0.059926
v -1.309506 1.517342 -0.047230
v -1.314828 1.499063 -0.011557
v -1.315061 1.498826 0.011568
v -1.312647 1.495925 0.027045
v -1.281629 1.802373 -0.064113
v -1.292747 1.667418 -0.073903
v -1.286135 1.638021 0.072999
v -1.300533 1.549705 0.058611
v -1.309705 1.524366 0.049993
v -1.302991 1.513823 0.027080
v -1.304786 1.511053 -0.025344
v -1.276850 1.830582 -0.058656
v -1.289242 1.670498 0.073494
v -1.302369 1.566883 -0.063027
v -1.292475 1.554310 -0.057854
v -1.293687 1.524505 -0.024842
v -1.294307 1.527684 0.034123
v -1.275187 1.841347 0.048830
v -1.285365 1.763724 0.066762
v -1.278555 1.601317 -0.067890
v -1.285366 1.531026 0.021465
v -1.299911 1.520401 -0.000556
v -1.259187 1.871334 -0.040410
v -1.266539 1.868403 0.019758
v -1.274404 1.834209 0.060888
v -1.277865 1.784621 -0.070172
v -1.272978 1.750636 -0.075217
v -1.258517 1.872321 0.038953
v -1.265412 1.830373 0.076682
v -1.266807 1.807411 0.077210
v -1.262723 1.696625 -0.080534
v -1.292704 1.533243 -0.041832
v -1.261127 1.554101 -0.038466
v -1.267099 1.551662 0.039488
v -1.252563 1.554137 -0.010759
v -1.266447 1.545993 -0.000996
v -1.251962 1.887717 -0.022013
v -1.273346 1.842032 -0.055719
v -1.260101 1.840985 -0.084276
v -1.265901 1.778386 0.075884
v -1.282065 1.638336 -0.074550
v -1.270787 1.631280 0.072870
v -1.269349 1.579730 0.061943
v -1.261347 1.583084 -0.062716
v -1.285524 1.548031 0.048719
v -1.265451 1.545751 -0.028870
v -1.246855 1.884026 -0.087018
v -1.260545 1.824100 -0.082983
v -1.268975 1.752057 0.075496
v -1.253065 1.756152 0.078821
v -1.250548 1.677351 -0.082930
v -1.261054 1.878373 0.000994
v -1.249290 1.880432 0.087504
v -1.257413 1.858084 -0.088101
v -1.253336 1.872982 -0.087876
v -1.259825 1.855636 0.083329
v -1.257332 1.831376 0.083317
v -1.256423 1.779763 -0.081219
v -1.254279 1.744165 -0.080555
v -1.247127 1.722898 0.083344
v -1.256929 1.593592 -0.066113
v -1.249846 1.602635 0.067552
v -1.256824 1.569979 -0.052234
v -1.250689 1.573953 0.052726
v -1.251689 1.863226 -0.096767
v -1.240189 1.880371 -0.101055
v -1.238189 1.898333 -0.043933
v -1.252966 1.876444 0.062246
v -1.251028 1.864205 0.096066
v -1.239879 1.885359 0.096625
v -1.247695 1.829862 -0.090271
v -1.246614 1.817910 -0.091375
v -1.250948 1.782958 0.082975
v -1.242576 1.681408 0.084122
v -1.241612 1.592383 0.063695
v -1.235226 1.914100 0.012375
v -1.237565 1.900048 0.040625
v -1.243684 1.862835 0.101532
v -1.244509 1.849503 -0.097463
v -1.241463 1.850438 0.099200
v -1.244695 1.833969 0.091988
v -1.240920 1.820720 0.094975
v -1.255101 1.551724 0.029773
v -1.255543 1.552287 0.010431
v -1.222909 1.910988 -0.077127
v -1.229879 1.906652 -0.069119
v -1.227053 1.911238 0.061894
v -1.229476 1.904397 0.077170
v -1.228360 1.891888 -0.099460
v -1.237761 1.866612 -0.107400
v -1.224093 1.855332 -0.108279
v -1.228865 1.851416 0.105732
v -1.235137 1.837859 -0.108422
v -1.237202 1.835932 0.105867
v -1.216072 1.718964 -0.095161
v -1.244898 1.663537 0.081186
v -1.214578 1.621183 0.075268
v -1.222547 1.566741 -0.032145
v -1.232116 1.919165 -0.011825
v -1.230633 1.875511 0.109527
v -1.220680 1.856246 0.107201
v -1.231074 1.841248 0.109138
v -1.228911 1.823601 -0.104714
v -1.221422 1.810242 0.102872
v -1.218066 1.811571 -0.105496
v -1.237715 1.768185 -0.084909
v -1.236065 1.768785 0.084625
v -1.236925 1.666874 -0.083545
v -1.231913 1.649062 -0.080945
v -1.227187 1.645574 0.080318
v -1.203195 1.575145 -0.023858
v -1.245501 1.554952 -0.023609
v -1.248355 1.553575 0.022488
v -1.210442 1.942857 0.041973
v -1.216797 1.922197 0.069153
v -1.206920 1.887105 -0.116086
v -1.223484 1.871089 -0.114609
v -1.222486 1.864416 0.113269
v -1.222021 1.862025 -0.113175
v -1.226354 1.841082 -0.110347
v -1.220568 1.831442 0.107068
v -1.203279 1.607297 0.067915
v -1.211988 1.942732 -0.035804
v -1.209075 1.899385 0.104407
v -1.218980 1.829962 -0.108323
v -1.220967 1.770675 0.091933
v -1.223535 1.710057 0.091662
v -1.224412 1.625574 -0.076318
v -1.214945 1.602507 -0.067050
v -1.186597 1.589053 0.004607
v -1.212821 1.933416 -0.062348
v -1.205137 1.887320 0.116015
v -1.209787 1.865273 0.115120
v -1.212186 1.860378 -0.112461
v -1.204438 1.848469 -0.108330
v -1.193812 1.793451 0.104089
v -1.221910 1.771783 -0.092599
v -1.196365 1.757511 -0.101443
v -1.200984 1.641118 -0.086885
v -1.204324 1.593219 0.054788
v -1.208704 1.572998 0.030691
v -1.208673 2.103474 -0.091227
v -1.205177 2.107622 -0.091886
v -1.208072 2.104677 0.089140
v -1.205949 2.105173 0.097349
v -1.202430 2.103458 -0.102754
v -1.205127 2.094645 -0.080973
v -1.204699 2.095623 0.079776
v -1.203159 2.084778 -0.079194
v -1.205392 2.096500 0.086262
v -1.202119 2.080209 0.075966
v -1.186225 1.979659 0.031481
v -1.192184 1.963598 -0.051684
v -1.186157 1.967885 0.055529
v -1.191280 1.925001 0.093879
v -1.194449 1.913974 -0.103414
v -1.196815 1.873824 -0.119220
v -1.201381 1.846526 0.107728
v -1.198221 1.787687 -0.102823
v -1.195291 1.772934 0.101259
v -1.215743 1.692549 0.091767
v -1.207655 1.613759 -0.072986
v -1.196941 1.592011 -0.050843
v -1.188213 1.587994 -0.006357
v -1.196086 2.103861 -0.105226
v -1.202662 2.108157 0.094828
v -1.195148 2.097847 0.081059
v -1.194406 2.101192 0.104554
v -1.195471 2.094272 -0.078680
v -1.196743 2.097620 0.104198
v -1.182746 2.077194 -0.107973
v -1.185442 2.076401 -0.090652
v -1.200070 2.081952 -0.073984
v -1.191493 2.078094 0.068791
v -1.199477 2.079129 0.072875
v -1.179847 2.056976 -0.077593
v -1.192966 2.057084 -0.069918
v -1.190411 2.060477 -0.074935
v -1.191077 2.052399 0.068347
v -1.190138 2.061813 0.074672
v -1.193008 1.976970 -0.015003
v -1.199620 1.971449 -0.000081
v -1.178252 1.961225 -0.073520
v -1.189636 1.918036 0.103288
v -1.196044 1.899596 -0.113536
v -1.191889 1.858419 -0.117109
v -1.190192 1.857761 0.115919
v -1.206200 1.818124 0.108092
v -1.190002 1.679501 -0.098020
v -1.190095 1.642447 0.088364
v -1.184386 1.628075 0.083441
v -1.163982 1.595427 0.019104
v -1.190233 2.098761 -0.087045
v -1.180442 2.089733 0.084217
v -1.191569 2.077671 -0.069620
v -1.190255 2.062281 0.064725
v -1.189908 2.060116 -0.065461
v -1.194630 1.875885 0.118083
v -1.187464 1.842864 -0.112767
v -1.188533 1.841122 0.111209
v -1.180593 1.676352 0.098152
v -1.188308 2.098469 0.100591
v -1.181750 2.074645 0.107083
v -1.184761 2.067739 0.080900
v -1.180626 2.072245 0.093349
v -1.180140 2.052668 -0.059674
v -1.181842 2.040859 -0.062042
v -1.182152 2.043148 0.060958
v -1.172314 1.998571 0.012104
v -1.175861 1.967063 0.069794
v -1.182123 1.927900 -0.100476
v -1.175862 1.881260 -0.114447
v -1.165473 1.633244 -0.088497
v -1.179438 2.081639 -0.108030
v -1.168316 2.079385 -0.092167
v -1.181751 2.082076 0.107676
v -1.177121 2.078063 0.070702
v -1.177306 2.071161 -0.066496
v -1.174772 2.064180 -0.108362
v -1.171508 2.060098 0.110789
v -1.171615 2.057811 -0.081783
v -1.179956 2.052227 0.058478
v -1.171816 2.055931 0.077491
v -1.178953 2.039199 -0.070453
v -1.179586 2.038447 0.069216
v -1.178146 2.025975 -0.067798
v -1.165892 2.023027 -0.051623
v -1.166315 2.017265 0.052175
v -1.174967 2.021470 0.067503
v -1.168103 2.008837 -0.059165
v -1.173540 1.994874 -0.030607
v -1.164134 1.984116 -0.072020
v -1.167672 1.992397 0.058735
v -1.182044 1.910968 0.107574
v -1.163696 1.829562 0.111471
v -1.166811 1.777141 -0.107285
v -1.173778 1.714604 0.103487
v -1.203225 1.599476 -0.061936
v -1.157271 1.600085 -0.037040
v -1.163018 2.074669 -0.078623
v -1.170832 2.070612 0.107823
v -1.172607 2.072651 -0.108904
v -1.167013 2.056597 0.054473
v -1.164092 2.052565 -0.053389
v -1.168331 2.019647 -0.070361
v -1.169645 2.011256 -0.067478
v -1.170061 2.000764 -0.008965
v -1.171164 1.959978 -0.080324
v -1.168586 1.956655 0.083087
v -1.177396 1.930886 0.098493
v -1.180285 1.916763 -0.106131
v -1.171978 1.899404 -0.109647
v -1.168827 1.912730 0.104168
v -1.172395 1.842156 -0.114393
v -1.164654 1.819382 -0.111216
v -1.185515 1.801073 -0.106981
v -1.169150 1.717019 -0.105313
v -1.166022 1.645311 -0.093122
v -1.159473 1.613204 -0.066002
v -1.159336 2.068863 -0.067936
v -1.163756 2.072803 0.070324
v -1.165277 2.072953 0.098970
v -1.161428 2.052128 -0.109197
v -1.168343 2.050900 -0.109501
v -1.170423 2.059895 -0.091724
v -1.164974 2.054377 0.087179
v -1.167450 2.049683 0.107033
v -1.162419 2.043076 0.069092
v -1.162572 2.039185 -0.103786
v -1.162944 2.038949 -0.067839
v -1.160560 2.033425 0.104426
v -1.160100 2.021243 0.046519
v -1.155451 2.030087 0.065191
v -1.164850 2.017158 0.069844
v -1.161955 2.010258 -0.073669
v -1.168080 2.008670 0.059816
v -1.162809 2.001750 0.072054
v -1.166923 1.994878 -0.060481
v -1.160209 1.998895 -0.076598
v -1.169230 1.994009 -0.051756
v -1.158403 2.012022 -0.037556
v -1.164451 2.004495 0.044732
v -1.162907 1.985682 0.071926
v -1.151226 1.978079 -0.084078
v -1.152651 1.982162 0.081403
v -1.168152 1.947559 -0.089900
v -1.159318 1.945965 0.090860
v -1.161619 1.929747 -0.098563
v -1.175488 1.884382 0.112833
v -1.152468 1.706670 0.105666
v -1.162975 1.640984 0.090889
v -1.157828 1.624864 -0.081264
v -1.155396 1.626798 0.081911
v -1.164327 1.611565 0.065135
v -1.158585 1.598060 -0.020644
v -1.160908 1.604119 -0.004456
v -1.164848 1.602112 0.003333
v -1.153399 2.054609 -0.053485
v -1.151811 2.053205 0.051750
v -1.161969 2.053638 0.107942
v -1.152271 2.042735 -0.076552
v -1.155988 2.043968 -0.073083
v -1.152027 2.040689 0.071724
v -1.158245 2.042837 0.090736
v -1.156031 2.036284 0.105867
v -1.157155 2.032878 -0.105694
v -1.156763 2.021110 -0.044264
v -1.156344 2.018506 -0.094691
v -1.156865 2.024517 0.094247
v -1.154124 2.012999 -0.097319
v -1.158012 2.012340 0.035788
v -1.155329 2.007279 0.076840
v -1.148312 1.967151 0.085993
v -1.147308 1.959740 -0.089631
v -1.175445 1.870070 0.114817
v -1.160066 1.682470 -0.102606
v -1.142112 2.055467 0.057857
v -1.136566 2.042486 -0.094676
v -1.141106 2.053985 0.088791
v -1.153408 2.024723 0.042510
v -1.154407 2.032187 -0.091393
v -1.147650 2.015470 -0.065595
v -1.147152 2.019869 0.014844
v -1.145781 2.013760 0.064890
v -1.152927 2.008947 0.082820
v -1.152673 2.012410 0.096363
v -1.156321 2.004629 -0.083774
v -1.145930 2.015688 -0.082022
v -1.154486 2.001573 0.085522
v -1.150413 1.990340 -0.085340
v -1.138705 1.925720 0.100912
v -1.127226 1.728742 0.108927
v -1.135339 2.051300 -0.085569
v -1.152048 2.066716 0.081921
v -1.140201 2.028386 -0.100614
v -1.144945 2.034658 -0.044594
v -1.142836 2.025987 0.037828
v -1.143708 2.017761 -0.100959
v -1.137165 2.021412 -0.075995
v -1.142539 2.024345 -0.066739
v -1.145763 2.022792 -0.036113
v -1.141141 2.022360 0.066073
v -1.139802 2.026601 0.076340
v -1.147335 2.018586 0.100882
v -1.144902 2.022505 -0.016105
v -1.141047 2.000031 -0.094159
v -1.141722 2.022464 0.026955
v -1.138958 2.015232 0.075271
v -1.144186 2.009914 -0.074236
v -1.142604 2.011675 -0.068580
v -1.140264 1.986489 0.087937
v -1.113536 1.884365 -0.109042
v -1.125980 1.809097 -0.108941
v -1.162835 1.777399 0.106766
v -1.133023 1.790232 -0.108864
v -1.130704 1.721384 -0.109704
v -1.140209 1.683612 0.103223
v -1.117872 1.639961 0.083151
v -1.119344 1.618975 0.012770
v -1.163742 1.597082 0.036246
v -1.138498 2.053291 -0.058556
v -1.131182 2.036671 -0.047422
v -1.131596 1.982350 -0.090749
v -1.130687 1.960268 0.092055
v -1.131125 1.801097 0.107938
v -1.122813 1.686100 -0.105219
v -1.117973 1.641108 -0.085712
v -1.120893 1.632836 -0.076418
v -1.124913 1.623129 0.048710
v -1.121566 2.044952 0.070129
v -1.123860 2.031479 0.043952
v -1.138698 2.027566 -0.016097
v -1.138123 2.034848 -0.000682
v -1.133798 2.027005 0.018213
v -1.141158 2.031444 0.099688
v -1.137058 2.015356 0.097811
v -1.120058 1.948401 -0.096734
v -1.124058 1.917426 -0.103658
v -1.107602 1.708825 0.107826
v -1.118813 1.626161 -0.048205
v -1.122863 1.617214 -0.013897
v -1.103755 1.628181 0.034536
v -1.114488 2.036934 -0.060558
v -1.106684 2.029630 0.056320
v -1.121921 2.046387 -0.004033
v -1.122965 2.046136 0.003563
v -1.128855 2.036831 0.090901
v -1.123846 2.027006 -0.037246
v -1.124021 2.026339 0.034603
v -1.128340 1.986209 0.089501
v -1.115374 1.936395 0.099225
v -1.110919 1.784009 0.106789
v -1.119328 1.654285 -0.094039
v -1.116995 1.634366 0.074550
v -1.136957 1.609215 -0.031953
v -1.117768 1.622096 -0.000510
v -1.123106 2.046231 -0.072837
v -1.110321 2.044608 -0.010699
v -1.114684 2.030095 0.021502
v -1.108880 2.005788 -0.087184
v -1.122655 1.998657 -0.091618
v -1.112335 1.998942 0.088269
v -1.105183 1.878459 0.107987
v -1.102780 1.858465 -0.109278
v -1.115246 1.844508 0.109054
v -1.096379 2.047101 0.009557
v -1.096310 2.013214 -0.074622
v -1.107556 2.030895 -0.022790
v -1.120063 1.949498 0.095380
v -1.087542 1.915243 0.102928
v -1.108645 1.906643 0.103462
v -1.099648 1.789499 -0.106532
v -1.093588 1.745840 -0.108302
v -1.106390 1.680910 0.102271
v -1.125942 1.646131 0.089623
v -1.094960 1.642908 0.066473
v -1.095591 2.020461 -0.063329
v -1.109219 2.029363 -0.049618
v -1.121579 2.027461 -0.031307
v -1.106640 1.987593 -0.088966
v -1.096667 1.926315 -0.102462
v -1.090891 1.646026 -0.071694
v -1.089082 1.632174 0.023187
v -1.092077 2.051564 0.003014
v -1.094104 2.025231 -0.044389
v -1.103605 2.026479 0.041199
v -1.099792 2.019377 0.072038
v -1.098199 2.010649 0.076971
v -1.077227 1.888343 0.101432
v -1.085190 1.874667 -0.105439
v -1.097673 1.817541 0.105249
v -1.099650 1.712675 -0.108471
v -1.091393 1.687761 0.102118
v -1.088840 1.662222 0.089751
v -1.086137 1.634161 -0.021380
v -1.094833 2.051171 -0.006240
v -1.094829 2.031892 0.020683
v -1.088715 2.023683 0.044407
v -1.078813 1.989205 -0.079574
v -1.102506 2.002742 0.083044
v -1.087950 1.964696 -0.090557
v -1.096452 1.680214 -0.101624
v -1.074155 2.048634 -0.004365
v -1.083876 2.031590 -0.021104
v -1.080219 2.022899 -0.042773
v -1.068792 2.030703 0.015951
v -1.084149 2.012537 0.062538
v -1.092275 1.964864 0.090085
v -1.095287 1.896385 -0.104504
v -1.074912 1.886231 -0.101777
v -1.065166 1.814055 -0.101693
v -1.085921 1.699398 -0.104297
v -1.091341 1.649575 0.078082
v -1.073848 1.999142 -0.069977
v -1.073290 1.931795 0.098487
v -1.073469 1.939000 -0.097224
v -1.062611 1.660061 -0.050034
v -1.079143 2.034700 -0.016251
v -1.068847 2.043092 0.008040
v -1.062401 2.023639 0.033075
v -1.069198 2.012462 -0.051515
v -1.062020 2.006621 0.054128
v -1.073986 1.988461 0.077413
v -1.073369 1.851946 0.103210
v -1.062727 1.815145 0.100421
v -1.074023 1.750647 0.105561
v -1.070314 1.685897 0.093371
v -1.086016 1.674520 -0.096421
v -1.082191 1.661260 -0.085776
v -1.063081 1.663561 -0.068925
v -1.054210 1.655695 -0.033870
v -1.061144 1.661137 0.049247
v -1.063293 1.662126 0.063281
v -1.072385 1.641857 -0.028459
v -1.062651 1.651248 0.004028
v -1.056447 2.028853 -0.016257
v -1.049617 1.889524 -0.100061
v -1.037759 1.820581 -0.096987
v -1.060563 1.671406 0.077356
v -1.039191 2.046346 0.003223
v -1.041205 2.046143 -0.005578
v -1.051038 1.995784 -0.061781
v -1.049070 1.974213 -0.077214
v -1.055785 1.900254 0.100374
v -1.056686 1.652939 0.030660
v -1.043312 2.022595 -0.022629
v -1.061910 2.023468 -0.033928
v -1.040345 2.022040 0.021786
v -1.045288 1.983679 0.068771
v -1.045248 1.912337 -0.100124
v -1.031713 1.852872 -0.091298
v -1.036180 1.851262 0.090125
v -1.049394 1.769020 -0.102310
v -1.058872 1.736327 0.102240
v -1.029482 2.025316 0.016279
v -1.035284 1.954555 0.083653
v -1.031563 1.905971 0.098475
v -1.058016 1.739930 -0.103285
v -1.038057 1.728557 -0.095752
v -1.040469 1.698553 0.085730
v -1.039108 1.692714 -0.081808
v -1.036677 1.667019 0.016343
v -1.032029 2.039114 -0.010829
v -1.030930 2.038956 0.009405
v -1.049453 1.967644 0.080037
v -1.044061 1.946075 -0.088855
v -1.016557 1.917597 -0.093633
v -1.041995 1.882916 0.098184
v -1.036995 1.848127 -0.091762
v -1.030895 1.812308 0.094766
v -1.026701 1.765070 -0.096516
v -1.025108 1.678581 -0.032353
v -1.042988 1.662871 -0.018830
v -1.026383 2.025004 -0.016779
v -0.995219 2.001139 0.036837
v -1.004759 1.993345 0.050412
v -1.011841 1.879389 -0.100106
v -1.027893 1.765982 0.095756
v -1.039334 1.686074 -0.073182
v -1.034945 1.689941 0.071676
v -1.024863 1.699792 0.066897
v -1.029942 1.688900 -0.054155
v -1.033935 1.684965 0.051203
v -1.024913 1.678703 0.031348
v -1.028445 1.668831 0.005847
v -1.014441 2.014142 -0.022567
v -1.032801 1.783504 0.097307
v -1.038734 1.727232 0.094637
v -1.021373 1.700902 -0.063412
v -1.030217 1.669020 -0.009784
v -1.008034 1.991147 -0.054714
v -0.960513 1.909117 0.091403
v -1.025852 1.926382 0.091415
v -1.007282 1.830911 0.087304
v -1.012597 1.801988 -0.091126
v -1.038390 1.705326 -0.088397
v -0.979785 2.030516 -0.004218
v -1.015512 2.007036 -0.038632
v -1.001786 1.871288 0.098625
v -1.002853 1.738641 0.073843
v -1.017203 1.674659 -0.017295
v -1.017226 1.674509 0.015783
v -1.015255 1.666894 -0.000532
v -0.997289 2.010793 0.018747
v -0.993951 1.893859 0.094737
v -0.981855 1.840396 0.094979
v -1.002607 1.823786 -0.087440
v -0.996797 1.795316 -0.087442
v -0.999508 1.807165 0.086279
v -1.000186 1.719365 0.060873
v -1.012269 1.702080 -0.055259
v -1.013453 1.698172 0.050110
v -0.977531 2.029799 0.002676
v -0.979948 2.025600 -0.008968
v -0.986054 2.008113 -0.018187
v -0.967059 1.956759 -0.070298
v -1.004580 1.767929 -0.085993
v -1.008759 1.762508 0.086376
v -0.997217 1.757081 -0.079115
v -1.009712 1.723649 -0.072197
v -0.999558 1.694015 0.038760
v -0.989607 1.665907 -0.021874
v -0.989386 1.665934 0.021035
v -0.985716 1.652980 -0.005744
v -0.984440 2.007140 0.017680
v -0.991007 1.938960 -0.085174
v -0.957825 1.901982 -0.094179
v -0.988200 1.892176 -0.095299
v -0.982124 1.840269 -0.095944
v -1.002965 1.781418 0.086229
v -0.994237 1.719345 -0.060093
v -1.001900 1.688806 -0.035144
v -0.987168 1.654181 0.005996
v -0.965776 2.020500 0.008383
v -0.963902 1.988610 -0.039499
v -0.965240 1.989933 0.036946
v -0.975279 1.790784 0.084818
v -0.986519 1.782372 0.082936
v -0.990440 1.729412 0.065579
v -0.982456 1.708670 -0.056092
v -0.982171 1.710883 0.056725
v -0.950187 1.892467 0.094507
v -0.964111 1.846944 0.096361
v -0.966096 1.845430 -0.097593
v -0.982424 1.799707 -0.086783
v -0.981688 1.736796 0.069906
v -0.967281 2.005919 -0.015207
v -0.968858 1.869134 0.094773
v -0.981768 1.755852 -0.076650
v -0.962830 1.638781 -0.012804
v -0.962871 1.637066 0.009359
v -0.951797 1.995935 -0.017314
v -0.962236 1.997256 0.021263
v -0.972902 1.961879 0.067548
v -0.959166 1.792917 0.088703
v -0.957182 1.792797 -0.090073
v -0.987132 1.734552 -0.068217
v -0.958346 1.648817 0.026517
v -0.951380 2.022657 0.003396
v -0.951135 2.022454 -0.003724
v -0.941791 2.014408 -0.008278
v -0.975441 1.973451 -0.059940
v -0.941047 1.848717 -0.096339
v -0.962538 1.650519 -0.025986
v -0.951546 1.625599 -0.009210
v -0.961087 2.003172 0.014768
v -0.929506 1.973174 0.039858
v -0.905006 1.911859 -0.081530
v -0.937191 1.871088 -0.097276
v -0.943486 1.805070 -0.094176
v -0.941185 1.671815 0.053177
v -0.945535 1.672617 -0.052477
v -0.934512 1.658095 0.050275
v -0.941630 1.630449 -0.026794
v -0.942120 1.618618 0.013892
v -0.926120 1.954874 0.056360
v -0.940384 1.846250 0.095403
v -0.938231 1.807228 0.094131
v -0.936429 1.748676 -0.085858
v -0.931732 1.727842 0.080853
v -0.918660 1.701331 0.075474
v -0.938582 1.627667 0.027161
v -0.930673 1.962812 -0.051968
v -0.906845 1.774219 0.096416
v -0.914460 1.695366 -0.075383
v -0.930644 1.643425 0.045691
v -0.939701 1.609463 0.005361
v -0.924440 2.010277 0.005220
v -0.929307 1.988587 -0.017166
v -0.938151 1.992861 0.014846
v -0.905828 1.745600 0.093465
v -0.936905 1.650512 -0.045773
v -0.921696 1.612070 -0.036428
v -0.919031 1.589483 -0.022645
v -0.934776 1.602444 -0.007216
v -0.917352 2.007502 -0.002383
v -0.915544 1.595927 0.031916
v -0.922918 1.580800 -0.000492
v -0.916906 1.575294 0.012664
v -0.915801 2.004786 -0.009328
v -0.920437 1.985453 0.016576
v -0.899555 1.923372 -0.072757
v -0.966832 1.933297 0.082425
v -0.887572 1.848150 -0.099999
v -0.922058 1.861958 0.097433
v -0.924474 1.723596 -0.082616
v -0.909406 1.608127 -0.046948
v -0.908290 1.606311 0.046192
v -0.915359 1.570553 -0.011689
v -0.915273 2.002210 0.009081
v -0.909608 1.982175 -0.016008
v -0.912234 1.980184 0.017401
v -0.899135 1.796914 0.097807
v -0.908307 1.766903 -0.096892
v -0.895533 1.709605 0.088941
v -0.921521 1.649382 -0.055193
v -0.894171 1.604353 0.055711
v -0.911694 1.978150 -0.021315
v -0.854874 1.929447 -0.049610
v -0.892975 1.833227 -0.101250
v -0.891665 1.557087 -0.040264
v -0.893725 1.991654 -0.009879
v -0.835063 1.936371 0.033531
v -0.881284 1.826860 0.101258
v -0.888841 1.786378 -0.099997
v -0.908724 1.677776 0.069220
v -0.890253 1.595672 -0.056485
v -0.892819 1.554807 0.037025
v -0.874538 1.495529 -0.022230
v -0.891210 1.990809 0.008360
v -0.894471 1.916541 0.075142
v -0.861675 1.877604 0.087797
v -0.886114 1.849579 0.098649
v -0.900832 1.705109 -0.086154
v -0.875228 1.547620 -0.051570
v -0.866600 1.495918 -0.035602
v -0.886514 1.508057 0.005783
v -0.870019 1.986453 0.003243
v -0.885578 1.993652 -0.004329
v -0.886415 1.968425 0.019798
v -0.873866 1.952211 -0.036125
v -0.889008 1.864854 -0.096356
v -0.891065 1.649847 0.069006
v -0.899323 1.663912 -0.069570
v -0.885770 1.506285 -0.006182
v -0.875146 1.965835 -0.018415
v -0.861238 1.880162 -0.087614
v -0.864485 1.798952 -0.104291
v -0.880915 1.712053 -0.096383
v -0.883169 1.680112 -0.086989
v -0.873397 1.672097 0.089635
v -0.870336 1.612470 0.070708
v -0.871155 1.494306 0.027138
v -0.845923 1.928437 0.045856
v -0.867119 1.694575 0.097444
v -0.856382 1.643471 -0.093076
v -0.874929 1.544420 0.049840
v -0.839102 1.879419 -0.082547
v -0.856269 1.720552 -0.104231
v -0.853963 1.626784 0.088560
v -0.866343 1.605804 -0.072319
v -0.859373 1.456517 -0.000695
v -0.854393 1.973201 -0.009044
v -0.844307 1.968099 0.008800
v -0.848525 1.713869 0.104416
v -0.856530 1.681406 -0.100512
v -0.853790 1.498675 -0.049145
v -0.844849 1.462371 0.038524
v -0.857325 1.457326 0.012942
v -0.850409 1.457851 -0.029680
v -0.847039 1.444439 0.022431
v -0.845149 1.435513 -0.018658
v -0.865850 1.966864 0.014252
v -0.809381 1.838969 -0.096096
v -0.826833 1.831470 0.098780
v -0.838528 1.532259 0.067703
v -0.855009 1.496739 0.046846
v -0.841010 1.947688 0.022747
v -0.821841 1.720306 0.107459
v -0.839060 1.664512 0.104843
v -0.840867 1.547545 -0.072212
v -0.833382 1.456674 -0.047709
v -0.824972 1.414433 0.035968
v -0.839047 1.946849 -0.023853
v -0.823506 1.789126 0.107119
v -0.828573 1.796366 -0.106938
v -0.833642 1.691330 -0.108073
v -0.820224 1.600707 0.104303
v -0.804779 1.532906 0.096850
v -0.835981 1.407614 -0.007594
v -0.836251 1.408185 0.005914
v -0.815933 1.961544 0.002854
v -0.817650 1.962441 -0.004540
v -0.813664 1.813858 -0.103191
v -0.854116 1.793287 0.104765
v -0.821204 1.716927 -0.108469
v -0.832850 1.454131 0.046257
v -0.825610 1.417521 -0.037968
v -0.818519 1.938441 0.021740
v -0.804532 1.886109 -0.064178
v -0.810031 1.749125 0.111204
v -0.823591 1.673286 0.109167
v -0.844945 1.607336 -0.089952
v -0.813618 1.366621 0.021310
v -0.821903 1.957989 -0.011660
v -0.806877 1.933370 -0.022442
v -0.782208 1.910150 -0.037428
v -0.844629 1.878028 0.084154
v -0.804027 1.610595 -0.113904
v -0.800632 1.602358 0.113760
v -0.817764 1.484061 -0.066098
v -0.804327 1.356238 -0.029661
v -0.819594 1.365154 -0.000838
v -0.815698 1.358957 0.010361
v -0.806977 1.952344 0.011009
v -0.810407 1.841288 0.094307
v -0.815429 1.605325 -0.108723
v -0.795858 1.554568 -0.110271
v -0.785513 1.544444 0.114065
v -0.813577 1.477082 0.065515
v -0.816500 1.363224 -0.014207
v -0.802317 1.949183 -0.012888
v -0.783403 1.853887 -0.079624
v -0.808597 1.749533 -0.112475
v -0.792996 1.678978 0.112184
v -0.797828 1.526692 -0.101685
v -0.796233 1.428242 0.062027
v -0.798745 1.380394 -0.046381
v -0.805512 1.336740 -0.020654
v -0.802498 1.335663 0.024450
v -0.791877 1.676533 -0.113455
v -0.788210 1.622463 0.116980
v -0.798740 1.461057 -0.073716
v -0.793812 1.369420 0.045296
v -0.806375 1.316086 -0.009044
v -0.806844 1.313619 0.000666
v -0.804544 1.312221 0.012477
v -0.806098 1.205470 -0.027836
v -0.803995 1.260180 0.039951
v -0.804652 1.221574 -0.045240
v -0.805806 1.213581 0.024063
v -0.804998 1.192274 0.036110
v -0.773555 1.935753 -0.010303
v -0.776518 1.704082 0.115699
v -0.790509 1.498388 -0.098959
v -0.789929 1.487947 0.094305
v -0.787409 1.427077 0.070194
v -0.792427 1.425750 -0.065108
v -0.799387 1.315842 -0.025485
v -0.796465 1.305150 0.029725
v -0.799675 1.287982 0.027468
v -0.802918 1.269421 -0.014689
v -0.802813 1.265046 0.013052
v -0.803818 1.262271 -0.038947
v -0.799876 1.254418 -0.061203
v -0.799059 1.261715 0.060875
v -0.802482 1.213313 0.052901
v -0.801786 1.199404 -0.000452
v -0.801284 1.202394 -0.054847
v -0.803114 1.171074 -0.032921
v -0.798744 1.180027 -0.000631
v -0.803710 1.177181 0.026597
v -0.799462 1.158427 -0.020149
v -0.796098 1.170126 0.059176
v -0.796948 1.141167 0.025051
v -0.797561 1.141812 -0.029485
v -0.797658 1.145551 0.040514
v -0.800441 1.123080 -0.035345
v -0.799917 1.124050 0.031661
v -0.798061 1.119721 0.054143
v -0.795392 1.139522 0.064517
v -0.791157 1.625513 -0.117232
v -0.781112 1.515055 0.111516
v -0.782565 1.339311 -0.050858
v -0.782830 1.338058 0.049376
v -0.785447 1.321506 0.046054
v -0.792997 1.292110 -0.064697
v -0.794413 1.289366 0.060315
v -0.792618 1.259466 -0.077680
v -0.792132 1.248825 0.078480
v -0.792406 1.241979 -0.078257
v -0.788028 1.205243 -0.080082
v -0.789017 1.200693 0.077017
v -0.795403 1.174802 -0.062055
v -0.792732 1.156642 -0.000435
v -0.797271 1.148374 -0.047662
v -0.789783 1.131702 -0.000126
v -0.791662 1.114440 0.004681
v -0.796631 1.106808 -0.056425
v -0.791201 1.112475 -0.005830
v -0.797556 1.105677 -0.031295
v -0.798257 1.107722 0.033997
v -0.793714 1.094169 0.056731
v -0.788151 1.097300 0.074526
v -0.789459 1.089065 -0.067061
v -0.789147 1.071504 0.031127
v -0.787289 1.062608 -0.044082
v -0.785475 1.066850 -0.025528
v -0.777788 1.906292 0.038144
v -0.798141 1.870509 0.072428
v -0.746784 1.734876 0.115539
v -0.765076 1.716003 0.116838
v -0.768055 1.553652 0.122457
v -0.772589 1.547784 -0.121493
v -0.775003 1.463681 -0.103948
v -0.781626 1.370359 0.057591
v -0.799172 1.290101 -0.027736
v -0.787444 1.294720 0.075639
v -0.777453 1.231683 0.094314
v -0.793948 1.141032 -0.071080
v -0.787987 1.125703 0.083886
v -0.787710 1.117503 -0.084231
v -0.779260 1.105801 -0.095028
v -0.777759 1.070118 0.003658
v -0.785803 1.060870 0.049272
v -0.778510 1.051503 0.063922
v -0.769648 1.930861 0.012760
v -0.768896 1.916911 -0.021873
v -0.760886 1.823374 -0.090838
v -0.748450 1.797069 -0.100230
v -0.748423 1.741413 -0.115490
v -0.764606 1.722903 -0.117317
v -0.774470 1.704933 -0.117230
v -0.779146 1.442650 -0.090493
v -0.775449 1.433049 0.090948
v -0.778238 1.397384 -0.070403
v -0.773989 1.398515 0.076482
v -0.785174 1.321788 -0.049117
v -0.781497 1.303058 -0.083879
v -0.783110 1.278880 0.088006
v -0.782693 1.270444 -0.090717
v -0.771884 1.241239 -0.102415
v -0.774920 1.094788 0.097206
v -0.778676 1.055881 -0.069195
v -0.779407 1.049135 0.031453
v -0.768599 1.040309 0.073978
v -0.768832 1.039815 -0.073926
v -0.779753 1.046312 -0.041462
v -0.767449 1.936649 -0.001025
v -0.779057 1.921137 0.021237
v -0.741349 1.763111 0.109398
v -0.756097 1.563176 -0.126926
v -0.754845 1.564709 0.126163
v -0.766431 1.498844 -0.119871
v -0.763317 1.431490 0.107209
v -0.765528 1.407518 -0.097646
v -0.770671 1.373424 -0.076222
v -0.775600 1.338999 -0.074020
v -0.776112 1.340960 0.069291
v -0.768120 1.346961 -0.087407
v -0.768718 1.341418 0.087472
v -0.762561 1.291795 -0.112641
v -0.768682 1.280512 -0.105812
v -0.764958 1.258069 0.110860
v -0.779624 1.170589 -0.100542
v -0.779308 1.175577 0.099385
v -0.763728 1.156839 0.121449
v -0.769571 1.092778 -0.103951
v -0.762465 1.084494 0.107870
v -0.777121 1.067763 -0.005276
v -0.763161 1.041871 0.011196
v -0.772059 1.034733 -0.039245
v -0.773440 1.037264 -0.057762
v -0.764828 1.025542 0.060125
v -0.731369 1.765559 -0.108933
v -0.752797 1.609892 0.122726
v -0.752127 1.608988 -0.123863
v -0.759951 1.500506 0.123137
v -0.754984 1.462257 0.121702
v -0.770149 1.368081 0.076276
v -0.763204 1.289800 0.110693
v -0.761921 1.221443 0.121101
v -0.759523 1.178849 0.128202
v -0.760993 1.147061 -0.124764
v -0.763440 1.124988 0.116486
v -0.753726 1.066715 0.108663
v -0.755441 1.027080 -0.081706
v -0.754844 1.019276 -0.030980
v -0.756514 1.021653 0.029463
v -0.774322 1.036129 0.044185
v -0.746332 1.928691 -0.001027
v -0.740706 1.870655 -0.054556
v -0.731959 1.840472 -0.073785
v -0.750305 1.790756 0.101873
v -0.734401 1.669316 -0.127206
v -0.757501 1.455986 -0.119376
v -0.749379 1.434232 0.123686
v -0.755195 1.419457 -0.115952
v -0.757600 1.394384 0.106299
v -0.754187 1.365945 0.109999
v -0.753478 1.354175 -0.114570
v -0.761315 1.236673 -0.120902
v -0.760168 1.183995 -0.128308
v -0.746149 1.095964 0.127137
v -0.755683 1.074315 -0.111409
v -0.748422 1.045669 0.100219
v -0.761364 1.021990 -0.061888
v -0.741054 1.020963 0.090520
v -0.748078 1.906143 0.020727
v -0.731878 1.898380 -0.021328
v -0.770187 1.825881 0.090932
v -0.733596 1.659327 0.127356
v -0.734636 1.502869 -0.135246
v -0.730317 1.494599 0.136198
v -0.741228 1.462646 -0.131946
v -0.734410 1.394677 0.140161
v -0.754168 1.380119 -0.111250
v -0.749478 1.310061 -0.133666
v -0.754850 1.281086 -0.131721
v -0.755121 1.281749 0.129954
v -0.752126 1.184824 -0.147387
v -0.753241 1.145400 -0.137295
v -0.751773 1.135373 0.137294
v -0.749978 1.102976 -0.126705
v -0.749133 1.120155 0.133957
v -0.745212 1.057265 -0.112553
v -0.747217 1.019075 -0.000551
v -0.746344 1.005946 0.025871
v -0.729348 1.909785 0.014010
v -0.700929 1.663878 -0.131892
v -0.710340 1.588004 0.135981
v -0.724335 1.471701 -0.140576
v -0.735117 1.461072 0.134800
v -0.737423 1.389006 -0.137207
v -0.747901 1.309510 0.135592
v -0.740225 1.257217 0.170529
v -0.741497 1.255943 -0.169737
v -0.745224 1.238287 -0.166300
v -0.749168 1.247665 0.153371
v -0.750430 1.186982 0.151243
v -0.741644 1.171148 0.173474
v -0.741514 1.143450 -0.168377
v -0.746290 1.115058 -0.137699
v -0.743304 1.000904 -0.032206
v -0.744419 1.004123 -0.048215
v -0.749352 1.009475 0.043367
v -0.749457 1.013267 0.067421
v -0.743414 1.917602 -0.014172
v -0.734210 1.862878 0.056718
v -0.740731 1.850947 0.068827
v -0.737168 1.426921 -0.136199
v -0.734966 1.369727 0.141334
v -0.724671 1.324462 0.168224
v -0.742124 1.225196 0.172037
v -0.743356 1.178350 -0.171517
v -0.735096 1.133486 0.175859
v -0.731769 1.127787 -0.180371
v -0.732527 1.097037 -0.157168
v -0.733707 1.100858 0.157354
v -0.730949 1.077552 0.137108
v -0.727930 1.060451 -0.130170
v -0.741041 1.020372 -0.090567
v -0.734853 0.998109 0.007293
v -0.711216 0.974768 -0.060133
v -0.723545 1.914288 0.008196
v -0.719448 1.526162 -0.136880
v -0.727056 1.427241 0.143869
v -0.725991 1.320912 -0.168714
v -0.722729 1.278220 0.188771
v -0.727487 1.238378 -0.192805
v -0.723201 1.237449 0.196696
v -0.731286 1.163116 0.187416
v -0.725042 1.070560 -0.142215
v -0.714215 1.044852 0.132471
v -0.711537 1.023734 -0.116345
v -0.710398 1.022915 0.115620
v -0.698688 0.973997 -0.075947
v -0.728270 0.984934 -0.044458
v -0.731105 0.993078 -0.008846
v -0.736343 1.919618 -0.009469
v -0.720798 1.892400 0.020733
v -0.723744 1.625894 -0.132333
v -0.721758 1.544709 0.134001
v -0.720338 1.428576 -0.148993
v -0.725678 1.397581 -0.151121
v -0.716330 1.375396 0.163750
v -0.726394 1.354908 -0.158103
v -0.720749 1.279384 -0.191342
v -0.734424 1.169185 -0.184945
v -0.721589 1.139475 0.195783
v -0.711789 1.089059 -0.188578
v -0.701132 0.988336 -0.089558
v -0.698606 0.974564 0.075625
v -0.727642 0.984053 0.042276
v -0.709486 1.907372 -0.011958
v -0.698936 1.793094 -0.092531
v -0.720350 1.469175 0.141257
v -0.718608 1.332488 -0.173706
v -0.716060 1.190874 0.203716
v -0.717194 1.181057 -0.203484
v -0.719713 1.139628 -0.198311
v -0.711311 1.095625 0.191892
v -0.712334 1.078379 -0.178691
v -0.712667 1.080431 0.179934
v -0.705666 0.970691 0.060719
v -0.702054 0.962404 0.031778
v -0.709352 1.909135 -0.001827
v -0.710340 1.908199 0.010467
v -0.701864 1.881135 -0.022571
v -0.702487 1.870094 0.034398
v -0.662260 1.713893 0.120091
v -0.701739 1.549994 -0.141318
v -0.713093 1.378406 -0.166477
v -0.704850 1.337577 -0.183856
v -0.711782 1.333403 0.178786
v -0.710723 1.283058 -0.199516
v -0.707603 1.281921 0.201027
v -0.707754 1.240288 -0.209672
v -0.702484 1.107636 0.206167
v -0.704573 1.045972 0.148516
v -0.707694 1.040148 -0.135991
v -0.700831 0.987755 0.088190
v -0.711364 0.973276 -0.000226
v -0.706171 0.966109 -0.027681
v -0.704105 1.871497 -0.034697
v -0.712872 1.679415 0.127305
v -0.685850 1.631670 0.137305
v -0.704120 1.475227 0.145292
v -0.710668 1.431670 -0.153076
v -0.715716 1.434618 0.149318
v -0.701942 1.378903 0.171727
v -0.694301 1.357531 -0.183272
v -0.705501 1.238620 0.209823
v -0.705829 1.191349 -0.212043
v -0.696459 1.124059 0.214824
v -0.707434 1.113832 -0.204081
v -0.690868 1.040207 -0.170878
v -0.697451 0.965042 -0.060724
v -0.692659 0.956533 -0.041535
v -0.681475 1.662900 -0.132690
v -0.667886 1.583525 -0.146158
v -0.672332 1.583744 0.144230
v -0.694533 1.523489 0.144495
v -0.700813 1.471801 -0.147998
v -0.692572 1.438604 -0.157546
v -0.699459 1.271357 -0.208746
v -0.694475 1.123638 -0.216969
v -0.671068 1.070476 -0.221487
v -0.685651 1.045345 -0.190096
v -0.688952 1.043958 0.180874
v -0.688020 1.019944 -0.136477
v -0.671961 1.883957 0.011002
v -0.655327 1.707181 -0.122563
v -0.645934 1.674398 -0.132625
v -0.704135 1.736609 0.114532
v -0.672043 1.647526 0.135257
v -0.693484 1.270684 0.210562
v -0.688043 1.196696 -0.220825
v -0.698859 1.197199 0.215019
v -0.687625 1.033304 0.165603
v -0.692414 1.025420 0.137671
v -0.666753 0.991049 -0.117591
v -0.674650 1.885316 -0.012093
v -0.688754 1.894356 0.008273
v -0.700128 1.776697 0.100768
v -0.673010 1.467896 0.160067
v -0.692961 1.440562 0.155878
v -0.678058 1.396692 -0.175955
v -0.697339 1.336129 0.188336
v -0.686312 1.131495 0.221332
v -0.674528 1.029917 0.194113
v -0.658960 0.986750 0.120558
v -0.668423 0.987948 0.112269
v -0.692699 0.960058 0.000071
v -0.683320 0.952405 0.045577
v -0.686493 0.952549 -0.028757
v -0.673110 1.864799 -0.022520
v -0.653521 1.836408 -0.039216
v -0.655188 1.540948 -0.153513
v -0.676456 1.396539 0.175793
v -0.694653 1.299694 -0.203994
v -0.694729 1.301928 0.202139
v -0.658761 1.212096 0.232321
v -0.676663 1.228450 -0.223893
v -0.681728 1.195178 0.222434
v -0.663884 1.042434 -0.215710
v -0.666879 1.042251 0.211419
v -0.674253 1.021157 -0.189327
v -0.674291 1.010317 -0.156759
v -0.675765 1.011443 0.150115
v -0.660151 0.964740 -0.100585
v -0.667007 0.966765 0.096002
v -0.687316 0.952863 0.029931
v -0.671565 1.885924 -0.001752
v -0.715248 1.808626 0.087620
v -0.697185 1.769140 -0.104655
v -0.656698 1.526224 0.154508
v -0.687557 1.509989 -0.149448
v -0.658739 1.411143 0.180009
v -0.676778 1.126816 -0.226648
v -0.676516 1.018937 0.179721
v -0.658834 0.986607 -0.177296
v -0.651276 0.950318 -0.089313
v -0.656647 0.942709 -0.064530
v -0.654297 0.945709 0.075779
v -0.665830 0.945398 0.005828
v -0.691853 1.875756 0.021455
v -0.651912 1.851554 0.021522
v -0.661973 1.748504 -0.106270
v -0.647539 1.551332 0.152139
v -0.659300 1.424759 -0.176992
v -0.648894 1.363867 -0.202628
v -0.655467 1.304821 0.218683
v -0.656862 1.269181 -0.226806
v -0.652837 1.271957 0.226963
v -0.643883 1.137664 0.238119
v -0.656475 1.111344 0.233936
v -0.631976 1.079090 0.244835
v -0.648012 1.040374 0.228082
v -0.659485 0.984001 0.152322
v -0.660706 0.990051 0.176349
v -0.653926 0.998833 0.198363
v -0.659837 0.991396 -0.130632
v -0.659991 0.991600 0.133651
v -0.631412 1.852282 -0.015363
v -0.647432 1.782306 -0.079464
v -0.637923 1.539631 -0.156346
v -0.643561 1.472008 -0.169081
v -0.673165 1.473550 -0.159980
v -0.652877 1.399495 -0.187684
v -0.652191 1.330103 0.212236
v -0.653586 0.999124 -0.199921
v -0.642421 1.005292 -0.214363
v -0.640065 0.996710 0.211201
v -0.654584 0.980613 -0.121356
v -0.645893 1.866236 0.010741
v -0.647279 1.650217 -0.138546
v -0.649616 1.600148 -0.145174
v -0.643837 1.433142 0.177999
v -0.650904 1.309926 -0.220011
v -0.632685 1.229314 0.242022
v -0.644914 1.138586 -0.238641
v -0.641963 1.063095 -0.239495
v -0.644652 1.058251 0.236085
v -0.653606 0.970361 -0.153213
v -0.650568 0.974685 -0.130362
v -0.652418 0.973688 0.183187
v -0.651289 0.962365 0.152472
v -0.648846 0.960720 0.107955
v -0.624548 0.924197 -0.048467
v -0.638087 0.934802 0.014212
v -0.648627 0.934864 0.040688
v -0.649265 1.868742 -0.010425
v -0.615549 1.743195 -0.092362
v -0.652091 1.736341 0.108642
v -0.648480 1.650239 0.137578
v -0.614869 1.164096 0.250297
v -0.644524 0.957517 -0.194761
v -0.648789 0.957439 -0.184969
v -0.649375 0.973551 0.123734
v -0.643864 0.955625 0.194287
v -0.641832 0.966524 0.200398
v -0.651440 0.960319 -0.170044
v -0.646995 0.959584 -0.111139
v -0.639522 0.947168 -0.117981
v -0.648070 0.947821 -0.152536
v -0.648464 0.945321 0.182186
v -0.648506 0.939126 0.158020
v -0.649799 0.926228 -0.175810
v -0.649983 0.947339 0.169477
v -0.649441 0.879802 -0.156779
v -0.650154 0.877804 -0.172125
v -0.650231 0.881775 0.172972
v -0.649510 0.880713 0.157480
v -0.647836 0.885986 -0.183482
v -0.645298 0.846896 -0.151671
v -0.646546 0.854685 0.152164
v -0.652689 0.119561 -0.152370
v -0.651421 0.118479 -0.137517
v -0.649998 0.118361 0.129172
v -0.652648 0.119531 0.150232
v -0.656017 0.111756 -0.153788
v -0.642894 0.119763 -0.180753
v -0.648189 0.112381 -0.120663
v -0.650884 0.111183 0.125945
v -0.655153 0.111733 0.153649
v -0.646873 0.120657 0.171030
v -0.646312 0.110891 0.177273
v -0.650953 0.107974 -0.149582
v -0.644334 0.107335 -0.128474
v -0.644519 0.107271 0.128442
v -0.650660 0.108189 0.150424
v -0.639800 1.844474 -0.022026
v -0.611997 1.582245 -0.152815
v -0.618472 1.547958 0.155266
v -0.641844 1.034731 -0.230837
v -0.638256 0.964954 -0.205045
v -0.639915 0.944269 0.126795
v -0.640539 0.949346 0.114307
v -0.637301 0.933816 -0.130826
v -0.637078 0.938683 0.092938
v -0.647058 0.927231 -0.152430
v -0.633727 0.931354 -0.081543
v -0.632753 0.929334 0.072381
v -0.646357 0.938102 -0.008054
v -0.640840 0.906638 -0.198077
v -0.645197 0.890821 0.188605
v -0.639604 0.872589 -0.133927
v -0.641734 0.878893 0.136229
v -0.642583 0.824673 0.166980
v -0.646821 0.859566 0.174896
v -0.634316 0.820480 0.183262
v -0.641811 0.822866 -0.168941
v -0.640753 0.849806 0.139440
v -0.640355 0.816964 -0.160592
v -0.640333 0.817682 0.157186
v -0.639980 0.110749 -0.187013
v -0.635983 0.112495 -0.107840
v -0.634064 0.107749 -0.112309
v -0.631531 0.107378 0.109498
v -0.648578 1.835801 0.036086
v -0.641703 1.670239 0.132492
v -0.618277 1.548769 -0.156246
v -0.628047 1.437904 -0.181472
v -0.635998 1.363116 0.206024
v -0.637137 1.216336 -0.242368
v -0.617206 1.163760 -0.250222
v -0.625443 1.064039 -0.247040
v -0.628466 0.971959 -0.214365
v -0.629125 0.964749 0.212104
v -0.638027 0.906626 0.199963
v -0.632111 0.933102 -0.098324
v -0.634176 0.933609 -0.016121
v -0.641251 0.934018 0.137051
v -0.628976 0.905492 0.208281
v -0.630072 0.834325 -0.193908
v -0.628660 0.832051 0.193658
v -0.632698 0.814443 -0.184254
v -0.636134 0.847268 -0.134170
v -0.622193 0.762165 -0.149280
v -0.620991 0.762699 0.145037
v -0.609388 0.168829 -0.139205
v -0.629613 0.138744 0.126325
v -0.607729 0.166873 0.125573
v -0.637385 0.133114 -0.167070
v -0.635812 0.112353 0.106900
v -0.634398 0.119321 0.190341
v -0.636430 0.109381 0.180685
v -0.625629 1.856673 0.008326
v -0.644886 1.784625 0.075432
v -0.598572 1.650227 -0.132854
v -0.630624 1.285274 -0.233268
v -0.607076 1.109305 0.254175
v -0.607521 1.014363 -0.242560
v -0.606465 1.016168 0.242862
v -0.613904 0.991666 0.227139
v -0.629406 0.907947 -0.209342
v -0.619670 0.913511 -0.105586
v -0.622008 0.920938 0.094830
v -0.631479 0.927559 -0.064175
v -0.620584 0.922428 0.046214
v -0.622435 0.918601 0.106039
v -0.623165 0.903301 -0.114166
v -0.623207 0.906409 0.113075
v -0.630530 0.853420 0.124554
v -0.620424 0.863828 -0.207526
v -0.626080 0.850332 -0.121856
v -0.623641 0.868731 0.205411
v -0.620478 0.828861 0.120943
v -0.618163 0.767244 -0.138385
v -0.618231 0.767393 0.137447
v -0.619483 0.751396 -0.163042
v -0.622108 0.758641 0.154791
v -0.627172 0.780039 0.172295
v -0.621475 0.769655 -0.176383
v -0.604322 0.172699 0.150076
v -0.615647 0.145079 -0.115027
v -0.626435 0.120128 -0.197868
v -0.626929 0.111195 0.195700
v -0.633938 0.109307 -0.183997
v -0.613816 1.735124 0.095971
v -0.609150 1.600892 -0.149276
v -0.607538 1.576914 0.153333
v -0.626961 1.465131 0.173667
v -0.615052 1.447455 -0.180675
v -0.618014 1.369790 -0.208364
v -0.606972 1.340357 0.222519
v -0.622735 1.303041 0.229964
v -0.631182 1.088717 -0.245935
v -0.609514 1.069935 0.252636
v -0.620860 0.919911 -0.096792
v -0.615559 0.895814 0.106267
v -0.611645 0.769518 -0.130384
v -0.610684 0.806558 -0.201382
v -0.614572 0.810530 0.199268
v -0.618294 0.782163 -0.187634
v -0.614964 0.778556 0.188227
v -0.589740 0.181264 0.161542
v -0.618633 0.112617 0.097202
v -0.615144 0.110252 -0.163108
v -0.609588 0.110409 0.160300
v -0.606997 1.836531 0.014728
v -0.605737 1.695337 0.114792
v -0.591241 1.645007 0.132389
v -0.608742 1.337193 -0.224336
v -0.616189 1.258676 -0.245094
v -0.614551 1.258492 0.244580
v -0.607973 1.073902 -0.254310
v -0.600141 1.033550 -0.251100
v -0.604247 1.037340 0.249341
v -0.613968 0.994799 -0.229578
v -0.612812 0.974157 0.222574
v -0.610903 0.922263 -0.220341
v -0.612884 0.897490 0.215586
v -0.604029 0.903643 0.089769
v -0.611056 0.765917 0.129789
v -0.605901 0.765186 -0.189437
v -0.615063 0.756068 0.175839
v -0.607125 0.723271 0.162005
v -0.607408 0.167922 -0.127295
v -0.608370 0.170406 0.138090
v -0.612113 0.146213 0.111329
v -0.603854 0.144392 0.104444
v -0.619170 0.128495 0.194340
v -0.610191 0.111870 -0.206316
v -0.611647 0.111560 -0.097139
v -0.610970 0.109680 -0.199556
v -0.609647 0.108333 -0.101457
v -0.597836 0.107346 -0.111158
v -0.615825 1.848932 -0.011036
v -0.593813 1.833340 0.010391
v -0.602738 1.821449 -0.020408
v -0.617535 1.829069 0.021351
v -0.595675 1.761013 -0.067043
v -0.595520 1.667879 -0.124975
v -0.594414 1.607699 -0.146341
v -0.624038 1.441523 0.180054
v -0.605356 1.142751 0.255209
v -0.611440 0.976823 -0.224375
v -0.577491 0.920717 0.006807
v -0.606978 0.913484 0.079461
v -0.610870 0.914490 -0.086818
v -0.608173 0.897033 -0.100303
v -0.602679 0.889318 0.096231
v -0.597776 0.832101 -0.102018
v -0.588713 0.783291 -0.107779
v -0.590361 0.702215 -0.170086
v -0.594992 0.709354 -0.140414
v -0.597572 0.704994 0.145305
v -0.589526 0.702821 0.136004
v -0.605061 0.720467 -0.165217
v -0.604121 0.173159 -0.150074
v -0.591613 0.182104 -0.157501
v -0.610353 0.136936 -0.105611
v -0.606236 0.119177 -0.207958
v -0.602795 0.112624 0.207629
v -0.597854 0.107397 0.108598
v -0.591018 1.832548 -0.008836
v -0.611286 1.811434 -0.036997
v -0.608627 1.708706 -0.110094
v -0.579323 1.531510 -0.166088
v -0.593592 1.458310 -0.180905
v -0.591273 1.456342 0.180840
v -0.598412 1.407439 -0.196326
v -0.598670 1.410459 0.194228
v -0.579084 1.320788 0.239350
v -0.585753 1.317087 -0.239750
v -0.599548 1.290920 0.242562
v -0.589590 1.187479 -0.257599
v -0.580252 0.920813 -0.009920
v -0.600691 0.883482 -0.218034
v -0.593749 0.903377 -0.085414
v -0.596352 0.831705 0.100288
v -0.604018 0.800387 0.201407
v -0.587902 0.753199 0.113859
v -0.591026 0.743616 -0.120659
v -0.585057 0.717856 0.180189
v -0.603647 0.713775 -0.152633
v -0.595597 0.694625 0.151980
v -0.586925 0.682065 -0.161634
v -0.592977 0.694698 0.160045
v -0.583559 0.177566 -0.174044
v -0.590131 0.174345 0.113046
v -0.590450 0.172799 -0.113040
v -0.609348 0.117539 -0.096593
v -0.602567 0.118780 0.094205
v -0.608254 0.118796 0.206611
v -0.585440 0.111431 0.092242
v -0.565882 0.110224 -0.161346
v -0.579223 0.107208 0.097176
v -0.590095 1.826611 -0.015313
v -0.563485 1.768500 -0.046217
v -0.580424 1.526929 0.165868
v -0.588720 1.147678 -0.262800
v -0.581815 1.132902 0.263927
v -0.600432 0.922642 0.222144
v -0.599627 0.910708 -0.077966
v -0.601260 0.914692 -0.057482
v -0.589068 0.885057 -0.090983
v -0.584493 0.859000 0.216161
v -0.604113 0.799632 -0.202324
v -0.591092 0.702138 0.168239
v -0.592753 0.687660 -0.150894
v -0.594360 0.184071 -0.129813
v -0.595708 0.182526 0.130102
v -0.581997 0.146106 -0.199238
v -0.580877 0.168591 0.183147
v -0.581357 0.112754 -0.211881
v -0.578353 0.109545 -0.144817
v -0.580895 0.109058 0.139690
v -0.573599 1.812025 0.015748
v -0.578353 1.801333 0.022564
v -0.612605 1.812199 0.036048
v -0.598759 1.597152 0.149063
v -0.571872 1.398079 0.206433
v -0.601916 1.281713 -0.244961
v -0.586061 1.190076 0.257413
v -0.572037 0.973609 0.234404
v -0.579918 0.947315 0.228804
v -0.592882 0.909414 0.074788
v -0.577818 0.865822 -0.219710
v -0.580549 0.740638 0.189972
v -0.575565 0.700998 -0.124071
v -0.581557 0.661068 -0.141703
v -0.582634 0.659452 0.146759
v -0.587890 0.193582 -0.144055
v -0.587014 0.191969 -0.122433
v -0.587173 0.192367 0.122376
v -0.586959 0.193730 0.145957
v -0.577525 0.173309 -0.183087
v -0.578099 0.111562 -0.092852
v -0.587575 0.108692 0.194486
v -0.586312 0.109702 0.204367
v -0.570973 1.600833 0.143173
v -0.571312 1.492017 0.176018
v -0.578286 1.143578 0.265302
v -0.596261 1.103842 -0.258618
v -0.575530 1.091583 0.261893
v -0.576722 1.046317 0.258701
v -0.574036 1.004658 0.249434
v -0.576085 0.907485 -0.072898
v -0.576711 0.902969 0.077911
v -0.571622 0.891092 -0.083985
v -0.571982 0.888831 0.083229
v -0.585317 0.832537 0.094901
v -0.581939 0.830515 -0.095076
v -0.575644 0.783039 -0.203409
v -0.576836 0.786537 0.202928
v -0.576221 0.754828 0.105738
v -0.584330 0.738018 -0.188962
v -0.573289 0.701582 0.121182
v -0.566204 0.673195 0.173328
v -0.576443 0.655904 -0.135012
v -0.581205 0.654124 -0.150704
v -0.578363 0.647561 0.140939
v -0.576232 0.650829 0.134883
v -0.578579 0.650066 0.153896
v -0.579030 0.663510 0.160204
v -0.575881 0.190719 -0.172972
v -0.576254 0.190796 0.171475
v -0.576597 0.188109 0.108376
v -0.571872 0.165829 0.101275
v -0.575816 0.108313 -0.203261
v -0.575008 1.820300 -0.010153
v -0.557910 1.747815 -0.057852
v -0.544855 1.663805 -0.100246
v -0.572636 1.504920 -0.173371
v -0.549406 1.461704 0.189118
v -0.573024 1.236056 -0.257657
v -0.568677 1.048589 -0.261558
v -0.582843 1.008817 -0.249623
v -0.580329 0.947011 -0.229643
v -0.579449 0.908935 0.067285
v -0.571591 0.767910 -0.102115
v -0.561680 0.708206 -0.112134
v -0.566262 0.670203 -0.173620
v -0.564725 0.644627 0.167889
v -0.571726 0.632506 -0.159652
v -0.571426 0.207152 -0.144577
v -0.558919 0.214280 -0.160709
v -0.557626 0.216707 -0.129286
v -0.569458 0.209124 0.140078
v -0.559566 0.213515 0.159624
v -0.575375 0.188254 -0.108840
v -0.582136 0.167093 -0.105798
v -0.566346 0.162777 -0.100375
v -0.573411 0.119696 -0.213187
v -0.572270 0.119097 0.212198
v -0.570402 0.106369 -0.099654
v -0.557401 0.110446 0.156644
v -0.565386 1.806859 -0.016142
v -0.574046 1.799081 -0.022871
v -0.559271 1.537460 -0.164686
v -0.563171 1.303819 -0.248545
v -0.558707 1.250499 0.258084
v -0.566205 0.973132 -0.236865
v -0.573191 0.886180 0.222183
v -0.566976 0.771413 0.099400
v -0.560975 0.655314 -0.119915
v -0.561977 0.643440 -0.171242
v -0.566996 0.617364 -0.125993
v -0.573191 0.616806 -0.143105
v -0.571039 0.613388 -0.134691
v -0.566907 0.618160 0.124538
v -0.572292 0.616296 0.149252
v -0.566174 0.604549 0.161870
v -0.571050 0.606778 0.136586
v -0.559126 0.204544 -0.170192
v -0.558916 0.209425 -0.122637
v -0.559185 0.211649 0.123946
v -0.569120 0.180245 -0.102276
v -0.565905 0.170684 0.189419
v -0.578230 0.122712 0.091098
v -0.577101 0.118824 -0.091754
v -0.555319 0.104950 0.108821
v -0.547147 1.802996 -0.001142
v -0.595457 1.761315 0.065660
v -0.556856 1.589496 -0.144858
v -0.540630 1.416200 0.207390
v -0.546864 1.364006 0.230950
v -0.569591 1.134312 -0.268118
v -0.546321 1.114748 0.271174
v -0.569935 1.089620 -0.263583
v -0.549852 1.044362 0.262539
v -0.557141 0.918570 -0.229144
v -0.565021 0.917692 0.020001
v -0.560776 0.908300 -0.067963
v -0.560964 0.906616 0.071235
v -0.554491 0.893326 -0.081437
v -0.558993 0.840227 0.219078
v -0.557971 0.833477 -0.090274
v -0.561400 0.811604 0.092203
v -0.559227 0.708838 0.109731
v -0.563790 0.655160 0.121241
v -0.558862 0.607731 -0.173022
v -0.561322 0.578988 -0.163747
v -0.561906 0.589618 -0.125386
v -0.561139 0.583558 0.124723
v -0.561663 0.568795 0.157102
v -0.567665 0.590606 -0.152512
v -0.558832 0.542250 0.140318
v -0.559111 0.554362 -0.153264
v -0.558418 0.539553 -0.139813
v -0.557768 0.540434 -0.131641
v -0.557207 0.222535 -0.152133
v -0.554000 0.228125 0.150353
v -0.561904 0.197862 0.112625
v -0.569793 0.180995 0.101665
v -0.559485 0.180256 0.190075
v -0.558625 0.164846 -0.195805
v -0.563513 0.143752 -0.095775
v -0.558309 0.144433 0.204289
v -0.557820 0.138621 0.094105
v -0.550472 0.114299 -0.095796
v -0.553514 0.111730 0.210389
v -0.559871 0.108195 -0.098133
v -0.540191 1.794855 -0.010062
v -0.564792 1.772873 0.042476
v -0.551418 1.508385 0.173339
v -0.545282 1.465507 -0.189747
v -0.535991 1.346726 0.239962
v -0.543395 1.275485 -0.258102
v -0.551069 1.223948 0.261940
v -0.550012 1.025635 0.259445
v -0.547714 1.019459 -0.259246
v -0.542170 0.992167 -0.251005
v -0.543431 0.964287 -0.238347
v -0.557023 0.946057 0.232532
v -0.569411 0.920702 -0.004372
v -0.547963 0.919904 0.022901
v -0.547566 0.894861 0.079859
v -0.560262 0.842950 -0.220346
v -0.550647 0.727048 0.196094
v -0.554778 0.714273 -0.108164
v -0.551051 0.646435 0.177603
v -0.550622 0.599795 -0.113093
v -0.555437 0.608658 0.115131
v -0.554128 0.568422 0.168402
v -0.550286 0.569408 -0.172622
v -0.552638 0.541566 -0.122842
v -0.557352 0.540356 0.130169
v -0.551910 0.547835 -0.163118
v -0.543477 0.517165 0.156103
v -0.559030 0.221558 -0.142132
v -0.558462 0.221707 0.136787
v -0.549572 0.202396 -0.114282
v -0.556742 0.180519 -0.191900
v -0.549602 0.166505 -0.097451
v -0.557354 0.167752 0.097035
v -0.558078 0.164389 0.194997
v -0.562507 0.114866 0.092118
v -0.537623 0.106835 -0.203055
v -0.557423 0.107773 0.098241
v -0.546165 0.106845 0.203145
v -0.561308 1.790717 0.020828
v -0.542845 1.775468 0.022343
v -0.543989 1.548285 0.157698
v -0.560204 1.539278 0.163099
v -0.546653 1.359763 -0.233854
v -0.556814 1.306178 0.248334
v -0.552357 1.224710 -0.262541
v -0.547215 1.114281 -0.271899
v -0.545095 1.075281 -0.265215
v -0.542512 0.966693 0.238561
v -0.545847 0.921356 -0.019112
v -0.542203 0.911814 0.061561
v -0.561648 0.852639 0.087383
v -0.536727 0.882257 -0.087324
v -0.553914 0.724837 -0.195685
v -0.534601 0.737772 -0.100041
v -0.544330 0.728704 0.101983
v -0.541049 0.679352 0.185528
v -0.549522 0.654707 -0.113704
v -0.550522 0.655314 0.113042
v -0.551393 0.645833 -0.178333
v -0.556521 0.609471 0.174073
v -0.548390 0.556786 -0.115592
v -0.552673 0.546617 0.120344
v -0.534247 0.515571 -0.165572
v -0.546539 0.510133 -0.139480
v -0.545895 0.508893 0.137920
v -0.538842 0.497087 0.126056
v -0.551695 0.259845 -0.160667
v -0.551746 0.261153 -0.136793
v -0.551692 0.260039 0.135770
v -0.551804 0.263020 0.159503
v -0.550521 0.235698 -0.159949
v -0.550466 0.239742 -0.133105
v -0.551850 0.237658 0.137069
v -0.549175 0.234485 0.161096
v -0.547019 0.236217 0.126515
v -0.543225 0.209986 -0.175351
v -0.548211 0.202014 0.112629
v -0.549058 0.206671 0.172780
v -0.548481 0.197757 -0.179737
v -0.547706 0.169495 0.096941
v -0.548836 0.150776 -0.099199
v -0.547013 0.148728 0.098547
v -0.551105 0.129159 -0.095057
v -0.544996 0.136636 -0.207186
v -0.549275 0.124289 0.209983
v -0.548059 0.113534 -0.211440
v -0.537974 0.105604 -0.190537
v -0.536525 0.105983 -0.120072
v -0.528504 1.779507 -0.015847
v -0.541125 1.795464 0.010166
v -0.531679 1.719771 -0.060744
v -0.542355 1.641659 0.111044
v -0.539519 1.575065 0.143421
v -0.526574 1.563532 -0.145547
v -0.538140 1.487754 -0.182957
v -0.524086 1.148205 -0.275893
v -0.533214 1.069667 0.264345
v -0.535601 1.036011 -0.263330
v -0.537040 0.996171 0.251806
v -0.533285 0.909705 0.071529
v -0.540403 0.786491 0.093277
v -0.543847 0.721579 -0.196837
v -0.549546 0.684406 -0.184969
v -0.533214 0.589739 -0.104153
v -0.542562 0.615455 0.108080
v -0.537293 0.566555 0.105702
v -0.543828 0.597115 -0.181534
v -0.542444 0.576447 0.178244
v -0.530432 0.514643 0.166823
v -0.541039 0.512801 -0.158018
v -0.538900 0.497182 -0.126925
v -0.539644 0.481108 0.136310
v -0.547843 0.286121 -0.137111
v -0.548322 0.283675 0.136027
v -0.539739 0.313810 0.143681
v -0.543002 0.288467 -0.170878
v -0.548682 0.283782 -0.160241
v -0.545945 0.290726 0.162793
v -0.547196 0.265512 -0.126617
v -0.542652 0.267511 0.121095
v -0.546776 0.261905 -0.173772
v -0.545673 0.262285 0.174837
v -0.539116 0.228027 0.172811
v -0.540662 0.228134 -0.172358
v -0.534145 0.236252 -0.114871
v -0.533111 0.233648 0.113179
v -0.542555 0.216624 0.115692
v -0.542630 0.219231 -0.117662
v -0.541427 0.195163 -0.110280
v -0.545713 0.173185 0.194947
v -0.541489 0.154447 -0.199816
v -0.542945 0.153221 0.199100
v -0.542882 0.126642 0.096930
v -0.540489 0.113839 0.100085
v -0.522945 0.109829 0.151027
v -0.535467 0.106095 0.120263
v -0.533129 0.105505 0.188119
v -0.526432 1.786445 0.005105
v -0.533009 1.769176 -0.022145
v -0.554342 1.746801 0.055787
v -0.533282 1.627733 -0.115168
v -0.543532 1.547022 -0.158930
v -0.534488 1.498511 0.177645
v -0.533552 1.341844 -0.242933
v -0.530522 1.289712 0.255715
v -0.525126 1.238230 -0.265027
v -0.530197 1.175373 -0.273688
v -0.527128 1.091102 -0.271448
v -0.523324 1.088663 0.270378
v -0.533444 0.913510 -0.228300
v -0.543944 0.916428 0.228519
v -0.542111 0.910234 -0.068502
v -0.534342 0.901737 -0.079404
v -0.529584 0.864929 -0.222600
v -0.545877 0.808270 -0.213764
v -0.529458 0.786911 -0.094870
v -0.536026 0.726128 0.196689
v -0.530127 0.730947 -0.198044
v -0.530983 0.684040 -0.187876
v -0.535704 0.658195 0.183038
v -0.538521 0.656437 -0.183313
v -0.544170 0.612717 0.180844
v -0.532752 0.558927 -0.105878
v -0.544770 0.556860 0.111962
v -0.531780 0.511308 -0.117061
v -0.537702 0.485426 0.150368
v -0.533889 0.492199 0.159049
v -0.537430 0.482177 -0.150964
v -0.529928 0.487652 -0.163562
v -0.538601 0.473392 -0.140664
v -0.537290 0.466818 -0.134616
v -0.529024 0.468078 -0.120479
v -0.530401 0.491869 0.118152
v -0.538495 0.315141 -0.150335
v -0.534380 0.330040 -0.135981
v -0.535195 0.311932 -0.162777
v -0.546506 0.278645 0.127211
v -0.541410 0.292752 -0.126326
v -0.533322 0.298655 0.118521
v -0.535358 0.314417 0.160206
v -0.530841 0.285825 -0.181132
v -0.539812 0.285772 0.174386
v -0.537696 0.266935 -0.181134
v -0.533300 0.262911 0.111261
v -0.532894 0.261265 -0.111672
v -0.530890 0.231922 -0.179171
v -0.537932 0.195544 0.180415
v -0.536996 0.187980 0.107421
v -0.530161 0.141001 -0.104900
v -0.530642 0.125522 -0.203729
v -0.537485 0.108545 0.203970
v -0.526779 0.109824 -0.152046
v -0.534744 0.106952 -0.111701
v -0.533827 0.108147 0.109873
v -0.524612 1.774539 0.015571
v -0.493223 1.714454 -0.041875
v -0.522639 1.517250 0.167836
v -0.524131 1.505762 -0.175087
v -0.518271 1.471154 0.190499
v -0.510725 1.387812 -0.228330
v -0.523781 1.252718 0.261718
v -0.529593 1.178060 0.272528
v -0.522141 1.014180 -0.258967
v -0.537356 0.922514 0.010996
v -0.528276 0.925504 0.037695
v -0.532973 0.886599 0.085116
v -0.515932 0.882619 -0.089429
v -0.530473 0.874191 0.222972
v -0.516927 0.836977 0.215294
v -0.522430 0.669454 -0.104920
v -0.524629 0.667237 0.104599
v -0.519643 0.649612 -0.105090
v -0.524878 0.642837 0.104993
v -0.527539 0.588624 0.183948
v -0.529241 0.592012 -0.184746
v -0.523327 0.588319 0.099620
v -0.530143 0.574058 0.181631
v -0.533965 0.562778 -0.179703
v -0.533239 0.523406 0.113972
v -0.525930 0.418162 -0.159401
v -0.527694 0.445290 0.121438
v -0.531973 0.422399 -0.149403
v -0.524565 0.414818 0.159872
v -0.531844 0.421483 0.148455
v -0.526362 0.383872 -0.129346
v -0.531107 0.390227 0.137591
v -0.526382 0.385395 0.128332
v -0.531137 0.387165 -0.138559
v -0.529813 0.381222 -0.150920
v -0.529892 0.375427 0.149590
v -0.534082 0.340022 -0.143779
v -0.534895 0.330110 0.136735
v -0.529206 0.341885 -0.156528
v -0.533540 0.336038 0.148374
v -0.528517 0.326936 -0.125299
v -0.528394 0.329523 0.124676
v -0.521373 0.337446 -0.166290
v -0.525233 0.307971 -0.173146
v -0.529427 0.299524 -0.117048
v -0.519328 0.314742 0.172691
v -0.525093 0.251251 0.183728
v -0.524354 0.219971 -0.177586
v -0.525317 0.220474 -0.112853
v -0.527028 0.213631 0.176623
v -0.528137 0.200707 -0.112535
v -0.524479 0.196961 -0.179412
v -0.538559 0.167494 -0.197480
v -0.544684 0.172907 -0.099590
v -0.529452 0.155890 0.099937
v -0.532420 0.163350 0.195972
v -0.517488 0.153510 -0.193285
v -0.519636 0.154021 0.193367
v -0.527042 0.143438 -0.196806
v -0.526061 0.143451 0.195448
v -0.527670 0.139110 0.105349
v -0.532369 0.129015 0.203415
v -0.527516 0.125219 -0.107256
v -0.526850 0.119878 0.107550
v -0.502833 1.765774 0.008209
v -0.489610 1.687452 0.057023
v -0.551428 1.681598 0.091779
v -0.512816 1.613756 -0.114630
v -0.512618 1.548805 0.148929
v -0.510533 1.472889 -0.191086
v -0.517474 1.420238 0.209886
v -0.540788 1.416136 -0.208514
v -0.503896 1.398877 0.222937
v -0.522811 1.148436 0.274969
v -0.514382 1.059634 -0.263300
v -0.505442 0.991742 0.249266
v -0.524113 0.957076 -0.235533
v -0.524850 0.956120 0.234406
v -0.519879 0.909949 0.223826
v -0.530186 0.924799 -0.037961
v -0.527891 0.919008 -0.060465
v -0.528085 0.921978 -0.011849
v -0.525982 0.918038 0.064646
v -0.515901 0.917143 -0.072311
v -0.518888 0.800548 -0.094681
v -0.517960 0.814204 -0.212068
v -0.510908 0.762537 0.199574
v -0.510683 0.754779 -0.198942
v -0.525130 0.752945 0.096407
v -0.522426 0.655994 -0.184451
v -0.515126 0.586456 -0.098610
v -0.514439 0.517287 0.171976
v -0.518773 0.510610 -0.112160
v -0.518984 0.518614 -0.172876
v -0.520448 0.423089 -0.165356
v -0.522320 0.437977 0.164424
v -0.519714 0.399459 -0.121296
v -0.519783 0.409443 0.119569
v -0.524543 0.373635 -0.158849
v -0.528063 0.339935 0.158036
v -0.518219 0.342223 0.167186
v -0.527853 0.277353 0.183805
v -0.527154 0.264665 -0.185421
v -0.516704 0.224424 0.178465
v -0.529628 0.206020 0.112393
v -0.524896 0.187886 0.180023
v -0.531243 0.183887 -0.186166
v -0.527601 0.153719 -0.101490
v -0.520302 0.148982 0.104674
v -0.522503 0.114206 0.194242
v -0.522908 0.107514 -0.184301
v -0.522391 0.107665 0.183240
v -0.522646 0.108651 0.125954
v -0.510765 1.734040 0.037519
v -0.513454 1.620040 0.110061
v -0.500312 1.377645 0.232428
v -0.498555 1.226176 0.268450
v -0.522465 1.024624 0.260527
v -0.516446 0.945945 -0.230513
v -0.513443 0.906253 -0.221864
v -0.519496 0.927514 -0.039058
v -0.508131 0.926213 0.034596
v -0.513230 0.931607 0.054445
v -0.523570 0.871983 0.088920
v -0.515707 0.794261 0.093761
v -0.521310 0.705481 -0.099621
v -0.507362 0.719720 0.095244
v -0.520995 0.678815 0.184665
v -0.519843 0.656124 0.183265
v -0.508645 0.653067 0.102996
v -0.505736 0.609465 -0.100035
v -0.506132 0.562258 -0.098202
v -0.514078 0.563169 0.098680
v -0.509420 0.549331 0.178456
v -0.519011 0.511270 0.111135
v -0.512715 0.489131 -0.170870
v -0.524350 0.483874 0.165762
v -0.518039 0.431597 -0.117883
v -0.519917 0.448945 0.115981
v -0.517873 0.390231 -0.165721
v -0.520855 0.375230 0.162323
v -0.521844 0.366814 -0.123514
v -0.519142 0.367131 0.120471
v -0.514995 0.331266 -0.117349
v -0.519278 0.330936 0.118370
v -0.508591 0.293138 0.181775
v -0.517598 0.287997 0.106259
v -0.510758 0.281024 -0.185611
v -0.519576 0.264514 -0.103499
v -0.519356 0.262720 0.102630
v -0.510138 0.248312 -0.186587
v -0.518828 0.228191 -0.110961
v -0.508060 0.242172 0.184473
v -0.519323 0.226030 0.110824
v -0.512079 0.202391 0.174089
v -0.513981 0.178700 0.114991
v -0.530608 0.181592 -0.108315
v -0.516337 0.134033 -0.116283
v -0.522031 0.114215 -0.194113
v -0.520354 0.109480 -0.136278
v -0.516427 0.112034 -0.130170
v -0.504165 1.746517 -0.019964
v -0.501178 1.653325 0.083159
v -0.502477 1.543949 -0.151318
v -0.505318 1.319584 -0.250764
v -0.495750 1.289708 0.254988
v -0.508868 1.115820 0.274825
v -0.502010 1.019817 -0.258040
v -0.506237 1.014182 0.256593
v -0.512074 0.931637 -0.059796
v -0.507982 0.930467 0.064052
v -0.511566 0.906989 0.080339
v -0.509261 0.847220 -0.215340
v -0.510373 0.856758 0.215836
v -0.504387 0.850703 -0.095141
v -0.510304 0.656869 -0.182248
v -0.512981 0.576694 -0.184124
v -0.503954 0.491103 0.110604
v -0.505655 0.450795 -0.113217
v -0.503833 0.452489 0.111808
v -0.510517 0.430948 0.115928
v -0.510300 0.407499 0.169066
v -0.512845 0.430995 -0.169737
v -0.512304 0.356019 -0.118353
v -0.506503 0.347994 0.171621
v -0.510034 0.346433 -0.171541
v -0.511870 0.325836 0.115417
v -0.510581 0.308761 -0.177632
v -0.518641 0.299351 -0.111185
v -0.506276 0.277801 0.101204
v -0.499250 0.326068 0.175043
v -0.502072 0.267111 -0.187403
v -0.507260 0.241607 -0.104525
v -0.506426 0.240080 0.104175
v -0.499011 0.213607 -0.118876
v -0.506309 0.199863 0.118310
v -0.511229 0.185139 -0.118859
v -0.513766 0.184530 0.175416
v -0.510215 0.175089 -0.176704
v -0.510912 0.145067 0.111469
v -0.515861 0.135722 -0.189536
v -0.512300 0.129142 0.182858
v -0.513138 0.132319 0.120003
v -0.522720 0.115361 -0.114817
v -0.513804 0.114191 -0.175632
v -0.511851 0.115094 -0.147834
v -0.515252 0.113997 0.127983
v -0.512415 0.114165 0.167161
v -0.502416 1.771026 0.001258
v -0.499253 1.762696 -0.009183
v -0.501068 1.651986 -0.084889
v -0.489208 1.434513 0.204770
v -0.499877 1.155024 0.275895
v -0.513338 1.120758 -0.275946
v -0.486314 1.116854 -0.275851
v -0.497163 1.052575 0.259376
v -0.502699 0.989376 -0.248667
v -0.499704 0.930018 0.217678
v -0.487847 0.918453 0.000797
v -0.484076 0.919908 0.015550
v -0.510625 0.907556 -0.081169
v -0.506329 0.900489 0.216550
v -0.512032 0.835760 0.093410
v -0.498713 0.725188 -0.095414
v -0.505028 0.681114 0.180977
v -0.506915 0.680967 -0.182691
v -0.502243 0.671314 0.101784
v -0.496659 0.605590 0.179550
v -0.498722 0.607448 0.098971
v -0.506976 0.584386 0.182716
v -0.501231 0.578061 -0.182420
v -0.500334 0.583747 0.095567
v -0.502268 0.513463 0.108494
v -0.500795 0.508769 -0.110471
v -0.499515 0.376244 0.172078
v -0.507629 0.391588 -0.118413
v -0.508822 0.375053 0.117887
v -0.500999 0.350919 -0.173479
v -0.500662 0.214557 0.117143
v -0.505883 0.149373 0.181485
v -0.511996 0.144482 -0.111218
v -0.503059 0.145149 -0.179098
v -0.503066 0.139467 0.175358
v -0.507241 0.126907 -0.169230
v -0.506996 0.126642 -0.136241
v -0.506994 0.125382 0.136817
v -0.506121 0.126736 0.160647
v -0.491267 1.762887 -0.003369
v -0.492690 1.567582 -0.134641
v -0.508969 1.422795 -0.210733
v -0.470388 1.410357 -0.221424
v -0.503031 1.283107 -0.257549
v -0.491772 1.220926 -0.270546
v -0.495625 1.156801 -0.276751
v -0.483365 1.083359 -0.270374
v -0.489218 1.049715 -0.258514
v -0.489030 0.948909 0.220349
v -0.499130 0.910102 -0.213569
v -0.495121 0.929212 -0.078594
v -0.484514 0.920923 -0.021718
v -0.494632 0.842173 -0.205331
v -0.498529 0.844904 0.207578
v -0.498935 0.761471 0.195278
v -0.493977 0.748081 -0.191593
v -0.497561 0.581927 -0.096526
v -0.497835 0.563385 0.096666
v -0.499389 0.508972 -0.171229
v -0.495241 0.513770 0.170154
v -0.510238 0.489124 0.170455
v -0.502159 0.454200 -0.172488
v -0.498236 0.446031 0.171187
v -0.494675 0.424950 -0.118254
v -0.504376 0.284116 -0.103593
v -0.509254 0.216158 -0.176051
v -0.493700 0.213728 0.169819
v -0.506116 0.198429 -0.171248
v -0.487136 0.203969 0.156945
v -0.495733 0.186068 -0.130588
v -0.498744 0.187833 0.125798
v -0.498700 0.187991 0.161581
v -0.500536 0.170884 -0.165047
v -0.500522 0.160691 0.124887
v -0.504547 0.173787 0.169632
v -0.498835 0.141351 -0.130523
v -0.498738 0.140201 0.131211
v -0.495117 0.140719 -0.146224
v -0.497699 0.137703 -0.162890
v -0.496373 0.136961 0.153131
v -0.491444 1.571378 0.131287
v -0.489328 1.486498 0.183226
v -0.484044 1.491438 -0.181055
v -0.501205 1.323717 0.248620
v -0.476415 1.095985 0.271605
v -0.487999 1.077735 0.267795
v -0.481525 1.023594 0.252317
v -0.479419 0.984316 0.239392
v -0.499957 0.949062 -0.225857
v -0.507473 0.948270 0.226830
v -0.481756 0.937031 0.071379
v -0.496029 0.926881 0.078456
v -0.489977 0.917910 0.207436
v -0.471238 0.926750 -0.089098
v -0.491946 0.887246 0.094427
v -0.491508 0.878787 0.202098
v -0.495058 0.860992 0.095743
v -0.490090 0.828953 0.198284
v -0.487307 0.796951 -0.193628
v -0.492158 0.763019 0.093888
v -0.489420 0.751632 0.188268
v -0.491091 0.717574 0.096023
v -0.492489 0.666215 -0.173119
v -0.490208 0.666560 0.170738
v -0.501235 0.659162 -0.104099
v -0.501285 0.660082 0.177536
v -0.487988 0.602300 -0.176457
v -0.488818 0.574968 -0.177318
v -0.493586 0.566059 0.177513
v -0.490267 0.554444 -0.099861
v -0.493217 0.413153 0.117901
v -0.492325 0.355068 -0.173644
v -0.492517 0.370523 -0.119308
v -0.491772 0.363151 0.117925
v -0.490869 0.303153 0.106459
v -0.488111 0.290817 -0.106874
v -0.500120 0.267816 -0.100740
v -0.492534 0.254426 0.100744
v -0.494955 0.251216 -0.102090
v -0.491269 0.243495 0.183801
v -0.494122 0.239383 -0.184504
v -0.492382 0.228823 0.178828
v -0.498116 0.193138 -0.163210
v -0.491211 0.189665 -0.149533
v -0.491995 0.187973 0.136211
v -0.493723 0.183672 0.149406
v -0.495286 0.173381 -0.148734
v -0.495584 0.171786 0.136821
v -0.496098 0.168081 0.154372
v -0.496796 0.175909 -0.131964
v -0.495545 0.146489 0.161941
v -0.494725 0.146245 -0.159926
v -0.494399 0.144601 0.145933
v -0.484451 1.756965 0.004128
v -0.464077 1.730256 -0.012751
v -0.500381 1.741701 0.020359
v -0.482402 1.439586 -0.202697
v -0.467882 1.409177 0.220865
v -0.485058 1.391457 -0.228924
v -0.467628 1.041723 0.250520
v -0.489379 0.936342 -0.064939
v -0.510393 0.930605 0.047108
v -0.492555 0.888356 -0.204862
v -0.482543 0.870794 -0.191633
v -0.482227 0.865666 -0.100241
v -0.486350 0.816034 -0.095406
v -0.486276 0.822784 0.094905
v -0.482109 0.675801 0.166631
v -0.485613 0.658956 -0.107058
v -0.488253 0.660213 0.105003
v -0.477781 0.602414 -0.104295
v -0.485247 0.585925 -0.099221
v -0.485296 0.585880 0.098200
v -0.484166 0.575975 0.173678
v -0.489256 0.555132 0.099006
v -0.485671 0.515195 -0.167373
v -0.482727 0.531292 -0.107811
v -0.487475 0.479298 -0.167593
v -0.470027 0.465600 0.116254
v -0.491240 0.481047 0.168057
v -0.487162 0.401771 -0.171522
v -0.485958 0.343489 0.172175
v -0.481861 0.327526 0.111935
v -0.494663 0.314018 -0.178062
v -0.487729 0.283292 0.105717
v -0.488774 0.264047 -0.103550
v -0.481254 0.279312 -0.181125
v -0.493049 0.210467 -0.167779
v -0.483533 0.213259 0.124856
v -0.487721 0.195194 -0.137675
v -0.481070 0.206539 0.132530
v -0.464175 1.733585 0.009843
v -0.474284 1.718356 -0.021775
v -0.469476 1.692036 -0.043575
v -0.477718 1.607768 -0.104537
v -0.468125 1.547293 0.141123
v -0.465033 1.366591 0.235333
v -0.466194 1.267286 -0.260756
v -0.474867 1.133023 0.274822
v -0.473636 1.014306 -0.249173
v -0.460475 1.004802 0.241251
v -0.465068 0.983988 -0.235400
v -0.477368 0.935611 -0.077583
v -0.480688 0.924869 0.085064
v -0.466815 0.924154 0.036167
v -0.474130 0.908728 -0.191028
v -0.487049 0.889973 -0.096436
v -0.474645 0.891449 0.102316
v -0.478622 0.867344 0.101099
v -0.475926 0.782793 0.179190
v -0.475804 0.780499 0.097532
v -0.477268 0.742109 -0.177028
v -0.479503 0.729213 0.098714
v -0.476970 0.741734 0.175652
v -0.484215 0.726085 -0.097941
v -0.479334 0.676496 -0.165096
v -0.474570 0.656224 -0.159473
v -0.478354 0.614924 0.167772
v -0.475276 0.600535 0.104428
v -0.478271 0.567832 0.103012
v -0.482139 0.525028 0.108471
v -0.470138 0.503958 -0.114274
v -0.480443 0.496570 0.162222
v -0.479883 0.442488 0.115567
v -0.477618 0.439040 -0.117057
v -0.476576 0.403892 0.117342
v -0.486378 0.397686 0.170465
v -0.477267 0.400431 -0.118279
v -0.479260 0.328655 -0.171989
v -0.483943 0.320049 -0.111273
v -0.485995 0.307562 0.176443
v -0.478920 0.266559 -0.102688
v -0.477216 0.263961 0.101568
v -0.502586 0.267266 0.186678
v -0.474828 0.238249 0.105770
v -0.477368 0.229840 -0.175243
v -0.475561 0.235993 -0.107830
v -0.474231 0.230700 0.173091
v -0.484203 0.211895 -0.126765
v -0.479927 0.205124 -0.152618
v -0.480660 0.202517 0.143013
v -0.466315 1.742654 -0.004021
v -0.475536 1.719841 0.020696
v -0.471689 1.699595 0.036607
v -0.461435 1.679492 0.047682
v -0.477426 1.665525 -0.065979
v -0.457674 1.661238 0.060055
v -0.475166 1.506876 0.169751
v -0.472594 1.170939 -0.274861
v -0.480849 0.942338 -0.211887
v -0.457924 0.940410 0.073600
v -0.464717 0.935253 0.084984
v -0.469528 0.918055 0.094485
v -0.471105 0.896947 -0.105162
v -0.462698 0.899589 0.172644
v -0.471257 0.832646 -0.102037
v -0.471232 0.833766 0.101114
v -0.464780 0.805858 0.164597
v -0.473608 0.783809 -0.177052
v -0.475660 0.779592 -0.098583
v -0.470588 0.703674 -0.110301
v -0.472134 0.661674 -0.114119
v -0.473732 0.662131 0.111562
v -0.471439 0.606757 -0.163830
v -0.478449 0.569038 -0.103831
v -0.469467 0.546947 -0.108714
v -0.476211 0.519988 -0.161483
v -0.478298 0.522334 0.162718
v -0.468676 0.501384 0.114287
v -0.476950 0.482230 -0.160229
v -0.470625 0.462625 -0.117333
v -0.477620 0.386015 -0.168353
v -0.464336 0.404146 -0.119443
v -0.462440 0.395082 0.118980
v -0.471965 0.383976 0.163692
v -0.476086 0.347461 -0.115960
v -0.476095 0.344760 0.114872
v -0.472338 0.319501 0.168510
v -0.473249 0.256227 0.179984
v -0.471688 0.254775 -0.180478
v -0.460439 0.257145 -0.107063
v -0.473950 0.224196 -0.119259
v -0.472089 0.216759 -0.132153
v -0.458915 0.223350 0.155416
v -0.471185 1.517140 -0.163168
v -0.463954 1.368306 -0.235723
v -0.449323 1.334678 -0.242903
v -0.456919 1.321790 0.245562
v -0.471228 1.271535 0.259022
v -0.477686 1.165480 0.274491
v -0.462359 1.070559 0.262226
v -0.445355 0.985433 0.225640
v -0.458045 0.970382 0.221085
v -0.462772 0.937098 0.193659
v -0.462319 0.922274 -0.099401
v -0.476024 0.907636 0.191617
v -0.466380 0.892872 -0.175551
v -0.465451 0.873631 -0.110826
v -0.465130 0.879621 0.110567
v -0.465882 0.771431 -0.104117
v -0.466500 0.772001 0.102659
v -0.467778 0.735215 -0.163342
v -0.468646 0.702868 0.111963
v -0.467860 0.734907 0.162411
v -0.468956 0.679627 -0.152917
v -0.472898 0.665135 0.155110
v -0.464604 0.617326 0.112789
v -0.465637 0.601712 0.157293
v -0.464241 0.578531 0.109024
v -0.472154 0.573683 -0.165747
v -0.464105 0.536787 0.110889
v -0.469725 0.574945 0.162790
v -0.458886 0.519141 -0.143685
v -0.458722 0.518477 0.142406
v -0.460449 0.430225 -0.148628
v -0.475461 0.451461 0.160552
v -0.464390 0.332623 -0.162635
v -0.456535 0.334020 0.118809
v -0.463652 0.287981 -0.170169
v -0.461531 0.288328 0.111320
v -0.461715 0.287177 -0.111911
v -0.457599 0.270299 0.169766
v -0.457102 0.224366 0.134348
v -0.456653 1.703554 -0.019997
v -0.458936 1.704731 0.019543
v -0.465313 1.600510 0.104092
v -0.446321 1.477678 0.177801
v -0.452177 1.462507 -0.187345
v -0.437310 1.438713 0.201344
v -0.484065 1.214856 0.270185
v -0.452936 1.106396 -0.271469
v -0.459838 1.043136 -0.248801
v -0.461643 1.050963 0.252073
v -0.453450 0.938352 -0.093322
v -0.461281 0.926888 -0.186901
v -0.461568 0.904835 0.110351
v -0.462513 0.896648 -0.114140
v -0.457505 0.896522 -0.159167
v -0.462397 0.885568 0.167453
v -0.458091 0.836311 0.111664
v -0.460228 0.831328 -0.110295
v -0.460835 0.800216 -0.160078
v -0.459422 0.763725 -0.111938
v -0.459270 0.772192 0.110285
v -0.456224 0.761612 0.116848
v -0.464864 0.690070 0.144606
v -0.462535 0.702750 -0.125041
v -0.462804 0.676791 0.136676
v -0.464296 0.671222 -0.125429
v -0.463015 0.645185 -0.144146
v -0.462811 0.642177 0.121479
v -0.460684 0.644619 0.130043
v -0.463166 0.645161 0.143495
v -0.462111 0.635727 -0.121654
v -0.460875 0.646538 -0.131480
v -0.464637 0.615821 -0.113474
v -0.460431 0.601381 -0.151404
v -0.464094 0.577805 -0.110173
v -0.458068 0.559039 -0.149273
v -0.460685 0.541410 -0.114104
v -0.459840 0.499951 0.119913
v -0.459588 0.498167 -0.121784
v -0.461963 0.461102 0.120705
v -0.462043 0.457725 -0.121474
v -0.458129 0.430519 0.145072
v -0.450852 0.378917 -0.145202
v -0.460941 0.335593 -0.118671
v -0.459807 0.332189 0.157761
v -0.456656 0.269402 -0.110411
v -0.458982 0.262180 0.107031
v -0.461133 0.247920 0.173517
v -0.457021 0.238388 -0.118387
v -0.459412 0.234780 0.117811
v -0.455915 0.223916 -0.153914
v -0.452656 0.226164 0.146940
v -0.446916 1.720548 -0.001616
v -0.452011 1.719213 0.009583
v -0.443757 1.666478 -0.051554
v -0.456725 1.603436 -0.100853
v -0.450512 1.566112 -0.125572
v -0.431736 1.552997 -0.128482
v -0.445795 1.511627 0.159059
v -0.459056 1.065056 -0.260311
v -0.463390 0.942563 -0.200543
v -0.448933 0.944454 -0.184280
v -0.452825 0.941706 -0.079218
v -0.461544 0.938995 -0.069409
v -0.452227 0.936704 0.063371
v -0.442194 0.943477 0.097424
v -0.469160 0.926859 -0.043181
v -0.452082 0.935956 0.098073
v -0.452026 0.927564 -0.172456
v -0.449966 0.925972 -0.118241
v -0.453060 0.924061 0.112607
v -0.456906 0.905525 -0.120907
v -0.421436 0.912172 0.009073
v -0.454428 0.925958 0.175951
v -0.456176 0.886203 0.124741
v -0.456009 0.829209 -0.155844
v -0.453292 0.835293 -0.118745
v -0.455288 0.828219 0.154037
v -0.450192 0.836231 0.124294
v -0.453700 0.773151 0.143909
v -0.452227 0.770483 -0.139767
v -0.464510 0.690233 0.123141
v -0.461749 0.702610 -0.138571
v -0.460743 0.707895 0.131374
v -0.462830 0.675912 -0.137615
v -0.452701 0.586785 -0.138207
v -0.452426 0.585623 0.134816
v -0.455800 0.590354 0.144261
v -0.451525 0.576200 -0.128835
v -0.451885 0.574635 0.124665
v -0.454665 0.576315 -0.119824
v -0.454047 0.555199 0.118432
v -0.454504 0.545963 -0.119856
v -0.459908 0.485499 -0.143273
v -0.456203 0.491118 -0.130990
v -0.457740 0.487550 0.126717
v -0.460093 0.490549 0.142272
v -0.455705 0.440280 -0.128283
v -0.455869 0.431444 -0.142231
v -0.454379 0.425274 0.127274
v -0.455671 0.396972 0.122895
v -0.451220 0.351173 -0.125153
v -0.450500 0.379653 0.143261
v -0.451003 0.331043 -0.151181
v -0.453925 0.313376 -0.119079
v -0.451031 0.312683 0.119846
v -0.456994 0.270583 -0.170304
v -0.460817 0.247045 -0.174226
v -0.450913 0.248574 -0.118808
v -0.446744 0.241995 -0.154888
v -0.462604 0.218780 -0.136026
v -0.452407 1.717071 -0.012067
v -0.427121 1.676200 0.033236
v -0.440688 1.510894 -0.159314
v -0.427793 1.157782 0.269224
v -0.443820 1.114029 0.270153
v -0.426127 1.083243 0.259543
v -0.441742 0.971791 0.209415
v -0.445954 0.954589 0.190252
v -0.441612 0.940060 -0.115841
v -0.442190 0.932036 -0.057819
v -0.446745 0.938550 0.160674
v -0.454609 0.907512 -0.152772
v -0.449433 0.922611 -0.136940
v -0.453030 0.913026 0.128187
v -0.453574 0.916722 0.158686
v -0.453522 0.900726 -0.137012
v -0.454245 0.899980 0.149401
v -0.422004 0.911949 -0.008201
v -0.454465 0.883215 -0.128762
v -0.452918 0.884082 0.138719
v -0.448562 0.836045 0.133578
v -0.449932 0.829138 0.143114
v -0.448656 0.834844 -0.131866
v -0.450121 0.825026 -0.144946
v -0.452371 0.763867 0.130332
v -0.453359 0.764702 -0.124836
v -0.455211 0.551613 0.143534
v -0.452400 0.544725 -0.137378
v -0.451449 0.542681 0.131822
v -0.451912 0.540567 -0.128843
v -0.456820 0.485753 0.133619
v -0.455248 0.446216 -0.135324
v -0.453865 0.428860 0.137393
v -0.450222 0.394270 0.133956
v -0.446385 0.348987 -0.136460
v -0.453797 0.402517 -0.126227
v -0.448345 0.342161 0.127704
v -0.449051 0.333837 0.147362
v -0.445751 0.314715 -0.126944
v -0.446539 0.281484 -0.156679
v -0.450715 0.285430 0.159497
v -0.445184 0.276269 0.121875
v -0.451244 0.247740 0.117503
v -0.447529 0.236936 -0.134008
v -0.448728 0.234771 0.133369
v -0.446773 0.234167 -0.146481
v -0.433695 1.710696 0.005227
v -0.439798 1.693274 -0.020048
v -0.439263 1.692850 0.018564
v -0.426687 1.654835 0.053432
v -0.461066 1.452076 0.193242
v -0.433974 1.442092 -0.199715
v -0.428391 1.367499 -0.230711
v -0.435438 1.359537 0.233184
v -0.427546 1.311684 -0.248114
v -0.433069 1.255293 -0.261389
v -0.445425 1.139799 -0.272686
v -0.422183 1.074558 -0.255618
v -0.449160 0.999898 -0.235995
v -0.433456 1.003274 0.227505
v -0.435577 0.993075 -0.224931
v -0.439372 0.965544 -0.199011
v -0.438312 0.963066 0.179821
v -0.443334 0.938077 0.142983
v -0.448076 0.930268 -0.146713
v -0.449561 0.922790 0.137576
v -0.392230 0.925625 0.055820
v -0.412194 0.916177 -0.030417
v -0.414914 0.916813 0.030733
v -0.446666 0.343902 -0.142846
v -0.445924 0.336296 0.141910
v -0.445456 0.336132 0.134805
v -0.441359 0.298756 -0.144523
v -0.441046 0.292049 0.130531
v -0.440987 0.293355 0.143692
v -0.443927 0.263252 -0.157009
v -0.446268 0.281937 -0.121955
v -0.444515 0.262745 0.156981
v -0.443960 0.249957 0.129791
v -0.444483 0.253692 -0.127679
v -0.445481 0.239011 0.149977
v -0.433975 1.711290 -0.005505
v -0.427477 1.682386 -0.026404
v -0.422642 1.665627 -0.043642
v -0.425505 1.651635 -0.056800
v -0.423973 1.471617 -0.178689
v -0.434972 1.406536 -0.219045
v -0.424515 1.305829 0.248528
v -0.420359 1.029563 -0.229366
v -0.416259 1.028608 0.226216
v -0.438485 0.963199 -0.181434
v -0.443752 0.940856 -0.152923
v -0.428663 0.950374 -0.095989
v -0.428532 0.944925 -0.081708
v -0.432186 0.948828 0.095072
v -0.440564 0.290037 -0.134197
v -0.440767 0.258132 -0.145374
v -0.440956 0.259624 0.145129
v -0.427469 1.701349 -0.004525
v -0.427592 1.701075 0.003951
v -0.430504 1.244546 0.262056
v -0.415947 1.118717 -0.265751
v -0.421569 0.990815 -0.209290
v -0.422333 0.979562 -0.171242
v -0.425440 0.976041 0.172004
v -0.415224 0.978660 -0.150467
v -0.419710 0.965581 -0.133803
v -0.438921 0.943030 0.126820
v -0.421166 0.957743 -0.114571
v -0.429296 0.946337 0.082822
v -0.425458 0.955950 0.118925
v -0.414576 1.687265 0.006054
v -0.419059 1.679387 0.024914
v -0.422140 1.594868 0.098239
v -0.437021 1.551150 0.130015
v -0.424159 1.473429 0.176587
v -0.411925 1.255399 -0.258706
v -0.420406 1.220344 -0.265320
v -0.425238 1.195873 0.267337
v -0.419367 1.182373 -0.268484
v -0.408461 1.046366 -0.232742
v -0.412444 1.007828 0.213222
v -0.419947 0.987170 0.200029
v -0.420700 0.971032 0.147934
v -0.415943 0.969278 0.134118
v -0.413890 1.686910 -0.006592
v -0.410949 1.675941 -0.027406
v -0.413585 1.498541 -0.161008
v -0.435076 1.406616 0.218061
v -0.408844 1.259795 0.256274
v -0.406533 1.197980 0.264085
v -0.410626 1.108239 0.261183
v -0.419142 1.092065 -0.261337
v -0.403719 1.029759 0.218741
v -0.418596 0.986833 -0.194471
v -0.410058 0.994852 -0.166275
v -0.414057 0.961299 0.115206
v -0.382015 1.533628 -0.131291
v -0.408799 1.338647 0.237189
v -0.404738 1.323152 -0.241795
v -0.401783 1.199807 -0.263533
v -0.409741 1.148888 0.265564
v -0.413057 1.072101 0.250069
v -0.406390 1.023100 -0.218438
v -0.409909 0.959159 -0.109596
v -0.407478 0.958058 0.106637
v -0.400409 1.678654 -0.013602
v -0.388571 1.638258 -0.059841
v -0.411543 1.599890 -0.093275
v -0.407128 1.501566 0.156977
v -0.371885 1.433765 -0.193779
v -0.390326 1.407085 -0.208775
v -0.386500 1.365643 -0.224112
v -0.405754 1.159039 -0.265936
v -0.404031 1.072753 -0.246507
v -0.408613 1.047976 0.232899
v -0.397447 1.022181 0.201269
v -0.401236 1.013422 -0.192563
v -0.406911 1.000767 -0.176107
v -0.409053 0.996200 0.166378
v -0.402003 1.008026 0.179399
v -0.401763 0.986806 -0.151869
v -0.402227 0.986168 0.149906
v -0.402220 1.679497 0.011585
v -0.379738 1.668112 0.023237
v -0.371127 1.423819 0.197653
v -0.407112 1.388861 0.217520
v -0.379152 1.246539 0.250515
v -0.393973 1.029006 -0.205096
v -0.391808 1.026536 0.199402
v -0.397670 1.005654 -0.174325
v -0.386242 0.970114 0.128621
v -0.375153 1.654933 0.040672
v -0.369102 1.484647 -0.160437
v -0.362812 1.451898 -0.182153
v -0.391446 1.400022 0.210840
v -0.378623 1.332073 0.232491
v -0.375054 1.246292 -0.250591
v -0.374124 1.188868 -0.255942
v -0.377768 1.182045 0.256233
v -0.384471 1.122326 -0.253629
v -0.380346 1.099973 -0.245120
v -0.383574 1.105193 0.247655
v -0.383936 1.074950 0.233980
v -0.388652 1.046378 -0.217980
v -0.388946 1.045119 0.216010
v -0.394747 1.001673 0.168326
v -0.375353 0.912193 -0.018812
v -0.373679 0.910331 0.003965
v -0.373070 1.671213 0.008476
v -0.385536 1.640617 0.056340
v -0.360223 1.623599 -0.065335
v -0.376740 1.316967 -0.236621
v -0.383464 1.139155 0.255443
v -0.384254 1.024848 0.195232
v -0.384296 1.023991 -0.195387
v -0.379368 1.001662 -0.173014
v -0.358298 0.914188 0.027510
v -0.366896 1.660764 -0.030839
v -0.362859 1.617906 0.069879
v -0.367153 1.600143 -0.083790
v -0.369105 1.559446 0.111025
v -0.365435 1.560989 -0.110302
v -0.363725 1.350425 0.226376
v -0.365002 1.354488 -0.226098
v -0.378425 1.151965 -0.256201
v -0.364411 1.143146 0.252266
v -0.371078 1.115846 0.247731
v -0.379795 1.076991 -0.234153
v -0.371774 1.075349 0.232332
v -0.374215 1.052719 -0.220073
v -0.370022 1.044779 0.213100
v -0.369899 1.020490 -0.193765
v -0.385781 0.974027 -0.135314
v -0.367841 0.921030 -0.049898
v -0.339933 0.918742 0.042157
v -0.371082 1.669705 -0.012604
v -0.361591 1.449828 0.182283
v -0.349171 1.396403 0.209635
v -0.351978 1.397890 -0.210192
v -0.360483 1.239796 0.250481
v -0.366112 1.183028 0.254824
v -0.366566 1.132019 -0.251698
v -0.365360 1.102316 -0.244361
v -0.357137 1.066418 0.229644
v -0.361230 1.045974 -0.217218
v -0.370283 1.020255 0.192485
v -0.336288 0.992856 0.173802
v -0.341200 1.645189 0.039056
v -0.379272 1.534178 0.129341
v -0.370442 1.483266 0.160546
v -0.354018 1.305894 -0.238785
v -0.352080 1.298549 0.239503
v -0.353842 1.248852 -0.250577
v -0.353040 1.195209 -0.255820
v -0.351010 1.176677 0.255591
v -0.406078 0.926061 -0.054813
v -0.339003 1.653855 0.024059
v -0.355909 1.643637 -0.046923
v -0.347481 1.199052 0.255577
v -0.347426 1.170840 -0.257135
v -0.333989 0.951046 -0.110956
v -0.338720 1.653619 -0.025253
v -0.332001 1.654977 -0.011361
v -0.338881 1.658731 0.006334
v -0.320314 1.559589 -0.101091
v -0.346069 1.251830 0.250186
v -0.331052 1.130598 -0.256481
v -0.336109 0.992415 -0.174249
v -0.334217 0.923246 0.054690
v -0.333247 1.527863 0.127425
v -0.337944 1.524588 -0.131605
v -0.326264 1.500046 -0.144727
v -0.325069 1.437626 -0.188926
v -0.328251 1.337356 -0.232878
v -0.326732 0.968313 0.141908
v -0.321539 0.956131 0.120916
v -0.315332 1.636937 -0.035648
v -0.319445 1.624986 -0.050549
v -0.318835 1.623430 0.050648
v -0.357284 1.596876 0.082831
v -0.308018 1.459795 -0.173981
v -0.322931 1.412231 0.202101
v -0.332034 1.335324 0.232211
v -0.359626 1.152560 -0.254468
v -0.352511 1.115310 0.248443
v -0.337183 1.092887 0.244443
v -0.329016 0.965172 -0.137437
v -0.341176 0.935506 0.080731
v -0.333287 1.496265 0.147214
v -0.294388 1.457520 0.174221
v -0.316359 1.438910 0.187102
v -0.328068 1.370330 -0.221705
v -0.312555 1.285406 -0.248982
v -0.319993 1.149878 0.260073
v -0.349176 1.072177 -0.235020
v -0.319549 1.032592 -0.219391
v -0.290527 1.015459 0.211187
v -0.342525 0.915784 -0.032577
v -0.300653 1.582012 -0.078578
v -0.307150 1.579114 0.081995
v -0.286489 1.475965 0.159982
v -0.299485 1.411595 -0.204007
v -0.329851 1.363182 0.223120
v -0.276941 1.311285 -0.247449
v -0.289292 1.293876 0.249692
v -0.349467 1.233985 -0.253804
v -0.265926 1.041503 0.237199
v -0.297636 1.008740 -0.203571
v -0.306328 1.640247 0.018617
v -0.306933 1.630172 0.037281
v -0.294599 1.365971 -0.226198
v -0.302935 1.374007 0.220970
v -0.285352 1.249956 -0.262748
v -0.338228 1.101798 -0.248083
v -0.267854 1.026417 -0.227414
v -0.303355 1.641012 0.003381
v -0.291154 1.504784 -0.137169
v -0.315275 0.915472 -0.022629
v -0.322875 1.558078 0.101849
v -0.263024 1.472028 -0.162987
v -0.270920 1.394681 0.213705
v -0.226375 1.118761 0.273713
v -0.294907 1.053513 -0.238255
v -0.294409 1.030377 0.223243
v -0.288023 0.996662 -0.192630
v -0.287975 0.997693 0.192856
v -0.274194 0.950787 0.118911
v -0.269632 0.947469 -0.113219
v -0.323875 0.912729 0.002728
v -0.305158 1.639270 -0.020168
v -0.255023 1.607199 0.020530
v -0.264070 1.592722 -0.052541
v -0.261379 1.378725 -0.223707
v -0.266978 1.331206 -0.242702
v -0.271152 1.243743 0.265206
v -0.245831 1.084015 0.260729
v -0.249391 1.081356 -0.259832
v -0.253753 1.608998 -0.010244
v -0.258839 1.503878 0.133214
v -0.258468 1.437562 -0.189329
v -0.284057 0.927464 -0.064020
v -0.274664 1.571843 -0.078384
v -0.272532 1.561683 0.086117
v -0.246272 1.531118 -0.109352
v -0.251414 1.414960 0.203101
v -0.207617 1.289654 0.266752
v -0.252618 1.603658 -0.026618
v -0.251976 1.598157 0.035793
v -0.272138 1.593346 0.055642
v -0.226840 1.529080 0.106215
v -0.236994 1.362961 0.233230
v -0.268040 0.935486 0.084570
v -0.239290 1.560096 -0.078066
v -0.286254 1.506324 0.134408
v -0.209911 1.288687 -0.267424
v -0.258548 1.037555 -0.237266
v -0.250052 1.573431 0.065406
v -0.255302 1.326371 0.245083
v -0.215058 1.216161 0.279104
v -0.219807 1.175684 -0.281201
v -0.219118 1.123287 -0.276801
v -0.236444 0.980306 0.181001
v -0.231983 0.957694 0.144096
v -0.229446 0.920507 0.002766
v -0.233430 1.597222 0.007963
v -0.238303 1.589861 -0.037889
v -0.253677 1.501867 -0.135641
v -0.235151 1.452414 -0.178808
v -0.210058 1.351344 -0.243004
v -0.224088 1.098414 -0.270328
v -0.244109 0.985261 -0.187371
v -0.221690 1.435586 0.191091
v -0.220430 1.203338 -0.280377
v -0.215612 1.147516 0.279747
v -0.213007 1.147688 -0.281127
v -0.240020 0.961503 -0.151131
v -0.217335 0.947118 0.115851
v -0.219897 1.460552 0.171210
v -0.245910 1.406068 -0.210152
v -0.238618 0.923474 0.036660
v -0.223001 1.590667 -0.016548
v -0.198884 1.334765 0.250913
v -0.211250 1.014020 -0.226551
v -0.218369 1.023499 0.232275
v -0.203920 1.008589 0.221149
v -0.226148 0.922612 -0.027581
v -0.211794 1.583462 0.021963
v -0.219021 1.582002 0.034344
v -0.211897 1.569698 0.050912
v -0.197214 1.473260 -0.160740
v -0.210095 1.430331 -0.196705
v -0.168339 1.382464 0.230960
v -0.196586 1.522735 0.106402
v -0.217254 1.492295 0.141314
v -0.171097 1.376249 -0.235204
v -0.218049 1.188508 0.280454
v -0.184697 1.169549 0.286106
v -0.206331 1.069387 -0.262849
v -0.160082 0.964363 0.168863
v -0.215567 0.940054 -0.098673
v -0.210508 1.564373 -0.059633
v -0.177635 1.250248 -0.280773
v -0.201805 1.071420 0.263622
v -0.203770 1.043366 0.248013
v -0.195510 0.995785 0.207003
v -0.163096 0.963376 -0.167896
v -0.208365 0.947667 -0.119090
v -0.209144 1.551217 0.076832
v -0.196042 1.520599 -0.109534
v -0.189036 0.997238 -0.211095
v -0.219620 0.929770 0.063632
v -0.198988 1.579172 -0.020589
v -0.199996 1.581433 0.004622
v -0.188085 1.567912 -0.039785
v -0.180218 1.533651 -0.090759
v -0.174190 1.493513 -0.138376
v -0.178503 1.223595 -0.285275
v -0.205695 1.041758 -0.247732
v -0.156928 1.559846 0.038843
v -0.183310 1.318792 -0.261052
v -0.178777 1.290837 -0.270780
v -0.177932 1.102290 0.277977
v -0.177603 0.925438 -0.038155
v -0.168925 0.922384 0.001601
v -0.177401 1.566869 0.033749
v -0.102131 1.438617 0.194172
v -0.144634 1.331981 0.259988
v -0.182024 1.546956 -0.072921
v -0.170526 1.542387 0.074971
v -0.165003 1.207892 0.287817
v -0.163000 1.133812 0.286496
v -0.161343 1.101821 -0.281215
v -0.219596 0.936027 0.085755
v -0.176130 1.571852 0.014919
v -0.174481 1.519491 0.106146
v -0.178867 1.467678 0.165296
v -0.165068 1.177300 -0.289986
v -0.164724 1.138583 -0.287862
v -0.158702 1.076686 0.271894
v -0.163116 1.070422 -0.269424
v -0.143383 1.029122 0.243854
v -0.137696 0.977024 0.188053
v -0.161762 0.958731 0.156634
v -0.208047 0.955320 -0.142734
v -0.138639 1.405955 -0.219486
v -0.129139 1.414032 0.213294
v -0.138248 1.334731 -0.260409
v -0.171566 1.279324 0.273625
v -0.181544 1.242209 0.280807
v -0.128609 1.047999 -0.260122
v -0.131917 0.985707 -0.202229
v -0.142605 0.989079 0.204961
v -0.166250 0.924659 0.029707
v -0.143790 1.558169 -0.036210
v -0.139492 1.562767 0.014651
v -0.137612 1.499860 0.128173
v -0.127935 1.048862 0.259802
v -0.109632 0.941677 0.108360
v -0.144197 1.548509 -0.057259
v -0.155118 1.512583 -0.113448
v -0.161782 1.481257 0.150976
v -0.125068 1.434736 -0.197674
v -0.154451 1.007487 -0.225472
v -0.136239 1.005646 0.223516
v -0.213764 0.929517 -0.063301
v -0.108306 0.931492 0.065866
v -0.108215 0.925629 -0.025059
v -0.163410 1.568496 -0.013253
v -0.152740 1.530199 0.088327
v -0.081804 1.452056 -0.183281
v -0.113867 1.360946 -0.250625
v -0.119397 1.035790 -0.251759
v -0.145744 0.962402 -0.166228
v -0.060209 1.475313 -0.158863
v -0.120181 1.354376 0.252215
v -0.133226 1.276433 0.279010
v -0.133662 1.277874 -0.279583
v -0.132506 1.236122 -0.288958
v -0.132383 1.231248 0.288865
v -0.125177 1.162482 -0.294362
v -0.125738 1.124050 -0.290050
v -0.127951 1.561823 -0.004465
v -0.119363 1.555962 0.031188
v -0.116211 1.530045 -0.084114
v -0.114915 1.382157 -0.238231
v -0.107544 1.380354 0.239338
v -0.124974 1.202823 -0.293384
v -0.122731 1.176206 0.293914
v -0.118966 1.101898 0.284600
v -0.105209 0.952606 -0.143232
v -0.115296 1.557462 -0.024101
v -0.149228 1.531652 -0.086382
v -0.120910 1.072812 -0.274903
v -0.104682 1.506654 -0.119107
v -0.120447 1.074113 0.274515
v -0.103503 0.924507 -0.000396
v -0.095864 1.537756 0.067946
v -0.085770 1.490289 0.139875
v -0.089841 0.955751 0.150875
v -0.117637 1.548904 0.049261
v -0.114183 1.522637 0.094947
v -0.078987 1.395946 -0.231815
v -0.079644 1.257510 -0.287783
v -0.121204 1.131574 0.290750
v -0.065500 0.995628 -0.214772
v -0.066267 0.994335 0.212433
v -0.083135 1.557057 0.008040
v -0.095663 1.545125 -0.054610
v -0.083867 1.316783 -0.270010
v -0.085354 1.290117 -0.278997
v -0.084026 1.258558 0.286458
v -0.118038 1.101157 -0.285409
v -0.065381 0.982642 0.195929
v -0.106780 0.940167 -0.104028
v -0.093872 1.557185 -0.014669
v -0.058290 1.419577 -0.214399
v -0.101451 1.306183 0.272054
v -0.092075 1.223234 -0.293281
v -0.080792 1.115602 -0.291200
v -0.073519 1.047730 -0.261922
v -0.106935 0.931276 -0.065050
v -0.063561 1.413312 0.218314
v -0.096308 1.225110 0.291945
v -0.072679 1.188822 -0.297038
v -0.073495 1.183835 0.296144
v -0.065710 1.145056 0.295249
v -0.081444 1.103910 0.287467
v -0.078481 1.087010 -0.282644
v -0.055353 1.076355 0.277673
v -0.051757 1.072969 -0.277021
v -0.073061 1.045692 0.259866
v -0.061897 1.018223 0.237051
v -0.054955 1.516889 0.103812
v -0.062208 0.983776 -0.198918
v -0.059056 0.948862 0.123826
v -0.103727 0.926187 0.026402
v -0.055189 1.537671 -0.068882
v -0.053431 1.516221 -0.105842
v -0.064011 1.462274 0.172312
v -0.067466 1.396195 0.230267
v -0.073922 1.364763 0.247547
v -0.074123 1.354301 -0.254045
v -0.050740 1.316175 0.269738
v -0.068167 1.026453 -0.245496
v -0.060952 0.928953 -0.000646
v -0.052272 1.344540 0.257886
v -0.058936 0.931780 0.038017
v -0.074651 1.553501 -0.029401
v -0.064443 1.546201 0.049661
v -0.034366 1.547515 -0.048767
v -0.040930 1.392119 -0.232473
v -0.029770 1.227974 -0.292303
v -0.059140 1.212139 0.294023
v -0.071907 1.154290 -0.296801
v -0.045514 1.127622 -0.293791
v -0.059372 1.010981 -0.230923
v -0.081301 0.957031 -0.153483
v -0.059905 0.946151 -0.116108
v -0.041169 1.556389 -0.014077
v -0.068717 1.553367 0.029541
v -0.053018 1.285909 0.279473
v -0.019166 1.103261 0.287142
v -0.061682 0.939513 0.088206
v -0.010801 1.504980 0.124163
v -0.005856 1.453801 -0.185202
v -0.031084 1.398787 0.226832
v -0.025478 1.337865 -0.261449
v -0.010620 1.046325 -0.259067
v -0.062170 0.936098 -0.071549
v -0.061862 0.930811 -0.031541
v -0.029266 1.365656 0.247064
v -0.023539 1.313219 -0.271040
v -0.025789 1.281675 -0.280919
v -0.014367 1.036995 0.251113
v -0.012385 1.124392 0.291511
v -0.019980 0.964917 0.156443
v -0.017293 0.945009 0.085401
v -0.017458 0.939526 0.048535
v -0.023591 1.554269 0.028077
v -0.020221 1.532190 0.080550
v -0.027254 1.253847 0.286527
v -0.032462 0.985681 -0.199055
v -0.030091 0.984304 0.195834
v -0.057307 1.490984 -0.140607
v -0.022805 1.478063 0.157297
v -0.000000 1.211319 0.291604
v -0.023452 1.183220 -0.296138
v -0.024387 0.964030 -0.156257
v -0.017675 0.937381 -0.028066
v -0.017094 1.412071 -0.218129
v -0.003579 1.027927 -0.242860
v -0.009603 1.147533 -0.295093
v 0.000000 1.066733 -0.271130
v -0.014151 0.979323 -0.184353
v -0.019308 0.953662 -0.125206
v -0.018504 0.942879 -0.076461
v -0.020463 0.953003 0.122505
v -0.019163 0.935609 0.004363
v -0.026982 1.453000 0.184431
v -0.015456 1.108074 -0.289331
v -0.022103 1.180682 0.295248
v -0.000000 1.339785 0.258521
v 0.000000 1.484046 -0.153430
v -0.000000 -0.071288 0.014232
v -0.000000 0.106936 0.014232
v -0.000000 -0.000000 0.014232
v -0.000000 0.106936 0.014232
v -0.000000 -0.071288 0.014232
v -0.000000 -0.000000 0.014232
v -0.000000 0.074117 0.014232
v -0.000000 0.106935 0.254571
v -0.000000 0.074117 0.254571
v 0.000000 0.106936 -0.000000
v 0.000000 0.106936 -0.000000
v 0.000000 -0.071288 -0.000000
v 0.000000 -0.071288 -0.014232
v 0.000000 0.106936 -0.014232
v 0.000000 -0.000000 -0.014232
v 0.000000 0.106936 -0.014232
v 0.000000 -0.071288 -0.014232
v 0.000000 -0.000000 -0.014232
v 0.000000 0.074117 -0.014232
v 0.000000 0.106935 -0.254571
v 0.000000 0.074117 -0.254571
v -0.000000 1.079892 0.276559
v -0.000000 1.282019 0.277491
v -0.000000 1.366766 0.245085
v 0.000000 0.963927 -0.144251
v -0.000000 1.246996 0.285536
v -0.000000 0.997214 0.206387
v -0.000000 1.555488 0.026200
v 0.000000 1.004203 -0.216488
v 0.000000 1.505461 -0.126012
v 0.000000 1.371897 -0.243822
v 0.000000 1.302991 -0.272896
v 0.000000 1.277700 -0.279948
v 0.000000 1.207522 -0.292221
v -0.000000 0.949746 0.092797
v 0.000000 1.145097 -0.294107
v 0.000000 1.121315 -0.290411
v 0.000000 1.523088 -0.100249
v 0.000000 1.400476 -0.225660
v -0.000000 1.554683 0.030403
v -0.000000 1.557532 0.010752
v -0.000000 1.015101 0.227963
v -0.000000 1.008039 0.219675
v -0.000000 1.266648 0.281576
v 0.000000 1.024323 -0.238582
v -0.000000 0.971057 0.162164
v -0.000000 0.939690 0.003739
v -0.000000 0.942239 0.039576
v 0.000000 0.945960 -0.071957
v -0.000000 1.107697 0.286610
v -0.000000 0.964703 0.146619
v -0.000000 1.028519 0.241442
v -0.000000 1.481287 0.155478
v 0.000000 1.370686 -0.244433
v 0.000000 1.087337 -0.280924
v 0.000000 1.292467 -0.276151
v 0.000000 1.224978 -0.290557
v 0.000000 1.153964 -0.294443
v 0.000000 0.983482 -0.186882
v 0.000000 0.954514 -0.114358
v 0.000000 1.417946 -0.213424
v 0.000000 1.550846 -0.044020
v -0.000000 1.534951 0.077720
v -0.000000 1.445220 0.191032
v -0.000000 1.057828 0.264621
v -0.000000 1.156596 0.293342
v 0.000000 1.512825 -0.115757
v -0.000000 1.381024 0.236943
v -0.000000 1.546339 0.055017
v 0.000000 0.969533 -0.159720
v 0.000000 0.948776 -0.088743
v -0.000000 1.521939 0.101554
v -0.000000 1.123037 0.290184
v -0.000000 1.506323 0.123613
v 0.000000 1.555797 -0.024338
v 0.000000 1.557750 -0.012333
v 0.000000 1.554910 -0.030571
v 0.000000 1.547441 -0.053007
v 0.000000 1.534814 -0.080157
v 0.000000 1.326672 -0.264529
v 0.000000 0.957912 -0.127650
v 0.000000 1.045640 -0.257009
v -0.000000 1.019459 0.232529
v -0.000000 1.309211 0.269850
v -0.000000 1.091810 0.281501
v -0.000000 1.507693 0.121331
v -0.000000 1.420249 0.210313
v 0.000000 1.542031 -0.065418
v -0.000000 1.483713 0.152681
v 0.000000 1.011392 -0.224679
v 0.000000 1.095408 -0.284010
v 0.000000 1.336838 -0.260531
v 0.000000 1.178046 -0.294500
v 0.000000 0.990383 -0.197450
v 0.000000 1.311953 -0.269588
v -0.000000 1.556658 0.015807
v -0.000000 1.557367 0.006483
v 0.000000 1.372717 -0.243357
v -0.000000 1.056966 0.264103
v -0.000000 1.055026 0.262774
v 0.000000 1.008897 -0.221941
v -0.000000 1.144275 0.292784
v -0.000000 1.134661 0.291950
v -0.000000 1.538582 0.069982
v -0.000000 1.430032 0.203488
v -0.000000 1.550421 0.042239
v -0.000000 1.452889 0.184493
v -0.000000 1.314082 0.268299
v 0.000000 1.250530 -0.285568
v 0.000000 0.976859 -0.174752
v -0.000000 0.979407 0.177861
v -0.000000 0.943903 0.055411
v 0.000000 1.551962 -0.038760
v -0.000000 1.176175 0.293650
v -0.000000 0.954269 0.112421
v -0.000000 0.958883 0.129930
v -0.000000 0.947063 0.076784
v 0.000000 0.941052 -0.028595
v -0.000000 0.940256 0.015123
v 0.000000 1.456201 -0.182960
v -0.000000 0.990077 0.196326
v -0.000000 1.531816 0.083746
v -0.000000 1.461124 0.176984
v 0.000000 1.451303 -0.187143
v -0.000000 1.476996 0.159661
v -0.000000 1.397656 0.226765
v 0.000000 1.051256 -0.260971
v -0.000000 1.040641 0.251968
v 0.000000 1.029025 -0.243266
v 0.000000 1.107990 -0.287874
v -0.000000 1.505844 0.124300
v 1.223008 0.106935 0.014233
v 1.223008 -0.071288 0.014233
v 1.223008 -0.000000 0.014233
v 1.223008 0.106935 0.014233
v 1.223008 -0.071288 0.014233
v 1.223008 -0.000000 0.014233
v 1.223008 0.074117 0.014233
v 1.223008 0.106935 0.254572
v 1.223008 0.074117 0.254572
v 1.223008 0.106935 0.000000
v 1.223008 -0.071288 0.000000
v 1.223008 -0.000000 0.000000
v 1.223008 0.106935 0.000000
v 1.223008 -0.000000 0.000000
v 1.223008 0.074117 0.000000
v 1.223008 0.106935 -0.014232
v 1.223008 -0.071288 -0.014232
v 1.223008 -0.000000 -0.014232
v 1.223008 0.106935 -0.014232
v 1.223008 -0.071288 -0.014232
v 1.223008 -0.000000 -0.014232
v 1.223008 0.074117 -0.014232
v 1.223008 0.106935 -0.254571
v 1.223008 0.074117 -0.254571
v 1.447224 1.598701 -0.007600
v 1.445128 1.606270 0.010853
v 1.446438 1.569334 -0.021761
v 1.449852 1.574587 -0.000090
v 1.447007 1.569774 0.015517
v 1.449953 1.566075 -0.037608
v 1.446875 1.570842 0.024466
v 1.449580 1.567304 0.036035
v 1.443151 1.586296 0.040119
v 1.445348 1.569638 -0.043922
v 1.445807 1.567439 0.042622
v 1.446808 1.559263 -0.008447
v 1.439183 1.546522 -0.042078
v 1.444649 1.519646 -0.000429
v 1.443941 1.613301 -0.002626
v 1.440309 1.605132 0.028949
v 1.440596 1.607266 -0.026754
v 1.436740 1.601447 0.045449
v 1.435353 1.602079 -0.046565
v 1.435569 1.563033 0.045293
v 1.443558 1.538904 -0.037399
v 1.439786 1.531789 -0.023625
v 1.440932 1.535450 0.021372
v 1.442721 1.535386 0.036535
v 1.438138 1.529442 -0.039233
v 1.441524 1.514218 -0.003960
v 1.434827 1.520624 0.021354
v 1.435946 1.508676 0.004894
v 1.428365 1.645369 0.008209
v 1.424245 1.619588 0.044031
v 1.428979 1.597395 -0.051347
v 1.437558 1.588626 0.043967
v 1.441774 1.586854 -0.043362
v 1.432872 1.556462 -0.045963
v 1.425881 1.549063 0.045536
v 1.429072 1.517313 0.034202
v 1.429150 1.515596 -0.029342
v 1.433105 1.503703 -0.000518
v 1.417488 1.606036 -0.057766
v 1.416438 1.608040 0.056595
v 1.415348 1.595935 0.056512
v 1.419533 1.581355 -0.044538
v 1.421812 1.582760 0.045080
v 1.423634 1.547754 -0.047220
v 1.430993 1.527379 0.040896
v 1.417927 1.500374 -0.024893
v 1.415288 1.499442 0.027200
v 1.395999 1.697247 0.001062
v 1.414939 1.661662 0.015731
v 1.412133 1.637044 -0.044475
v 1.412148 1.636018 0.044428
v 1.417452 1.568843 -0.040633
v 1.418051 1.568251 0.038993
v 1.411996 1.505662 -0.038484
v 1.415010 1.496645 -0.010384
v 1.421896 1.498061 -0.000068
v 1.422225 1.652258 -0.015392
v 1.396149 1.674956 -0.027870
v 1.391027 1.685915 0.023541
v 1.409458 1.593776 -0.060051
v 1.412080 1.553052 0.052176
v 1.412625 1.551956 -0.053125
v 1.414204 1.537689 -0.050318
v 1.412014 1.537383 0.049893
v 1.411199 1.507457 0.039184
v 1.399448 1.664068 0.032246
v 1.406342 1.576751 -0.059297
v 1.403900 1.576875 0.061243
v 1.406227 1.523947 0.046412
v 1.403637 1.487273 -0.029272
v 1.404948 1.487711 0.027453
v 1.407061 1.488427 0.002207
v 1.401769 1.486115 -0.012230
v 1.398608 1.687952 -0.011158
v 1.397480 1.626830 -0.053917
v 1.393426 1.630757 0.052835
v 1.398733 1.586799 0.063113
v 1.400496 1.585449 -0.064114
v 1.406438 1.552705 -0.059290
v 1.405982 1.548747 0.057459
v 1.406776 1.521595 -0.046597
v 1.401162 1.499875 0.043739
v 1.401834 1.499946 -0.044138
v 1.401704 1.487174 0.027005
v 1.371716 1.721791 0.014127
v 1.386600 1.664342 -0.042245
v 1.385375 1.656317 0.046086
v 1.382259 1.589281 -0.061496
v 1.385453 1.596367 0.059289
v 1.395956 1.567570 -0.062665
v 1.393916 1.563584 0.060691
v 1.397280 1.536989 0.053000
v 1.398203 1.537405 -0.053928
v 1.391831 1.516892 0.058606
v 1.386158 1.500870 -0.049679
v 1.386145 1.500193 0.047768
v 1.392128 1.486645 -0.012128
v 1.388202 1.486354 0.012685
v 1.386883 1.639792 -0.053273
v 1.386526 1.576724 -0.061679
v 1.387133 1.543257 -0.057666
v 1.391287 1.522136 -0.061142
v 1.387576 1.525961 0.062002
v 1.386978 1.510489 -0.057160
v 1.387682 1.491852 -0.028479
v 1.388290 1.495551 0.037419
v 1.361974 1.726781 0.023105
v 1.371608 1.657495 -0.053831
v 1.385820 1.543720 0.057270
v 1.384807 1.537290 -0.063217
v 1.383125 1.538585 0.062429
v 1.377845 1.482751 -0.037913
v 1.382661 1.483853 -0.014774
v 1.382301 1.485314 0.032854
v 1.367105 1.730296 -0.012286
v 1.362158 1.725619 -0.024457
v 1.367290 1.731842 0.001022
v 1.365215 1.529279 -0.065364
v 1.359008 1.530194 0.064950
v 1.373833 1.513605 -0.057993
v 1.377056 1.506729 0.054060
v 1.369766 1.492374 0.050033
v 1.374878 1.482090 -0.001389
v 1.373474 1.478955 0.024010
v 1.376003 1.482160 0.036097
v 1.354785 1.697352 0.047925
v 1.352286 1.686393 -0.054593
v 1.353145 1.680247 0.054526
v 1.356858 1.544960 -0.068975
v 1.357948 1.545201 0.068094
v 1.370120 1.493029 -0.051647
v 1.373708 1.478975 -0.024331
v 1.362998 1.484493 0.001119
v 1.342239 1.717167 -0.048352
v 1.363654 1.568761 -0.062003
v 1.361778 1.568641 0.061345
v 1.361916 1.486945 -0.041176
v 1.361442 1.483505 -0.026205
v 1.361905 1.484133 0.035280
v 1.357872 1.599330 0.064264
v 1.347992 1.615667 -0.066300
v 1.348714 1.572681 -0.066123
v 1.359917 1.512882 -0.062481
v 1.359642 1.511151 0.061005
v 1.352588 1.496326 -0.053305
v 1.354907 1.481645 -0.002085
v 1.353492 1.754192 -0.010527
v 1.353021 1.755051 0.009217
v 1.331880 1.776033 0.018340
v 1.334264 1.769967 -0.023060
v 1.329319 1.768885 0.028405
v 1.330969 1.739930 0.044376
v 1.332098 1.568478 -0.068929
v 1.338473 1.529984 -0.068421
v 1.352882 1.495909 0.051764
v 1.334857 1.546614 0.067150
v 1.336897 1.514799 0.058423
v 1.343137 1.485066 0.048413
v 1.342290 1.485528 -0.049515
v 1.337791 1.477182 -0.040073
v 1.347291 1.476011 -0.026506
v 1.346352 1.475691 0.030072
v 1.326627 1.790856 -0.000254
v 1.341459 1.638371 0.065668
v 1.326229 1.557949 -0.070464
v 1.338036 1.530315 0.067810
v 1.336894 1.473734 -0.021195
v 1.335596 1.476263 -0.001347
v 1.335435 1.473814 0.020206
v 1.306880 1.771378 -0.051053
v 1.305426 1.759146 0.055954
v 1.319123 1.684952 -0.067322
v 1.329719 1.569399 0.067638
v 1.324356 1.556604 0.068975
v 1.331888 1.545336 -0.067691
v 1.336670 1.514450 -0.059354
v 1.333486 1.478300 0.038273
v 1.317587 1.722007 0.060200
v 1.337529 1.573665 0.067588
v 1.311842 1.534594 -0.058690
v 1.330042 1.505116 -0.055849
v 1.328029 1.499561 0.052020
v 1.321786 1.484486 0.033995
v 1.320896 1.484239 -0.032879
v 1.325252 1.478089 -0.020192
v 1.324430 1.478478 0.019163
v 1.307521 1.819947 -0.002283
v 1.299083 1.820830 -0.027429
v 1.299059 1.824798 0.020597
v 1.302703 1.796539 -0.042867
v 1.297761 1.814735 0.034341
v 1.299188 1.800608 0.043823
v 1.318032 1.722182 -0.061003
v 1.296812 1.719466 -0.070757
v 1.337530 1.643836 -0.066994
v 1.301689 1.598512 0.068976
v 1.306534 1.548900 -0.062031
v 1.313065 1.505500 0.043213
v 1.328336 1.490615 -0.047973
v 1.313340 1.494102 -0.033421
v 1.322492 1.483497 0.002537
v 1.320412 1.485157 -0.013674
v 1.289521 1.785650 0.059999
v 1.290139 1.766329 -0.064688
v 1.315305 1.692219 0.066673
v 1.306304 1.596819 -0.070059
v 1.296701 1.560568 0.059926
v 1.309506 1.517342 -0.047229
v 1.314828 1.499063 -0.011557
v 1.315061 1.498826 0.011569
v 1.312647 1.495925 0.027046
v 1.281629 1.802373 -0.064112
v 1.292747 1.667418 -0.073902
v 1.286135 1.638021 0.073000
v 1.300533 1.549705 0.058612
v 1.309705 1.524366 0.049993
v 1.302991 1.513823 0.027081
v 1.304786 1.511053 -0.025343
v 1.276850 1.830582 -0.058655
v 1.289242 1.670498 0.073495
v 1.302369 1.566883 -0.063026
v 1.292475 1.554310 -0.057853
v 1.293687 1.524505 -0.024841
v 1.294307 1.527684 0.034124
v 1.275187 1.841347 0.048831
v 1.285365 1.763724 0.066763
v 1.278555 1.601317 -0.067890
v 1.285366 1.531026 0.021466
v 1.299911 1.520401 -0.000555
v 1.259187 1.871334 -0.040409
v 1.266539 1.868403 0.019759
v 1.274404 1.834209 0.060889
v 1.277865 1.784621 -0.070171
v 1.272978 1.750636 -0.075217
v 1.258517 1.872321 0.038954
v 1.265412 1.830373 0.076683
v 1.266807 1.807411 0.077210
v 1.262723 1.696625 -0.080533
v 1.292704 1.533243 -0.041831
v 1.261127 1.554101 -0.038465
v 1.267099 1.551662 0.039489
v 1.252563 1.554137 -0.010759
v 1.266447 1.545993 -0.000995
v 1.251962 1.887717 -0.022012
v 1.273346 1.842032 -0.055718
v 1.260101 1.840985 -0.084275
v 1.265901 1.778386 0.075884
v 1.282065 1.638336 -0.074549
v 1.270787 1.631280 0.072871
v 1.269349 1.579730 0.061944
v 1.261347 1.583084 -0.062715
v 1.285524 1.548031 0.048720
v 1.265451 1.545751 -0.028870
v 1.246855 1.884026 -0.087018
v 1.260545 1.824100 -0.082982
v 1.268975 1.752057 0.075496
v 1.253065 1.756152 0.078822
v 1.250548 1.677351 -0.082930
v 1.261054 1.878373 0.000995
v 1.249290 1.880432 0.087505
v 1.257413 1.858084 -0.088100
v 1.253336 1.872982 -0.087875
v 1.259825 1.855636 0.083330
v 1.257332 1.831376 0.083318
v 1.256423 1.779763 -0.081218
v 1.254279 1.744165 -0.080555
v 1.247127 1.722898 0.083345
v 1.256929 1.593592 -0.066112
v 1.249846 1.602635 0.067553
v 1.256824 1.569979 -0.052234
v 1.250689 1.573953 0.052726
v 1.251689 1.863226 -0.096766
v 1.240189 1.880371 -0.101054
v 1.238189 1.898333 -0.043932
v 1.252966 1.876444 0.062247
v 1.251028 1.864205 0.096067
v 1.239879 1.885359 0.096626
v 1.247695 1.829862 -0.090270
v 1.246614 1.817910 -0.091375
v 1.250948 1.782958 0.082976
v 1.242576 1.681408 0.084122
v 1.241612 1.592383 0.063696
v 1.235226 1.914100 0.012376
v 1.237565 1.900048 0.040626
v 1.243684 1.862835 0.101533
v 1.244509 1.849503 -0.097462
v 1.241463 1.850438 0.099201
v 1.244695 1.833969 0.091989
v 1.240920 1.820720 0.094975
v 1.255101 1.551724 0.029774
v 1.255543 1.552287 0.010432
v 1.222909 1.910988 -0.077126
v 1.229879 1.906652 -0.069118
v 1.227053 1.911238 0.061895
v 1.229476 1.904397 0.077170
v 1.228360 1.891888 -0.099459
v 1.237761 1.866612 -0.107399
v 1.224093 1.855332 -0.108278
v 1.228865 1.851416 0.105733
v 1.235137 1.837859 -0.108421
v 1.237202 1.835932 0.105868
v 1.216072 1.718964 -0.095160
v 1.244898 1.663537 0.081187
v 1.214578 1.621183 0.075268
v 1.222547 1.566741 -0.032145
v 1.232116 1.919165 -0.011824
v 1.230633 1.875511 0.109528
v 1.220680 1.856246 0.107202
v 1.231074 1.841248 0.109139
v 1.228911 1.823601 -0.104713
v 1.221422 1.810242 0.102873
v 1.218066 1.811571 -0.105496
v 1.237715 1.768185 -0.084909
v 1.236065 1.768785 0.084626
v 1.236925 1.666874 -0.083544
v 1.231913 1.649062 -0.080944
v 1.227187 1.645574 0.080318
v 1.203195 1.575145 -0.023857
v 1.245501 1.554952 -0.023608
v 1.248355 1.553575 0.022489
v 1.210442 1.942857 0.041973
v 1.216797 1.922197 0.069154
v 1.206920 1.887105 -0.116085
v 1.223484 1.871089 -0.114608
v 1.222486 1.864416 0.113270
v 1.222021 1.862025 -0.113175
v 1.226354 1.841082 -0.110346
v 1.220568 1.831442 0.107068
v 1.203279 1.607297 0.067916
v 1.211988 1.942732 -0.035803
v 1.209075 1.899385 0.104408
v 1.218980 1.829962 -0.108322
v 1.220967 1.770675 0.091934
v 1.223535 1.710057 0.091662
v 1.224412 1.625574 -0.076317
v 1.214945 1.602507 -0.067049
v 1.186597 1.589053 0.004607
v 1.212821 1.933416 -0.062347
v 1.205137 1.887320 0.116016
v 1.209787 1.865273 0.115121
v 1.212186 1.860378 -0.112460
v 1.204438 1.848469 -0.108329
v 1.193812 1.793451 0.104090
v 1.221910 1.771783 -0.092599
v 1.196365 1.757511 -0.101442
v 1.200984 1.641118 -0.086884
v 1.204324 1.593219 0.054789
v 1.208704 1.572998 0.030692
v 1.208673 2.103474 -0.091227
v 1.205177 2.107622 -0.091885
v 1.208072 2.104677 0.089141
v 1.205949 2.105173 0.097350
v 1.202430 2.103458 -0.102753
v 1.205127 2.094645 -0.080973
v 1.204699 2.095623 0.079777
v 1.203159 2.084778 -0.079193
v 1.205392 2.096500 0.086263
v 1.202119 2.080209 0.075966
v 1.186225 1.979659 0.031481
v 1.192184 1.963598 -0.051683
v 1.186157 1.967885 0.055529
v 1.191280 1.925001 0.093880
v 1.194449 1.913974 -0.103414
v 1.196815 1.873824 -0.119219
v 1.201381 1.846526 0.107729
v 1.198221 1.787687 -0.102822
v 1.195291 1.772934 0.101260
v 1.215743 1.692549 0.091768
v 1.207655 1.613759 -0.072985
v 1.196941 1.592011 -0.050843
v 1.188213 1.587994 -0.006356
v 1.196086 2.103861 -0.105225
v 1.202662 2.108157 0.094829
v 1.195148 2.097847 0.081060
v 1.194406 2.101192 0.104555
v 1.195471 2.094272 -0.078680
v 1.196743 2.097620 0.104199
v 1.182746 2.077194 -0.107972
v 1.185442 2.076401 -0.090651
v 1.200070 2.081952 -0.073983
v 1.191493 2.078094 0.068792
v 1.199477 2.079129 0.072876
v 1.179847 2.056976 -0.077592
v 1.192966 2.057084 -0.069917
v 1.190411 2.060477 -0.074934
v 1.191077 2.052399 0.068348
v 1.190138 2.061813 0.074673
v 1.193008 1.976970 -0.015002
v 1.199620 1.971449 -0.000080
v 1.178252 1.961225 -0.073519
v 1.189636 1.918036 0.103289
v 1.196044 1.899596 -0.113535
v 1.191889 1.858419 -0.117108
v 1.190192 1.857761 0.115920
v 1.206200 1.818124 0.108093
v 1.190002 1.679501 -0.098020
v 1.190095 1.642447 0.088365
v 1.184386 1.628075 0.083442
v 1.163982 1.595427 0.019105
v 1.190233 2.098761 -0.087044
v 1.180442 2.089733 0.084218
v 1.191569 2.077671 -0.069619
v 1.190255 2.062281 0.064725
v 1.189908 2.060116 -0.065460
v 1.194630 1.875885 0.118084
v 1.187464 1.842864 -0.112766
v 1.188533 1.841122 0.111210
v 1.180593 1.676352 0.098153
v 1.188308 2.098469 0.100592
v 1.181750 2.074645 0.107084
v 1.184761 2.067739 0.080901
v 1.180626 2.072245 0.093350
v 1.180140 2.052668 -0.059673
v 1.181842 2.040859 -0.062041
v 1.182152 2.043148 0.060959
v 1.172314 1.998571 0.012104
v 1.175861 1.967063 0.069795
v 1.182123 1.927900 -0.100475
v 1.175862 1.881260 -0.114447
v 1.165473 1.633244 -0.088496
v 1.179438 2.081639 -0.108029
v 1.168316 2.079385 -0.092166
v 1.181751 2.082076 0.107677
v 1.177121 2.078063 0.070702
v 1.177306 2.071161 -0.066495
v 1.174772 2.064180 -0.108361
v 1.171508 2.060098 0.110789
v 1.171615 2.057811 -0.081782
v 1.179956 2.052227 0.058479
v 1.171816 2.055931 0.077492
v 1.178953 2.039199 -0.070453
v 1.179586 2.038447 0.069217
v 1.178146 2.025975 -0.067798
v 1.165892 2.023027 -0.051622
v 1.166315 2.017265 0.052175
v 1.174967 2.021470 0.067504
v 1.168103 2.008837 -0.059164
v 1.173540 1.994874 -0.030606
v 1.164134 1.984116 -0.072019
v 1.167672 1.992397 0.058736
v 1.182044 1.910968 0.107575
v 1.163696 1.829562 0.111472
v 1.166811 1.777141 -0.107284
v 1.173778 1.714604 0.103488
v 1.203225 1.599476 -0.061935
v 1.157271 1.600085 -0.037040
v 1.163018 2.074669 -0.078623
v 1.170832 2.070612 0.107824
v 1.172607 2.072651 -0.108903
v 1.167013 2.056597 0.054474
v 1.164092 2.052565 -0.053388
v 1.168331 2.019647 -0.070360
v 1.169645 2.011256 -0.067478
v 1.170061 2.000764 -0.008965
v 1.171164 1.959978 -0.080323
v 1.168586 1.956655 0.083088
v 1.177396 1.930886 0.098494
v 1.180285 1.916763 -0.106130
v 1.171978 1.899404 -0.109646
v 1.168827 1.912730 0.104169
v 1.172395 1.842156 -0.114392
v 1.164654 1.819382 -0.111215
v 1.185515 1.801073 -0.106980
v 1.169150 1.717019 -0.105313
v 1.166022 1.645311 -0.093121
v 1.159473 1.613204 -0.066002
v 1.159336 2.068863 -0.067936
v 1.163756 2.072803 0.070325
v 1.165277 2.072953 0.098971
v 1.161428 2.052128 -0.109196
v 1.168343 2.050900 -0.109501
v 1.170423 2.059895 -0.091723
v 1.164974 2.054377 0.087180
v 1.167450 2.049683 0.107034
v 1.162419 2.043076 0.069093
v 1.162572 2.039185 -0.103785
v 1.162944 2.038949 -0.067838
v 1.160560 2.033425 0.104427
v 1.160100 2.021243 0.046520
v 1.155451 2.030087 0.065192
v 1.164850 2.017158 0.069845
v 1.161955 2.010258 -0.073669
v 1.168080 2.008670 0.059817
v 1.162809 2.001750 0.072054
v 1.166923 1.994878 -0.060480
v 1.160209 1.998895 -0.076598
v 1.169230 1.994009 -0.051756
v 1.158403 2.012022 -0.037555
v 1.164451 2.004495 0.044733
v 1.162907 1.985682 0.071927
v 1.151226 1.978079 -0.084077
v 1.152651 1.982162 0.081404
v 1.168152 1.947559 -0.089899
v 1.159318 1.945965 0.090861
v 1.161619 1.929747 -0.098562
v 1.175488 1.884382 0.112833
v 1.152468 1.706670 0.105666
v 1.162975 1.640984 0.090890
v 1.157828 1.624864 -0.081264
v 1.155396 1.626798 0.081912
v 1.164327 1.611565 0.065136
v 1.158585 1.598060 -0.020643
v 1.160908 1.604119 -0.004455
v 1.164848 1.602112 0.003334
v 1.153399 2.054609 -0.053485
v 1.151811 2.053205 0.051750
v 1.161969 2.053638 0.107943
v 1.152271 2.042735 -0.076551
v 1.155988 2.043968 -0.073082
v 1.152027 2.040689 0.071725
v 1.158245 2.042837 0.090737
v 1.156031 2.036284 0.105867
v 1.157155 2.032878 -0.105693
v 1.156763 2.021110 -0.044263
v 1.156344 2.018506 -0.094690
v 1.156865 2.024517 0.094248
v 1.154124 2.012999 -0.097319
v 1.158012 2.012340 0.035789
v 1.155329 2.007279 0.076841
v 1.148312 1.967151 0.085994
v 1.147308 1.959740 -0.089630
v 1.175445 1.870070 0.114818
v 1.160066 1.682470 -0.102605
v 1.142112 2.055467 0.057858
v 1.136566 2.042486 -0.094676
v 1.141106 2.053985 0.088792
v 1.153408 2.024723 0.042510
v 1.154407 2.032187 -0.091393
v 1.147650 2.015470 -0.065594
v 1.147152 2.019869 0.014844
v 1.145781 2.013760 0.064891
v 1.152927 2.008947 0.082821
v 1.152673 2.012410 0.096364
v 1.156321 2.004629 -0.083773
v 1.145930 2.015688 -0.082022
v 1.154486 2.001573 0.085522
v 1.150413 1.990340 -0.085339
v 1.138705 1.925720 0.100912
v 1.127226 1.728742 0.108928
v 1.135339 2.051300 -0.085568
v 1.152048 2.066716 0.081922
v 1.140201 2.028386 -0.100613
v 1.144945 2.034658 -0.044594
v 1.142836 2.025987 0.037828
v 1.143708 2.017761 -0.100958
v 1.137165 2.021412 -0.075994
v 1.142539 2.024345 -0.066739
v 1.145763 2.022792 -0.036112
v 1.141141 2.022360 0.066073
v 1.139802 2.026601 0.076341
v 1.147335 2.018586 0.100883
v 1.144902 2.022505 -0.016104
v 1.141047 2.000031 -0.094158
v 1.141722 2.022464 0.026956
v 1.138958 2.015232 0.075272
v 1.144186 2.009914 -0.074236
v 1.142604 2.011675 -0.068579
v 1.140264 1.986489 0.087937
v 1.113536 1.884365 -0.109041
v 1.125980 1.809097 -0.108940
v 1.162835 1.777399 0.106766
v 1.133023 1.790232 -0.108864
v 1.130704 1.721384 -0.109703
v 1.140209 1.683612 0.103224
v 1.117872 1.639961 0.083152
v 1.119344 1.618975 0.012771
v 1.163742 1.597082 0.036247
v 1.138498 2.053291 -0.058556
v 1.131182 2.036671 -0.047422
v 1.131596 1.982350 -0.090748
v 1.130687 1.960268 0.092056
v 1.131125 1.801097 0.107938
v 1.122813 1.686100 -0.105218
v 1.117973 1.641108 -0.085711
v 1.120893 1.632836 -0.076417
v 1.124913 1.623129 0.048710
v 1.121566 2.044952 0.070130
v 1.123860 2.031479 0.043953
v 1.138698 2.027566 -0.016096
v 1.138123 2.034848 -0.000681
v 1.133798 2.027005 0.018214
v 1.141158 2.031444 0.099689
v 1.137058 2.015356 0.097811
v 1.120058 1.948401 -0.096733
v 1.124058 1.917426 -0.103658
v 1.107602 1.708825 0.107827
v 1.118813 1.626161 -0.048204
v 1.122863 1.617214 -0.013896
v 1.103755 1.628181 0.034537
v 1.114488 2.036934 -0.060557
v 1.106684 2.029630 0.056320
v 1.121921 2.046387 -0.004033
v 1.122965 2.046136 0.003563
v 1.128855 2.036831 0.090902
v 1.123846 2.027006 -0.037245
v 1.124021 2.026339 0.034604
v 1.128340 1.986209 0.089502
v 1.115374 1.936395 0.099225
v 1.110919 1.784009 0.106789
v 1.119328 1.654285 -0.094038
v 1.116995 1.634366 0.074550
v 1.136957 1.609215 -0.031953
v 1.117768 1.622096 -0.000510
v 1.123106 2.046231 -0.072837
v 1.110321 2.044608 -0.010699
v 1.114684 2.030095 0.021502
v 1.108880 2.005788 -0.087183
v 1.122655 1.998657 -0.091617
v 1.112335 1.998942 0.088270
v 1.105183 1.878459 0.107987
v 1.102780 1.858465 -0.109277
v 1.115246 1.844508 0.109055
v 1.096379 2.047101 0.009558
v 1.096310 2.013214 -0.074621
v 1.107556 2.030895 -0.022789
v 1.120063 1.949498 0.095381
v 1.087542 1.915243 0.102929
v 1.108645 1.906643 0.103463
v 1.099648 1.789499 -0.106532
v 1.093588 1.745840 -0.108301
v 1.106390 1.680910 0.102271
v 1.125942 1.646131 0.089624
v 1.094960 1.642908 0.066474
v 1.095591 2.020461 -0.063328
v 1.109219 2.029363 -0.049617
v 1.121579 2.027461 -0.031306
v 1.106640 1.987593 -0.088965
v 1.096667 1.926315 -0.102461
v 1.090891 1.646026 -0.071693
v 1.089082 1.632174 0.023188
v 1.092077 2.051564 0.003014
v 1.094104 2.025231 -0.044388
v 1.103605 2.026479 0.041200
v 1.099792 2.019377 0.072039
v 1.098199 2.010649 0.076972
v 1.077227 1.888343 0.101432
v 1.085190 1.874667 -0.105438
v 1.097673 1.817541 0.105249
v 1.099650 1.712675 -0.108470
v 1.091393 1.687761 0.102119
v 1.088840 1.662222 0.089752
v 1.086137 1.634161 -0.021380
v 1.094833 2.051171 -0.006240
v 1.094829 2.031892 0.020684
v 1.088715 2.023683 0.044408
v 1.078813 1.989205 -0.079573
v 1.102506 2.002742 0.083045
v 1.087950 1.964696 -0.090557
v 1.096452 1.680214 -0.101623
v 1.074155 2.048634 -0.004364
v 1.083876 2.031590 -0.021103
v 1.080219 2.022899 -0.042772
v 1.068792 2.030703 0.015951
v 1.084149 2.012537 0.062538
v 1.092275 1.964864 0.090085
v 1.095287 1.896385 -0.104503
v 1.074912 1.886231 -0.101777
v 1.065166 1.814055 -0.101693
v 1.085921 1.699398 -0.104296
v 1.091341 1.649575 0.078083
v 1.073848 1.999142 -0.069976
v 1.073290 1.931795 0.098487
v 1.073469 1.939000 -0.097223
v 1.062611 1.660061 -0.050034
v 1.079143 2.034700 -0.016251
v 1.068847 2.043092 0.008041
v 1.062401 2.023639 0.033075
v 1.069198 2.012462 -0.051514
v 1.062020 2.006621 0.054129
v 1.073986 1.988461 0.077413
v 1.073369 1.851946 0.103210
v 1.062727 1.815145 0.100421
v 1.074023 1.750647 0.105562
v 1.070314 1.685897 0.093372
v 1.086016 1.674520 -0.096420
v 1.082191 1.661260 -0.085776
v 1.063081 1.663561 -0.068924
v 1.054210 1.655695 -0.033869
v 1.061144 1.661137 0.049248
v 1.063293 1.662126 0.063282
v 1.072385 1.641857 -0.028458
v 1.062651 1.651248 0.004029
v 1.056447 2.028853 -0.016256
v 1.049617 1.889524 -0.100061
v 1.037759 1.820581 -0.096986
v 1.060563 1.671406 0.077357
v 1.039191 2.046346 0.003224
v 1.041205 2.046143 -0.005577
v 1.051038 1.995784 -0.061780
v 1.049070 1.974213 -0.077213
v 1.055785 1.900254 0.100375
v 1.056686 1.652939 0.030661
v 1.043312 2.022595 -0.022628
v 1.061910 2.023468 -0.033927
v 1.040345 2.022040 0.021787
v 1.045288 1.983679 0.068772
v 1.045248 1.912337 -0.100123
v 1.031713 1.852872 -0.091297
v 1.036180 1.851262 0.090126
v 1.049394 1.769020 -0.102309
v 1.058872 1.736327 0.102240
v 1.029482 2.025316 0.016279
v 1.035284 1.954555 0.083653
v 1.031563 1.905971 0.098475
v 1.058016 1.739930 -0.103284
v 1.038057 1.728557 -0.095751
v 1.040469 1.698553 0.085730
v 1.039108 1.692714 -0.081807
v 1.036677 1.667019 0.016344
v 1.032029 2.039114 -0.010828
v 1.030930 2.038956 0.009406
v 1.049453 1.967644 0.080037
v 1.044061 1.946075 -0.088854
v 1.016557 1.917597 -0.093632
v 1.041995 1.882916 0.098185
v 1.036995 1.848127 -0.091762
v 1.030895 1.812308 0.094767
v 1.026701 1.765070 -0.096516
v 1.025108 1.678581 -0.032352
v 1.042988 1.662871 -0.018829
v 1.026383 2.025004 -0.016779
v 0.995219 2.001139 0.036838
v 1.004759 1.993345 0.050413
v 1.011841 1.879389 -0.100105
v 1.027893 1.765982 0.095757
v 1.039334 1.686074 -0.073182
v 1.034945 1.689941 0.071677
v 1.024863 1.699792 0.066898
v 1.029942 1.688900 -0.054154
v 1.033935 1.684965 0.051203
v 1.024913 1.678703 0.031349
v 1.028445 1.668831 0.005847
v 1.014441 2.014142 -0.022566
v 1.032801 1.783504 0.097308
v 1.038734 1.727232 0.094638
v 1.021373 1.700902 -0.063411
v 1.030217 1.669020 -0.009784
v 1.008034 1.991147 -0.054714
v 0.960513 1.909117 0.091404
v 1.025852 1.926382 0.091415
v 1.007282 1.830911 0.087304
v 1.012597 1.801988 -0.091126
v 1.038390 1.705326 -0.088396
v 0.979785 2.030516 -0.004217
v 1.015512 2.007036 -0.038631
v 1.001786 1.871288 0.098625
v 1.002853 1.738641 0.073843
v 1.017203 1.674659 -0.017294
v 1.017226 1.674509 0.015784
v 1.015255 1.666894 -0.000531
v 0.997289 2.010793 0.018748
v 0.993951 1.893859 0.094738
v 0.981855 1.840396 0.094980
v 1.002607 1.823786 -0.087439
v 0.996797 1.795316 -0.087441
v 0.999508 1.807165 0.086280
v 1.000186 1.719365 0.060874
v 1.012269 1.702080 -0.055258
v 1.013453 1.698172 0.050111
v 0.977531 2.029799 0.002677
v 0.979948 2.025600 -0.008967
v 0.986054 2.008113 -0.018186
v 0.967059 1.956759 -0.070297
v 1.004580 1.767929 -0.085992
v 1.008759 1.762508 0.086377
v 0.997217 1.757081 -0.079114
v 1.009712 1.723649 -0.072197
v 0.999558 1.694015 0.038760
v 0.989607 1.665907 -0.021873
v 0.989386 1.665934 0.021035
v 0.985716 1.652980 -0.005744
v 0.984440 2.007140 0.017680
v 0.991007 1.938960 -0.085174
v 0.957825 1.901982 -0.094178
v 0.988200 1.892176 -0.095298
v 0.982124 1.840269 -0.095944
v 1.002965 1.781418 0.086229
v 0.994237 1.719345 -0.060093
v 1.001900 1.688806 -0.035143
v 0.987168 1.654181 0.005997
v 0.965776 2.020500 0.008383
v 0.963902 1.988610 -0.039498
v 0.965240 1.989933 0.036947
v 0.975279 1.790784 0.084818
v 0.986519 1.782372 0.082936
v 0.990440 1.729412 0.065579
v 0.982456 1.708670 -0.056091
v 0.982171 1.710883 0.056726
v 0.950187 1.892467 0.094508
v 0.964111 1.846944 0.096362
v 0.966096 1.845430 -0.097593
v 0.982424 1.799707 -0.086782
v 0.981688 1.736796 0.069907
v 0.967281 2.005919 -0.015206
v 0.968857 1.869134 0.094774
v 0.981768 1.755852 -0.076649
v 0.962830 1.638781 -0.012803
v 0.962871 1.637066 0.009360
v 0.951797 1.995935 -0.017314
v 0.962236 1.997256 0.021263
v 0.972902 1.961879 0.067548
v 0.959166 1.792917 0.088703
v 0.957182 1.792797 -0.090072
v 0.987132 1.734552 -0.068216
v 0.958346 1.648817 0.026518
v 0.951380 2.022657 0.003396
v 0.951135 2.022454 -0.003723
v 0.941791 2.014408 -0.008277
v 0.975441 1.973451 -0.059939
v 0.941047 1.848717 -0.096338
v 0.962538 1.650519 -0.025985
v 0.951546 1.625599 -0.009209
v 0.961087 2.003172 0.014769
v 0.929506 1.973174 0.039859
v 0.905006 1.911859 -0.081529
v 0.937191 1.871088 -0.097276
v 0.943486 1.805070 -0.094175
v 0.941185 1.671815 0.053178
v 0.945535 1.672617 -0.052476
v 0.934512 1.658095 0.050276
v 0.941630 1.630449 -0.026794
v 0.942120 1.618618 0.013892
v 0.926120 1.954874 0.056360
v 0.940384 1.846250 0.095404
v 0.938231 1.807228 0.094132
v 0.936429 1.748676 -0.085858
v 0.931732 1.727842 0.080853
v 0.918660 1.701331 0.075474
v 0.938582 1.627667 0.027161
v 0.930673 1.962812 -0.051967
v 0.906845 1.774219 0.096416
v 0.914460 1.695366 -0.075383
v 0.930644 1.643425 0.045691
v 0.939701 1.609463 0.005361
v 0.924440 2.010277 0.005221
v 0.929307 1.988587 -0.017166
v 0.938151 1.992861 0.014847
v 0.905828 1.745600 0.093466
v 0.936905 1.650512 -0.045772
v 0.921696 1.612070 -0.036427
v 0.919031 1.589483 -0.022644
v 0.934776 1.602444 -0.007215
v 0.917352 2.007502 -0.002382
v 0.915544 1.595927 0.031917
v 0.922918 1.580800 -0.000491
v 0.916906 1.575294 0.012664
v 0.915801 2.004786 -0.009328
v 0.920437 1.985453 0.016577
v 0.899555 1.923372 -0.072757
v 0.966832 1.933297 0.082426
v 0.887572 1.848150 -0.099999
v 0.922057 1.861958 0.097433
v 0.924474 1.723596 -0.082616
v 0.909406 1.608127 -0.046948
v 0.908290 1.606311 0.046193
v 0.915359 1.570553 -0.011689
v 0.915273 2.002210 0.009081
v 0.909608 1.982175 -0.016008
v 0.912234 1.980184 0.017401
v 0.899135 1.796914 0.097808
v 0.908307 1.766903 -0.096892
v 0.895533 1.709605 0.088942
v 0.921521 1.649382 -0.055193
v 0.894171 1.604353 0.055712
v 0.911694 1.978150 -0.021314
v 0.854874 1.929447 -0.049609
v 0.892975 1.833227 -0.101250
v 0.891665 1.557087 -0.040263
v 0.893725 1.991654 -0.009879
v 0.835063 1.936371 0.033531
v 0.881284 1.826860 0.101259
v 0.888842 1.786378 -0.099997
v 0.908724 1.677776 0.069221
v 0.890253 1.595672 -0.056485
v 0.892819 1.554807 0.037025
v 0.874538 1.495529 -0.022230
v 0.891210 1.990809 0.008361
v 0.894471 1.916541 0.075143
v 0.861675 1.877604 0.087797
v 0.886114 1.849579 0.098650
v 0.900832 1.705109 -0.086154
v 0.875228 1.547620 -0.051569
v 0.866600 1.495918 -0.035601
v 0.886514 1.508057 0.005784
v 0.870019 1.986453 0.003243
v 0.885578 1.993652 -0.004328
v 0.886415 1.968425 0.019799
v 0.873866 1.952211 -0.036124
v 0.889008 1.864854 -0.096356
v 0.891065 1.649847 0.069007
v 0.899323 1.663912 -0.069569
v 0.885770 1.506285 -0.006182
v 0.875146 1.965835 -0.018414
v 0.861238 1.880162 -0.087614
v 0.864485 1.798952 -0.104290
v 0.880915 1.712053 -0.096382
v 0.883169 1.680112 -0.086989
v 0.873397 1.672097 0.089636
v 0.870336 1.612470 0.070709
v 0.871155 1.494306 0.027138
v 0.845923 1.928437 0.045857
v 0.867119 1.694575 0.097444
v 0.856382 1.643471 -0.093075
v 0.874929 1.544420 0.049840
v 0.839102 1.879419 -0.082547
v 0.856269 1.720552 -0.104230
v 0.853963 1.626784 0.088560
v 0.866343 1.605804 -0.072318
v 0.859373 1.456517 -0.000695
v 0.854393 1.973201 -0.009044
v 0.844307 1.968099 0.008800
v 0.848525 1.713869 0.104416
v 0.856530 1.681406 -0.100511
v 0.853790 1.498675 -0.049145
v 0.844849 1.462371 0.038525
v 0.857325 1.457326 0.012942
v 0.850409 1.457851 -0.029679
v 0.847039 1.444439 0.022431
v 0.845149 1.435513 -0.018658
v 0.865850 1.966864 0.014253
v 0.809381 1.838969 -0.096096
v 0.826832 1.831470 0.098780
v 0.838528 1.532259 0.067703
v 0.855009 1.496739 0.046846
v 0.841010 1.947688 0.022748
v 0.821841 1.720306 0.107460
v 0.839060 1.664512 0.104844
v 0.840867 1.547545 -0.072212
v 0.833382 1.456674 -0.047709
v 0.824972 1.414433 0.035969
v 0.839047 1.946849 -0.023852
v 0.823506 1.789126 0.107120
v 0.828573 1.796366 -0.106937
v 0.833643 1.691330 -0.108072
v 0.820224 1.600707 0.104303
v 0.804779 1.532906 0.096850
v 0.835981 1.407614 -0.007593
v 0.836251 1.408185 0.005915
v 0.815933 1.961544 0.002855
v 0.817650 1.962441 -0.004539
v 0.813664 1.813858 -0.103191
v 0.854116 1.793287 0.104766
v 0.821204 1.716927 -0.108468
v 0.832850 1.454131 0.046257
v 0.825610 1.417521 -0.037967
v 0.818519 1.938441 0.021741
v 0.804532 1.886109 -0.064177
v 0.810031 1.749125 0.111205
v 0.823591 1.673286 0.109168
v 0.844945 1.607336 -0.089951
v 0.813618 1.366621 0.021311
v 0.821903 1.957989 -0.011659
v 0.806877 1.933370 -0.022442
v 0.782208 1.910150 -0.037428
v 0.844629 1.878028 0.084154
v 0.804027 1.610595 -0.113904
v 0.800631 1.602358 0.113760
v 0.817764 1.484061 -0.066097
v 0.804327 1.356238 -0.029660
v 0.819594 1.365154 -0.000837
v 0.815698 1.358957 0.010361
v 0.806977 1.952344 0.011009
v 0.810407 1.841288 0.094307
v 0.815429 1.605325 -0.108722
v 0.795858 1.554568 -0.110270
v 0.785513 1.544444 0.114065
v 0.813577 1.477082 0.065515
v 0.816500 1.363224 -0.014207
v 0.802317 1.949183 -0.012888
v 0.783403 1.853887 -0.079624
v 0.808597 1.749533 -0.112475
v 0.792996 1.678978 0.112185
v 0.797828 1.526692 -0.101684
v 0.796233 1.428242 0.062028
v 0.798745 1.380394 -0.046380
v 0.805512 1.336740 -0.020654
v 0.802498 1.335663 0.024450
v 0.791878 1.676533 -0.113454
v 0.788210 1.622463 0.116981
v 0.798740 1.461057 -0.073716
v 0.793812 1.369420 0.045296
v 0.806375 1.316086 -0.009043
v 0.806844 1.313619 0.000667
v 0.804544 1.312221 0.012478
v 0.806098 1.205470 -0.027835
v 0.803995 1.260180 0.039952
v 0.804652 1.221574 -0.045240
v 0.805806 1.213581 0.024064
v 0.804998 1.192274 0.036111
v 0.773555 1.935753 -0.010302
v 0.776518 1.704082 0.115700
v 0.790509 1.498388 -0.098959
v 0.789929 1.487947 0.094306
v 0.787409 1.427077 0.070195
v 0.792427 1.425750 -0.065107
v 0.799387 1.315842 -0.025484
v 0.796465 1.305150 0.029726
v 0.799675 1.287982 0.027469
v 0.802918 1.269421 -0.014688
v 0.802813 1.265046 0.013052
v 0.803818 1.262271 -0.038946
v 0.799876 1.254418 -0.061203
v 0.799059 1.261715 0.060876
v 0.802482 1.213313 0.052902
v 0.801786 1.199404 -0.000452
v 0.801284 1.202394 -0.054846
v 0.803114 1.171074 -0.032921
v 0.798744 1.180027 -0.000630
v 0.803710 1.177181 0.026597
v 0.799462 1.158427 -0.020148
v 0.796098 1.170126 0.059177
v 0.796948 1.141167 0.025051
v 0.797561 1.141812 -0.029484
v 0.797658 1.145551 0.040515
v 0.800441 1.123080 -0.035344
v 0.799917 1.124050 0.031662
v 0.798061 1.119721 0.054143
v 0.795392 1.139522 0.064518
v 0.791157 1.625513 -0.117232
v 0.781112 1.515055 0.111517
v 0.782565 1.339311 -0.050858
v 0.782830 1.338058 0.049377
v 0.785447 1.321506 0.046054
v 0.792997 1.292110 -0.064696
v 0.794413 1.289366 0.060316
v 0.792618 1.259466 -0.077679
v 0.792132 1.248825 0.078481
v 0.792406 1.241979 -0.078256
v 0.788028 1.205243 -0.080082
v 0.789017 1.200693 0.077018
v 0.795403 1.174802 -0.062054
v 0.792732 1.156642 -0.000435
v 0.797271 1.148374 -0.047662
v 0.789783 1.131702 -0.000126
v 0.791662 1.114440 0.004681
v 0.796631 1.106808 -0.056425
v 0.791201 1.112475 -0.005830
v 0.797556 1.105677 -0.031295
v 0.798257 1.107722 0.033998
v 0.793714 1.094169 0.056731
v 0.788151 1.097300 0.074527
v 0.789459 1.089065 -0.067060
v 0.789147 1.071504 0.031127
v 0.787289 1.062608 -0.044082
v 0.785475 1.066850 -0.025528
v 0.777788 1.906292 0.038144
v 0.798141 1.870509 0.072428
v 0.746784 1.734876 0.115540
v 0.765076 1.716003 0.116839
v 0.768055 1.553652 0.122457
v 0.772589 1.547784 -0.121492
v 0.775003 1.463681 -0.103948
v 0.781626 1.370359 0.057591
v 0.799172 1.290101 -0.027736
v 0.787444 1.294720 0.075640
v 0.777453 1.231683 0.094314
v 0.793948 1.141032 -0.071079
v 0.787987 1.125703 0.083887
v 0.787710 1.117503 -0.084230
v 0.779260 1.105801 -0.095028
v 0.777759 1.070118 0.003658
v 0.785803 1.060870 0.049272
v 0.778510 1.051503 0.063923
v 0.769648 1.930861 0.012761
v 0.768896 1.916911 -0.021872
v 0.760886 1.823374 -0.090837
v 0.748450 1.797069 -0.100230
v 0.748424 1.741413 -0.115490
v 0.764606 1.722903 -0.117316
v 0.774470 1.704933 -0.117230
v 0.779146 1.442650 -0.090492
v 0.775449 1.433049 0.090949
v 0.778238 1.397384 -0.070402
v 0.773989 1.398515 0.076482
v 0.785174 1.321788 -0.049117
v 0.781497 1.303058 -0.083878
v 0.783110 1.278880 0.088006
v 0.782693 1.270444 -0.090717
v 0.771884 1.241239 -0.102414
v 0.774920 1.094788 0.097206
v 0.778676 1.055881 -0.069195
v 0.779407 1.049135 0.031454
v 0.768599 1.040309 0.073978
v 0.768832 1.039815 -0.073926
v 0.779753 1.046312 -0.041461
v 0.767449 1.936649 -0.001024
v 0.779057 1.921137 0.021238
v 0.741349 1.763111 0.109398
v 0.756097 1.563176 -0.126926
v 0.754845 1.564709 0.126163
v 0.766431 1.498844 -0.119870
v 0.763317 1.431490 0.107209
v 0.765528 1.407518 -0.097646
v 0.770671 1.373424 -0.076221
v 0.775600 1.338999 -0.074020
v 0.776112 1.340960 0.069291
v 0.768120 1.346961 -0.087407
v 0.768718 1.341418 0.087472
v 0.762561 1.291795 -0.112641
v 0.768682 1.280512 -0.105811
v 0.764958 1.258069 0.110860
v 0.779624 1.170589 -0.100541
v 0.779308 1.175577 0.099386
v 0.763728 1.156839 0.121449
v 0.769571 1.092778 -0.103951
v 0.762465 1.084494 0.107871
v 0.777121 1.067763 -0.005276
v 0.763161 1.041871 0.011197
v 0.772059 1.034733 -0.039244
v 0.773440 1.037264 -0.057761
v 0.764828 1.025542 0.060126
v 0.731370 1.765559 -0.108933
v 0.752797 1.609892 0.122726
v 0.752128 1.608988 -0.123862
v 0.759951 1.500506 0.123137
v 0.754984 1.462257 0.121702
v 0.770149 1.368081 0.076277
v 0.763204 1.289800 0.110694
v 0.761921 1.221443 0.121102
v 0.759523 1.178849 0.128203
v 0.760993 1.147061 -0.124764
v 0.763440 1.124988 0.116487
v 0.753726 1.066715 0.108664
v 0.755441 1.027080 -0.081706
v 0.754844 1.019276 -0.030979
v 0.756514 1.021653 0.029463
v 0.774322 1.036129 0.044185
v 0.746332 1.928691 -0.001027
v 0.740706 1.870655 -0.054555
v 0.731959 1.840472 -0.073785
v 0.750305 1.790756 0.101873
v 0.734401 1.669316 -0.127206
v 0.757501 1.455986 -0.119375
v 0.749378 1.434232 0.123687
v 0.755195 1.419457 -0.115952
v 0.757600 1.394384 0.106300
v 0.754187 1.365945 0.109999
v 0.753478 1.354175 -0.114570
v 0.761315 1.236673 -0.120902
v 0.760168 1.183995 -0.128308
v 0.746149 1.095964 0.127138
v 0.755683 1.074315 -0.111409
v 0.748422 1.045669 0.100219
v 0.761364 1.021990 -0.061887
v 0.741054 1.020963 0.090521
v 0.748078 1.906143 0.020727
v 0.731878 1.898380 -0.021327
v 0.770187 1.825881 0.090933
v 0.733595 1.659327 0.127356
v 0.734636 1.502869 -0.135246
v 0.730317 1.494599 0.136198
v 0.741228 1.462646 -0.131945
v 0.734410 1.394677 0.140161
v 0.754169 1.380119 -0.111250
v 0.749478 1.310061 -0.133666
v 0.754850 1.281086 -0.131720
v 0.755120 1.281749 0.129954
v 0.752126 1.184824 -0.147386
v 0.753242 1.145400 -0.137294
v 0.751773 1.135373 0.137295
v 0.749978 1.102976 -0.126705
v 0.749133 1.120155 0.133958
v 0.745212 1.057265 -0.112553
v 0.747217 1.019075 -0.000551
v 0.746344 1.005946 0.025872
v 0.729348 1.909785 0.014011
v 0.700929 1.663878 -0.131891
v 0.710340 1.588004 0.135982
v 0.724335 1.471701 -0.140575
v 0.735116 1.461072 0.134800
v 0.737423 1.389006 -0.137206
v 0.747901 1.309510 0.135592
v 0.740224 1.257217 0.170530
v 0.741497 1.255943 -0.169736
v 0.745224 1.238287 -0.166299
v 0.749168 1.247665 0.153372
v 0.750430 1.186982 0.151243
v 0.741644 1.171148 0.173474
v 0.741514 1.143450 -0.168376
v 0.746290 1.115058 -0.137698
v 0.743304 1.000904 -0.032206
v 0.744419 1.004123 -0.048214
v 0.749352 1.009475 0.043367
v 0.749457 1.013267 0.067422
v 0.743414 1.917602 -0.014172
v 0.734210 1.862878 0.056719
v 0.740731 1.850947 0.068828
v 0.737168 1.426921 -0.136199
v 0.734966 1.369727 0.141335
v 0.724671 1.324462 0.168225
v 0.742124 1.225196 0.172038
v 0.743356 1.178350 -0.171517
v 0.735096 1.133486 0.175860
v 0.731769 1.127787 -0.180371
v 0.732527 1.097037 -0.157167
v 0.733707 1.100858 0.157354
v 0.730949 1.077552 0.137108
v 0.727931 1.060451 -0.130169
v 0.741041 1.020372 -0.090567
v 0.734853 0.998109 0.007294
v 0.711216 0.974768 -0.060133
v 0.723545 1.914288 0.008197
v 0.719448 1.526162 -0.136880
v 0.727056 1.427241 0.143870
v 0.725991 1.320912 -0.168713
v 0.722729 1.278220 0.188772
v 0.727487 1.238378 -0.192805
v 0.723201 1.237449 0.196697
v 0.731286 1.163116 0.187417
v 0.725042 1.070560 -0.142215
v 0.714215 1.044852 0.132471
v 0.711537 1.023734 -0.116344
v 0.710398 1.022915 0.115621
v 0.698688 0.973997 -0.075947
v 0.728270 0.984934 -0.044457
v 0.731105 0.993078 -0.008846
v 0.736343 1.919618 -0.009468
v 0.720798 1.892400 0.020734
v 0.723744 1.625894 -0.132333
v 0.721758 1.544709 0.134001
v 0.720338 1.428576 -0.148993
v 0.725678 1.397581 -0.151121
v 0.716330 1.375396 0.163750
v 0.726394 1.354908 -0.158103
v 0.720749 1.279384 -0.191341
v 0.734424 1.169185 -0.184945
v 0.721589 1.139475 0.195784
v 0.711789 1.089059 -0.188577
v 0.701132 0.988336 -0.089558
v 0.698606 0.974564 0.075625
v 0.727642 0.984053 0.042276
v 0.709486 1.907372 -0.011957
v 0.698936 1.793094 -0.092531
v 0.720350 1.469175 0.141258
v 0.718608 1.332488 -0.173706
v 0.716060 1.190874 0.203717
v 0.717194 1.181057 -0.203483
v 0.719713 1.139628 -0.198310
v 0.711311 1.095625 0.191893
v 0.712334 1.078379 -0.178690
v 0.712667 1.080431 0.179934
v 0.705666 0.970691 0.060720
v 0.702054 0.962404 0.031779
v 0.709352 1.909135 -0.001827
v 0.710340 1.908199 0.010467
v 0.701864 1.881135 -0.022571
v 0.702487 1.870094 0.034399
v 0.662260 1.713893 0.120092
v 0.701739 1.549994 -0.141318
v 0.713093 1.378406 -0.166477
v 0.704850 1.337577 -0.183856
v 0.711782 1.333403 0.178787
v 0.710723 1.283058 -0.199515
v 0.707603 1.281921 0.201028
v 0.707754 1.240288 -0.209672
v 0.702484 1.107636 0.206168
v 0.704573 1.045972 0.148516
v 0.707694 1.040148 -0.135990
v 0.700831 0.987755 0.088190
v 0.711364 0.973276 -0.000225
v 0.706171 0.966109 -0.027680
v 0.704105 1.871497 -0.034697
v 0.712872 1.679415 0.127306
v 0.685850 1.631670 0.137306
v 0.704120 1.475227 0.145292
v 0.710669 1.431670 -0.153075
v 0.715716 1.434618 0.149318
v 0.701942 1.378903 0.171727
v 0.694301 1.357531 -0.183271
v 0.705501 1.238620 0.209824
v 0.705829 1.191349 -0.212042
v 0.696458 1.124059 0.214824
v 0.707434 1.113832 -0.204081
v 0.690868 1.040207 -0.170877
v 0.697451 0.965042 -0.060723
v 0.692659 0.956533 -0.041535
v 0.681475 1.662900 -0.132690
v 0.667887 1.583525 -0.146157
v 0.672332 1.583744 0.144230
v 0.694533 1.523489 0.144496
v 0.700813 1.471801 -0.147997
v 0.692573 1.438604 -0.157545
v 0.699460 1.271357 -0.208746
v 0.694476 1.123638 -0.216969
v 0.671068 1.070476 -0.221487
v 0.685651 1.045345 -0.190095
v 0.688952 1.043958 0.180875
v 0.688020 1.019944 -0.136477
v 0.671961 1.883957 0.011002
v 0.655327 1.707181 -0.122563
v 0.645934 1.674398 -0.132624
v 0.704135 1.736609 0.114533
v 0.672043 1.647526 0.135258
v 0.693484 1.270684 0.210562
v 0.688043 1.196696 -0.220825
v 0.698859 1.197199 0.215020
v 0.687625 1.033304 0.165603
v 0.692414 1.025420 0.137672
v 0.666754 0.991049 -0.117591
v 0.674650 1.885316 -0.012093
v 0.688754 1.894356 0.008274
v 0.700128 1.776697 0.100768
v 0.673010 1.467896 0.160068
v 0.692961 1.440562 0.155879
v 0.678058 1.396692 -0.175955
v 0.697339 1.336129 0.188336
v 0.686312 1.131495 0.221332
v 0.674528 1.029917 0.194113
v 0.658960 0.986750 0.120559
v 0.668423 0.987948 0.112270
v 0.692699 0.960058 0.000072
v 0.683320 0.952405 0.045578
v 0.686493 0.952549 -0.028756
v 0.673110 1.864799 -0.022520
v 0.653521 1.836408 -0.039215
v 0.655188 1.540948 -0.153513
v 0.676456 1.396539 0.175793
v 0.694653 1.299694 -0.203994
v 0.694729 1.301928 0.202140
v 0.658761 1.212096 0.232321
v 0.676663 1.228450 -0.223892
v 0.681728 1.195178 0.222434
v 0.663884 1.042434 -0.215710
v 0.666879 1.042251 0.211419
v 0.674253 1.021157 -0.189327
v 0.674291 1.010317 -0.156759
v 0.675765 1.011443 0.150116
v 0.660151 0.964740 -0.100584
v 0.667007 0.966765 0.096003
v 0.687316 0.952863 0.029931
v 0.671565 1.885924 -0.001751
v 0.715248 1.808626 0.087620
v 0.697185 1.769140 -0.104654
v 0.656698 1.526224 0.154508
v 0.687557 1.509989 -0.149447
v 0.658739 1.411143 0.180010
v 0.676778 1.126816 -0.226648
v 0.676516 1.018937 0.179721
v 0.658834 0.986607 -0.177296
v 0.651276 0.950318 -0.089313
v 0.656647 0.942709 -0.064529
v 0.654297 0.945709 0.075779
v 0.665830 0.945398 0.005829
v 0.691853 1.875756 0.021455
v 0.651912 1.851554 0.021522
v 0.661973 1.748504 -0.106270
v 0.647538 1.551332 0.152140
v 0.659300 1.424759 -0.176992
v 0.648894 1.363867 -0.202627
v 0.655467 1.304821 0.218684
v 0.656862 1.269181 -0.226806
v 0.652837 1.271957 0.226963
v 0.643883 1.137664 0.238119
v 0.656475 1.111344 0.233937
v 0.631976 1.079090 0.244835
v 0.648012 1.040374 0.228082
v 0.659484 0.984001 0.152322
v 0.660706 0.990051 0.176350
v 0.653926 0.998833 0.198364
v 0.659837 0.991396 -0.130632
v 0.659991 0.991600 0.133652
v 0.631412 1.852282 -0.015363
v 0.647432 1.782306 -0.079464
v 0.637923 1.539631 -0.156345
v 0.643562 1.472008 -0.169081
v 0.673165 1.473550 -0.159980
v 0.652877 1.399495 -0.187684
v 0.652191 1.330103 0.212237
v 0.653586 0.999124 -0.199920
v 0.642421 1.005292 -0.214363
v 0.640065 0.996710 0.211201
v 0.654585 0.980613 -0.121355
v 0.645893 1.866236 0.010741
v 0.647279 1.650217 -0.138545
v 0.649616 1.600148 -0.145173
v 0.643836 1.433142 0.178000
v 0.650904 1.309926 -0.220010
v 0.632685 1.229314 0.242022
v 0.644914 1.138586 -0.238640
v 0.641963 1.063095 -0.239495
v 0.644652 1.058251 0.236085
v 0.653606 0.970361 -0.153212
v 0.650568 0.974685 -0.130362
v 0.652418 0.973688 0.183188
v 0.651289 0.962365 0.152472
v 0.648846 0.960720 0.107956
v 0.624548 0.924197 -0.048466
v 0.638087 0.934802 0.014212
v 0.648627 0.934864 0.040688
v 0.649265 1.868742 -0.010424
v 0.615549 1.743195 -0.092362
v 0.652091 1.736341 0.108642
v 0.648480 1.650239 0.137579
v 0.614869 1.164096 0.250297
v 0.644525 0.957517 -0.194760
v 0.648789 0.957439 -0.184969
v 0.649375 0.973551 0.123735
v 0.643864 0.955625 0.194288
v 0.641832 0.966524 0.200399
v 0.651440 0.960319 -0.170043
v 0.646995 0.959584 -0.111138
v 0.639522 0.947168 -0.117981
v 0.648070 0.947821 -0.152536
v 0.648464 0.945321 0.182186
v 0.648505 0.939126 0.158020
v 0.649799 0.926228 -0.175810
v 0.649983 0.947339 0.169477
v 0.649441 0.879802 -0.156779
v 0.650154 0.877804 -0.172124
v 0.650231 0.881775 0.172972
v 0.649510 0.880713 0.157481
v 0.647836 0.885986 -0.183482
v 0.645299 0.846896 -0.151671
v 0.646546 0.854685 0.152165
v 0.652689 0.119561 -0.152369
v 0.651421 0.118479 -0.137517
v 0.649998 0.118361 0.129172
v 0.652648 0.119531 0.150232
v 0.656017 0.111756 -0.153787
v 0.642894 0.119763 -0.180753
v 0.648190 0.112381 -0.120663
v 0.650884 0.111183 0.125946
v 0.655153 0.111733 0.153650
v 0.646873 0.120657 0.171030
v 0.646312 0.110891 0.177274
v 0.650953 0.107974 -0.149582
v 0.644334 0.107335 -0.128474
v 0.644519 0.107271 0.128442
v 0.650660 0.108189 0.150424
v 0.639800 1.844474 -0.022026
v 0.611998 1.582245 -0.152814
v 0.618472 1.547958 0.155266
v 0.641845 1.034731 -0.230836
v 0.638256 0.964954 -0.205045
v 0.639915 0.944269 0.126795
v 0.640538 0.949346 0.114307
v 0.637301 0.933816 -0.130826
v 0.637078 0.938683 0.092938
v 0.647058 0.927231 -0.152430
v 0.633727 0.931354 -0.081542
v 0.632753 0.929334 0.072382
v 0.646357 0.938102 -0.008053
v 0.640840 0.906638 -0.198076
v 0.645197 0.890821 0.188605
v 0.639604 0.872589 -0.133927
v 0.641734 0.878893 0.136230
v 0.642583 0.824673 0.166980
v 0.646821 0.859566 0.174896
v 0.634315 0.820480 0.183262
v 0.641811 0.822866 -0.168940
v 0.640753 0.849806 0.139440
v 0.640356 0.816964 -0.160591
v 0.640333 0.817682 0.157187
v 0.639980 0.110749 -0.187013
v 0.635983 0.112495 -0.107840
v 0.634064 0.107749 -0.112309
v 0.631531 0.107378 0.109498
v 0.648578 1.835801 0.036086
v 0.641703 1.670239 0.132493
v 0.618277 1.548769 -0.156245
v 0.628047 1.437904 -0.181471
v 0.635998 1.363116 0.206024
v 0.637138 1.216336 -0.242367
v 0.617206 1.163760 -0.250222
v 0.625443 1.064039 -0.247040
v 0.628466 0.971959 -0.214364
v 0.629125 0.964749 0.212104
v 0.638027 0.906626 0.199963
v 0.632111 0.933102 -0.098323
v 0.634176 0.933609 -0.016120
v 0.641251 0.934018 0.137052
v 0.628976 0.905492 0.208281
v 0.630072 0.834325 -0.193908
v 0.628660 0.832051 0.193659
v 0.632698 0.814443 -0.184253
v 0.636134 0.847268 -0.134169
v 0.622193 0.762165 -0.149279
v 0.620991 0.762699 0.145037
v 0.609388 0.168829 -0.139205
v 0.629613 0.138744 0.126325
v 0.607728 0.166873 0.125573
v 0.637385 0.133114 -0.167070
v 0.635812 0.112353 0.106900
v 0.634398 0.119321 0.190341
v 0.636429 0.109381 0.180685
v 0.625629 1.856673 0.008326
v 0.644886 1.784625 0.075432
v 0.598572 1.650227 -0.132854
v 0.630625 1.285274 -0.233267
v 0.607076 1.109305 0.254175
v 0.607522 1.014363 -0.242560
v 0.606465 1.016168 0.242862
v 0.613904 0.991666 0.227140
v 0.629406 0.907947 -0.209342
v 0.619670 0.913511 -0.105585
v 0.622008 0.920938 0.094831
v 0.631479 0.927559 -0.064174
v 0.620584 0.922428 0.046215
v 0.622435 0.918601 0.106040
v 0.623165 0.903301 -0.114166
v 0.623207 0.906409 0.113075
v 0.630530 0.853420 0.124554
v 0.620424 0.863828 -0.207526
v 0.626080 0.850332 -0.121856
v 0.623641 0.868731 0.205412
v 0.620478 0.828861 0.120944
v 0.618163 0.767244 -0.138385
v 0.618231 0.767393 0.137447
v 0.619483 0.751396 -0.163041
v 0.622108 0.758641 0.154792
v 0.627171 0.780039 0.172295
v 0.621475 0.769655 -0.176383
v 0.604322 0.172699 0.150077
v 0.615647 0.145079 -0.115027
v 0.626435 0.120128 -0.197867
v 0.626929 0.111195 0.195700
v 0.633939 0.109307 -0.183996
v 0.613816 1.735124 0.095971
v 0.609150 1.600892 -0.149276
v 0.607538 1.576914 0.153333
v 0.626961 1.465131 0.173668
v 0.615052 1.447455 -0.180674
v 0.618014 1.369790 -0.208363
v 0.606972 1.340357 0.222519
v 0.622735 1.303041 0.229964
v 0.631182 1.088717 -0.245934
v 0.609514 1.069935 0.252636
v 0.620860 0.919911 -0.096791
v 0.615559 0.895814 0.106267
v 0.611645 0.769518 -0.130383
v 0.610684 0.806558 -0.201382
v 0.614572 0.810530 0.199269
v 0.618294 0.782163 -0.187633
v 0.614964 0.778556 0.188228
v 0.589740 0.181264 0.161543
v 0.618633 0.112617 0.097202
v 0.615144 0.110252 -0.163107
v 0.609588 0.110409 0.160300
v 0.606997 1.836531 0.014728
v 0.605737 1.695337 0.114792
v 0.591241 1.645007 0.132389
v 0.608742 1.337193 -0.224335
v 0.616189 1.258676 -0.245094
v 0.614551 1.258492 0.244581
v 0.607974 1.073902 -0.254310
v 0.600141 1.033550 -0.251100
v 0.604247 1.037340 0.249342
v 0.613968 0.994799 -0.229577
v 0.612812 0.974157 0.222574
v 0.610903 0.922263 -0.220341
v 0.612884 0.897490 0.215587
v 0.604029 0.903643 0.089770
v 0.611056 0.765917 0.129790
v 0.605901 0.765186 -0.189436
v 0.615063 0.756068 0.175839
v 0.607125 0.723271 0.162005
v 0.607408 0.167922 -0.127295
v 0.608370 0.170406 0.138091
v 0.612113 0.146213 0.111330
v 0.603854 0.144392 0.104444
v 0.619170 0.128495 0.194341
v 0.610191 0.111870 -0.206315
v 0.611647 0.111560 -0.097138
v 0.610970 0.109680 -0.199556
v 0.609647 0.108333 -0.101456
v 0.597837 0.107346 -0.111158
v 0.615825 1.848932 -0.011036
v 0.593813 1.833340 0.010391
v 0.602738 1.821449 -0.020407
v 0.617535 1.829069 0.021351
v 0.595675 1.761013 -0.067043
v 0.595520 1.667879 -0.124975
v 0.594414 1.607699 -0.146340
v 0.624038 1.441523 0.180054
v 0.605355 1.142751 0.255209
v 0.611441 0.976823 -0.224374
v 0.577491 0.920717 0.006808
v 0.606978 0.913484 0.079461
v 0.610870 0.914490 -0.086818
v 0.608173 0.897033 -0.100302
v 0.602679 0.889318 0.096231
v 0.597776 0.832101 -0.102017
v 0.588714 0.783291 -0.107778
v 0.590362 0.702215 -0.170086
v 0.594992 0.709354 -0.140414
v 0.597572 0.704994 0.145305
v 0.589526 0.702821 0.136004
v 0.605061 0.720467 -0.165216
v 0.604121 0.173159 -0.150073
v 0.591613 0.182104 -0.157501
v 0.610353 0.136936 -0.105610
v 0.606237 0.119177 -0.207958
v 0.602794 0.112624 0.207629
v 0.597854 0.107397 0.108599
v 0.591018 1.832548 -0.008835
v 0.611286 1.811434 -0.036997
v 0.608627 1.708706 -0.110094
v 0.579323 1.531510 -0.166088
v 0.593592 1.458310 -0.180904
v 0.591273 1.456342 0.180840
v 0.598412 1.407439 -0.196325
v 0.598670 1.410459 0.194228
v 0.579084 1.320788 0.239350
v 0.585753 1.317087 -0.239749
v 0.599548 1.290920 0.242562
v 0.589590 1.187479 -0.257598
v 0.580252 0.920813 -0.009920
v 0.600691 0.883482 -0.218034
v 0.593749 0.903377 -0.085414
v 0.596351 0.831705 0.100288
v 0.604018 0.800387 0.201408
v 0.587902 0.753199 0.113859
v 0.591026 0.743616 -0.120658
v 0.585057 0.717856 0.180189
v 0.603647 0.713775 -0.152632
v 0.595597 0.694625 0.151980
v 0.586925 0.682065 -0.161634
v 0.592976 0.694698 0.160046
v 0.583560 0.177566 -0.174044
v 0.590131 0.174345 0.113046
v 0.590450 0.172799 -0.113040
v 0.609348 0.117539 -0.096593
v 0.602567 0.118780 0.094206
v 0.608254 0.118796 0.206611
v 0.585440 0.111431 0.092242
v 0.565882 0.110224 -0.161346
v 0.579222 0.107208 0.097176
v 0.590095 1.826611 -0.015313
v 0.563485 1.768500 -0.046217
v 0.580424 1.526929 0.165869
v 0.588720 1.147678 -0.262800
v 0.581815 1.132902 0.263927
v 0.600432 0.922642 0.222144
v 0.599627 0.910708 -0.077966
v 0.601260 0.914692 -0.057482
v 0.589068 0.885057 -0.090982
v 0.584493 0.859000 0.216162
v 0.604113 0.799632 -0.202324
v 0.591092 0.702138 0.168240
v 0.592753 0.687660 -0.150894
v 0.594360 0.184071 -0.129812
v 0.595708 0.182526 0.130102
v 0.581997 0.146106 -0.199237
v 0.580877 0.168591 0.183147
v 0.581357 0.112754 -0.211881
v 0.578353 0.109545 -0.144817
v 0.580895 0.109058 0.139691
v 0.573599 1.812025 0.015748
v 0.578353 1.801333 0.022565
v 0.612605 1.812199 0.036049
v 0.598759 1.597152 0.149063
v 0.571872 1.398079 0.206433
v 0.601916 1.281713 -0.244961
v 0.586061 1.190076 0.257414
v 0.572037 0.973609 0.234404
v 0.579918 0.947315 0.228804
v 0.592882 0.909414 0.074788
v 0.577818 0.865822 -0.219709
v 0.580549 0.740638 0.189973
v 0.575566 0.700998 -0.124071
v 0.581557 0.661068 -0.141703
v 0.582634 0.659452 0.146759
v 0.587890 0.193582 -0.144054
v 0.587014 0.191969 -0.122433
v 0.587173 0.192367 0.122376
v 0.586959 0.193730 0.145958
v 0.577525 0.173309 -0.183087
v 0.578099 0.111562 -0.092852
v 0.587575 0.108692 0.194486
v 0.586312 0.109702 0.204367
v 0.570972 1.600833 0.143173
v 0.571312 1.492017 0.176019
v 0.578286 1.143578 0.265303
v 0.596261 1.103842 -0.258618
v 0.575530 1.091583 0.261893
v 0.576721 1.046317 0.258701
v 0.574036 1.004658 0.249434
v 0.576085 0.907485 -0.072897
v 0.576711 0.902969 0.077911
v 0.571622 0.891092 -0.083984
v 0.571982 0.888831 0.083230
v 0.585317 0.832537 0.094901
v 0.581939 0.830515 -0.095075
v 0.575644 0.783039 -0.203408
v 0.576836 0.786537 0.202928
v 0.576221 0.754828 0.105739
v 0.584330 0.738018 -0.188962
v 0.573289 0.701582 0.121182
v 0.566204 0.673195 0.173328
v 0.576443 0.655904 -0.135011
v 0.581205 0.654124 -0.150704
v 0.578362 0.647561 0.140940
v 0.576232 0.650829 0.134884
v 0.578579 0.650066 0.153897
v 0.579029 0.663510 0.160205
v 0.575882 0.190719 -0.172972
v 0.576254 0.190796 0.171476
v 0.576597 0.188109 0.108376
v 0.571872 0.165829 0.101275
v 0.575816 0.108313 -0.203261
v 0.575008 1.820300 -0.010153
v 0.557910 1.747815 -0.057852
v 0.544855 1.663805 -0.100245
v 0.572636 1.504920 -0.173370
v 0.549406 1.461704 0.189119
v 0.573025 1.236056 -0.257657
v 0.568677 1.048589 -0.261558
v 0.582843 1.008817 -0.249622
v 0.580329 0.947011 -0.229642
v 0.579449 0.908935 0.067286
v 0.571591 0.767910 -0.102115
v 0.561680 0.708206 -0.112134
v 0.566262 0.670203 -0.173620
v 0.564725 0.644627 0.167889
v 0.571726 0.632506 -0.159651
v 0.571426 0.207152 -0.144577
v 0.558919 0.214280 -0.160709
v 0.557626 0.216707 -0.129285
v 0.569458 0.209124 0.140078
v 0.559566 0.213515 0.159624
v 0.575375 0.188254 -0.108840
v 0.582136 0.167093 -0.105797
v 0.566346 0.162777 -0.100374
v 0.573411 0.119696 -0.213186
v 0.572270 0.119097 0.212199
v 0.570403 0.106369 -0.099653
v 0.557401 0.110446 0.156645
v 0.565386 1.806859 -0.016142
v 0.574046 1.799081 -0.022871
v 0.559272 1.537460 -0.164686
v 0.563171 1.303819 -0.248544
v 0.558707 1.250499 0.258085
v 0.566206 0.973132 -0.236864
v 0.573191 0.886180 0.222183
v 0.566975 0.771413 0.099400
v 0.560975 0.655314 -0.119914
v 0.561977 0.643440 -0.171242
v 0.566996 0.617364 -0.125993
v 0.573192 0.616806 -0.143105
v 0.571040 0.613388 -0.134691
v 0.566907 0.618160 0.124538
v 0.572292 0.616296 0.149253
v 0.566174 0.604549 0.161870
v 0.571049 0.606778 0.136587
v 0.559126 0.204544 -0.170192
v 0.558916 0.209425 -0.122637
v 0.559185 0.211649 0.123947
v 0.569120 0.180245 -0.102276
v 0.565905 0.170684 0.189419
v 0.578230 0.122712 0.091098
v 0.577101 0.118824 -0.091753
v 0.555319 0.104950 0.108821
v 0.547147 1.802996 -0.001141
v 0.595457 1.761315 0.065660
v 0.556857 1.589496 -0.144857
v 0.540630 1.416200 0.207390
v 0.546864 1.364006 0.230951
v 0.569591 1.134312 -0.268117
v 0.546321 1.114748 0.271174
v 0.569935 1.089620 -0.263582
v 0.549851 1.044362 0.262539
v 0.557141 0.918570 -0.229144
v 0.565021 0.917692 0.020002
v 0.560776 0.908300 -0.067962
v 0.560964 0.906616 0.071236
v 0.554491 0.893326 -0.081437
v 0.558993 0.840227 0.219079
v 0.557971 0.833477 -0.090274
v 0.561400 0.811604 0.092203
v 0.559227 0.708838 0.109731
v 0.563790 0.655160 0.121242
v 0.558863 0.607731 -0.173022
v 0.561322 0.578988 -0.163747
v 0.561906 0.589618 -0.125385
v 0.561139 0.583558 0.124724
v 0.561663 0.568795 0.157102
v 0.567665 0.590606 -0.152512
v 0.558831 0.542250 0.140319
v 0.559111 0.554362 -0.153264
v 0.558418 0.539553 -0.139812
v 0.557769 0.540434 -0.131641
v 0.557207 0.222535 -0.152133
v 0.554000 0.228125 0.150354
v 0.561904 0.197862 0.112625
v 0.569793 0.180995 0.101665
v 0.559484 0.180256 0.190075
v 0.558625 0.164846 -0.195805
v 0.563513 0.143752 -0.095774
v 0.558308 0.144433 0.204289
v 0.557820 0.138621 0.094106
v 0.550472 0.114299 -0.095796
v 0.553514 0.111730 0.210390
v 0.559871 0.108195 -0.098133
v 0.540191 1.794855 -0.010061
v 0.564792 1.772873 0.042476
v 0.551418 1.508385 0.173340
v 0.545282 1.465507 -0.189746
v 0.535991 1.346726 0.239963
v 0.543395 1.275485 -0.258101
v 0.551069 1.223948 0.261941
v 0.550012 1.025635 0.259445
v 0.547714 1.019459 -0.259245
v 0.542170 0.992167 -0.251005
v 0.543431 0.964287 -0.238347
v 0.557023 0.946057 0.232532
v 0.569411 0.920702 -0.004372
v 0.547963 0.919904 0.022902
v 0.547566 0.894861 0.079859
v 0.560262 0.842950 -0.220345
v 0.550647 0.727048 0.196095
v 0.554778 0.714273 -0.108164
v 0.551051 0.646435 0.177604
v 0.550622 0.599795 -0.113092
v 0.555437 0.608658 0.115131
v 0.554128 0.568422 0.168402
v 0.550286 0.569408 -0.172621
v 0.552638 0.541566 -0.122841
v 0.557352 0.540356 0.130169
v 0.551910 0.547835 -0.163118
v 0.543477 0.517165 0.156103
v 0.559030 0.221558 -0.142131
v 0.558462 0.221707 0.136788
v 0.549572 0.202396 -0.114281
v 0.556742 0.180519 -0.191900
v 0.549602 0.166505 -0.097451
v 0.557354 0.167752 0.097035
v 0.558078 0.164389 0.194998
v 0.562507 0.114866 0.092118
v 0.537623 0.106835 -0.203055
v 0.557423 0.107773 0.098241
v 0.546165 0.106845 0.203145
v 0.561308 1.790717 0.020828
v 0.542845 1.775468 0.022344
v 0.543988 1.548285 0.157698
v 0.560203 1.539278 0.163099
v 0.546653 1.359763 -0.233853
v 0.556814 1.306178 0.248334
v 0.552357 1.224710 -0.262540
v 0.547215 1.114281 -0.271899
v 0.545095 1.075281 -0.265214
v 0.542512 0.966693 0.238562
v 0.545847 0.921356 -0.019111
v 0.542203 0.911814 0.061562
v 0.561648 0.852639 0.087384
v 0.536727 0.882257 -0.087323
v 0.553914 0.724837 -0.195685
v 0.534601 0.737772 -0.100041
v 0.544330 0.728704 0.101983
v 0.541049 0.679352 0.185529
v 0.549523 0.654707 -0.113704
v 0.550522 0.655314 0.113042
v 0.551393 0.645833 -0.178333
v 0.556521 0.609471 0.174074
v 0.548390 0.556786 -0.115592
v 0.552672 0.546617 0.120344
v 0.534247 0.515571 -0.165571
v 0.546539 0.510133 -0.139480
v 0.545895 0.508893 0.137920
v 0.538842 0.497087 0.126057
v 0.551695 0.259845 -0.160666
v 0.551746 0.261153 -0.136792
v 0.551692 0.260039 0.135771
v 0.551804 0.263020 0.159504
v 0.550521 0.235698 -0.159949
v 0.550466 0.239742 -0.133105
v 0.551850 0.237658 0.137069
v 0.549175 0.234485 0.161097
v 0.547019 0.236217 0.126515
v 0.543226 0.209986 -0.175351
v 0.548210 0.202014 0.112629
v 0.549057 0.206671 0.172780
v 0.548481 0.197757 -0.179737
v 0.547706 0.169495 0.096942
v 0.548836 0.150776 -0.099199
v 0.547013 0.148728 0.098548
v 0.551105 0.129159 -0.095057
v 0.544996 0.136636 -0.207185
v 0.549274 0.124289 0.209983
v 0.548059 0.113534 -0.211439
v 0.537974 0.105604 -0.190536
v 0.536525 0.105983 -0.120072
v 0.528504 1.779507 -0.015847
v 0.541125 1.795464 0.010166
v 0.531679 1.719771 -0.060743
v 0.542355 1.641659 0.111045
v 0.539519 1.575065 0.143422
v 0.526574 1.563532 -0.145547
v 0.538140 1.487754 -0.182956
v 0.524086 1.148205 -0.275893
v 0.533214 1.069667 0.264345
v 0.535601 1.036011 -0.263329
v 0.537040 0.996171 0.251806
v 0.533285 0.909705 0.071530
v 0.540403 0.786491 0.093277
v 0.543847 0.721579 -0.196836
v 0.549546 0.684406 -0.184969
v 0.533214 0.589739 -0.104153
v 0.542562 0.615455 0.108080
v 0.537293 0.566555 0.105703
v 0.543828 0.597115 -0.181533
v 0.542444 0.576447 0.178244
v 0.530432 0.514643 0.166823
v 0.541039 0.512801 -0.158017
v 0.538900 0.497182 -0.126925
v 0.539644 0.481108 0.136310
v 0.547843 0.286121 -0.137111
v 0.548322 0.283675 0.136027
v 0.539739 0.313810 0.143681
v 0.543002 0.288467 -0.170878
v 0.548682 0.283782 -0.160240
v 0.545945 0.290726 0.162793
v 0.547196 0.265512 -0.126616
v 0.542652 0.267511 0.121095
v 0.546776 0.261905 -0.173771
v 0.545673 0.262285 0.174837
v 0.539116 0.228027 0.172812
v 0.540663 0.228134 -0.172358
v 0.534145 0.236252 -0.114870
v 0.533111 0.233648 0.113179
v 0.542555 0.216624 0.115692
v 0.542630 0.219231 -0.117662
v 0.541427 0.195163 -0.110280
v 0.545713 0.173185 0.194947
v 0.541489 0.154447 -0.199815
v 0.542945 0.153221 0.199100
v 0.542882 0.126642 0.096931
v 0.540489 0.113839 0.100085
v 0.522945 0.109829 0.151027
v 0.535467 0.106095 0.120264
v 0.533128 0.105505 0.188119
v 0.526432 1.786445 0.005105
v 0.533009 1.769176 -0.022145
v 0.554342 1.746801 0.055787
v 0.533282 1.627733 -0.115167
v 0.543532 1.547022 -0.158930
v 0.534488 1.498511 0.177645
v 0.533552 1.341844 -0.242933
v 0.530522 1.289712 0.255715
v 0.525126 1.238230 -0.265026
v 0.530197 1.175373 -0.273688
v 0.527128 1.091102 -0.271447
v 0.523324 1.088663 0.270378
v 0.533444 0.913510 -0.228300
v 0.543943 0.916428 0.228519
v 0.542111 0.910234 -0.068501
v 0.534342 0.901737 -0.079404
v 0.529584 0.864929 -0.222599
v 0.545877 0.808270 -0.213764
v 0.529458 0.786911 -0.094869
v 0.536026 0.726128 0.196689
v 0.530127 0.730947 -0.198043
v 0.530983 0.684040 -0.187876
v 0.535704 0.658195 0.183038
v 0.538521 0.656437 -0.183313
v 0.544170 0.612717 0.180845
v 0.532752 0.558927 -0.105878
v 0.544770 0.556860 0.111962
v 0.531780 0.511308 -0.117061
v 0.537701 0.485426 0.150368
v 0.533889 0.492199 0.159049
v 0.537430 0.482177 -0.150964
v 0.529928 0.487652 -0.163562
v 0.538601 0.473392 -0.140664
v 0.537290 0.466818 -0.134615
v 0.529025 0.468078 -0.120479
v 0.530401 0.491869 0.118152
v 0.538496 0.315141 -0.150335
v 0.534380 0.330040 -0.135981
v 0.535195 0.311932 -0.162776
v 0.546506 0.278645 0.127212
v 0.541410 0.292752 -0.126325
v 0.533322 0.298655 0.118521
v 0.535358 0.314417 0.160207
v 0.530841 0.285825 -0.181132
v 0.539812 0.285772 0.174387
v 0.537696 0.266935 -0.181134
v 0.533300 0.262911 0.111262
v 0.532894 0.261265 -0.111672
v 0.530890 0.231922 -0.179170
v 0.537932 0.195544 0.180416
v 0.536996 0.187980 0.107421
v 0.530161 0.141001 -0.104900
v 0.530642 0.125522 -0.203729
v 0.537485 0.108545 0.203970
v 0.526779 0.109824 -0.152046
v 0.534744 0.106952 -0.111701
v 0.533827 0.108147 0.109874
v 0.524612 1.774539 0.015572
v 0.493223 1.714454 -0.041874
v 0.522639 1.517250 0.167836
v 0.524131 1.505762 -0.175086
v 0.518271 1.471154 0.190499
v 0.510725 1.387812 -0.228330
v 0.523781 1.252718 0.261718
v 0.529593 1.178060 0.272528
v 0.522141 1.014180 -0.258967
v 0.537356 0.922514 0.010996
v 0.528276 0.925504 0.037696
v 0.532973 0.886599 0.085117
v 0.515932 0.882619 -0.089429
v 0.530473 0.874191 0.222972
v 0.516927 0.836977 0.215294
v 0.522431 0.669454 -0.104920
v 0.524629 0.667237 0.104599
v 0.519643 0.649612 -0.105090
v 0.524878 0.642837 0.104993
v 0.527539 0.588624 0.183949
v 0.529241 0.592012 -0.184746
v 0.523327 0.588319 0.099620
v 0.530143 0.574058 0.181631
v 0.533965 0.562778 -0.179703
v 0.533239 0.523406 0.113972
v 0.525930 0.418162 -0.159400
v 0.527694 0.445290 0.121439
v 0.531973 0.422399 -0.149403
v 0.524565 0.414818 0.159872
v 0.531844 0.421483 0.148455
v 0.526362 0.383872 -0.129346
v 0.531107 0.390227 0.137591
v 0.526382 0.385395 0.128333
v 0.531137 0.387165 -0.138558
v 0.529813 0.381222 -0.150920
v 0.529892 0.375427 0.149590
v 0.534082 0.340022 -0.143778
v 0.534895 0.330110 0.136735
v 0.529206 0.341885 -0.156528
v 0.533540 0.336038 0.148374
v 0.528517 0.326936 -0.125298
v 0.528394 0.329523 0.124676
v 0.521373 0.337446 -0.166289
v 0.525233 0.307971 -0.173146
v 0.529427 0.299524 -0.117048
v 0.519328 0.314742 0.172692
v 0.525093 0.251251 0.183729
v 0.524354 0.219971 -0.177586
v 0.525317 0.220474 -0.112853
v 0.527028 0.213631 0.176624
v 0.528137 0.200707 -0.112535
v 0.524479 0.196961 -0.179411
v 0.538559 0.167494 -0.197479
v 0.544684 0.172907 -0.099590
v 0.529452 0.155890 0.099937
v 0.532420 0.163350 0.195972
v 0.517488 0.153510 -0.193284
v 0.519636 0.154021 0.193368
v 0.527042 0.143438 -0.196805
v 0.526061 0.143451 0.195448
v 0.527670 0.139110 0.105350
v 0.532369 0.129015 0.203415
v 0.527516 0.125219 -0.107256
v 0.526850 0.119878 0.107550
v 0.502833 1.765774 0.008209
v 0.489609 1.687452 0.057023
v 0.551427 1.681598 0.091779
v 0.512816 1.613756 -0.114630
v 0.512618 1.548805 0.148929
v 0.510533 1.472889 -0.191085
v 0.517474 1.420238 0.209886
v 0.540788 1.416136 -0.208514
v 0.503896 1.398877 0.222938
v 0.522811 1.148436 0.274969
v 0.514382 1.059634 -0.263299
v 0.505442 0.991742 0.249266
v 0.524114 0.957076 -0.235533
v 0.524850 0.956120 0.234406
v 0.519879 0.909949 0.223827
v 0.530186 0.924799 -0.037961
v 0.527891 0.919008 -0.060465
v 0.528085 0.921978 -0.011848
v 0.525982 0.918038 0.064647
v 0.515901 0.917143 -0.072311
v 0.518888 0.800548 -0.094681
v 0.517960 0.814204 -0.212068
v 0.510907 0.762537 0.199575
v 0.510683 0.754779 -0.198942
v 0.525130 0.752945 0.096407
v 0.522426 0.655994 -0.184451
v 0.515126 0.586456 -0.098609
v 0.514439 0.517287 0.171977
v 0.518773 0.510610 -0.112159
v 0.518985 0.518614 -0.172876
v 0.520449 0.423089 -0.165355
v 0.522320 0.437977 0.164424
v 0.519714 0.399459 -0.121296
v 0.519783 0.409443 0.119569
v 0.524543 0.373635 -0.158849
v 0.528062 0.339935 0.158036
v 0.518219 0.342223 0.167186
v 0.527853 0.277353 0.183806
v 0.527154 0.264665 -0.185420
v 0.516704 0.224424 0.178466
v 0.529628 0.206020 0.112393
v 0.524896 0.187886 0.180023
v 0.531244 0.183887 -0.186165
v 0.527601 0.153719 -0.101489
v 0.520302 0.148982 0.104674
v 0.522503 0.114206 0.194242
v 0.522909 0.107514 -0.184300
v 0.522390 0.107665 0.183240
v 0.522646 0.108651 0.125954
v 0.510765 1.734040 0.037519
v 0.513454 1.620040 0.110062
v 0.500312 1.377645 0.232428
v 0.498555 1.226176 0.268450
v 0.522465 1.024624 0.260527
v 0.516446 0.945945 -0.230513
v 0.513443 0.906253 -0.221864
v 0.519496 0.927514 -0.039057
v 0.508131 0.926213 0.034596
v 0.513230 0.931607 0.054446
v 0.523570 0.871983 0.088920
v 0.515707 0.794261 0.093761
v 0.521310 0.705481 -0.099620
v 0.507362 0.719720 0.095244
v 0.520995 0.678815 0.184665
v 0.519843 0.656124 0.183265
v 0.508645 0.653067 0.102996
v 0.505736 0.609465 -0.100034
v 0.506132 0.562258 -0.098202
v 0.514078 0.563169 0.098680
v 0.509419 0.549331 0.178456
v 0.519011 0.511270 0.111135
v 0.512716 0.489131 -0.170869
v 0.524350 0.483874 0.165763
v 0.518039 0.431597 -0.117883
v 0.519917 0.448945 0.115982
v 0.517873 0.390231 -0.165721
v 0.520855 0.375230 0.162323
v 0.521844 0.366814 -0.123514
v 0.519142 0.367131 0.120472
v 0.514995 0.331266 -0.117349
v 0.519278 0.330936 0.118371
v 0.508591 0.293138 0.181775
v 0.517598 0.287997 0.106259
v 0.510758 0.281024 -0.185611
v 0.519576 0.264514 -0.103498
v 0.519356 0.262720 0.102631
v 0.510138 0.248312 -0.186587
v 0.518828 0.228191 -0.110960
v 0.508060 0.242172 0.184473
v 0.519323 0.226030 0.110824
v 0.512079 0.202391 0.174089
v 0.513981 0.178700 0.114991
v 0.530608 0.181592 -0.108315
v 0.516337 0.134033 -0.116283
v 0.522032 0.114215 -0.194113
v 0.520354 0.109480 -0.136278
v 0.516427 0.112034 -0.130170
v 0.504165 1.746517 -0.019964
v 0.501178 1.653325 0.083159
v 0.502477 1.543949 -0.151317
v 0.505319 1.319584 -0.250764
v 0.495750 1.289708 0.254988
v 0.508868 1.115820 0.274825
v 0.502010 1.019817 -0.258039
v 0.506236 1.014182 0.256593
v 0.512074 0.931637 -0.059795
v 0.507982 0.930467 0.064053
v 0.511566 0.906989 0.080339
v 0.509261 0.847220 -0.215340
v 0.510373 0.856758 0.215837
v 0.504387 0.850703 -0.095141
v 0.510305 0.656869 -0.182248
v 0.512981 0.576694 -0.184123
v 0.503954 0.491103 0.110604
v 0.505655 0.450795 -0.113216
v 0.503833 0.452489 0.111809
v 0.510517 0.430948 0.115929
v 0.510300 0.407499 0.169067
v 0.512845 0.430995 -0.169736
v 0.512304 0.356019 -0.118353
v 0.506503 0.347994 0.171621
v 0.510034 0.346433 -0.171541
v 0.511870 0.325836 0.115417
v 0.510581 0.308761 -0.177632
v 0.518641 0.299351 -0.111184
v 0.506276 0.277801 0.101204
v 0.499250 0.326068 0.175043
v 0.502072 0.267111 -0.187403
v 0.507260 0.241607 -0.104525
v 0.506426 0.240080 0.104176
v 0.499011 0.213607 -0.118876
v 0.506309 0.199863 0.118310
v 0.511229 0.185139 -0.118859
v 0.513766 0.184530 0.175417
v 0.510215 0.175089 -0.176703
v 0.510911 0.145067 0.111469
v 0.515861 0.135722 -0.189536
v 0.512299 0.129142 0.182858
v 0.513138 0.132319 0.120003
v 0.522720 0.115361 -0.114817
v 0.513804 0.114191 -0.175632
v 0.511851 0.115094 -0.147833
v 0.515252 0.113997 0.127983
v 0.512414 0.114165 0.167162
v 0.502416 1.771026 0.001258
v 0.499253 1.762696 -0.009182
v 0.501068 1.651986 -0.084889
v 0.489208 1.434513 0.204770
v 0.499877 1.155024 0.275895
v 0.513338 1.120758 -0.275946
v 0.486314 1.116854 -0.275850
v 0.497163 1.052575 0.259376
v 0.502699 0.989376 -0.248667
v 0.499704 0.930018 0.217678
v 0.487847 0.918453 0.000798
v 0.484076 0.919908 0.015551
v 0.510625 0.907556 -0.081168
v 0.506329 0.900489 0.216550
v 0.512032 0.835760 0.093410
v 0.498713 0.725188 -0.095413
v 0.505028 0.681114 0.180977
v 0.506915 0.680967 -0.182691
v 0.502242 0.671314 0.101785
v 0.496659 0.605590 0.179550
v 0.498722 0.607448 0.098971
v 0.506976 0.584386 0.182716
v 0.501231 0.578061 -0.182420
v 0.500334 0.583747 0.095567
v 0.502268 0.513463 0.108494
v 0.500795 0.508769 -0.110471
v 0.499515 0.376244 0.172078
v 0.507630 0.391588 -0.118412
v 0.508822 0.375053 0.117888
v 0.501000 0.350919 -0.173478
v 0.500662 0.214557 0.117143
v 0.505883 0.149373 0.181485
v 0.511996 0.144482 -0.111217
v 0.503059 0.145149 -0.179098
v 0.503066 0.139467 0.175358
v 0.507241 0.126907 -0.169230
v 0.506996 0.126642 -0.136241
v 0.506993 0.125382 0.136817
v 0.506121 0.126736 0.160647
v 0.491267 1.762887 -0.003369
v 0.492690 1.567582 -0.134640
v 0.508969 1.422795 -0.210733
v 0.470388 1.410357 -0.221424
v 0.503031 1.283107 -0.257549
v 0.491773 1.220926 -0.270546
v 0.495625 1.156801 -0.276751
v 0.483365 1.083359 -0.270374
v 0.489218 1.049715 -0.258514
v 0.489030 0.948909 0.220350
v 0.499130 0.910102 -0.213568
v 0.495121 0.929212 -0.078594
v 0.484514 0.920923 -0.021718
v 0.494632 0.842173 -0.205331
v 0.498529 0.844904 0.207578
v 0.498935 0.761471 0.195278
v 0.493977 0.748081 -0.191593
v 0.497561 0.581927 -0.096526
v 0.497835 0.563385 0.096666
v 0.499389 0.508972 -0.171229
v 0.495241 0.513770 0.170155
v 0.510238 0.489124 0.170456
v 0.502159 0.454200 -0.172487
v 0.498236 0.446031 0.171187
v 0.494675 0.424950 -0.118254
v 0.504376 0.284116 -0.103593
v 0.509255 0.216158 -0.176051
v 0.493700 0.213728 0.169820
v 0.506116 0.198429 -0.171248
v 0.487136 0.203969 0.156946
v 0.495733 0.186068 -0.130588
v 0.498744 0.187833 0.125799
v 0.498700 0.187991 0.161582
v 0.500536 0.170884 -0.165047
v 0.500521 0.160691 0.124888
v 0.504547 0.173787 0.169632
v 0.498835 0.141351 -0.130523
v 0.498738 0.140201 0.131211
v 0.495118 0.140719 -0.146224
v 0.497699 0.137703 -0.162890
v 0.496373 0.136961 0.153132
v 0.491444 1.571378 0.131287
v 0.489328 1.486498 0.183226
v 0.484044 1.491438 -0.181055
v 0.501204 1.323717 0.248620
v 0.476415 1.095985 0.271605
v 0.487999 1.077735 0.267795
v 0.481525 1.023594 0.252317
v 0.479418 0.984316 0.239392
v 0.499957 0.949062 -0.225857
v 0.507473 0.948270 0.226830
v 0.481756 0.937031 0.071379
v 0.496029 0.926881 0.078456
v 0.489977 0.917910 0.207437
v 0.471238 0.926750 -0.089098
v 0.491946 0.887246 0.094427
v 0.491508 0.878787 0.202099
v 0.495058 0.860992 0.095743
v 0.490090 0.828953 0.198285
v 0.487307 0.796951 -0.193628
v 0.492157 0.763019 0.093888
v 0.489419 0.751632 0.188268
v 0.491091 0.717574 0.096023
v 0.492489 0.666215 -0.173119
v 0.490208 0.666560 0.170738
v 0.501235 0.659162 -0.104099
v 0.501285 0.660082 0.177536
v 0.487988 0.602300 -0.176457
v 0.488819 0.574968 -0.177318
v 0.493585 0.566059 0.177514
v 0.490267 0.554444 -0.099861
v 0.493217 0.413153 0.117901
v 0.492325 0.355068 -0.173644
v 0.492517 0.370523 -0.119308
v 0.491772 0.363151 0.117926
v 0.490869 0.303153 0.106460
v 0.488111 0.290817 -0.106874
v 0.500120 0.267816 -0.100740
v 0.492533 0.254426 0.100745
v 0.494956 0.251216 -0.102090
v 0.491269 0.243495 0.183801
v 0.494122 0.239383 -0.184504
v 0.492382 0.228823 0.178828
v 0.498116 0.193138 -0.163209
v 0.491211 0.189665 -0.149533
v 0.491995 0.187973 0.136211
v 0.493723 0.183672 0.149407
v 0.495286 0.173381 -0.148733
v 0.495584 0.171786 0.136821
v 0.496098 0.168081 0.154372
v 0.496796 0.175909 -0.131964
v 0.495544 0.146489 0.161941
v 0.494726 0.146245 -0.159926
v 0.494399 0.144601 0.145934
v 0.484451 1.756965 0.004128
v 0.464077 1.730256 -0.012751
v 0.500381 1.741701 0.020359
v 0.482403 1.439586 -0.202697
v 0.467882 1.409177 0.220865
v 0.485058 1.391457 -0.228923
v 0.467628 1.041723 0.250521
v 0.489379 0.936342 -0.064939
v 0.510393 0.930605 0.047108
v 0.492556 0.888356 -0.204862
v 0.482543 0.870794 -0.191633
v 0.482227 0.865666 -0.100240
v 0.486350 0.816034 -0.095405
v 0.486276 0.822784 0.094905
v 0.482109 0.675801 0.166632
v 0.485613 0.658956 -0.107057
v 0.488253 0.660213 0.105003
v 0.477781 0.602414 -0.104295
v 0.485247 0.585925 -0.099221
v 0.485296 0.585880 0.098200
v 0.484166 0.575975 0.173678
v 0.489256 0.555132 0.099006
v 0.485671 0.515195 -0.167373
v 0.482727 0.531292 -0.107811
v 0.487475 0.479298 -0.167592
v 0.470027 0.465600 0.116254
v 0.491240 0.481047 0.168057
v 0.487163 0.401771 -0.171521
v 0.485958 0.343489 0.172175
v 0.481861 0.327526 0.111936
v 0.494663 0.314018 -0.178062
v 0.487729 0.283292 0.105717
v 0.488774 0.264047 -0.103549
v 0.481254 0.279312 -0.181125
v 0.493049 0.210467 -0.167779
v 0.483533 0.213259 0.124856
v 0.487721 0.195194 -0.137675
v 0.481070 0.206539 0.132530
v 0.464175 1.733585 0.009843
v 0.474284 1.718356 -0.021775
v 0.469476 1.692036 -0.043575
v 0.477718 1.607768 -0.104537
v 0.468125 1.547293 0.141123
v 0.465033 1.366591 0.235333
v 0.466194 1.267286 -0.260756
v 0.474867 1.133023 0.274823
v 0.473636 1.014306 -0.249172
v 0.460475 1.004802 0.241251
v 0.465068 0.983988 -0.235400
v 0.477368 0.935611 -0.077582
v 0.480688 0.924869 0.085064
v 0.466815 0.924154 0.036167
v 0.474130 0.908728 -0.191028
v 0.487049 0.889973 -0.096435
v 0.474645 0.891449 0.102316
v 0.478622 0.867344 0.101099
v 0.475926 0.782793 0.179191
v 0.475804 0.780499 0.097532
v 0.477268 0.742109 -0.177028
v 0.479503 0.729213 0.098714
v 0.476970 0.741734 0.175652
v 0.484215 0.726085 -0.097941
v 0.479334 0.676496 -0.165095
v 0.474570 0.656224 -0.159473
v 0.478353 0.614924 0.167773
v 0.475276 0.600535 0.104428
v 0.478271 0.567832 0.103012
v 0.482139 0.525028 0.108471
v 0.470138 0.503958 -0.114274
v 0.480443 0.496570 0.162222
v 0.479883 0.442488 0.115568
v 0.477618 0.439040 -0.117057
v 0.476576 0.403892 0.117342
v 0.486378 0.397686 0.170465
v 0.477267 0.400431 -0.118279
v 0.479260 0.328655 -0.171989
v 0.483943 0.320049 -0.111273
v 0.485994 0.307562 0.176443
v 0.478920 0.266559 -0.102688
v 0.477216 0.263961 0.101569
v 0.502586 0.267266 0.186678
v 0.474828 0.238249 0.105770
v 0.477369 0.229840 -0.175243
v 0.475561 0.235993 -0.107830
v 0.474231 0.230700 0.173091
v 0.484203 0.211895 -0.126765
v 0.479927 0.205124 -0.152618
v 0.480660 0.202517 0.143013
v 0.466315 1.742654 -0.004021
v 0.475536 1.719841 0.020697
v 0.471689 1.699595 0.036607
v 0.461435 1.679492 0.047682
v 0.477426 1.665525 -0.065979
v 0.457674 1.661238 0.060055
v 0.475166 1.506876 0.169752
v 0.472595 1.170939 -0.274860
v 0.480849 0.942338 -0.211887
v 0.457924 0.940410 0.073600
v 0.464717 0.935253 0.084984
v 0.469528 0.918055 0.094485
v 0.471105 0.896947 -0.105162
v 0.462698 0.899589 0.172644
v 0.471257 0.832646 -0.102037
v 0.471232 0.833766 0.101114
v 0.464780 0.805858 0.164597
v 0.473608 0.783809 -0.177051
v 0.475661 0.779592 -0.098583
v 0.470588 0.703674 -0.110300
v 0.472134 0.661674 -0.114119
v 0.473732 0.662131 0.111562
v 0.471439 0.606757 -0.163830
v 0.478449 0.569038 -0.103830
v 0.469467 0.546947 -0.108714
v 0.476211 0.519988 -0.161483
v 0.478298 0.522334 0.162718
v 0.468676 0.501384 0.114288
v 0.476950 0.482230 -0.160228
v 0.470625 0.462625 -0.117333
v 0.477620 0.386015 -0.168352
v 0.464336 0.404146 -0.119443
v 0.462440 0.395082 0.118981
v 0.471965 0.383976 0.163692
v 0.476086 0.347461 -0.115960
v 0.476095 0.344760 0.114873
v 0.472338 0.319501 0.168510
v 0.473249 0.256227 0.179984
v 0.471689 0.254775 -0.180477
v 0.460439 0.257145 -0.107063
v 0.473950 0.224196 -0.119259
v 0.472089 0.216759 -0.132152
v 0.458915 0.223350 0.155417
v 0.471185 1.517140 -0.163167
v 0.463955 1.368306 -0.235722
v 0.449323 1.334678 -0.242903
v 0.456918 1.321790 0.245562
v 0.471228 1.271535 0.259022
v 0.477686 1.165480 0.274491
v 0.462359 1.070559 0.262226
v 0.445355 0.985433 0.225640
v 0.458045 0.970382 0.221085
v 0.462772 0.937098 0.193660
v 0.462319 0.922274 -0.099401
v 0.476023 0.907636 0.191617
v 0.466380 0.892872 -0.175551
v 0.465451 0.873631 -0.110826
v 0.465130 0.879621 0.110568
v 0.465883 0.771431 -0.104117
v 0.466500 0.772001 0.102659
v 0.467778 0.735215 -0.163342
v 0.468646 0.702868 0.111964
v 0.467860 0.734907 0.162411
v 0.468956 0.679627 -0.152917
v 0.472897 0.665135 0.155110
v 0.464603 0.617326 0.112789
v 0.465637 0.601712 0.157293
v 0.464241 0.578531 0.109024
v 0.472154 0.573683 -0.165747
v 0.464105 0.536787 0.110889
v 0.469725 0.574945 0.162791
v 0.458886 0.519141 -0.143684
v 0.458722 0.518477 0.142407
v 0.460449 0.430225 -0.148628
v 0.475461 0.451461 0.160552
v 0.464390 0.332623 -0.162635
v 0.456535 0.334020 0.118809
v 0.463652 0.287981 -0.170169
v 0.461531 0.288328 0.111321
v 0.461715 0.287177 -0.111911
v 0.457599 0.270299 0.169766
v 0.457102 0.224366 0.134348
v 0.456653 1.703554 -0.019997
v 0.458936 1.704731 0.019543
v 0.465313 1.600510 0.104092
v 0.446321 1.477678 0.177801
v 0.452177 1.462507 -0.187345
v 0.437310 1.438713 0.201345
v 0.484065 1.214856 0.270185
v 0.452936 1.106396 -0.271469
v 0.459838 1.043136 -0.248801
v 0.461643 1.050963 0.252073
v 0.453450 0.938352 -0.093322
v 0.461281 0.926888 -0.186900
v 0.461568 0.904835 0.110351
v 0.462513 0.896648 -0.114140
v 0.457505 0.896522 -0.159167
v 0.462397 0.885568 0.167453
v 0.458091 0.836311 0.111665
v 0.460228 0.831328 -0.110295
v 0.460835 0.800216 -0.160077
v 0.459422 0.763725 -0.111937
v 0.459270 0.772192 0.110285
v 0.456224 0.761612 0.116848
v 0.464864 0.690070 0.144606
v 0.462535 0.702750 -0.125040
v 0.462804 0.676791 0.136677
v 0.464296 0.671222 -0.125429
v 0.463015 0.645185 -0.144146
v 0.462811 0.642177 0.121479
v 0.460684 0.644619 0.130043
v 0.463166 0.645161 0.143495
v 0.462111 0.635727 -0.121654
v 0.460875 0.646538 -0.131480
v 0.464637 0.615821 -0.113473
v 0.460431 0.601381 -0.151404
v 0.464094 0.577805 -0.110173
v 0.458068 0.559039 -0.149273
v 0.460685 0.541410 -0.114104
v 0.459840 0.499951 0.119914
v 0.459588 0.498167 -0.121784
v 0.461963 0.461102 0.120706
v 0.462043 0.457725 -0.121474
v 0.458129 0.430519 0.145072
v 0.450853 0.378917 -0.145202
v 0.460941 0.335593 -0.118671
v 0.459807 0.332189 0.157762
v 0.456656 0.269402 -0.110411
v 0.458982 0.262180 0.107032
v 0.461133 0.247920 0.173518
v 0.457021 0.238388 -0.118386
v 0.459412 0.234780 0.117811
v 0.455915 0.223916 -0.153913
v 0.452656 0.226164 0.146941
v 0.446916 1.720548 -0.001616
v 0.452011 1.719213 0.009583
v 0.443757 1.666478 -0.051553
v 0.456725 1.603436 -0.100853
v 0.450512 1.566112 -0.125572
v 0.431736 1.552997 -0.128482
v 0.445795 1.511627 0.159059
v 0.459056 1.065056 -0.260311
v 0.463390 0.942563 -0.200542
v 0.448933 0.944454 -0.184279
v 0.452825 0.941706 -0.079218
v 0.461544 0.938995 -0.069409
v 0.452227 0.936704 0.063372
v 0.442194 0.943477 0.097424
v 0.469160 0.926859 -0.043181
v 0.452082 0.935956 0.098073
v 0.452026 0.927564 -0.172456
v 0.449966 0.925972 -0.118241
v 0.453060 0.924061 0.112607
v 0.456906 0.905525 -0.120907
v 0.421436 0.912172 0.009073
v 0.454428 0.925958 0.175952
v 0.456176 0.886203 0.124741
v 0.456009 0.829209 -0.155844
v 0.453292 0.835293 -0.118745
v 0.455288 0.828219 0.154038
v 0.450192 0.836231 0.124295
v 0.453700 0.773151 0.143909
v 0.452227 0.770483 -0.139767
v 0.464510 0.690233 0.123141
v 0.461749 0.702610 -0.138571
v 0.460743 0.707895 0.131375
v 0.462830 0.675912 -0.137614
v 0.452701 0.586785 -0.138207
v 0.452426 0.585623 0.134816
v 0.455800 0.590354 0.144261
v 0.451525 0.576200 -0.128835
v 0.451885 0.574635 0.124665
v 0.454665 0.576315 -0.119823
v 0.454047 0.555199 0.118432
v 0.454504 0.545963 -0.119856
v 0.459908 0.485499 -0.143273
v 0.456203 0.491118 -0.130990
v 0.457740 0.487550 0.126718
v 0.460093 0.490549 0.142272
v 0.455705 0.440280 -0.128283
v 0.455869 0.431444 -0.142231
v 0.454379 0.425274 0.127274
v 0.455671 0.396972 0.122895
v 0.451220 0.351173 -0.125153
v 0.450500 0.379653 0.143262
v 0.451003 0.331043 -0.151181
v 0.453925 0.313376 -0.119078
v 0.451031 0.312683 0.119847
v 0.456994 0.270583 -0.170304
v 0.460817 0.247045 -0.174226
v 0.450913 0.248574 -0.118808
v 0.446744 0.241995 -0.154888
v 0.462604 0.218780 -0.136025
v 0.452407 1.717071 -0.012067
v 0.427121 1.676200 0.033236
v 0.440689 1.510894 -0.159314
v 0.427793 1.157782 0.269224
v 0.443820 1.114029 0.270153
v 0.426127 1.083243 0.259543
v 0.441742 0.971791 0.209416
v 0.445954 0.954589 0.190253
v 0.441612 0.940060 -0.115841
v 0.442190 0.932036 -0.057819
v 0.446745 0.938550 0.160674
v 0.454609 0.907512 -0.152772
v 0.449433 0.922611 -0.136940
v 0.453030 0.913026 0.128187
v 0.453574 0.916722 0.158687
v 0.453522 0.900726 -0.137012
v 0.454245 0.899980 0.149401
v 0.422004 0.911949 -0.008200
v 0.454466 0.883215 -0.128762
v 0.452918 0.884082 0.138719
v 0.448562 0.836045 0.133578
v 0.449932 0.829138 0.143114
v 0.448656 0.834844 -0.131866
v 0.450121 0.825026 -0.144946
v 0.452371 0.763867 0.130332
v 0.453359 0.764702 -0.124836
v 0.455210 0.551613 0.143534
v 0.452400 0.544725 -0.137378
v 0.451449 0.542681 0.131822
v 0.451912 0.540567 -0.128843
v 0.456820 0.485753 0.133620
v 0.455248 0.446216 -0.135324
v 0.453865 0.428860 0.137394
v 0.450222 0.394270 0.133956
v 0.446386 0.348987 -0.136460
v 0.453797 0.402517 -0.126227
v 0.448345 0.342161 0.127705
v 0.449050 0.333837 0.147363
v 0.445751 0.314715 -0.126944
v 0.446539 0.281484 -0.156679
v 0.450715 0.285430 0.159497
v 0.445184 0.276269 0.121875
v 0.451244 0.247740 0.117503
v 0.447529 0.236936 -0.134008
v 0.448728 0.234771 0.133370
v 0.446773 0.234167 -0.146481
v 0.433695 1.710696 0.005228
v 0.439798 1.693274 -0.020048
v 0.439263 1.692850 0.018564
v 0.426687 1.654835 0.053432
v 0.461066 1.452076 0.193242
v 0.433974 1.442092 -0.199715
v 0.428392 1.367499 -0.230711
v 0.435438 1.359537 0.233184
v 0.427546 1.311684 -0.248114
v 0.433069 1.255293 -0.261389
v 0.445426 1.139799 -0.272686
v 0.422183 1.074558 -0.255618
v 0.449160 0.999898 -0.235994
v 0.433456 1.003274 0.227505
v 0.435577 0.993075 -0.224931
v 0.439372 0.965544 -0.199011
v 0.438311 0.963066 0.179821
v 0.443334 0.938077 0.142983
v 0.448077 0.930268 -0.146713
v 0.449561 0.922790 0.137577
v 0.392230 0.925625 0.055820
v 0.412194 0.916177 -0.030417
v 0.414914 0.916813 0.030733
v 0.446667 0.343902 -0.142846
v 0.445924 0.336296 0.141910
v 0.445456 0.336132 0.134805
v 0.441359 0.298756 -0.144522
v 0.441046 0.292049 0.130531
v 0.440987 0.293355 0.143692
v 0.443927 0.263252 -0.157009
v 0.446268 0.281937 -0.121954
v 0.444515 0.262745 0.156981
v 0.443960 0.249957 0.129791
v 0.444483 0.253692 -0.127678
v 0.445481 0.239011 0.149978
v 0.433975 1.711290 -0.005505
v 0.427477 1.682386 -0.026404
v 0.422642 1.665627 -0.043642
v 0.425505 1.651635 -0.056800
v 0.423974 1.471617 -0.178688
v 0.434972 1.406536 -0.219045
v 0.424514 1.305829 0.248528
v 0.420359 1.029563 -0.229366
v 0.416259 1.028608 0.226216
v 0.438485 0.963199 -0.181434
v 0.443752 0.940856 -0.152922
v 0.428663 0.950374 -0.095989
v 0.428533 0.944925 -0.081708
v 0.432186 0.948828 0.095073
v 0.440564 0.290037 -0.134197
v 0.440767 0.258132 -0.145374
v 0.440956 0.259624 0.145130
v 0.427469 1.701349 -0.004524
v 0.427592 1.701075 0.003951
v 0.430504 1.244546 0.262056
v 0.415947 1.118717 -0.265751
v 0.421569 0.990815 -0.209289
v 0.422333 0.979562 -0.171241
v 0.425440 0.976041 0.172005
v 0.415224 0.978660 -0.150466
v 0.419710 0.965581 -0.133803
v 0.438920 0.943030 0.126820
v 0.421166 0.957743 -0.114571
v 0.429296 0.946337 0.082822
v 0.425458 0.955950 0.118925
v 0.414576 1.687265 0.006054
v 0.419059 1.679387 0.024914
v 0.422140 1.594868 0.098239
v 0.437021 1.551150 0.130015
v 0.424159 1.473429 0.176587
v 0.411926 1.255399 -0.258705
v 0.420406 1.220344 -0.265320
v 0.425238 1.195873 0.267337
v 0.419367 1.182373 -0.268483
v 0.408461 1.046366 -0.232742
v 0.412444 1.007828 0.213223
v 0.419946 0.987170 0.200029
v 0.420700 0.971032 0.147934
v 0.415943 0.969278 0.134118
v 0.413890 1.686910 -0.006592
v 0.410949 1.675941 -0.027406
v 0.413585 1.498541 -0.161007
v 0.435076 1.406616 0.218062
v 0.408844 1.259795 0.256274
v 0.406533 1.197980 0.264086
v 0.410626 1.108239 0.261184
v 0.419142 1.092065 -0.261337
v 0.403719 1.029759 0.218741
v 0.418596 0.986833 -0.194471
v 0.410058 0.994852 -0.166274
v 0.414057 0.961299 0.115207
v 0.382015 1.533628 -0.131291
v 0.408799 1.338647 0.237189
v 0.404738 1.323152 -0.241795
v 0.401784 1.199807 -0.263533
v 0.409741 1.148888 0.265565
v 0.413057 1.072101 0.250070
v 0.406390 1.023100 -0.218438
v 0.409909 0.959159 -0.109595
v 0.407478 0.958058 0.106637
v 0.400409 1.678654 -0.013602
v 0.388571 1.638258 -0.059840
v 0.411543 1.599890 -0.093275
v 0.407128 1.501566 0.156977
v 0.371885 1.433765 -0.193778
v 0.390326 1.407085 -0.208774
v 0.386500 1.365643 -0.224112
v 0.405755 1.159039 -0.265935
v 0.404031 1.072753 -0.246507
v 0.408613 1.047976 0.232899
v 0.397447 1.022181 0.201270
v 0.401237 1.013422 -0.192563
v 0.406912 1.000767 -0.176106
v 0.409053 0.996200 0.166378
v 0.402003 1.008026 0.179399
v 0.401764 0.986806 -0.151868
v 0.402227 0.986168 0.149906
v 0.402220 1.679497 0.011585
v 0.379738 1.668112 0.023237
v 0.371127 1.423819 0.197653
v 0.407112 1.388861 0.217520
v 0.379152 1.246539 0.250516
v 0.393973 1.029006 -0.205095
v 0.391808 1.026536 0.199403
v 0.397670 1.005654 -0.174325
v 0.386242 0.970114 0.128621
v 0.375153 1.654933 0.040673
v 0.369102 1.484647 -0.160436
v 0.362812 1.451898 -0.182153
v 0.391446 1.400022 0.210841
v 0.378623 1.332073 0.232492
v 0.375054 1.246292 -0.250591
v 0.374124 1.188868 -0.255942
v 0.377768 1.182045 0.256233
v 0.384472 1.122326 -0.253629
v 0.380347 1.099973 -0.245120
v 0.383574 1.105193 0.247655
v 0.383935 1.074950 0.233980
v 0.388652 1.046378 -0.217980
v 0.388946 1.045119 0.216010
v 0.394747 1.001673 0.168327
v 0.375353 0.912193 -0.018812
v 0.373679 0.910331 0.003965
v 0.373070 1.671213 0.008476
v 0.385536 1.640617 0.056340
v 0.360223 1.623599 -0.065335
v 0.376740 1.316967 -0.236620
v 0.383464 1.139155 0.255443
v 0.384254 1.024848 0.195232
v 0.384296 1.023991 -0.195387
v 0.379368 1.001662 -0.173014
v 0.358298 0.914188 0.027510
v 0.366896 1.660764 -0.030839
v 0.362859 1.617906 0.069880
v 0.367153 1.600143 -0.083790
v 0.369105 1.559446 0.111025
v 0.365435 1.560989 -0.110302
v 0.363725 1.350425 0.226376
v 0.365003 1.354488 -0.226097
v 0.378425 1.151965 -0.256201
v 0.364411 1.143146 0.252267
v 0.371078 1.115846 0.247732
v 0.379795 1.076991 -0.234153
v 0.371774 1.075349 0.232332
v 0.374215 1.052719 -0.220073
v 0.370022 1.044779 0.213100
v 0.369899 1.020490 -0.193765
v 0.385781 0.974027 -0.135314
v 0.367841 0.921030 -0.049898
v 0.339933 0.918742 0.042157
v 0.371082 1.669705 -0.012603
v 0.361591 1.449828 0.182284
v 0.349171 1.396403 0.209635
v 0.351978 1.397890 -0.210192
v 0.360483 1.239796 0.250481
v 0.366112 1.183028 0.254824
v 0.366566 1.132019 -0.251697
v 0.365360 1.102316 -0.244361
v 0.357137 1.066418 0.229644
v 0.361230 1.045974 -0.217217
v 0.370283 1.020255 0.192486
v 0.336288 0.992856 0.173803
v 0.341200 1.645189 0.039056
v 0.379272 1.534178 0.129342
v 0.370442 1.483266 0.160546
v 0.354019 1.305894 -0.238785
v 0.352080 1.298549 0.239503
v 0.353842 1.248852 -0.250577
v 0.353041 1.195209 -0.255819
v 0.351009 1.176677 0.255591
v 0.406078 0.926061 -0.054813
v 0.339003 1.653855 0.024059
v 0.355909 1.643637 -0.046923
v 0.347481 1.199052 0.255577
v 0.347426 1.170840 -0.257135
v 0.333989 0.951046 -0.110955
v 0.338720 1.653619 -0.025252
v 0.332001 1.654977 -0.011361
v 0.338881 1.658731 0.006334
v 0.320314 1.559589 -0.101091
v 0.346069 1.251830 0.250186
v 0.331053 1.130598 -0.256481
v 0.336109 0.992415 -0.174249
v 0.334217 0.923246 0.054690
v 0.333247 1.527863 0.127425
v 0.337944 1.524588 -0.131604
v 0.326264 1.500046 -0.144727
v 0.325069 1.437626 -0.188926
v 0.328251 1.337356 -0.232877
v 0.326732 0.968313 0.141908
v 0.321539 0.956131 0.120917
v 0.315332 1.636937 -0.035647
v 0.319445 1.624986 -0.050549
v 0.318835 1.623430 0.050649
v 0.357284 1.596876 0.082831
v 0.308018 1.459795 -0.173981
v 0.322931 1.412231 0.202101
v 0.332034 1.335324 0.232211
v 0.359626 1.152560 -0.254468
v 0.352511 1.115310 0.248443
v 0.337183 1.092887 0.244444
v 0.329016 0.965172 -0.137437
v 0.341176 0.935506 0.080731
v 0.333287 1.496265 0.147215
v 0.294388 1.457520 0.174221
v 0.316359 1.438910 0.187102
v 0.328068 1.370330 -0.221704
v 0.312555 1.285406 -0.248982
v 0.319993 1.149878 0.260073
v 0.349176 1.072177 -0.235020
v 0.319549 1.032592 -0.219390
v 0.290527 1.015459 0.211188
v 0.342525 0.915784 -0.032577
v 0.300653 1.582012 -0.078578
v 0.307150 1.579114 0.081995
v 0.286489 1.475965 0.159982
v 0.299486 1.411595 -0.204007
v 0.329850 1.363182 0.223120
v 0.276942 1.311285 -0.247449
v 0.289292 1.293876 0.249693
v 0.349467 1.233985 -0.253804
v 0.265926 1.041503 0.237199
v 0.297636 1.008740 -0.203571
v 0.306328 1.640247 0.018617
v 0.306933 1.630172 0.037281
v 0.294599 1.365971 -0.226198
v 0.302935 1.374007 0.220970
v 0.285352 1.249956 -0.262747
v 0.338229 1.101798 -0.248083
v 0.267854 1.026417 -0.227414
v 0.303355 1.641012 0.003382
v 0.291154 1.504784 -0.137168
v 0.315275 0.915472 -0.022629
v 0.322875 1.558078 0.101849
v 0.263024 1.472028 -0.162987
v 0.270920 1.394681 0.213705
v 0.226374 1.118761 0.273713
v 0.294908 1.053513 -0.238255
v 0.294409 1.030377 0.223243
v 0.288023 0.996662 -0.192629
v 0.287974 0.997693 0.192857
v 0.274194 0.950787 0.118911
v 0.269632 0.947469 -0.113219
v 0.323875 0.912729 0.002728
v 0.305158 1.639270 -0.020168
v 0.255023 1.607199 0.020530
v 0.264070 1.592722 -0.052541
v 0.261380 1.378725 -0.223706
v 0.266978 1.331206 -0.242702
v 0.271152 1.243743 0.265206
v 0.245830 1.084015 0.260729
v 0.249392 1.081356 -0.259832
v 0.253753 1.608998 -0.010243
v 0.258839 1.503878 0.133214
v 0.258468 1.437562 -0.189329
v 0.284057 0.927464 -0.064020
v 0.274665 1.571843 -0.078384
v 0.272532 1.561683 0.086118
v 0.246272 1.531118 -0.109351
v 0.251414 1.414960 0.203102
v 0.207617 1.289654 0.266752
v 0.252618 1.603658 -0.026618
v 0.251976 1.598157 0.035793
v 0.272138 1.593346 0.055643
v 0.226840 1.529080 0.106215
v 0.236994 1.362961 0.233230
v 0.268040 0.935486 0.084571
v 0.239290 1.560096 -0.078066
v 0.286254 1.506324 0.134408
v 0.209911 1.288687 -0.267424
v 0.258548 1.037555 -0.237265
v 0.250052 1.573431 0.065406
v 0.255301 1.326371 0.245083
v 0.215058 1.216161 0.279105
v 0.219807 1.175684 -0.281201
v 0.219118 1.123287 -0.276801
v 0.236444 0.980306 0.181001
v 0.231983 0.957694 0.144096
v 0.229446 0.920507 0.002766
v 0.233430 1.597222 0.007963
v 0.238303 1.589861 -0.037889
v 0.253677 1.501867 -0.135641
v 0.235151 1.452414 -0.178808
v 0.210058 1.351344 -0.243004
v 0.224089 1.098414 -0.270327
v 0.244110 0.985261 -0.187371
v 0.221690 1.435586 0.191091
v 0.220430 1.203338 -0.280377
v 0.215612 1.147516 0.279747
v 0.213007 1.147688 -0.281127
v 0.240020 0.961503 -0.151131
v 0.217335 0.947118 0.115851
v 0.219897 1.460552 0.171210
v 0.245910 1.406068 -0.210152
v 0.238618 0.923474 0.036660
v 0.223001 1.590667 -0.016547
v 0.198884 1.334765 0.250913
v 0.211250 1.014020 -0.226551
v 0.218368 1.023499 0.232275
v 0.203920 1.008589 0.221149
v 0.226148 0.922612 -0.027581
v 0.211794 1.583462 0.021963
v 0.219021 1.582002 0.034344
v 0.211897 1.569698 0.050912
v 0.197214 1.473260 -0.160740
v 0.210095 1.430331 -0.196705
v 0.168339 1.382464 0.230960
v 0.196586 1.522735 0.106402
v 0.217254 1.492295 0.141314
v 0.171098 1.376249 -0.235203
v 0.218048 1.188508 0.280454
v 0.184696 1.169549 0.286106
v 0.206331 1.069387 -0.262849
v 0.160082 0.964363 0.168863
v 0.215567 0.940054 -0.098673
v 0.210508 1.564373 -0.059633
v 0.177635 1.250248 -0.280773
v 0.201805 1.071420 0.263622
v 0.203769 1.043366 0.248013
v 0.195510 0.995785 0.207003
v 0.163096 0.963376 -0.167896
v 0.208365 0.947667 -0.119090
v 0.209144 1.551217 0.076832
v 0.196042 1.520599 -0.109534
v 0.189036 0.997238 -0.211095
v 0.219620 0.929770 0.063632
v 0.198988 1.579172 -0.020589
v 0.199996 1.581433 0.004623
v 0.188085 1.567912 -0.039785
v 0.180218 1.533651 -0.090758
v 0.174190 1.493513 -0.138376
v 0.178503 1.223595 -0.285275
v 0.205696 1.041758 -0.247732
v 0.156928 1.559846 0.038843
v 0.183310 1.318792 -0.261052
v 0.178777 1.290837 -0.270780
v 0.177932 1.102290 0.277977
v 0.177603 0.925438 -0.038155
v 0.168925 0.922384 0.001601
v 0.177401 1.566869 0.033749
v 0.102131 1.438617 0.194172
v 0.144633 1.331981 0.259988
v 0.182024 1.546956 -0.072921
v 0.170526 1.542387 0.074971
v 0.165003 1.207892 0.287817
v 0.162999 1.133812 0.286496
v 0.161343 1.101821 -0.281215
v 0.219596 0.936027 0.085755
v 0.176130 1.571852 0.014920
v 0.174481 1.519491 0.106146
v 0.178867 1.467678 0.165296
v 0.165068 1.177300 -0.289986
v 0.164724 1.138583 -0.287861
v 0.158701 1.076686 0.271894
v 0.163116 1.070422 -0.269424
v 0.143383 1.029122 0.243854
v 0.137696 0.977024 0.188053
v 0.161761 0.958731 0.156634
v 0.208047 0.955320 -0.142734
v 0.138639 1.405955 -0.219486
v 0.129139 1.414032 0.213294
v 0.138248 1.334731 -0.260409
v 0.171566 1.279324 0.273625
v 0.181544 1.242209 0.280807
v 0.128609 1.047999 -0.260122
v 0.131917 0.985707 -0.202229
v 0.142605 0.989079 0.204961
v 0.166249 0.924659 0.029707
v 0.143790 1.558169 -0.036210
v 0.139492 1.562767 0.014651
v 0.137612 1.499860 0.128173
v 0.127934 1.048862 0.259802
v 0.109632 0.941677 0.108360
v 0.144197 1.548509 -0.057259
v 0.155118 1.512583 -0.113448
v 0.161782 1.481257 0.150976
v 0.125068 1.434736 -0.197674
v 0.154451 1.007487 -0.225472
v 0.136239 1.005646 0.223516
v 0.213764 0.929517 -0.063300
v 0.108306 0.931492 0.065866
v 0.108215 0.925629 -0.025059
v 0.163410 1.568496 -0.013253
v 0.152740 1.530199 0.088328
v 0.081804 1.452056 -0.183281
v 0.113867 1.360946 -0.250625
v 0.119397 1.035790 -0.251759
v 0.145744 0.962402 -0.166228
v 0.060209 1.475313 -0.158863
v 0.120181 1.354376 0.252215
v 0.133226 1.276433 0.279010
v 0.133662 1.277874 -0.279583
v 0.132506 1.236122 -0.288958
v 0.132383 1.231248 0.288866
v 0.125177 1.162482 -0.294362
v 0.125738 1.124050 -0.290050
v 0.127951 1.561823 -0.004465
v 0.119363 1.555962 0.031188
v 0.116211 1.530045 -0.084114
v 0.114915 1.382157 -0.238231
v 0.107544 1.380354 0.239338
v 0.124974 1.202823 -0.293384
v 0.122731 1.176206 0.293914
v 0.118965 1.101898 0.284600
v 0.105209 0.952606 -0.143231
v 0.115296 1.557462 -0.024100
v 0.149228 1.531652 -0.086382
v 0.120911 1.072812 -0.274903
v 0.104682 1.506654 -0.119107
v 0.120447 1.074113 0.274515
v 0.103503 0.924507 -0.000396
v 0.095864 1.537756 0.067946
v 0.085770 1.490289 0.139875
v 0.089841 0.955751 0.150875
v 0.117637 1.548904 0.049261
v 0.114183 1.522637 0.094947
v 0.078987 1.395946 -0.231815
v 0.079644 1.257510 -0.287783
v 0.121204 1.131574 0.290750
v 0.065500 0.995628 -0.214772
v 0.066267 0.994335 0.212433
v 0.083135 1.557057 0.008040
v 0.095663 1.545125 -0.054610
v 0.083867 1.316783 -0.270010
v 0.085354 1.290117 -0.278997
v 0.084026 1.258558 0.286458
v 0.118038 1.101157 -0.285409
v 0.065381 0.982642 0.195929
v 0.106780 0.940167 -0.104028
v 0.093872 1.557185 -0.014669
v 0.058290 1.419577 -0.214399
v 0.101451 1.306183 0.272054
v 0.092075 1.223234 -0.293281
v 0.080792 1.115602 -0.291200
v 0.073519 1.047730 -0.261922
v 0.106935 0.931276 -0.065050
v 0.063561 1.413312 0.218314
v 0.096307 1.225110 0.291945
v 0.072679 1.188822 -0.297037
v 0.073495 1.183835 0.296144
v 0.065709 1.145056 0.295249
v 0.081444 1.103910 0.287468
v 0.078481 1.087010 -0.282644
v 0.055353 1.076355 0.277673
v 0.051757 1.072969 -0.277021
v 0.073061 1.045692 0.259867
v 0.061897 1.018223 0.237051
v 0.054955 1.516889 0.103812
v 0.062208 0.983776 -0.198918
v 0.059056 0.948862 0.123826
v 0.103727 0.926187 0.026402
v 0.055189 1.537671 -0.068882
v 0.053431 1.516221 -0.105842
v 0.064011 1.462274 0.172312
v 0.067466 1.396195 0.230267
v 0.073921 1.364763 0.247547
v 0.074123 1.354301 -0.254045
v 0.050740 1.316175 0.269738
v 0.068167 1.026453 -0.245496
v 0.060952 0.928953 -0.000646
v 0.052271 1.344540 0.257886
v 0.058936 0.931780 0.038017
v 0.074651 1.553501 -0.029401
v 0.064443 1.546201 0.049661
v 0.034366 1.547515 -0.048767
v 0.040930 1.392119 -0.232473
v 0.029770 1.227974 -0.292303
v 0.059140 1.212139 0.294023
v 0.071908 1.154290 -0.296801
v 0.045514 1.127622 -0.293791
v 0.059372 1.010981 -0.230923
v 0.081301 0.957031 -0.153483
v 0.059905 0.946151 -0.116108
v 0.041169 1.556389 -0.014077
v 0.068717 1.553367 0.029541
v 0.053018 1.285909 0.279473
v 0.019166 1.103261 0.287142
v 0.061681 0.939513 0.088206
v 0.010801 1.504980 0.124163
v 0.005856 1.453801 -0.185202
v 0.031084 1.398787 0.226832
v 0.025478 1.337865 -0.261449
v 0.010620 1.046325 -0.259067
v 0.062170 0.936098 -0.071549
v 0.061862 0.930811 -0.031541
v 0.029266 1.365656 0.247064
v 0.023539 1.313219 -0.271040
v 0.025789 1.281675 -0.280919
v 0.014367 1.036995 0.251113
v 0.012385 1.124392 0.291511
v 0.019979 0.964917 0.156443
v 0.017293 0.945009 0.085401
v 0.017458 0.939526 0.048535
v 0.023591 1.554269 0.028077
v 0.020221 1.532190 0.080550
v 0.027253 1.253847 0.286527
v 0.032462 0.985681 -0.199055
v 0.030090 0.984304 0.195834
v 0.057308 1.490984 -0.140607
v 0.022805 1.478063 0.157297
v 0.023452 1.183220 -0.296138
v 0.024387 0.964030 -0.156257
v 0.017675 0.937381 -0.028066
v 0.017094 1.412071 -0.218129
v 0.003579 1.027927 -0.242860
v 0.009603 1.147533 -0.295093
v 0.014151 0.979323 -0.184353
v 0.019308 0.953662 -0.125206
v 0.018504 0.942879 -0.076461
v 0.020463 0.953003 0.122505
v 0.019163 0.935609 0.004363
v 0.026981 1.453000 0.184431
v 0.015457 1.108074 -0.289331
v 0.022103 1.180682 0.295248
vn -1.0000 -0.0000 -0.0000
vn -0.0000 1.0000 -0.0000
vn -0.0000 -0.0000 1.0000
vn -0.0000 -0.0000 -1.0000
vn -0.9544 0.2409 0.1766
vn -0.9339 0.3536 -0.0536
vn -0.9791 0.1638 -0.1204
vn -0.9945 -0.0405 0.0969
vn -0.9991 -0.0387 0.0149
vn -0.9875 -0.1333 -0.0836
vn -0.9998 -0.0198 0.0003
vn -0.9749 -0.0301 -0.2205
vn -0.5719 0.0048 -0.8203
vn -0.4745 -0.1942 -0.8586
vn -0.9426 -0.3009 0.1446
vn -0.9279 -0.2202 -0.3007
vn -0.9963 0.0566 -0.0647
vn -0.9088 -0.3834 -0.1644
vn -0.9094 0.3292 -0.2541
vn -0.9125 0.2868 -0.2917
vn -0.8991 0.3467 0.2673
vn -0.8580 0.1906 0.4769
vn -0.9295 0.0961 0.3560
vn -0.6534 0.0020 0.7570
vn -0.2879 -0.1183 -0.9503
vn -0.9467 -0.2890 0.1425
vn -0.3494 -0.1256 0.9285
vn -0.2931 -0.1123 0.9494
vn -0.9299 -0.3399 -0.1408
vn -0.9481 -0.3135 0.0528
vn -0.8245 -0.5615 -0.0701
vn -0.8549 0.4873 0.1780
vn -0.7261 0.2707 0.6321
vn -0.6763 0.4594 0.5758
vn -0.4397 -0.0094 0.8981
vn -0.0445 0.0483 -0.9978
vn -0.3897 -0.2019 0.8986
vn -0.8301 -0.5267 -0.1834
vn -0.6686 -0.7197 -0.1870
vn -0.7245 -0.6281 0.2839
vn -0.8068 0.5115 -0.2957
vn -0.4040 -0.0118 0.9147
vn -0.1297 0.0366 0.9909
vn 0.3528 0.0372 0.9350
vn 0.2710 0.2359 0.9332
vn 0.3100 -0.1016 0.9453
vn -0.3346 -0.1771 0.9256
vn -0.8666 -0.3524 0.3532
vn -0.6081 -0.5769 0.5453
vn -0.7301 0.3002 -0.6139
vn -0.5390 0.4705 -0.6987
vn -0.3582 0.2304 0.9048
vn 0.1019 0.3162 -0.9432
vn 0.1643 0.2635 -0.9505
vn 0.0816 0.1941 -0.9776
vn -0.7042 -0.6076 -0.3672
vn -0.5586 -0.4831 -0.6742
vn -0.6587 -0.6480 0.3825
vn -0.5431 -0.8337 -0.0998
vn -0.6311 -0.6960 -0.3426
vn -0.3356 -0.4918 -0.8034
vn -0.4294 -0.1791 -0.8852
vn -0.5547 -0.2193 -0.8026
vn -0.7311 -0.2608 -0.6305
vn -0.6214 -0.0899 -0.7783
vn -0.7627 0.0435 -0.6453
vn -0.5587 -0.4505 0.6964
vn -0.3149 -0.4873 0.8144
vn -0.7608 -0.1023 0.6408
vn -0.4664 0.4457 0.7641
vn -0.6055 0.2083 0.7681
vn -0.4884 0.4009 0.7751
vn -0.3128 -0.2964 0.9024
vn -0.3512 -0.1617 -0.9222
vn -0.3252 -0.2857 -0.9014
vn -0.5110 -0.4494 0.7327
vn -0.5586 -0.5527 0.6184
vn -0.5035 -0.8640 -0.0068
vn -0.6273 0.4962 -0.6002
vn -0.7477 0.5472 -0.3761
vn -0.7482 0.5238 0.4073
vn -0.5478 0.4611 0.6981
vn -0.5896 0.4831 0.6473
vn -0.0085 0.0105 0.9999
vn -0.7994 -0.1552 0.5804
vn -0.6693 0.4933 -0.5556
vn -0.6443 0.0620 0.7622
vn -0.4255 -0.2471 0.8706
vn -0.4794 -0.2689 -0.8354
vn -0.4862 -0.8738 -0.0053
vn -0.6314 -0.5280 0.5679
vn -0.6668 -0.3659 0.6492
vn -0.2903 -0.9565 -0.0294
vn -0.8073 0.5863 0.0671
vn -0.6681 0.5004 0.5507
vn -0.1671 -0.0724 0.9833
vn -0.3424 -0.1857 -0.9210
vn -0.1514 -0.2898 -0.9450
vn -0.1580 -0.3272 0.9317
vn -0.1163 -0.2997 0.9469
vn -0.1212 -0.7184 0.6850
vn -0.0263 -0.7936 0.6079
vn -0.0966 -0.7727 0.6274
vn -0.7550 0.5447 0.3650
vn -0.4888 0.4191 -0.7651
vn -0.0456 0.1173 0.9920
vn -0.2386 0.2758 0.9311
vn -0.0271 -0.1609 0.9866
vn -0.4259 -0.2103 -0.8800
vn -0.5402 0.0962 -0.8360
vn -0.6190 -0.7047 -0.3468
vn -0.4905 -0.5325 -0.6898
vn -0.1800 -0.5575 -0.8104
vn -0.3341 -0.5632 0.7558
vn 0.2440 -0.9398 -0.2391
vn -0.0705 -0.9922 -0.1028
vn -0.2538 -0.9672 -0.0076
vn 0.0745 0.0161 -0.9971
vn 0.1033 0.1391 -0.9849
vn -0.0407 0.0672 -0.9969
vn -0.3311 0.1721 -0.9278
vn -0.1163 -0.4990 -0.8588
vn 0.2531 -0.9126 -0.3210
vn 0.2160 -0.9154 -0.3397
vn 0.3330 -0.8792 0.3406
vn 0.2606 -0.8892 0.3760
vn 0.2775 -0.9148 0.2934
vn 0.2749 -0.8827 0.3813
vn -0.6650 0.4560 0.5915
vn -0.1708 -0.0386 -0.9845
vn -0.1193 -0.1218 -0.9854
vn -0.4613 0.2448 -0.8528
vn -0.3800 -0.9242 -0.0388
vn -0.6566 -0.7239 -0.2121
vn -0.7446 -0.6425 -0.1811
vn -0.6697 -0.6913 0.2714
vn -0.5577 -0.7463 0.3634
vn -0.3457 -0.9383 0.0109
vn -0.7863 0.5368 -0.3058
vn -0.8310 0.5555 0.0289
vn -0.4696 0.3936 0.7903
vn -0.5293 0.3553 0.7704
vn -0.1435 0.0060 0.9896
vn -0.1779 -0.1833 0.9668
vn -0.1552 -0.1532 -0.9759
vn -0.1402 -0.3703 -0.9183
vn -0.3834 -0.6008 -0.7015
vn -0.0972 -0.6276 -0.7724
vn -0.1142 -0.6271 0.7705
vn -0.4238 0.2523 -0.8699
vn -0.3774 0.2604 -0.8887
vn -0.1997 0.0704 0.9773
vn -0.2168 0.0157 -0.9761
vn -0.0876 -0.0210 -0.9959
vn -0.1429 -0.1735 0.9744
vn -0.1158 -0.0017 0.9933
vn -0.4164 0.1708 0.8930
vn 0.2125 -0.9768 0.0253
vn 0.3136 -0.9456 -0.0864
vn 0.2421 -0.9700 -0.0228
vn 0.3610 -0.9317 0.0393
vn -0.0889 -0.3285 -0.9403
vn 0.2193 -0.9040 -0.3669
vn 0.1225 -0.8816 -0.4559
vn 0.1912 -0.8906 0.4126
vn 0.2028 -0.8947 0.3980
vn -0.7975 0.5453 -0.2581
vn -0.7934 0.5512 0.2582
vn -0.6253 0.3881 0.6770
vn -0.3042 0.2713 -0.9132
vn -0.2341 0.1017 -0.9669
vn 0.0257 -0.4855 0.8738
vn -0.0855 -0.3269 0.9412
vn -0.4378 -0.8966 -0.0670
vn -0.4499 -0.8931 -0.0022
vn -0.3108 -0.9503 0.0208
vn -0.4529 -0.8898 -0.0560
vn -0.6744 0.4546 -0.5819
vn -0.7189 0.4976 -0.4854
vn -0.7020 0.4268 0.5701
vn -0.0302 0.0431 -0.9986
vn -0.1025 0.0293 0.9943
vn 0.1295 -0.2301 -0.9645
vn -0.0077 -0.5125 -0.8587
vn -0.0245 -0.6015 -0.7985
vn -0.3497 -0.8108 -0.4694
vn -0.3344 -0.7608 0.5562
vn -0.4260 -0.6315 0.6479
vn -0.3247 -0.7617 0.5607
vn 0.0957 -0.8888 -0.4481
vn -0.1168 -0.9450 0.3057
vn 0.0481 -0.0281 0.9984
vn 0.1653 -0.1688 -0.9717
vn 0.0768 -0.1123 0.9907
vn -0.3262 -0.9371 -0.1244
vn -0.5090 -0.8601 -0.0328
vn -0.4329 0.2154 -0.8753
vn -0.5716 0.3629 -0.7360
vn -0.4135 0.2091 0.8862
vn -0.3892 0.2220 0.8940
vn 0.1321 -0.0081 -0.9912
vn 0.2220 -0.4233 0.8784
vn 0.1583 -0.2109 0.9646
vn 0.2324 -0.4558 0.8592
vn 0.3468 -0.4196 0.8389
vn 0.0889 -0.9959 -0.0180
vn -0.5108 0.2283 0.8288
vn 0.3128 -0.2641 -0.9124
vn 0.4852 -0.5162 -0.7058
vn -0.2896 0.1172 -0.9499
vn -0.2925 0.1062 0.9504
vn -0.2219 0.0832 0.9715
vn 0.5811 -0.4490 0.6787
vn 0.5455 -0.7037 -0.4552
vn 0.3955 -0.9161 -0.0656
vn 0.4568 -0.8888 0.0370
vn 0.4208 -0.9067 -0.0284
vn 0.1064 -0.9942 0.0132
vn -0.8191 0.5737 -0.0062
vn -0.7524 0.5248 0.3981
vn -0.7932 0.5377 0.2860
vn -0.7895 0.5059 -0.3476
vn -0.7280 0.3696 -0.5775
vn -0.7806 0.4456 0.4383
vn -0.7401 0.3467 0.5762
vn -0.6274 0.3069 -0.7157
vn 0.0278 -0.1342 0.9906
vn 0.1998 -0.0882 0.9759
vn 0.2770 -0.2805 0.9190
vn 0.2703 -0.4120 -0.8702
vn 0.4227 -0.3814 -0.8221
vn 0.6539 -0.4414 -0.6145
vn 0.6698 -0.6579 0.3442
vn 0.7390 -0.4297 0.5188
vn 0.2798 -0.8378 0.4689
vn 0.6071 -0.7946 -0.0054
vn -0.8185 0.5735 -0.0332
vn -0.5098 0.1733 -0.8426
vn -0.3165 0.0561 0.9469
vn -0.3256 0.1115 -0.9389
vn -0.1973 0.0001 0.9803
vn -0.1919 0.0120 -0.9813
vn 0.4197 -0.3417 0.8409
vn 0.7189 -0.6951 0.0013
vn 0.8753 -0.4732 0.0992
vn 0.8255 -0.5586 -0.0810
vn 0.8831 -0.4557 -0.1119
vn 0.8072 -0.5899 0.0208
vn 0.8354 -0.4954 -0.2382
vn 0.8585 -0.5052 0.0883
vn 0.8999 -0.4353 -0.0252
vn 0.8553 -0.5156 0.0509
vn -0.7098 0.1780 -0.6815
vn -0.1434 0.0160 -0.9895
vn -0.0813 -0.1075 -0.9909
vn 0.0189 -0.1084 -0.9939
vn 0.1985 -0.1585 -0.9672
vn 0.8056 -0.5678 0.1693
vn -0.8312 0.3353 -0.4436
vn -0.4598 0.1482 0.8756
vn -0.3471 0.0737 -0.9349
vn -0.8294 0.4713 0.3000
vn 0.3378 -0.3958 -0.8540
vn 0.5808 -0.6233 -0.5236
vn 0.6232 -0.7740 0.1122
vn -0.8258 0.1156 0.5519
vn -0.8279 0.1104 0.5499
vn -0.8222 0.1075 0.5590
vn -0.8108 0.5586 -0.1751
vn -0.8445 0.3355 0.4175
vn -0.5450 0.0753 -0.8350
vn -0.6234 0.1803 0.7609
vn -0.2569 0.0102 -0.9664
vn -0.1001 -0.0691 0.9926
vn -0.0346 -0.1859 0.9820
vn 0.6302 -0.6594 0.4099
vn 0.4465 -0.5410 0.7127
vn 0.5088 -0.8543 -0.1062
vn -0.7911 0.5914 0.1560
vn -0.8116 0.5597 0.1672
vn -0.7321 0.0870 0.6756
vn -0.2924 0.0257 -0.9560
vn 0.4485 -0.7071 0.5467
vn 0.5254 -0.8179 -0.2347
vn 0.6728 -0.7265 -0.1396
vn 0.4869 -0.8709 0.0666
vn -0.7987 0.5797 -0.1613
vn -0.8028 0.5962 0.0066
vn -0.4741 0.0129 0.8804
vn 0.0550 -0.1919 -0.9799
vn -0.0003 -0.2797 -0.9601
vn 0.1436 -0.3985 -0.9059
vn 0.3226 -0.6148 -0.7197
vn 0.4249 -0.7110 -0.5603
vn -0.8933 0.3890 -0.2253
vn -0.7468 0.5987 -0.2896
vn -0.8817 0.1364 0.4516
vn -0.7975 0.5125 0.3182
vn -0.5671 -0.0296 -0.8231
vn -0.3034 0.0265 0.9525
vn -0.1874 -0.0803 -0.9790
vn -0.1309 -0.1496 0.9800
vn 0.4308 -0.9002 0.0635
vn 0.4627 -0.8864 -0.0166
vn -0.1996 0.9722 -0.1224
vn -0.2023 0.9696 -0.1377
vn -0.2049 0.9705 -0.1269
vn -0.6074 -0.0581 0.7922
vn -0.7386 0.1048 0.6660
vn -0.2509 -0.0082 0.9680
vn -0.1779 -0.1609 -0.9708
vn -0.0183 -0.2675 0.9634
vn 0.1384 -0.3639 0.9211
vn 0.2803 -0.6270 0.7269
vn -0.8242 0.5562 0.1066
vn -0.7279 0.0461 -0.6842
vn -0.8585 0.4180 -0.2971
vn -0.6011 0.4670 -0.6485
vn -0.7227 -0.0427 -0.6898
vn -0.8883 0.1462 -0.4354
vn -0.5603 -0.1150 -0.8203
vn -0.6461 -0.0594 -0.7610
vn -0.5682 -0.1420 0.8105
vn -0.5812 -0.0304 0.8132
vn -0.3980 -0.0781 -0.9141
vn -0.3823 -0.1326 0.9145
vn -0.3617 -0.0436 -0.9313
vn -0.8300 0.5497 -0.0946
vn -0.5523 -0.1902 0.8116
vn -0.7064 -0.1387 0.6941
vn -0.2736 -0.0344 -0.9612
vn 0.4311 -0.8034 0.4108
vn 0.5857 -0.8100 0.0289
vn -0.7771 0.6087 -0.1598
vn -0.6430 0.6426 -0.4167
vn -0.8082 0.5678 0.1562
vn -0.7922 0.5897 0.1570
vn -0.7363 0.6440 0.2077
vn -0.4965 0.2398 0.8342
vn -0.6154 0.5523 0.5624
vn -0.3399 0.2390 0.9096
vn -0.5537 -0.0675 0.8300
vn -0.8156 -0.0676 -0.5747
vn -0.6012 -0.2182 -0.7687
vn -0.5945 -0.1445 0.7910
vn -0.6789 0.1082 0.7262
vn -0.2911 -0.2482 0.9239
vn -0.3729 -0.1102 0.9213
vn -0.3465 -0.1043 0.9322
vn -0.1154 -0.2904 -0.9499
vn -0.1938 -0.2084 -0.9587
vn -0.7968 0.6012 0.0599
vn -0.5094 0.6288 -0.5874
vn -0.3288 -0.0681 -0.9419
vn -0.4960 0.3252 -0.8051
vn -0.4611 0.2563 -0.8495
vn -0.5230 0.3104 0.7938
vn -0.3243 -0.3516 -0.8782
vn -0.3489 -0.1107 -0.9306
vn -0.2163 -0.0931 0.9719
vn -0.2509 -0.2785 0.9271
vn 0.1616 -0.5455 -0.8224
vn -0.8071 0.5751 -0.1339
vn -0.7399 0.5931 -0.3175
vn -0.2723 0.3286 -0.9044
vn -0.3151 0.0702 -0.9465
vn -0.4946 -0.0347 -0.8684
vn -0.1826 -0.3411 -0.9221
vn -0.1862 -0.3030 -0.9346
vn -0.2373 -0.0198 -0.9712
vn -0.2475 -0.2056 -0.9468
vn -0.2292 -0.1273 0.9650
vn -0.2789 -0.0440 0.9593
vn -0.0161 -0.4944 -0.8691
vn 0.1142 -0.4655 0.8776
vn 0.2481 -0.7326 0.6339
vn 0.0939 -0.6089 0.7877
vn -0.7911 0.6115 0.0124
vn -0.7998 0.5594 0.2176
vn -0.4770 0.5952 0.6467
vn -0.3111 0.0343 0.9498
vn -0.2033 0.3237 0.9241
vn -0.2962 0.1837 0.9373
vn -0.0772 -0.1519 -0.9854
vn 0.3944 0.0672 -0.9165
vn -0.1273 -0.1558 0.9796
vn -0.0696 -0.0738 0.9948
vn 0.4651 -0.8728 0.1482
vn 0.4700 -0.8721 -0.1358
vn -0.8140 0.5522 -0.1801
vn -0.6865 0.6154 0.3872
vn -0.1160 -0.3648 -0.9238
vn -0.1969 -0.1325 -0.9714
vn -0.1970 -0.1402 0.9703
vn -0.1333 -0.3879 0.9120
vn -0.1999 -0.1553 -0.9674
vn -0.1607 -0.1632 0.9734
vn -0.1930 -0.1555 -0.9688
vn -0.1764 -0.3054 -0.9357
vn 0.3880 -0.8499 -0.3565
vn 0.2935 -0.7614 -0.5780
vn 0.4065 -0.8686 0.2835
vn -0.2084 0.6410 0.7387
vn -0.4876 0.5529 0.6757
vn -0.1515 0.5668 0.8098
vn -0.8768 -0.4300 0.2154
vn -0.8211 -0.4877 0.2967
vn -0.9843 -0.1693 -0.0490
vn -0.7978 -0.5167 0.3106
vn -0.8896 -0.0714 0.4511
vn -0.9666 -0.1757 0.1865
vn -0.9551 -0.1896 0.2278
vn -0.9890 -0.1253 -0.0790
vn -0.7671 0.6117 0.1934
vn -0.5400 0.6064 0.5836
vn -0.4875 0.5845 -0.6486
vn -0.1240 0.4173 -0.9003
vn -0.0246 -0.0056 -0.9997
vn -0.1032 -0.3674 0.9243
vn -0.1647 -0.2907 0.9425
vn -0.1878 0.9034 -0.3856
vn -0.1936 0.8794 -0.4349
vn -0.2348 0.8969 -0.3748
vn 0.1952 0.7226 -0.6632
vn 0.3794 0.8562 -0.3507
vn 0.2354 0.7397 -0.6304
vn -0.1511 0.7152 0.6824
vn -0.1198 0.7254 0.6778
vn -0.1716 0.7420 0.6481
vn 0.0736 0.6207 0.7806
vn -0.0113 0.6158 -0.7878
vn -0.3589 0.1110 0.9267
vn -0.4313 0.1936 0.8812
vn -0.2721 0.1120 0.9557
vn -0.7518 -0.5887 0.2969
vn -0.5997 -0.5655 -0.5662
vn -0.7324 -0.5775 -0.3606
vn -0.6975 -0.6070 -0.3808
vn -0.5252 0.1269 -0.8415
vn -0.5317 0.0837 -0.8428
vn -0.5466 0.1205 -0.8287
vn -0.8874 -0.0696 0.4558
vn -0.0661 0.9130 -0.4025
vn -0.0885 0.9190 -0.3842
vn -0.1030 0.9284 -0.3571
vn -0.7645 0.6296 -0.1382
vn -0.7439 0.5742 -0.3419
vn -0.6179 0.5302 -0.5806
vn -0.3534 0.5663 0.7446
vn -0.0657 -0.2321 0.9705
vn -0.1603 -0.2334 0.9591
vn -0.0983 -0.2232 -0.9698
vn -0.1494 -0.1583 0.9760
vn 0.0082 -0.1093 -0.9940
vn -0.1627 -0.1767 0.9707
vn -0.0631 -0.5083 0.8588
vn 0.4409 -0.8769 -0.1913
vn 0.6079 0.7572 -0.2390
vn 0.1013 0.5695 -0.8157
vn -0.5361 -0.4891 0.6880
vn -0.5175 -0.5921 0.6177
vn -0.7171 -0.6487 0.2548
vn -0.3232 -0.5434 -0.7748
vn -0.3732 -0.3795 0.8466
vn -0.1580 -0.1711 -0.9725
vn -0.1173 -0.1373 -0.9836
vn -0.1688 -0.0644 0.9835
vn -0.2439 -0.0655 0.9676
vn 0.6099 0.7916 -0.0361
vn 0.5085 0.8445 0.1681
vn -0.8251 -0.5627 -0.0506
vn -0.2695 0.2960 0.9164
vn -0.5692 0.0670 0.8195
vn -0.4534 0.0986 0.8858
vn -0.6571 -0.0491 0.7522
vn -0.6299 -0.1509 0.7619
vn -0.7372 -0.1299 -0.6631
vn -0.6055 -0.0193 -0.7956
vn -0.7723 -0.2898 -0.5653
vn -0.6380 0.4864 0.5970
vn -0.7331 0.5543 0.3940
vn -0.2571 0.5486 -0.7956
vn 0.0210 0.0420 0.9989
vn 0.0575 0.3643 0.9295
vn 0.6302 0.7761 -0.0229
vn 0.6793 0.7107 -0.1828
vn 0.7093 0.5786 -0.4028
vn 0.6203 0.7841 0.0204
vn 0.6152 0.5050 0.6054
vn 0.6299 0.4921 0.6009
vn 0.6261 0.5319 0.5701
vn -0.3825 -0.0792 0.9205
vn -0.3797 -0.0558 0.9234
vn 0.0797 0.5616 0.8236
vn 0.2344 0.6805 -0.6943
vn -0.7924 -0.6052 -0.0761
vn -0.7535 -0.6556 -0.0488
vn -0.5068 -0.7406 -0.4412
vn -0.4485 0.0557 -0.8921
vn -0.4108 0.1893 -0.8919
vn -0.3834 -0.4294 -0.8177
vn 0.0589 -0.2152 -0.9748
vn -0.5761 -0.4858 -0.6573
vn -0.8013 -0.5867 -0.1168
vn -0.7916 -0.5836 -0.1813
vn -0.7484 -0.6491 -0.1361
vn -0.9531 -0.0375 -0.3004
vn -0.9318 -0.1391 -0.3352
vn -0.9497 -0.1512 -0.2743
vn -0.6021 -0.1439 0.7854
vn -0.7312 -0.1989 -0.6526
vn -0.8641 -0.3450 0.3664
vn -0.9423 -0.2511 0.2215
vn -0.9188 -0.3638 -0.1532
vn -0.9005 -0.4156 -0.1281
vn -0.1723 0.5225 0.8351
vn 0.0605 0.3814 -0.9224
vn 0.0887 0.3073 -0.9475
vn 0.1238 0.0284 0.9919
vn 0.0099 -0.0937 0.9955
vn -0.1039 -0.0511 -0.9933
vn -0.0893 -0.0494 0.9948
vn -0.2456 -0.0312 -0.9689
vn -0.0550 -0.3060 -0.9504
vn 0.0162 -0.5014 -0.8651
vn 0.1802 -0.6838 -0.7070
vn 0.4135 -0.8579 -0.3050
vn 0.2980 -0.8184 -0.4913
vn -0.1362 0.0241 -0.9904
vn -0.1828 -0.0004 -0.9832
vn -0.1019 -0.0400 -0.9940
vn 0.4090 0.2433 0.8795
vn 0.4843 0.3821 0.7871
vn 0.2627 0.2246 0.9384
vn -0.1482 0.4131 -0.8985
vn -0.4527 -0.6276 0.6334
vn -0.5699 0.0318 -0.8211
vn -0.4783 -0.2232 -0.8493
vn -0.2960 -0.2230 -0.9288
vn -0.3533 -0.2445 -0.9030
vn -0.6522 -0.2045 -0.7300
vn -0.9234 -0.3740 0.0862
vn -0.7433 0.6553 -0.1347
vn -0.6910 0.7227 -0.0146
vn -0.4505 0.4784 -0.7538
vn 0.1292 0.1914 0.9730
vn 0.1120 0.1217 -0.9862
vn -0.0202 -0.1201 -0.9926
vn 0.2855 -0.8198 0.4965
vn 0.1507 -0.6552 0.7403
vn 0.6657 0.6328 0.3955
vn 0.6258 0.7764 0.0747
vn 0.4052 0.7791 -0.4783
vn -0.0882 -0.0116 -0.9960
vn 0.3399 0.1169 -0.9332
vn 0.0680 0.0140 -0.9976
vn -0.7962 -0.4484 0.4062
vn -0.8091 -0.4531 0.3742
vn -0.7761 -0.4809 0.4078
vn -0.0327 -0.1281 0.9912
vn -0.0369 -0.2698 0.9622
vn 0.0592 0.1060 0.9926
vn -0.7844 -0.2018 -0.5865
vn -0.2812 -0.5752 -0.7682
vn -0.2805 -0.6112 -0.7401
vn -0.3059 -0.6146 -0.7271
vn -0.4659 0.0972 0.8795
vn -0.1823 0.1844 0.9658
vn -0.9593 -0.0442 -0.2790
vn -0.9886 -0.0304 -0.1475
vn -0.7181 0.6960 -0.0046
vn -0.8748 -0.0987 0.4742
vn -0.9176 -0.0797 0.3893
vn -0.9299 -0.0113 0.3676
vn -0.7967 0.5986 0.0836
vn -0.7774 0.1709 0.6053
vn -0.7735 0.5030 0.3856
vn -0.3903 0.4737 0.7895
vn -0.5437 0.0926 0.8342
vn -0.1667 0.4850 -0.8585
vn -0.0096 0.3676 -0.9299
vn 0.0836 0.3219 0.9431
vn 0.0605 0.2603 -0.9636
vn 0.1337 0.0038 -0.9910
vn -0.0093 -0.3886 0.9213
vn 0.1669 -0.7105 -0.6836
vn 0.4573 -0.8663 -0.2007
vn 0.4440 -0.8796 0.1709
vn 0.4345 -0.8970 0.0818
vn 0.4360 -0.8841 0.1680
vn 0.4569 -0.8701 -0.1846
vn 0.6624 0.5769 -0.4780
vn -0.8668 -0.4258 -0.2595
vn -0.7248 -0.6844 0.0794
vn -0.8164 -0.4188 -0.3976
vn 0.2714 -0.1013 -0.9571
vn -0.9380 -0.2483 -0.2417
vn -0.9286 -0.3052 -0.2111
vn -0.9282 -0.3597 -0.0957
vn -0.7905 0.4492 0.4164
vn -0.6735 0.4905 0.5531
vn -0.8736 0.2895 0.3911
vn -0.2935 0.1969 0.9355
vn -0.1240 0.3984 0.9088
vn 0.6622 0.6111 0.4336
vn 0.6136 0.3715 -0.6967
vn -0.4856 0.3637 -0.7950
vn 0.0609 0.5684 -0.8205
vn -0.7880 -0.4982 0.3616
vn -0.8233 -0.2137 0.5258
vn -0.7672 -0.4686 0.4380
vn -0.2120 -0.0970 -0.9725
vn -0.0671 -0.3024 -0.9508
vn -0.4251 -0.6296 -0.6503
vn -0.8946 -0.3332 -0.2978
vn -0.7512 -0.4944 -0.4373
vn -0.7082 -0.3948 -0.5854
vn -0.6703 -0.3391 -0.6601
vn 0.0585 0.0554 0.9968
vn -0.5840 0.6088 0.5370
vn -0.7287 0.3901 0.5629
vn -0.7012 0.1712 0.6921
vn 0.1998 0.7290 -0.6546
vn -0.0464 0.8577 -0.5120
vn 0.0822 0.9399 -0.3315
vn -0.0399 0.3618 -0.9314
vn -0.6453 0.7616 0.0590
vn -0.6730 0.7386 -0.0398
vn 0.2932 0.7710 0.5653
vn 0.2597 0.7198 0.6438
vn 0.3605 0.6915 0.6259
vn -0.5567 -0.2321 -0.7976
vn -0.4473 0.1385 -0.8836
vn -0.7535 0.2872 -0.5914
vn 0.0253 -0.0149 -0.9996
vn -0.0326 -0.0562 -0.9979
vn -0.1520 -0.0664 -0.9861
vn -0.0921 -0.1760 -0.9801
vn 0.6553 0.6370 -0.4061
vn -0.0075 0.4504 0.8928
vn 0.1319 0.6041 0.7859
vn -0.2131 0.4031 0.8900
vn 0.4057 0.0469 -0.9128
vn -0.6158 -0.6545 -0.4386
vn -0.7487 -0.5575 -0.3588
vn -0.9289 -0.1588 -0.3345
vn -0.2339 -0.1948 0.9526
vn -0.0870 -0.2733 0.9580
vn 0.0257 -0.2866 0.9577
vn 0.1549 -0.1075 0.9821
vn -0.5740 0.5394 0.6161
vn -0.7251 0.4422 -0.5278
vn -0.4235 0.4096 -0.8080
vn -0.5102 0.4548 -0.7299
vn -0.7157 0.1935 -0.6711
vn -0.5851 -0.4048 0.7027
vn -0.2829 0.9444 -0.1676
vn -0.8818 -0.3093 -0.3562
vn -0.6784 -0.3522 0.6448
vn -0.2842 -0.1500 0.9470
vn 0.0814 -0.0354 -0.9961
vn -0.0935 -0.0918 0.9914
vn -0.0379 -0.2057 0.9779
vn 0.1569 -0.4878 0.8588
vn 0.3531 -0.8046 -0.4775
vn 0.2882 -0.6851 0.6690
vn 0.4311 -0.8836 -0.1829
vn 0.4848 -0.8737 0.0396
vn 0.3441 0.7744 0.5309
vn 0.6499 0.7493 -0.1273
vn 0.5512 0.7883 0.2733
vn 0.4503 0.7498 0.4848
vn 0.2481 0.6681 0.7015
vn 0.6105 0.3632 0.7038
vn -0.8159 -0.5184 -0.2560
vn 0.4311 0.0449 0.9012
vn -0.4403 0.2198 -0.8705
vn -0.7779 0.3866 0.4954
vn -0.8249 0.3897 0.4094
vn -0.8076 0.2931 0.5118
vn -0.4226 0.8871 0.1854
vn -0.3706 0.9283 0.0294
vn -0.4870 0.8710 0.0653
vn -0.1087 -0.3703 -0.9225
vn -0.1199 -0.0109 -0.9927
vn -0.0343 0.2251 -0.9737
vn 0.0157 0.2042 -0.9788
vn 0.0497 -0.0313 0.9983
vn 0.1462 -0.4357 -0.8882
vn 0.2760 -0.6316 -0.7245
vn 0.4322 -0.9017 0.0116
vn 0.4339 0.7601 -0.4837
vn 0.3438 0.6421 -0.6852
vn -0.7137 0.7004 0.0049
vn -0.5252 0.6939 -0.4927
vn -0.6204 0.7793 -0.0889
vn -0.3712 0.8726 0.3175
vn 0.1507 0.4982 -0.8539
vn 0.0166 0.6543 0.7561
vn -0.3207 0.9357 0.1469
vn -0.4931 0.8697 -0.0212
vn -0.9897 -0.0196 0.1418
vn -0.9812 -0.1386 0.1342
vn -0.9650 -0.0919 0.2456
vn 0.2520 -0.1608 0.9543
vn -0.2558 0.2303 -0.9389
vn -0.1863 0.1439 0.9719
vn -0.0395 0.2370 0.9707
vn -0.0344 0.2729 0.9614
vn 0.0004 0.2327 0.9725
vn 0.0675 -0.1052 0.9922
vn -0.0207 -0.0266 0.9994
vn 0.4380 -0.8429 -0.3125
vn 0.4273 -0.8471 0.3159
vn 0.3653 -0.8325 0.4164
vn 0.3980 -0.8564 0.3290
vn 0.4554 -0.8201 0.3465
vn 0.6537 0.7513 0.0902
vn 0.6334 0.7729 0.0375
vn -0.3671 0.8742 -0.3178
vn -0.1104 0.9936 0.0251
vn -0.1707 0.9852 0.0157
vn -0.4614 0.8849 0.0641
vn 0.1101 -0.2283 -0.9673
vn 0.2183 -0.0921 -0.9715
vn 0.0805 0.0244 0.9965
vn 0.0152 -0.2212 -0.9751
vn 0.1038 -0.3072 0.9460
vn 0.4094 -0.8940 0.1821
vn -0.1496 0.7138 -0.6842
vn -0.1618 0.9716 0.1725
vn -0.1089 0.9719 0.2088
vn 0.2816 0.0667 0.9572
vn 0.4504 0.2932 0.8433
vn 0.1351 0.0889 0.9868
vn 0.1074 -0.0339 0.9936
vn 0.5841 0.5456 -0.6009
vn 0.6385 0.5723 0.5146
vn 0.5706 0.7793 0.2593
vn 0.4834 0.8104 0.3311
vn 0.1239 -0.0320 0.9918
vn 0.0956 -0.0948 -0.9909
vn 0.6451 0.7476 0.1581
vn 0.2197 0.9736 0.0611
vn 0.1169 0.9923 0.0409
vn 0.0913 0.9023 -0.4214
vn 0.2121 0.9602 -0.1816
vn 0.1149 0.0963 -0.9887
vn 0.1319 0.0022 0.9913
vn 0.4576 -0.7437 0.4873
vn -0.0078 0.7336 0.6795
vn 0.0148 0.9608 0.2769
vn 0.5258 0.7327 -0.4320
vn 0.1703 0.9624 -0.2117
vn -0.0632 0.9634 -0.2603
vn -0.1203 0.9739 -0.1924
vn 0.0347 0.9569 0.2885
vn 0.1985 0.1469 -0.9690
vn 0.1574 0.2827 -0.9462
vn 0.1600 0.0230 0.9868
vn 0.0547 0.1345 0.9894
vn 0.0884 0.0132 -0.9960
vn 0.0941 0.0394 -0.9948
vn 0.1741 -0.3101 -0.9346
vn 0.2198 -0.2772 0.9353
vn 0.3505 -0.5446 0.7620
vn 0.4797 -0.8107 -0.3356
vn 0.5134 -0.8395 -0.1779
vn 0.3335 0.4144 -0.8468
vn 0.4209 0.2149 -0.8813
vn 0.0419 0.1782 -0.9831
vn 0.1435 0.0124 -0.9896
vn 0.0929 0.9875 -0.1275
vn -0.0546 0.9983 -0.0203
vn 0.2823 0.9038 0.3215
vn 0.1310 0.7584 0.6385
vn 0.4910 0.6985 0.5207
vn 0.1175 0.2622 0.9578
vn 0.0435 0.0931 0.9947
vn 0.2000 0.0221 0.9796
vn 0.4338 -0.6138 -0.6596
vn 0.4814 -0.8485 0.2198
vn 0.3269 0.7381 -0.5902
vn 0.4143 0.6021 -0.6825
vn 0.5423 0.4454 0.7124
vn 0.3324 0.4631 0.8216
vn 0.1147 0.1582 -0.9807
vn 0.2314 -0.1019 0.9675
vn 0.2272 -0.2125 -0.9504
vn 0.3253 -0.4165 -0.8490
vn 0.3875 -0.4054 0.8279
vn 0.5283 -0.8490 -0.0082
vn 0.0312 0.6415 -0.7665
vn 0.0815 0.6254 -0.7761
vn 0.1656 0.6606 -0.7322
vn 0.0902 0.5823 0.8080
vn 0.1285 0.2863 -0.9495
vn 0.1710 -0.0113 -0.9852
vn 0.1499 0.0078 0.9887
vn 0.5783 -0.7469 -0.3281
vn 0.5569 -0.7720 0.3063
vn 0.5793 -0.7749 0.2529
vn 0.4629 -0.8846 0.0569
vn 0.5481 -0.8074 0.2185
vn 0.2917 0.7054 0.6460
vn 0.1868 0.0189 -0.9822
vn 0.4123 -0.2201 0.8841
vn 0.5383 -0.6357 0.5533
vn 0.0440 0.5892 -0.8068
vn 0.0846 0.6823 0.7262
vn 0.2540 0.6291 -0.7346
vn 0.2409 0.4905 -0.8375
vn 0.1465 0.2666 0.9526
vn 0.1292 0.2796 0.9514
vn 0.2024 0.4287 0.8805
vn 0.2153 -0.0798 -0.9733
vn 0.4054 -0.2107 -0.8895
vn 0.1736 0.9819 -0.0752
vn 0.1451 0.9881 -0.0518
vn 0.1441 0.8341 -0.5325
vn 0.1088 0.6796 -0.7255
vn 0.1947 0.8489 -0.4913
vn 0.2397 0.5840 0.7756
vn 0.1555 0.3439 -0.9260
vn 0.2656 0.0851 -0.9603
vn 0.2021 0.0767 -0.9764
vn 0.2574 0.0894 0.9622
vn 0.5594 -0.8271 -0.0551
vn 0.1435 0.5343 0.8331
vn 0.3333 -0.0608 -0.9409
vn 0.3304 -0.0674 0.9414
vn 0.4896 -0.3524 -0.7975
vn 0.5291 -0.8425 0.1015
vn 0.1315 0.6065 0.7842
vn 0.1107 0.5872 -0.8018
vn 0.1077 0.2304 -0.9671
vn 0.2716 0.0506 -0.9611
vn 0.0065 -0.1905 -0.9817
vn 0.6618 -0.6362 0.3966
vn 0.5285 -0.4323 0.7307
vn 0.6003 -0.7173 -0.3537
vn 0.5444 -0.7802 -0.3081
vn 0.5095 -0.7627 0.3984
vn 0.1519 0.5252 -0.8373
vn 0.2599 0.8508 -0.4567
vn 0.2097 0.8928 -0.3986
vn 0.2557 0.8091 -0.5291
vn 0.2263 0.6713 -0.7058
vn 0.2451 0.0236 0.9692
vn 0.5962 -0.7175 0.3602
vn 0.2087 -0.9566 0.2032
vn 0.3899 -0.8879 -0.2442
vn 0.2675 0.7765 -0.5705
vn 0.6477 -0.6180 -0.4456
vn 0.6338 -0.6797 -0.3692
vn 0.5669 -0.5393 -0.6227
vn 0.2310 0.6863 0.6897
vn 0.1133 0.2990 0.9475
vn 0.0724 0.3346 0.9396
vn -0.0567 -0.1754 0.9829
vn -0.0868 -0.1596 0.9834
vn 0.1405 -0.0494 0.9888
vn 0.2785 0.0354 -0.9598
vn 0.5493 -0.1893 0.8139
vn 0.4513 -0.1560 -0.8786
vn 0.5752 -0.4358 -0.6922
vn 0.0715 0.1160 0.9907
vn 0.1129 0.1391 0.9838
vn 0.4501 -0.3565 0.8187
vn 0.1927 -0.8902 0.4128
vn 0.4605 -0.6962 0.5507
vn -0.0364 -0.9737 0.2249
vn 0.1925 0.8274 0.5276
vn 0.2075 0.6967 0.6867
vn 0.2694 0.8011 0.5345
vn -0.1041 -0.1866 0.9769
vn 0.2137 -0.0838 -0.9733
vn -0.0146 -0.0914 -0.9957
vn 0.1558 -0.0113 0.9877
vn 0.3186 -0.1076 0.9418
vn 0.3250 -0.2818 -0.9027
vn 0.6468 -0.5994 0.4715
vn 0.2509 -0.5772 0.7771
vn -0.0132 -0.8563 -0.5162
vn 0.4699 -0.6591 -0.5871
vn 0.2012 0.6696 -0.7149
vn 0.1866 0.5381 -0.8220
vn 0.1984 0.6820 0.7039
vn 0.2477 0.6683 -0.7014
vn 0.0810 0.2294 -0.9700
vn 0.0475 -0.0047 -0.9989
vn 0.0646 0.1066 -0.9922
vn 0.0452 -0.0174 0.9988
vn -0.0799 -0.1796 -0.9805
vn 0.4322 -0.5274 -0.7314
vn -0.0723 -0.6963 -0.7141
vn -0.0232 -0.6710 0.7411
vn -0.3907 -0.6419 0.6598
vn -0.3645 -0.7406 0.5645
vn -0.5033 -0.8223 0.2654
vn -0.4701 -0.8826 -0.0008
vn -0.5177 -0.8164 -0.2558
vn 0.1840 0.5161 0.8365
vn 0.1686 0.4301 0.8869
vn 0.2267 0.5765 0.7850
vn -0.1301 -0.2089 0.9692
vn 0.0859 -0.2008 0.9759
vn 0.0341 -0.4722 0.8808
vn -0.3058 -0.5032 -0.8083
vn -0.1222 -0.4878 -0.8644
vn 0.2694 0.6472 0.7131
vn 0.2971 0.7698 -0.5650
vn -0.1190 -0.1951 -0.9735
vn 0.0134 -0.0305 -0.9994
vn -0.2166 -0.3235 0.9211
vn -0.6338 -0.7008 0.3274
vn 0.2259 0.5184 0.8248
vn 0.3113 0.7747 0.5503
vn 0.0372 0.0569 0.9977
vn 0.1268 0.1993 0.9717
vn 0.0212 -0.0175 0.9996
vn -0.1868 -0.1874 0.9644
vn -0.1867 -0.1854 -0.9648
vn -0.0693 -0.2885 -0.9550
vn 0.1916 0.5646 0.8028
vn -0.1382 -0.4067 -0.9031
vn -0.2586 -0.2188 -0.9409
vn -0.4158 -0.4365 -0.7978
vn -0.3888 -0.6575 -0.6454
vn -0.5170 -0.5453 0.6598
vn -0.7171 -0.6365 -0.2838
vn 0.3079 0.7733 0.5542
vn 0.3115 0.7300 0.6083
vn -0.0358 0.0362 -0.9987
vn -0.1206 -0.0975 -0.9879
vn -0.2834 -0.2713 0.9198
vn -0.4908 -0.3699 0.7888
vn -0.4068 -0.4306 0.8057
vn 0.1383 0.4678 0.8730
vn 0.2102 0.6108 0.7634
vn 0.2954 0.6595 -0.6912
vn 0.2439 0.6349 -0.7331
vn -0.3150 -0.3007 -0.9002
vn -0.5448 -0.4273 -0.7215
vn -0.5177 -0.5829 -0.6262
vn -0.6407 -0.4925 -0.5891
vn -0.8148 -0.5597 0.1510
vn -0.6911 -0.5385 0.4820
vn -0.1148 -0.0897 0.9893
vn -0.0326 -0.0225 0.9992
vn -0.6882 -0.4084 -0.5996
vn -0.8200 -0.5428 -0.1817
vn -0.7737 -0.4184 -0.4757
vn 0.2412 0.5918 -0.7692
vn 0.2626 0.5883 -0.7648
vn 0.1401 0.4102 -0.9012
vn -0.1963 -0.0965 -0.9758
vn -0.6504 -0.4694 0.5971
vn -0.7289 -0.3909 0.5620
vn 0.3734 0.8666 -0.3310
vn 0.4434 0.8664 -0.2297
vn 0.2489 0.5336 0.8083
vn 0.2823 0.6378 0.7166
vn 0.0530 0.1964 0.9791
vn -0.0351 0.0615 0.9975
vn 0.0329 0.1556 -0.9873
vn -0.5956 -0.4047 0.6939
vn -0.6238 -0.3452 0.7012
vn -0.8520 -0.4225 -0.3091
vn -0.8692 -0.4940 0.0193
vn 0.1195 0.3324 -0.9355
vn 0.2402 0.5255 -0.8162
vn 0.3123 0.7480 -0.5857
vn 0.3439 0.7620 0.5487
vn 0.3432 0.7618 0.5494
vn 0.3172 0.7177 -0.6199
vn -0.1280 -0.0338 0.9912
vn -0.4233 -0.3304 0.8436
vn -0.3420 -0.3733 0.8623
vn -0.4527 -0.2920 -0.8425
vn -0.6231 -0.3340 -0.7072
vn 0.2007 0.4620 -0.8639
vn 0.1661 0.3939 -0.9040
vn 0.1432 0.4072 -0.9021
vn -0.3682 -0.3635 -0.8557
vn -0.3945 -0.3071 -0.8660
vn -0.7105 -0.3385 -0.6169
vn 0.2623 0.5456 -0.7959
vn 0.1606 0.3907 0.9064
vn 0.1823 0.4608 0.8686
vn 0.2568 0.5500 0.7947
vn 0.3112 0.7017 0.6409
vn 0.1042 0.2610 -0.9597
vn -0.0008 0.1044 0.9945
vn -0.0695 0.0260 -0.9972
vn -0.3201 -0.1804 -0.9300
vn -0.4655 -0.2949 -0.8345
vn -0.4889 -0.2697 0.8296
vn -0.7302 -0.3381 0.5937
vn -0.8313 -0.4295 0.3528
vn 0.2211 0.5637 0.7958
vn -0.1378 -0.0296 -0.9900
vn -0.5748 -0.2780 -0.7696
vn 0.3060 0.6313 0.7126
vn 0.2996 0.6256 0.7203
vn -0.1081 0.0272 0.9938
vn -0.4846 -0.2622 -0.8345
vn -0.7226 -0.3659 -0.5865
vn -0.8811 -0.4480 -0.1512
vn -0.8779 -0.4457 0.1747
vn 0.2873 0.6452 0.7079
vn 0.2653 0.6186 -0.7395
vn 0.0764 0.2443 0.9667
vn 0.1454 0.3765 0.9149
vn -0.4800 -0.2423 0.8431
vn -0.3904 -0.2620 0.8825
vn -0.5284 -0.2512 0.8110
vn -0.5134 -0.2696 0.8147
vn -0.5857 -0.2854 0.7586
vn -0.7823 -0.3973 0.4797
vn -0.5226 -0.2250 -0.8223
vn 0.2637 0.5667 -0.7805
vn 0.2620 0.5160 -0.8156
vn -0.1906 -0.0392 -0.9809
vn -0.8894 -0.4572 0.0031
vn 0.2951 0.6549 -0.6957
vn 0.2316 0.5721 -0.7868
vn 0.2150 0.5496 0.8073
vn 0.2469 0.5976 0.7629
vn -0.1838 -0.0288 0.9825
vn -0.1633 -0.0593 0.9848
vn -0.2699 -0.1602 0.9495
vn -0.6029 -0.3111 0.7346
vn -0.8635 -0.4376 0.2509
vn -0.8160 -0.3916 0.4253
vn -0.8489 -0.4009 -0.3443
vn -0.5128 -0.2517 -0.8208
vn -0.5336 -0.2461 -0.8092
vn 0.2646 0.6492 0.7131
vn -0.0121 0.1313 -0.9913
vn -0.1092 0.0266 -0.9937
vn -0.1160 0.0064 -0.9932
vn -0.1522 -0.0132 0.9883
vn -0.3387 -0.0756 0.9378
vn -0.3379 -0.1415 0.9305
vn -0.5658 -0.2640 -0.7811
vn -0.5959 -0.2550 -0.7615
vn -0.5560 -0.2628 0.7886
vn 0.2781 0.6370 -0.7190
vn 0.2680 0.5450 0.7944
vn 0.0620 0.2234 -0.9728
vn -0.0139 0.1362 0.9906
vn -0.1926 -0.0042 -0.9813
vn -0.3719 -0.1300 -0.9191
vn -0.4862 -0.1724 0.8566
vn -0.5777 -0.2600 0.7737
vn -0.6157 -0.2454 0.7488
vn -0.6037 -0.2932 -0.7413
vn -0.7480 -0.3914 -0.5360
vn -0.9162 -0.3866 -0.1055
vn -0.9081 -0.3935 0.1434
vn 0.3937 0.8614 -0.3209
vn 0.2324 0.4858 0.8426
vn -0.1234 0.0132 0.9923
vn -0.1518 -0.0092 -0.9884
vn -0.5192 -0.1747 -0.8366
vn 0.2540 0.6388 -0.7263
vn -0.7250 -0.3339 -0.6024
vn -0.7046 -0.3673 0.6071
vn -0.7213 -0.3347 0.6063
vn -0.5849 -0.2907 0.7572
vn 0.2581 0.6156 0.7446
vn 0.3277 0.6750 0.6611
vn 0.3153 0.6659 -0.6761
vn 0.2966 0.6227 -0.7241
vn 0.1866 0.3847 0.9040
vn -0.5953 -0.2771 0.7542
vn -0.6808 -0.2642 0.6832
vn 0.2782 0.6021 -0.7484
vn 0.2901 0.6475 -0.7047
vn 0.2789 0.5795 -0.7658
vn 0.2545 0.5188 -0.8161
vn -0.1609 0.0309 0.9865
vn -0.1896 0.0102 0.9818
vn -0.5830 -0.2799 -0.7627
vn -0.6260 -0.2394 -0.7421
vn -0.6104 -0.2552 0.7498
vn -0.6025 -0.3322 -0.7257
vn -0.8114 -0.3060 0.4979
vn -0.9162 -0.2779 0.2889
vn -0.8239 -0.1524 0.5459
vn -0.1637 0.0326 -0.9860
vn -0.7700 -0.2325 -0.5942
vn -0.8639 -0.1939 -0.4649
vn -0.8881 -0.3014 -0.3471
vn -0.9613 -0.1379 -0.2386
vn -0.9457 -0.3247 -0.0125
vn -0.9889 -0.1426 0.0416
vn -0.9515 -0.0943 0.2928
vn -0.9991 -0.0375 0.0180
vn -0.9995 0.0173 -0.0270
vn -0.9882 0.1158 -0.1007
vn -0.9900 -0.0751 0.1190
vn -0.9988 -0.0008 -0.0493
vn -0.9891 -0.1375 -0.0523
vn 0.4111 0.8049 -0.4279
vn -0.6731 -0.2307 -0.7027
vn -0.6987 -0.2440 0.6725
vn -0.7345 -0.2571 0.6280
vn -0.6593 -0.2641 -0.7040
vn -0.6902 -0.2802 -0.6672
vn -0.9616 0.1107 -0.2511
vn -0.8799 -0.0419 -0.4733
vn -0.8732 0.0382 0.4858
vn -0.9687 0.1190 0.2180
vn -0.9999 0.0126 0.0068
vn -0.9303 0.2300 -0.2857
vn -0.9505 0.0661 -0.3036
vn -0.9893 0.1007 0.1060
vn -0.9525 -0.0344 0.3026
vn -0.9406 -0.0700 -0.3323
vn -0.9833 -0.0045 -0.1821
vn -0.9978 -0.0666 -0.0035
vn -0.9844 -0.1758 0.0101
vn -0.9454 -0.0365 -0.3238
vn -0.9902 -0.0316 -0.1361
vn -0.9915 -0.1239 -0.0388
vn -0.9537 -0.0443 0.2976
vn -0.9969 -0.0338 0.0710
vn -0.9832 -0.0494 -0.1754
vn -0.9800 -0.0510 0.1922
vn -0.9950 -0.0028 -0.1001
vn -0.9811 -0.1752 -0.0823
vn 0.3103 0.6027 0.7352
vn 0.1700 0.3684 -0.9140
vn -0.9265 0.1892 -0.3252
vn -0.8697 -0.0140 -0.4933
vn -0.9153 0.1438 0.3763
vn -0.9245 0.1927 -0.3289
vn -0.9411 0.2302 0.2475
vn -0.9435 0.0960 0.3172
vn -0.8545 0.0043 0.5194
vn -0.8810 0.2024 0.4276
vn -0.8715 -0.0025 -0.4904
vn -0.8502 -0.0279 -0.5258
vn -0.9582 -0.1986 0.2058
vn -0.9758 -0.2189 -0.0028
vn -0.9911 -0.0403 0.1270
vn -0.9534 0.0057 -0.3016
vn -0.9981 -0.0154 0.0602
vn -0.9997 -0.0241 -0.0036
vn -0.9782 -0.1093 -0.1763
vn -0.8866 -0.0648 0.4580
vn -0.9647 0.0266 0.2620
vn -0.9693 -0.1418 -0.2007
vn -0.8948 -0.1999 0.3992
vn -0.9366 -0.3077 -0.1674
vn -0.9555 -0.2137 0.2034
vn 0.1218 0.3265 0.9373
vn -0.1824 0.0182 0.9831
vn -0.1007 0.0874 0.9911
vn -0.1672 0.0295 -0.9855
vn -0.3843 -0.0523 -0.9217
vn -0.4301 -0.1269 -0.8938
vn -0.3155 -0.0467 -0.9478
vn -0.6052 -0.1829 0.7748
vn -0.7322 -0.2157 -0.6460
vn -0.8112 -0.2275 0.5387
vn -0.7824 -0.2351 -0.5767
vn -0.7748 -0.1654 0.6102
vn -0.8734 -0.0079 0.4870
vn -0.8739 0.0670 -0.4815
vn -0.7933 0.0694 -0.6048
vn -0.8617 0.0132 -0.5073
vn -0.8849 -0.0995 -0.4550
vn -0.9772 -0.1372 0.1622
vn -0.9719 -0.1905 0.1380
vn -0.8896 -0.3610 0.2799
vn -0.9421 -0.3337 -0.0316
vn -0.9055 -0.2382 -0.3512
vn -0.8642 -0.3344 -0.3760
vn -0.9318 -0.3472 0.1057
vn -0.8701 -0.3713 0.3241
vn 0.3244 0.6618 0.6758
vn 0.1561 0.3672 -0.9170
vn 0.2188 0.4553 -0.8630
vn -0.0128 0.1738 0.9847
vn -0.0810 0.1045 -0.9912
vn 0.0071 0.1888 -0.9820
vn -0.3422 -0.0274 0.9392
vn -0.3407 -0.0582 0.9384
vn -0.4972 -0.1327 0.8575
vn -0.7821 -0.2039 -0.5889
vn -0.9302 0.1831 0.3180
vn -0.8181 0.1084 0.5648
vn -0.7935 -0.2130 0.5701
vn -0.9080 -0.3850 -0.1651
vn -0.8397 -0.4803 -0.2533
vn 0.4062 0.9129 0.0391
vn 0.2653 0.5523 -0.7903
vn 0.2203 0.4509 0.8649
vn -0.2166 0.0511 0.9749
vn -0.8782 -0.0503 -0.4756
vn -0.8922 -0.0188 0.4513
vn -0.8820 0.1387 -0.4504
vn -0.8470 0.1976 -0.4934
vn -0.8518 0.1144 -0.5112
vn -0.8465 0.0353 0.5312
vn -0.8628 0.0233 0.5050
vn -0.8190 -0.0499 0.5716
vn -0.8097 -0.5041 -0.3003
vn -0.8261 -0.5597 -0.0652
vn 0.0541 0.2611 -0.9638
vn 0.0439 0.2388 0.9701
vn -0.1853 0.0324 0.9822
vn -0.2174 0.0374 0.9754
vn -0.4765 -0.0729 0.8762
vn -0.6198 -0.1221 0.7752
vn -0.8252 -0.1868 0.5331
vn -0.8864 0.1505 0.4377
vn -0.8974 0.0478 -0.4386
vn -0.8259 0.0201 -0.5635
vn -0.8214 -0.0857 -0.5639
vn -0.8244 -0.1680 -0.5405
vn -0.7168 -0.2648 0.6451
vn -0.6717 -0.3516 0.6521
vn -0.7797 -0.4398 -0.4457
vn -0.7603 -0.2323 -0.6066
vn -0.6897 -0.3089 -0.6549
vn -0.7837 -0.5735 -0.2388
vn 0.3135 0.6528 0.6897
vn 0.3079 0.5713 0.7608
vn -0.6516 -0.1010 -0.7518
vn -0.7811 -0.1045 -0.6156
vn -0.8542 -0.1026 0.5097
vn -0.7651 0.0197 -0.6436
vn -0.7650 -0.1343 0.6298
vn -0.7111 -0.2655 0.6510
vn -0.7448 -0.6673 0.0034
vn -0.7487 -0.6275 0.2135
vn 0.4230 0.8254 -0.3739
vn 0.3787 0.8027 -0.4607
vn -0.3237 0.0215 -0.9459
vn -0.2377 0.0383 -0.9706
vn -0.3259 0.0443 0.9444
vn -0.5434 -0.1089 -0.8324
vn -0.5358 0.0051 -0.8443
vn -0.6910 -0.0277 0.7223
vn -0.7677 -0.1413 0.6250
vn -0.7750 0.0359 0.6309
vn -0.8651 0.1495 0.4788
vn -0.8760 0.0456 0.4801
vn -0.8713 0.0889 -0.4826
vn -0.8500 0.1114 0.5148
vn -0.9073 0.1053 0.4070
vn -0.9120 0.0986 -0.3981
vn -0.9233 0.0644 0.3787
vn -0.8942 0.0437 0.4455
vn -0.8778 -0.0160 0.4787
vn -0.8969 -0.1293 -0.4230
vn -0.8762 -0.0005 -0.4820
vn -0.9335 -0.0253 -0.3576
vn -0.9034 -0.1830 0.3878
vn -0.8465 -0.2459 0.4722
vn -0.7375 -0.2294 -0.6352
vn -0.8443 -0.5358 -0.0083
vn -0.7372 -0.6482 -0.1909
vn -0.6708 -0.5446 -0.5034
vn -0.6674 -0.6754 0.3137
vn -0.7660 -0.4491 0.4599
vn 0.2360 0.6714 0.7025
vn 0.2322 0.5191 0.8226
vn 0.2811 0.5378 -0.7948
vn -0.0649 0.1641 -0.9843
vn -0.1460 0.1065 -0.9835
vn -0.2463 0.0441 0.9682
vn -0.6773 0.0281 -0.7352
vn -0.8507 0.1290 0.5096
vn -0.8939 0.0468 -0.4458
vn -0.8920 -0.0318 -0.4510
vn -0.9316 -0.0234 0.3628
vn -0.8797 -0.0478 0.4730
vn -0.7931 -0.6061 0.0596
vn -0.7787 -0.5890 0.2161
vn -0.7888 -0.6013 -0.1274
vn 0.3823 0.6492 0.6576
vn 0.3269 0.6055 0.7256
vn -0.2346 0.0440 -0.9711
vn -0.2176 0.0419 -0.9751
vn -0.5071 0.0259 0.8615
vn -0.8189 0.0829 0.5679
vn -0.7779 0.1996 0.5959
vn -0.8682 0.1475 -0.4739
vn -0.7867 0.1461 -0.5998
vn -0.8706 0.0273 0.4913
vn -0.8639 -0.2493 -0.4377
vn -0.8906 -0.1444 -0.4313
vn -0.8574 -0.3608 -0.3670
vn -0.8573 -0.3387 0.3878
vn -0.6592 -0.4072 -0.6321
vn -0.6388 -0.4125 -0.6495
vn -0.7757 -0.6236 -0.0976
vn -0.6016 -0.7411 -0.2982
vn -0.7323 -0.6781 -0.0623
vn 0.1889 0.4142 0.8904
vn 0.2571 0.4976 0.8284
vn -0.8539 0.1347 -0.5028
vn -0.8020 0.1999 -0.5629
vn -0.7050 0.0747 0.7053
vn -0.7992 -0.0539 -0.5987
vn -0.7432 0.0740 -0.6650
vn -0.8256 -0.2218 -0.5188
vn -0.8493 -0.2005 0.4883
vn -0.6616 -0.5029 0.5562
vn -0.5674 -0.5829 -0.5816
vn -0.5397 -0.5821 -0.6082
vn -0.6350 -0.4387 0.6359
vn -0.5959 -0.5601 0.5754
vn -0.5364 -0.5918 0.6017
vn -0.5260 -0.7016 -0.4807
vn -0.5240 -0.6967 0.4900
vn 0.4194 0.9078 -0.0090
vn 0.3031 0.5652 -0.7672
vn 0.3135 0.6085 -0.7290
vn -0.3585 0.1061 0.9275
vn -0.5218 0.1545 -0.8389
vn -0.5974 0.1113 0.7942
vn -0.8103 0.0311 -0.5852
vn -0.7127 0.1219 -0.6908
vn -0.7236 0.1926 -0.6628
vn -0.7731 -0.0538 0.6319
vn -0.7207 -0.1301 0.6809
vn -0.7549 -0.3398 -0.5610
vn -0.8066 -0.4448 0.3894
vn 0.1175 0.3328 0.9356
vn -0.6459 0.1758 0.7429
vn -0.6356 -0.0093 0.7720
vn -0.7062 -0.1154 -0.6985
vn -0.7495 -0.3051 0.5875
vn -0.7860 -0.4383 -0.4359
vn -0.7833 -0.4142 0.4635
vn -0.4955 -0.6245 -0.6038
vn -0.7553 -0.6490 0.0918
vn -0.6538 -0.7567 -0.0029
vn 0.4788 0.8778 -0.0133
vn 0.4816 0.8716 0.0910
vn 0.2124 0.4338 -0.8756
vn -0.0535 0.1299 0.9901
vn -0.2718 0.0690 -0.9599
vn -0.5849 0.1972 -0.7868
vn -0.6979 0.2180 -0.6822
vn -0.5756 0.2214 -0.7872
vn -0.5288 0.0895 -0.8440
vn -0.6592 -0.0234 -0.7516
vn -0.6786 -0.2202 -0.7008
vn -0.7415 -0.5494 0.3850
vn -0.6702 -0.5572 -0.4902
vn -0.7857 -0.4365 -0.4383
vn -0.4865 -0.6251 0.6104
vn 0.2826 0.5404 0.7925
vn 0.2114 0.4697 0.8571
vn 0.3516 0.5540 0.7546
vn 0.3754 0.6534 -0.6573
vn 0.3435 0.5618 -0.7526
vn 0.1649 0.3991 -0.9020
vn 0.2574 0.4927 -0.8313
vn 0.1470 0.3493 -0.9254
vn -0.2640 0.0644 0.9624
vn -0.2922 0.0959 0.9515
vn -0.3398 0.1223 0.9325
vn -0.3830 0.0853 -0.9198
vn -0.3746 0.2167 -0.9015
vn -0.5474 0.2165 0.8084
vn -0.7284 0.1977 0.6561
vn -0.5016 0.0893 0.8605
vn -0.5292 0.0047 -0.8485
vn -0.5728 -0.1128 0.8119
vn -0.5582 -0.1044 -0.8231
vn -0.7678 -0.4280 -0.4769
vn -0.7883 -0.5288 -0.3146
vn -0.5292 -0.8403 -0.1178
vn -0.6223 -0.7819 0.0381
vn -0.6960 -0.7085 -0.1163
vn 0.3918 0.6153 -0.6841
vn -0.3026 0.1144 -0.9462
vn -0.2663 0.0656 -0.9617
vn -0.3406 0.1362 -0.9303
vn -0.4212 0.1956 0.8856
vn -0.4116 0.2917 -0.8634
vn -0.5620 0.2610 -0.7849
vn -0.4305 0.2639 0.8631
vn -0.6320 0.2346 0.7386
vn -0.4846 0.2927 0.8243
vn -0.8020 -0.4996 0.3274
vn -0.6535 -0.6561 -0.3774
vn 0.2740 0.4403 0.8551
vn -0.1455 0.1168 -0.9824
vn -0.3748 0.2119 0.9026
vn -0.4474 0.2691 0.8529
vn -0.4155 0.0227 -0.9093
vn -0.4766 0.0129 0.8790
vn -0.4560 -0.0349 0.8893
vn -0.6108 -0.2519 -0.7507
vn -0.5789 -0.6285 -0.5196
vn -0.5281 -0.7906 -0.3099
vn 0.5335 0.8453 -0.0288
vn 0.5605 0.8224 0.0980
vn 0.2715 0.5486 0.7908
vn 0.3637 0.5542 0.7487
vn 0.0566 0.2755 -0.9596
vn -0.3396 0.1753 0.9241
vn -0.3792 0.2876 -0.8795
vn -0.3690 0.2171 -0.9037
vn -0.3954 0.2844 0.8734
vn -0.4247 -0.0206 -0.9051
vn -0.7518 -0.4173 0.5106
vn -0.6571 -0.6366 0.4038
vn -0.6918 -0.6099 0.3866
vn -0.5338 -0.6001 0.5958
vn -0.4895 -0.8719 -0.0130
vn -0.4830 -0.8572 0.1787
vn -0.5919 -0.8056 0.0235
vn -0.0505 0.1944 0.9796
vn -0.0828 0.1702 0.9819
vn -0.0961 0.1367 0.9859
vn -0.0636 0.1750 0.9825
vn -0.3445 0.1717 -0.9230
vn -0.3708 0.1675 -0.9135
vn -0.4393 0.1744 -0.8812
vn -0.4116 0.1699 0.8954
vn -0.3887 0.0421 0.9204
vn -0.6578 -0.2306 0.7170
vn -0.6746 -0.3541 0.6478
vn -0.6610 -0.3527 -0.6624
vn -0.7873 -0.4308 -0.4412
vn -0.5599 -0.6208 -0.5488
vn -0.5974 -0.7044 -0.3833
vn 0.4116 0.6204 0.6676
vn 0.2384 0.4309 0.8704
vn -0.3756 0.2787 0.8839
vn -0.3916 0.0891 -0.9158
vn -0.3923 0.0030 0.9198
vn -0.8266 -0.4675 0.3134
vn -0.8062 -0.5317 0.2597
vn -0.8021 -0.5972 0.0027
vn -0.7878 -0.6067 0.1061
vn -0.3925 -0.9192 -0.0332
vn -0.5362 -0.8441 0.0039
vn -0.4792 -0.8772 0.0282
vn 0.3889 0.5660 0.7269
vn 0.2479 0.4410 -0.8626
vn -0.3473 0.2426 0.9058
vn -0.3610 0.1831 0.9144
vn -0.3719 0.0264 0.9279
vn -0.3944 -0.0616 0.9169
vn -0.8954 -0.3847 -0.2242
vn -0.7434 -0.3508 -0.5694
vn -0.8699 -0.4377 0.2272
vn -0.7556 -0.3556 0.5501
vn -0.7912 -0.6001 -0.1179
vn -0.9041 -0.4221 -0.0661
vn -0.4965 -0.8378 -0.2271
vn -0.3844 -0.9187 0.0911
vn -0.4188 -0.9080 0.0114
vn 0.5207 0.8531 -0.0337
vn 0.5228 0.8015 -0.2905
vn 0.3105 0.5584 -0.7692
vn 0.4314 0.7226 -0.5401
vn 0.3101 0.4868 -0.8166
vn 0.3577 0.5503 -0.7545
vn -0.0547 0.1862 -0.9810
vn -0.3381 0.2625 -0.9038
vn -0.4452 0.2635 -0.8558
vn -0.3472 0.0632 -0.9357
vn -0.6078 -0.3457 -0.7148
vn -0.5256 -0.6452 0.5545
vn -0.5428 -0.7833 0.3030
vn -0.3217 -0.9455 0.0508
vn -0.1099 0.1438 -0.9835
vn -0.0488 0.1964 -0.9793
vn -0.2563 0.2864 0.9232
vn -0.3780 0.0142 0.9257
vn -0.9365 -0.3397 0.0875
vn -0.9093 -0.4103 0.0699
vn -0.9001 -0.4295 0.0737
vn -0.7199 -0.5600 0.4101
vn 0.3746 0.5357 -0.7568
vn 0.3167 0.4716 0.8230
vn 0.3825 0.4945 0.7805
vn 0.3883 0.5097 -0.7678
vn -0.1176 0.1610 0.9799
vn -0.1198 0.1884 -0.9748
vn -0.1966 0.1387 -0.9706
vn -0.1884 0.2258 0.9558
vn -0.2380 0.2119 -0.9478
vn -0.3435 0.2560 -0.9036
vn -0.3455 0.3006 0.8889
vn -0.2667 0.3385 0.9024
vn -0.3554 0.0395 0.9339
vn -0.7832 -0.5351 -0.3168
vn -0.9322 -0.2948 -0.2099
vn -0.8936 -0.1095 0.4353
vn -0.7227 -0.1733 0.6691
vn -0.9494 -0.1376 -0.2823
vn -0.9816 -0.1891 -0.0266
vn -0.7785 -0.5439 -0.3133
vn -0.8994 -0.4339 0.0535
vn -0.8825 -0.4700 0.0173
vn -0.9335 -0.2447 0.2620
vn -0.9944 -0.1026 0.0266
vn -0.9991 -0.0137 -0.0402
vn -0.9614 -0.1443 0.2344
vn -0.9761 -0.0313 0.2151
vn -0.9617 -0.0116 0.2740
vn -0.9891 -0.0867 -0.1194
vn -0.9857 -0.0699 0.1532
vn -0.9817 -0.0349 -0.1870
vn -0.9090 -0.0915 -0.4066
vn -0.9695 -0.1255 -0.2106
vn -0.9276 0.3538 -0.1195
vn -0.8745 0.4238 0.2358
vn -0.8513 0.5206 -0.0649
vn -0.8783 0.4780 0.0097
vn -0.9419 0.3173 0.1105
vn -0.8073 0.4641 0.3646
vn -0.4750 -0.8517 -0.2212
vn -0.4588 -0.8653 -0.2019
vn -0.3704 -0.9270 0.0592
vn -0.1139 0.1598 -0.9806
vn -0.3349 0.2417 -0.9107
vn -0.3020 0.1437 -0.9424
vn -0.5341 -0.3246 -0.7806
vn -0.4720 -0.1659 -0.8658
vn -0.9152 -0.3168 -0.2492
vn -0.9077 -0.2013 0.3681
vn -0.7176 -0.6618 0.2171
vn -0.6153 -0.7758 -0.1398
vn -0.7882 -0.0762 -0.6107
vn -0.8612 -0.0918 0.5000
vn -0.9648 -0.0547 0.2572
vn -0.8396 -0.0520 0.5408
vn -0.9542 -0.1577 0.2543
vn -0.8662 -0.0239 -0.4990
vn -0.8669 -0.1545 -0.4739
vn -0.9407 -0.1601 0.2990
vn -0.9614 -0.2244 0.1595
vn -0.9553 -0.2214 -0.1960
vn -0.8095 -0.2442 -0.5340
vn -0.9479 -0.2588 -0.1860
vn -0.5301 -0.8440 -0.0809
vn -0.1765 -0.9694 -0.1708
vn -0.3764 -0.9264 0.0069
vn -0.4001 -0.7240 -0.5620
vn -0.2174 -0.9640 0.1532
vn -0.5627 -0.8229 0.0783
vn 0.3412 0.4393 -0.8310
vn 0.3302 0.4223 0.8442
vn -0.1915 0.2921 -0.9370
vn -0.3588 0.3102 -0.8804
vn -0.3768 0.0197 -0.9261
vn -0.3620 0.0329 -0.9316
vn -0.3762 -0.1237 -0.9182
vn -0.3862 -0.0212 -0.9222
vn -0.5631 -0.1516 -0.8124
vn -0.4198 -0.3518 -0.8366
vn -0.7087 -0.1288 -0.6936
vn -0.6128 -0.2937 0.7336
vn -0.5879 -0.1173 0.8004
vn -0.7451 -0.0794 0.6623
vn -0.8732 -0.1176 -0.4729
vn -0.5263 -0.8502 -0.0129
vn -0.5871 -0.8060 0.0754
vn -0.6862 -0.1860 0.7033
vn -0.8140 -0.1666 0.5564
vn -0.8137 -0.2369 0.5308
vn -0.9590 -0.2544 0.1248
vn -0.9082 -0.3181 0.2719
vn -0.8729 -0.3022 -0.3830
vn -0.7367 0.6756 0.0304
vn -0.8399 0.4435 -0.3130
vn -0.6999 0.5901 -0.4024
vn -0.4563 -0.6998 -0.5496
vn 0.5186 0.8540 -0.0411
vn 0.5556 0.8312 -0.0193
vn 0.3830 0.5356 0.7526
vn 0.4016 0.5314 -0.7459
vn 0.2573 0.3561 0.8984
vn 0.0092 0.2237 -0.9746
vn -0.2436 0.1547 0.9575
vn -0.3174 0.2743 0.9077
vn -0.3362 0.0824 0.9382
vn -0.2904 0.1464 0.9456
vn -0.3944 -0.3429 -0.8526
vn -0.4187 -0.3249 0.8480
vn -0.5662 -0.3107 0.7635
vn -0.5732 -0.1044 -0.8127
vn -0.8054 -0.3950 0.4419
vn -0.7300 -0.6765 -0.0972
vn -0.8583 -0.3871 -0.3369
vn -0.9210 -0.1205 -0.3706
vn -0.7927 -0.2666 0.5483
vn -0.8893 -0.3098 0.3364
vn -0.9166 -0.3842 -0.1108
vn -0.8166 -0.3382 -0.4677
vn -0.9364 -0.3467 -0.0539
vn -0.6591 0.6036 0.4486
vn -0.6039 0.5078 0.6144
vn -0.5506 0.4693 0.6903
vn -0.5927 0.4970 -0.6338
vn -0.5968 0.4829 -0.6409
vn -0.7568 0.1113 -0.6441
vn -0.7949 0.3741 -0.4777
vn -0.5630 0.2822 -0.7768
vn -0.5612 0.0081 0.8277
vn -0.6609 0.2949 0.6901
vn -0.8381 0.2073 0.5046
vn -0.0795 -0.9811 0.1766
vn -0.1199 -0.9831 0.1381
vn 0.3992 0.5325 0.7464
vn 0.4242 0.6073 0.6718
vn 0.0815 0.2943 0.9522
vn -0.1002 0.1716 0.9801
vn -0.1354 0.1758 0.9751
vn -0.1543 0.2691 -0.9507
vn -0.2045 0.3659 -0.9079
vn -0.3337 0.3232 -0.8856
vn -0.2779 0.3435 -0.8971
vn -0.2723 0.3474 0.8973
vn -0.3730 0.0192 0.9276
vn -0.3319 -0.0197 0.9431
vn -0.3081 -0.0872 0.9473
vn -0.4855 -0.1889 0.8536
vn -0.7858 -0.6069 -0.1195
vn -0.6740 -0.7029 0.2273
vn -0.7089 -0.1245 -0.6942
vn -0.7294 -0.1272 -0.6721
vn -0.7958 -0.1311 -0.5912
vn -0.7009 -0.1807 -0.6900
vn -0.6625 -0.3043 -0.6845
vn -0.6046 -0.3172 0.7307
vn -0.6619 0.7235 0.1963
vn -0.6850 0.6151 0.3903
vn 0.0220 -0.9997 -0.0111
vn -0.0754 -0.9921 -0.1001
vn 0.3569 0.5651 0.7439
vn 0.3321 0.5037 0.7975
vn -0.2751 0.2299 0.9335
vn -0.3063 0.0497 -0.9506
vn -0.3122 -0.2037 -0.9279
vn -0.3579 -0.1846 0.9153
vn -0.5748 -0.1030 0.8118
vn -0.3444 -0.0955 -0.9340
vn -0.3576 -0.2077 -0.9105
vn -0.5412 -0.6999 -0.4661
vn -0.3464 -0.1301 0.9290
vn -0.5511 -0.1533 0.8202
vn -0.5046 -0.2183 0.8353
vn -0.4687 -0.2169 -0.8563
vn -0.4981 -0.1556 -0.8531
vn -0.4138 0.4092 -0.8133
vn -0.3554 0.1705 0.9190
vn -0.4675 0.5635 0.6811
vn -0.3898 -0.0215 -0.9206
vn -0.0848 -0.9462 -0.3122
vn -0.0803 -0.9787 -0.1890
vn -0.0165 -0.9998 -0.0069
vn 0.0134 -0.9997 -0.0192
vn -0.0130 -0.9997 0.0220
vn -0.0230 -0.9975 0.0666
vn 0.0092 -0.9999 0.0093
vn -0.0091 -0.9995 0.0313
vn 0.0312 -0.9987 0.0408
vn -0.1841 0.3502 -0.9184
vn -0.2615 0.0918 0.9608
vn -0.2448 -0.9532 0.1773
vn -0.1032 -0.9890 -0.1057
vn -0.2522 -0.9520 0.1734
vn -0.5668 -0.3868 -0.7274
vn -0.5353 -0.2473 -0.8076
vn -0.6509 -0.2784 0.7062
vn -0.6953 -0.1365 0.7057
vn -0.5280 -0.1622 0.8336
vn -0.6808 -0.2355 0.6936
vn -0.5335 -0.2031 0.8211
vn -0.4983 -0.3432 -0.7962
vn -0.7000 -0.3734 -0.6088
vn -0.9184 -0.3889 -0.0724
vn -0.7191 0.6943 -0.0303
vn -0.5664 0.4626 -0.6820
vn -0.4502 0.4260 0.7848
vn -0.2946 0.1493 0.9439
vn -0.2882 0.2352 -0.9282
vn -0.2089 -0.0625 0.9759
vn 0.3326 0.4901 -0.8057
vn -0.0706 0.2321 -0.9701
vn -0.1318 0.1743 -0.9758
vn -0.1712 0.2628 -0.9495
vn -0.1839 0.2697 0.9452
vn -0.1750 0.2792 0.9441
vn -0.2644 0.3039 -0.9153
vn -0.2953 -0.0665 -0.9531
vn -0.2453 -0.1046 0.9638
vn -0.1523 -0.9809 0.1213
vn -0.5813 -0.7655 0.2758
vn -0.3927 -0.6057 0.6921
vn -0.5238 -0.1582 -0.8370
vn -0.6753 -0.1863 -0.7137
vn -0.3023 -0.2430 0.9217
vn -0.5903 -0.2439 -0.7695
vn -0.6863 -0.2481 -0.6836
vn -0.2995 -0.2411 -0.9231
vn -0.6070 -0.2628 0.7500
vn -0.9323 -0.3611 0.0203
vn -0.8778 -0.4113 0.2458
vn -0.8792 -0.3100 -0.3618
vn -0.9065 -0.4002 -0.1346
vn -0.8982 -0.3395 -0.2791
vn -0.8260 -0.3878 0.4089
vn -0.6959 0.6409 -0.3241
vn -0.6226 0.5360 -0.5701
vn -0.5823 0.4330 -0.6881
vn -0.0425 -0.9460 0.3213
vn -0.1084 -0.9388 0.3271
vn 0.4363 0.6725 -0.5978
vn 0.3796 0.5491 -0.7446
vn 0.3928 0.6230 -0.6765
vn 0.4315 0.5744 -0.6956
vn -0.2523 0.3096 0.9168
vn -0.2887 -0.0447 0.9564
vn -0.2063 -0.1410 0.9683
vn -0.3272 -0.2014 0.9232
vn -0.2098 -0.1237 -0.9699
vn -0.3426 -0.9316 -0.1215
vn -0.2570 -0.8977 -0.3579
vn -0.2567 -0.1424 -0.9559
vn -0.2186 -0.1559 0.9633
vn -0.4600 -0.3332 0.8230
vn -0.7355 -0.3681 0.5689
vn -0.6610 -0.3809 0.6466
vn -0.6174 -0.3343 -0.7121
vn -0.6052 -0.3609 -0.7096
vn -0.7722 0.6023 0.2023
vn -0.6808 0.7104 -0.1784
vn -0.3995 0.2741 0.8748
vn -0.5804 0.4129 0.7019
vn -0.4649 0.5228 0.7146
vn -0.2719 0.4915 -0.8273
vn -0.1141 -0.0479 -0.9923
vn -0.0897 -0.0392 -0.9952
vn -0.3758 0.3362 -0.8635
vn -0.2161 0.1432 -0.9658
vn -0.0386 -0.9989 0.0279
vn -0.0072 -0.9977 -0.0669
vn -0.0116 -0.9967 0.0806
vn 0.0182 -0.9998 0.0114
vn 0.3940 0.5167 0.7601
vn 0.3617 0.4695 0.8054
vn 0.4429 0.5871 0.6776
vn -0.1328 0.2608 -0.9562
vn -0.2528 0.3929 0.8841
vn -0.1887 0.3413 0.9208
vn -0.2662 0.0351 0.9633
vn -0.2080 -0.0875 0.9742
vn -0.2828 -0.0474 -0.9580
vn -0.1694 -0.1234 -0.9778
vn -0.2594 -0.3408 -0.9036
vn -0.2353 -0.3411 0.9101
vn -0.3785 -0.3280 0.8656
vn -0.2044 -0.1163 0.9720
vn -0.2455 -0.2875 0.9258
vn -0.7702 -0.2877 0.5692
vn -0.6371 -0.1995 0.7445
vn -0.6743 -0.2957 0.6766
vn -0.9477 -0.3193 -0.0043
vn -0.7572 0.6420 -0.1205
vn -0.6846 0.6086 0.4010
vn -0.7552 0.6336 0.1680
vn -0.7739 0.6081 -0.1767
vn -0.1679 -0.7996 0.5766
vn -0.1593 -0.7958 0.5843
vn -0.0463 -0.4703 0.8813
vn 0.3825 0.5170 -0.7657
vn 0.4204 0.4685 0.7771
vn 0.2801 0.3779 -0.8825
vn 0.2061 0.3412 -0.9171
vn 0.3166 0.4057 -0.8574
vn 0.2201 0.3354 0.9160
vn 0.0708 0.2637 0.9620
vn -0.2712 0.2116 -0.9390
vn -0.2037 0.1014 -0.9738
vn -0.2301 -0.0073 -0.9731
vn -0.2240 -0.2953 -0.9288
vn -0.1867 -0.6888 -0.7005
vn -0.4079 -0.2086 0.8889
vn -0.2006 -0.3571 0.9122
vn -0.3053 -0.1511 0.9402
vn -0.2130 -0.2272 -0.9503
vn -0.1906 -0.1446 -0.9710
vn -0.3729 -0.2998 -0.8781
vn -0.4897 -0.2420 0.8376
vn -0.9058 -0.2519 0.3407
vn -0.7887 -0.1459 0.5972
vn -0.9296 -0.2018 -0.3086
vn -0.8681 -0.2513 0.4281
vn -0.5790 0.5795 -0.5735
vn -0.5865 0.5769 0.5685
vn -0.3093 0.1828 -0.9332
vn -0.0409 0.0820 -0.9958
vn 0.0041 -0.9999 -0.0145
vn 0.4028 0.4631 -0.7895
vn 0.3897 0.4432 0.8072
vn -0.1816 0.3144 -0.9318
vn -0.1680 0.2333 0.9578
vn -0.1906 -0.0940 -0.9772
vn -0.1607 -0.8549 0.4933
vn -0.1255 -0.9435 -0.3066
vn -0.3784 -0.8788 0.2906
vn -0.3375 -0.1880 0.9223
vn -0.4716 -0.1860 0.8620
vn -0.6199 -0.2013 -0.7584
vn -0.4330 -0.2002 -0.8789
vn -0.4842 -0.2181 -0.8473
vn -0.8482 -0.1796 -0.4983
vn -0.9571 -0.2750 -0.0911
vn -0.9864 -0.1644 0.0053
vn -0.6846 0.7285 -0.0263
vn -0.6888 0.5249 -0.5000
vn -0.6821 0.7302 -0.0397
vn -0.6930 0.5505 0.4655
vn -0.3940 0.5240 0.7551
vn -0.5023 0.4572 -0.7339
vn -0.1490 0.1235 0.9811
vn -0.0328 -0.9959 -0.0844
vn 0.0558 -0.9938 -0.0966
vn 0.3195 0.4831 0.8152
vn 0.5040 0.6680 0.5476
vn 0.0471 0.3089 0.9499
vn -0.0974 0.2371 0.9666
vn -0.2183 0.3915 0.8939
vn -0.1783 0.2395 -0.9544
vn -0.1704 0.1277 0.9771
vn -0.1152 0.1749 -0.9778
vn -0.3357 -0.1401 -0.9315
vn -0.0652 -0.1202 -0.9906
vn -0.1692 -0.1375 -0.9760
vn -0.6560 -0.1214 0.7449
vn -0.9336 -0.1473 0.3265
vn -0.7737 -0.0870 0.6276
vn -0.9684 -0.1992 0.1499
vn -0.9615 -0.1789 -0.2087
vn -0.9630 -0.1683 -0.2105
vn -0.3877 0.6070 -0.6937
vn -0.2207 0.3100 0.9247
vn -0.3892 0.2351 0.8907
vn -0.2048 0.3308 0.9212
vn -0.0639 -0.0076 0.9979
vn -0.0198 0.3742 0.9271
vn 0.5768 0.8166 0.0237
vn 0.5759 0.8171 -0.0257
vn 0.5501 0.7570 -0.3525
vn 0.4214 0.5126 0.7481
vn 0.3046 0.4243 0.8527
vn 0.1841 0.3898 0.9023
vn -0.2027 0.3748 0.9047
vn -0.1786 0.1190 0.9767
vn -0.1683 -0.0858 -0.9820
vn -0.1627 -0.0839 0.9831
vn -0.0758 -0.1006 0.9920
vn -0.0999 -0.1655 0.9811
vn -0.0767 -0.1462 -0.9863
vn -0.1494 -0.1248 0.9809
vn 0.0055 -0.9513 0.3083
vn 0.0288 -0.9990 0.0339
vn -0.0931 -0.1743 0.9803
vn -0.2145 -0.2550 -0.9428
vn -0.0687 -0.1239 0.9899
vn -0.4267 -0.1671 -0.8888
vn -0.6032 -0.1163 -0.7890
vn -0.5892 -0.0691 0.8050
vn -0.8591 -0.1415 0.4918
vn -0.7848 -0.0742 -0.6152
vn -0.8021 -0.1272 -0.5835
vn -0.8369 -0.1960 -0.5110
vn -0.8094 -0.1141 -0.5761
vn -0.9060 -0.2261 0.3579
vn -0.9502 -0.2922 0.1081
vn -0.9088 -0.2699 -0.3181
vn -0.9444 -0.3153 -0.0930
vn -0.6938 0.5533 0.4610
vn -0.8509 0.5181 0.0868
vn -0.5616 0.5726 -0.5972
vn -0.1499 0.5947 -0.7899
vn -0.4533 0.4893 -0.7450
vn -0.2747 0.4351 0.8574
vn -0.1993 0.3606 -0.9112
vn 0.3234 -0.3883 0.8629
vn -0.0285 0.0365 0.9989
vn 0.1985 -0.0622 0.9781
vn 0.0245 -0.7320 -0.6809
vn -0.0528 -0.8231 -0.5655
vn 0.1520 -0.2836 -0.9468
vn -0.0217 -0.8465 0.5319
vn 0.5193 0.7013 -0.4884
vn 0.1762 0.4014 -0.8988
vn 0.0468 0.3211 -0.9459
vn -0.0832 0.3012 0.9499
vn -0.1585 0.2596 0.9526
vn -0.1320 0.3162 0.9395
vn -0.2184 0.3784 -0.8995
vn -0.1184 0.3007 -0.9463
vn -0.2671 0.0882 -0.9596
vn -0.1832 0.1149 -0.9763
vn -0.0425 -0.1598 0.9862
vn -0.1113 -0.2248 0.9680
vn -0.0863 -0.3690 -0.9254
vn -0.1136 -0.2424 -0.9635
vn -0.0756 -0.3438 0.9360
vn 0.0379 -0.9839 -0.1744
vn -0.0201 -0.8564 -0.5159
vn 0.0301 -0.1469 0.9887
vn -0.1181 -0.1690 -0.9785
vn -0.2783 -0.2429 -0.9293
vn -0.2414 -0.2423 -0.9397
vn -0.1661 -0.1978 0.9661
vn -0.6284 -0.0766 -0.7741
vn -0.4427 -0.0606 0.8946
vn -0.5716 -0.0438 0.8193
vn -0.6692 -0.0841 -0.7383
vn -0.6300 -0.0760 0.7729
vn -0.6914 -0.2320 0.6842
vn -0.5946 -0.2138 -0.7751
vn -0.9061 -0.2674 -0.3277
vn -0.7852 -0.1164 0.6081
vn -0.9198 -0.2420 0.3087
vn -0.7254 -0.2205 0.6520
vn -0.7163 -0.1919 -0.6708
vn -0.7536 -0.2928 -0.5886
vn -0.8118 -0.2849 0.5098
vn -0.8717 0.4593 -0.1707
vn -0.8315 0.5205 -0.1941
vn -0.1928 0.4560 -0.8689
vn -0.3573 0.4348 0.8266
vn -0.1613 0.4271 0.8897
vn 0.1385 0.1746 -0.9748
vn -0.0384 -0.9778 -0.2059
vn -0.0483 -0.8970 -0.4393
vn 0.1257 -0.9571 -0.2610
vn 0.0384 -0.9385 0.3431
vn 0.4156 0.4755 -0.7754
vn 0.3804 0.5211 -0.7640
vn 0.3558 0.4348 -0.8273
vn -0.0833 -0.1952 -0.9772
vn -0.0687 -0.2936 -0.9534
vn 0.2220 -0.8473 0.4825
vn 0.1347 -0.9881 0.0748
vn 0.2503 -0.9246 -0.2872
vn 0.1889 -0.9738 -0.1265
vn 0.0395 -0.3365 0.9409
vn 0.1568 -0.5280 0.8347
vn 0.0760 -0.4041 -0.9115
vn 0.1505 -0.2205 0.9637
vn -0.2964 -0.1351 -0.9455
vn -0.0392 -0.1011 -0.9941
vn -0.1664 -0.1015 0.9808
vn -0.3032 -0.1543 0.9403
vn -0.2176 -0.1324 -0.9670
vn -0.4379 -0.0338 -0.8984
vn -0.4086 -0.0442 -0.9116
vn -0.5877 -0.0494 -0.8076
vn -0.6189 -0.1355 0.7737
vn -0.9488 -0.3117 -0.0509
vn -0.9517 -0.3065 0.0197
vn -0.8207 -0.1888 -0.5393
vn -0.9789 0.0569 0.1960
vn -0.9627 0.2243 -0.1512
vn -0.9692 0.0474 -0.2416
vn -0.8995 0.0154 -0.4366
vn -0.9814 0.0500 0.1853
vn -0.9824 0.0335 -0.1838
vn -0.8954 0.1151 0.4301
vn -0.9698 0.1876 -0.1557
vn -0.8796 0.4505 0.1524
vn -0.9161 0.1549 0.3698
vn -0.9088 0.4044 -0.1024
vn -0.2979 0.3211 -0.8990
vn -0.1669 0.4395 -0.8826
vn 0.0079 0.0650 0.9979
vn 0.1937 0.3138 0.9295
vn 0.1269 0.1992 -0.9717
vn -0.1476 0.0048 -0.9890
vn -0.2555 0.3184 -0.9129
vn 0.1815 0.0231 -0.9831
vn 0.0047 0.1955 0.9807
vn 0.2696 0.0460 0.9619
vn 0.1377 0.0423 0.9896
vn 0.2019 0.2775 -0.9393
vn -0.0601 0.1085 -0.9923
vn 0.1534 0.2631 -0.9525
vn 0.2868 0.0284 -0.9576
vn 0.1323 -0.9886 -0.0719
vn -0.0229 -0.9995 0.0194
vn 0.0913 -0.9958 0.0078
vn 0.3546 -0.8406 0.4094
vn 0.1233 -0.9921 -0.0225
vn -0.0234 -0.9997 -0.0102
vn 0.1666 -0.9782 0.1236
vn 0.4059 0.4911 -0.7708
vn 0.4106 0.4853 -0.7719
vn 0.4111 0.4817 -0.7739
vn 0.4085 0.5048 0.7605
vn -0.0710 0.1903 0.9791
vn -0.0742 -0.2104 0.9748
vn -0.0925 -0.1345 -0.9866
vn -0.0033 -0.1211 -0.9926
vn -0.0553 -0.3456 0.9367
vn 0.2312 -0.7383 -0.6336
vn 0.1250 -0.1521 -0.9804
vn 0.1355 -0.1214 0.9833
vn 0.0542 -0.2070 0.9768
vn -0.1931 -0.2418 0.9509
vn -0.0745 -0.2285 -0.9707
vn 0.0222 -0.1898 -0.9816
vn -0.2169 -0.0734 -0.9734
vn -0.3483 -0.0362 0.9367
vn -0.3936 0.0402 -0.9184
vn -0.3893 -0.0826 -0.9174
vn -0.4256 -0.1689 0.8890
vn -0.4666 -0.1995 0.8617
vn -0.8130 -0.2598 -0.5211
vn -0.8220 -0.1824 0.5396
vn -0.9521 0.2343 -0.1967
vn -0.9546 0.2179 0.2030
vn -0.9364 0.1689 0.3076
vn -0.9037 0.2898 0.3152
vn -0.9535 0.2900 0.0822
vn -0.8261 0.0723 0.5588
vn -0.7965 -0.0073 -0.6046
vn -0.7574 0.3164 -0.5712
vn -0.7844 0.1808 -0.5933
vn -0.7327 0.0014 0.6806
vn -0.5688 0.0202 -0.8222
vn -0.5067 -0.0250 0.8618
vn -0.3950 0.2115 -0.8940
vn -0.4481 -0.0123 -0.8939
vn -0.1351 0.5141 -0.8470
vn 0.0425 0.4032 0.9141
vn 0.0348 0.3715 0.9278
vn 0.1645 0.3177 -0.9338
vn 0.1745 0.2378 0.9555
vn 0.2185 0.1144 0.9691
vn 0.3822 -0.0230 -0.9238
vn 0.4382 -0.4147 -0.7975
vn 0.2452 -0.9693 -0.0181
vn -0.0580 -0.9982 0.0130
vn 0.1462 -0.7849 0.6021
vn 0.5708 0.7481 0.3385
vn -0.1011 0.0187 -0.9947
vn 0.1114 -0.3225 0.9400
vn 0.4683 -0.8522 0.2332
vn 0.0641 -0.1063 0.9923
vn 0.1693 -0.1013 -0.9803
vn 0.2534 -0.1581 0.9544
vn 0.1228 -0.1972 -0.9727
vn -0.1731 -0.1060 0.9792
vn -0.3820 -0.0412 0.9232
vn 0.0198 -0.1741 -0.9845
vn -0.1212 -0.0760 0.9897
vn -0.2839 -0.2003 -0.9377
vn -0.3858 -0.1345 0.9127
vn -0.5465 -0.2212 -0.8077
vn -0.4902 -0.1956 0.8494
vn -0.4537 -0.2056 -0.8671
vn -0.9041 -0.1547 -0.3984
vn -0.6160 -0.1265 -0.7775
vn -0.9261 -0.1627 0.3403
vn -0.9763 -0.1136 0.1843
vn -0.9826 -0.1530 -0.1057
vn -0.9367 0.3032 -0.1749
vn -0.7781 0.3453 -0.5247
vn -0.9516 0.1950 -0.2374
vn -0.3888 0.2854 -0.8760
vn -0.7527 0.0494 -0.6565
vn -0.8489 0.1524 -0.5060
vn -0.6260 0.2288 -0.7455
vn -0.6373 0.2963 0.7114
vn -0.3708 -0.2169 -0.9031
vn 0.3355 -0.0203 -0.9418
vn 0.2878 0.2782 0.9164
vn 0.3779 -0.0380 0.9251
vn 0.3959 -0.1477 0.9063
vn 0.1821 -0.7894 -0.5863
vn 0.4443 -0.7796 -0.4413
vn 0.4063 0.5455 0.7330
vn 0.3850 0.4573 0.8016
vn 0.4863 0.5452 -0.6828
vn 0.3311 0.4770 0.8142
vn 0.2574 0.4534 -0.8533
vn 0.0584 0.4329 -0.8995
vn -0.0670 0.3576 -0.9315
vn -0.1219 0.3978 -0.9093
vn -0.1985 0.3809 -0.9031
vn -0.0995 0.1544 -0.9830
vn -0.1359 0.0959 -0.9861
vn 0.0430 -0.2560 -0.9657
vn 0.0518 -0.1782 0.9826
vn 0.4616 -0.8111 0.3593
vn -0.0044 -0.9973 -0.0729
vn 0.0531 -0.9980 0.0346
vn 0.2781 -0.9583 -0.0656
vn 0.4357 -0.7403 -0.5120
vn -0.1158 -0.0790 -0.9901
vn -0.1766 -0.1023 0.9789
vn -0.1943 -0.0760 -0.9780
vn -0.2128 0.0401 -0.9763
vn -0.1100 -0.0653 0.9918
vn -0.3707 -0.0093 0.9287
vn -0.1734 0.0384 0.9841
vn -0.2574 0.0278 -0.9659
vn -0.4485 -0.1141 -0.8865
vn -0.1147 -0.0571 -0.9918
vn -0.5634 -0.1527 -0.8120
vn -0.5868 -0.0924 0.8044
vn -0.7460 -0.1621 0.6460
vn -0.4780 -0.0761 0.8751
vn -0.7903 -0.0606 -0.6098
vn -0.9864 -0.1419 -0.0833
vn -0.9349 -0.0797 0.3459
vn -0.7265 -0.0619 0.6844
vn -0.9846 -0.0178 0.1737
vn -0.9884 -0.0334 -0.1484
vn -0.9377 0.0122 -0.3472
vn -0.9334 -0.0776 -0.3503
vn -0.9284 0.0377 0.3696
vn -0.7953 0.2125 0.5677
vn -0.7004 0.1966 0.6862
vn -0.7367 0.1765 -0.6528
vn -0.4649 0.3385 -0.8181
vn -0.5786 0.2034 0.7899
vn -0.7935 0.3476 0.4996
vn -0.3965 0.2679 0.8780
vn -0.5294 0.0349 -0.8477
vn -0.6244 0.0365 -0.7803
vn -0.2984 0.1391 0.9443
vn -0.4863 0.0085 0.8737
vn -0.2606 -0.1217 0.9578
vn -0.0594 -0.0651 0.9961
vn -0.4414 0.2052 0.8735
vn -0.0757 0.0532 0.9957
vn 0.1407 0.1003 0.9850
vn 0.0540 0.3814 0.9228
vn 0.3590 0.2542 0.8980
vn 0.2787 0.3950 -0.8754
vn 0.2388 0.1873 -0.9528
vn 0.5454 0.1417 -0.8261
vn 0.5367 0.1041 0.8373
vn 0.5330 0.0153 -0.8460
vn 0.4386 0.1328 -0.8888
vn 0.5762 -0.1584 0.8018
vn 0.6923 -0.4468 0.5667
vn 0.2279 -0.9123 0.3404
vn 0.4646 0.5683 0.6790
vn 0.4594 0.5146 0.7240
vn 0.3918 0.4952 0.7754
vn 0.5025 0.5708 0.6494
vn 0.1582 0.5030 -0.8497
vn -0.0907 0.4212 -0.9024
vn -0.1159 0.4271 0.8968
vn -0.0475 -0.0728 -0.9962
vn 0.0496 -0.1785 -0.9827
vn 0.4220 -0.6294 0.6525
vn 0.3074 -0.4390 -0.8443
vn 0.1363 -0.1215 -0.9832
vn 0.1986 -0.1742 -0.9645
vn 0.1089 -0.0254 -0.9937
vn 0.1394 -0.1394 0.9804
vn -0.0756 -0.0852 -0.9935
vn 0.1306 -0.0172 0.9913
vn -0.2091 0.0081 0.9779
vn -0.2454 -0.1500 0.9578
vn -0.1941 -0.1724 -0.9657
vn -0.5895 -0.0504 -0.8062
vn -0.8260 -0.0014 0.5636
vn -0.4871 -0.0705 0.8705
vn -0.8260 -0.0160 -0.5634
vn -0.6431 -0.0884 -0.7606
vn -0.4679 -0.0651 -0.8814
vn -0.6740 0.0244 0.7383
vn -0.7982 0.1612 0.5804
vn -0.5825 0.0325 0.8122
vn -0.4783 0.0407 -0.8772
vn -0.9582 0.1734 0.2275
vn -0.5502 0.1565 0.8202
vn -0.6034 0.1751 -0.7780
vn 0.0877 0.0623 -0.9942
vn 0.3335 0.2866 0.8981
vn 0.5074 0.0974 -0.8562
vn 0.2261 0.2925 -0.9291
vn 0.3417 -0.3442 -0.8745
vn 0.6671 -0.3924 0.6333
vn 0.4507 -0.1646 -0.8774
vn 0.6613 -0.2817 -0.6952
vn 0.3588 -0.9334 0.0042
vn 0.4576 -0.8787 -0.1364
vn 0.5095 0.7049 0.4935
vn 0.3626 0.4963 0.7888
vn -0.0127 0.3878 -0.9216
vn -0.0586 0.3441 0.9371
vn 0.0028 0.1998 -0.9798
vn 0.0029 0.2307 -0.9730
vn -0.0280 -0.0870 0.9958
vn -0.1018 0.0163 0.9947
vn 0.1609 -0.3798 -0.9110
vn 0.1408 -0.3675 0.9193
vn 0.3077 -0.2190 -0.9259
vn 0.4027 -0.1114 -0.9085
vn 0.4039 -0.8883 0.2185
vn 0.2169 -0.9701 -0.1086
vn 0.1182 -0.9727 -0.1999
vn -0.0006 -0.9621 0.2728
vn 0.0418 -0.9639 0.2630
vn 0.3534 -0.9323 -0.0773
vn 0.0489 -0.0442 0.9978
vn 0.1782 -0.0217 0.9838
vn 0.0042 -0.0210 -0.9998
vn 0.3179 -0.1469 -0.9367
vn -0.0397 0.0144 -0.9991
vn 0.0294 0.1046 0.9941
vn 0.0668 -0.0326 -0.9972
vn 0.0449 -0.1008 -0.9939
vn -0.1175 -0.1344 0.9839
vn -0.2105 -0.1376 -0.9679
vn -0.2441 -0.1451 -0.9588
vn -0.5825 -0.1030 -0.8063
vn -0.3644 -0.0215 -0.9310
vn -0.2125 -0.0329 -0.9766
vn -0.3853 -0.0938 -0.9180
vn -0.2642 -0.0967 0.9596
vn -0.5798 -0.0110 -0.8147
vn -0.7880 0.0407 -0.6143
vn -0.3148 0.1449 0.9380
vn -0.4298 0.1128 -0.8959
vn -0.3432 0.2249 0.9119
vn -0.2050 0.2573 -0.9443
vn -0.3764 0.2163 -0.9008
vn 0.0800 0.0554 0.9953
vn -0.1144 -0.2783 0.9537
vn -0.3428 0.0397 0.9386
vn -0.0570 -0.2319 0.9711
vn -0.0315 -0.2083 0.9776
vn 0.2368 -0.3265 0.9151
vn 0.3710 -0.1281 -0.9198
vn 0.5772 0.1567 0.8014
vn 0.6187 -0.2368 0.7491
vn 0.7396 -0.1143 -0.6632
vn 0.7008 -0.4409 -0.5608
vn 0.4958 0.0976 0.8629
vn 0.6559 0.0009 0.7548
vn 0.6687 -0.0472 0.7421
vn 0.7130 -0.6557 0.2483
vn 0.7411 -0.6124 -0.2752
vn 0.5177 0.7346 -0.4385
vn 0.4484 0.5851 -0.6757
vn 0.0222 0.2054 0.9784
vn -0.0793 0.1610 0.9838
vn -0.0034 0.1490 -0.9888
vn 0.1849 -0.1973 -0.9628
vn 0.3870 -0.1145 -0.9149
vn 0.3932 -0.0962 0.9144
vn 0.2942 -0.1298 0.9469
vn 0.3044 -0.0024 -0.9525
vn 0.0558 -0.0306 0.9980
vn 0.0170 -0.1192 -0.9927
vn 0.1739 -0.0548 0.9832
vn -0.0390 -0.1010 -0.9941
vn 0.0036 -0.0594 -0.9982
vn -0.0575 -0.1007 0.9933
vn -0.0834 -0.1045 -0.9910
vn -0.4252 -0.0232 0.9048
vn -0.5678 -0.0574 0.8212
vn -0.2178 0.1644 -0.9621
vn -0.1162 0.0101 -0.9932
vn -0.2590 -0.0038 -0.9659
vn -0.0555 0.1874 -0.9807
vn 0.1097 0.0417 -0.9931
vn -0.0557 -0.1481 -0.9874
vn -0.0936 -0.2860 0.9536
vn -0.0589 -0.2395 -0.9691
vn -0.0834 -0.2843 -0.9551
vn 0.2519 -0.3409 -0.9057
vn 0.5157 -0.0148 0.8567
vn 0.6533 -0.2377 -0.7188
vn 0.7213 -0.4065 -0.5608
vn 0.4466 -0.8798 -0.1629
vn 0.8119 -0.5472 -0.2034
vn 0.7873 -0.6164 0.0160
vn 0.4464 -0.8930 -0.0577
vn 0.4170 0.5168 -0.7477
vn 0.1279 0.4523 -0.8826
vn 0.0270 0.4249 0.9048
vn -0.0506 0.3735 0.9263
vn 0.1043 0.4307 0.8964
vn 0.0047 0.4476 0.8942
vn -0.1207 0.4113 0.9035
vn -0.0215 0.3571 -0.9338
vn 0.0091 0.2395 0.9709
vn -0.0049 0.0358 0.9993
vn -0.1314 0.1000 0.9863
vn 0.0733 -0.2527 -0.9648
vn 0.1339 -0.3218 -0.9373
vn 0.3287 -0.3892 -0.8605
vn -0.0722 -0.9745 -0.2125
vn -0.0819 -0.9966 -0.0012
vn -0.0782 -0.9785 0.1906
vn 0.3860 -0.8227 -0.4173
vn 0.3552 -0.5921 -0.7233
vn 0.5138 -0.0967 0.8525
vn 0.4986 -0.2480 0.8306
vn 0.1798 -0.2775 -0.9437
vn 0.3351 -0.2036 -0.9199
vn 0.2344 -0.0119 -0.9721
vn 0.0316 -0.0753 0.9967
vn 0.3570 -0.1465 0.9225
vn 0.4190 0.0010 0.9080
vn 0.0678 -0.1647 0.9840
vn 0.1686 -0.0737 -0.9829
vn 0.0093 -0.1454 0.9893
vn -0.0194 -0.1590 -0.9871
vn -0.0576 0.0297 0.9979
vn -0.0952 -0.0355 0.9948
vn -0.0904 -0.0132 0.9958
vn -0.1971 0.0364 0.9797
vn -0.1430 0.0814 -0.9864
vn -0.3236 0.0934 -0.9416
vn 0.0609 0.1672 0.9840
vn -0.0843 0.2053 0.9751
vn 0.0461 0.0363 0.9983
vn -0.1140 -0.1022 -0.9882
vn 0.1768 -0.2461 -0.9530
vn 0.7658 0.0436 0.6415
vn 0.7909 0.1489 0.5936
vn 0.8386 -0.0491 -0.5425
vn 0.8709 -0.4280 -0.2415
vn 0.8616 -0.4125 0.2959
vn 0.8984 -0.3917 0.1987
vn 0.8512 -0.5037 0.1473
vn 0.6406 -0.6854 0.3462
vn 0.0126 0.0366 -0.9993
vn 0.1698 -0.2353 -0.9570
vn 0.2953 -0.4290 0.8537
vn 0.3807 -0.6481 0.6596
vn 0.1893 -0.2289 0.9549
vn 0.4663 -0.4936 0.7341
vn 0.1190 -0.0249 -0.9926
vn 0.2447 -0.1863 0.9515
vn 0.4181 -0.1541 0.8953
vn 0.4894 -0.1578 -0.8576
vn 0.2650 -0.1833 -0.9467
vn 0.0701 0.0275 0.9972
vn 0.0077 0.0303 -0.9995
vn 0.0277 -0.1164 -0.9928
vn 0.2616 -0.0501 -0.9639
vn -0.1120 -0.1538 0.9817
vn 0.2692 -0.0949 0.9584
vn 0.0155 0.0138 -0.9998
vn 0.1085 0.0259 0.9938
vn -0.0022 -0.0812 0.9967
vn -0.3321 0.0806 0.9398
vn -0.0491 0.0237 0.9985
vn -0.0592 0.0577 -0.9966
vn 0.0702 0.1615 -0.9844
vn -0.3409 -0.0174 -0.9400
vn -0.0792 0.1284 -0.9886
vn 0.0468 -0.0996 -0.9939
vn 0.2014 -0.2459 -0.9482
vn 0.5133 -0.5399 0.6671
vn 0.8767 0.0657 -0.4766
vn 0.6540 0.1947 -0.7310
vn 0.7516 -0.2340 -0.6168
vn 0.9049 -0.0529 0.4224
vn 0.7711 -0.3079 0.5574
vn 0.8661 -0.4451 -0.2273
vn 0.9767 -0.0559 -0.2072
vn 0.8301 -0.2745 0.4854
vn 0.9550 -0.0729 0.2874
vn 0.8592 -0.3054 0.4106
vn 0.8218 -0.5122 0.2496
vn 0.9430 -0.3237 0.0777
vn 0.8226 -0.5268 -0.2141
vn 0.8635 -0.3248 -0.3859
vn 0.8947 -0.4415 0.0678
vn 0.3557 0.5124 -0.7816
vn 0.3766 0.4872 -0.7879
vn 0.0282 0.1344 0.9905
vn 0.0439 -0.0862 -0.9953
vn 0.0870 -0.1859 0.9787
vn 0.2681 -0.1748 0.9474
vn 0.1208 -0.2088 0.9705
vn 0.1517 -0.2372 0.9595
vn 0.2824 -0.4269 0.8591
vn 0.3069 -0.3408 0.8886
vn 0.1595 -0.9872 0.0010
vn 0.1998 -0.9503 -0.2388
vn 0.6085 -0.2004 0.7678
vn 0.3868 -0.2025 0.8997
vn 0.7149 -0.0787 0.6948
vn 0.7276 -0.0683 -0.6826
vn 0.6613 -0.0723 -0.7467
vn 0.5726 -0.1652 -0.8030
vn 0.5849 -0.0829 0.8069
vn 0.2169 0.0340 -0.9756
vn 0.2000 0.0208 0.9796
vn 0.1888 -0.1003 -0.9769
vn 0.5306 -0.0508 -0.8461
vn 0.2465 -0.0324 -0.9686
vn 0.4851 0.0446 -0.8733
vn 0.4660 -0.0601 -0.8827
vn 0.3445 -0.1107 0.9322
vn 0.3841 0.0402 0.9224
vn 0.4305 0.0220 -0.9023
vn 0.3171 0.0225 0.9481
vn 0.0967 -0.0537 -0.9939
vn 0.0072 -0.0366 -0.9993
vn 0.0670 0.1988 -0.9777
vn 0.0722 0.1588 -0.9847
vn -0.0777 0.2407 0.9675
vn -0.0469 0.1362 0.9896
vn 0.5284 -0.1044 -0.8425
vn 0.4512 -0.4303 -0.7819
vn 0.9696 0.0163 0.2440
vn 0.7805 -0.1915 0.5951
vn 0.9893 -0.0948 -0.1109
vn 0.8265 -0.0088 -0.5629
vn 0.9780 -0.0873 -0.1893
vn 0.9853 -0.1448 -0.0905
vn 0.5839 0.7036 0.4050
vn 0.5179 0.6170 0.5925
vn 0.3129 0.5457 0.7774
vn 0.2215 0.5047 0.8344
vn 0.2458 0.5433 0.8028
vn 0.1932 0.4826 0.8542
vn 0.1690 0.4974 0.8509
vn 0.0373 0.4565 -0.8889
vn 0.0795 0.2881 -0.9543
vn 0.0789 0.2851 0.9552
vn 0.7633 -0.0723 -0.6419
vn 0.3623 -0.0948 0.9272
vn 0.3261 -0.0145 0.9452
vn 0.5134 -0.0344 0.8574
vn 0.4446 -0.0783 -0.8923
vn 0.2582 -0.1575 -0.9532
vn 0.1865 -0.1606 -0.9693
vn 0.3085 -0.0459 0.9501
vn 0.2757 0.0307 -0.9608
vn 0.0865 -0.0535 0.9948
vn 0.0255 -0.0007 0.9997
vn 0.2912 0.0286 0.9562
vn 0.2582 0.0655 0.9639
vn 0.1136 0.0548 -0.9920
vn 0.2763 0.1504 0.9492
vn 0.1362 0.1322 0.9818
vn 0.2279 0.1627 -0.9600
vn 0.7624 -0.4671 0.4479
vn 0.4849 -0.5455 -0.6836
vn 0.7032 -0.1937 -0.6841
vn 0.6333 -0.5218 0.5715
vn 0.9307 -0.2906 0.2220
vn 0.7462 -0.6646 0.0395
vn 0.8831 -0.3859 -0.2668
vn 0.8241 -0.5620 -0.0702
vn 0.5507 0.5543 0.6241
vn 0.3756 0.5773 0.7250
vn 0.0190 0.4443 -0.8957
vn 0.0260 0.4312 0.9019
vn 0.0624 0.2464 0.9672
vn 0.0302 0.2137 0.9764
vn -0.0336 0.1631 0.9860
vn 0.0378 0.2102 -0.9769
vn 0.3758 -0.5083 -0.7749
vn 0.6159 -0.4655 0.6356
vn 0.7084 -0.3762 -0.5972
vn 0.6850 -0.2440 -0.6865
vn -0.0832 -0.9269 0.3659
vn 0.4269 0.0266 -0.9039
vn 0.4595 -0.0872 -0.8839
vn 0.3635 -0.0060 -0.9316
vn 0.7155 -0.1167 -0.6888
vn 0.6756 -0.0733 -0.7337
vn 0.6463 -0.1795 0.7417
vn 0.7268 -0.1112 0.6778
vn 0.5663 -0.1368 0.8127
vn 0.6790 -0.1053 -0.7266
vn 0.6109 0.0804 0.7876
vn 0.5738 -0.0501 0.8175
vn 0.3566 0.0407 -0.9334
vn 0.0810 0.1159 -0.9899
vn 0.4298 0.0892 -0.8985
vn 0.5869 -0.0969 0.8039
vn 0.3177 -0.1224 0.9403
vn 0.2171 -0.1908 0.9573
vn 0.5749 -0.0153 0.8181
vn 0.3191 -0.0450 -0.9467
vn 0.4663 0.0467 -0.8834
vn 0.3883 0.1008 -0.9160
vn 0.3251 0.1201 -0.9380
vn 0.0173 0.0998 0.9949
vn 0.1247 0.0549 0.9907
vn 0.3602 -0.0145 0.9328
vn 0.1590 0.0850 -0.9836
vn 0.0278 -0.1510 0.9881
vn 0.1825 -0.1975 0.9632
vn 0.3560 -0.0122 -0.9344
vn 0.2908 -0.4176 -0.8608
vn 0.2749 -0.4494 0.8500
vn 0.5500 -0.5510 -0.6276
vn 0.6666 -0.5853 -0.4616
vn 0.8707 -0.3991 -0.2874
vn 0.6247 0.7774 0.0740
vn 0.6731 0.6733 0.3058
vn 0.4457 0.4842 -0.7530
vn 0.5028 0.4573 -0.7336
vn 0.4401 0.4919 0.7512
vn 0.1977 0.5389 0.8188
vn 0.2202 0.5143 -0.8289
vn 0.1801 0.5210 -0.8343
vn 0.0781 0.2597 -0.9625
vn 0.0704 0.0599 -0.9957
vn 0.1665 -0.3637 0.9165
vn 0.0526 -0.2823 0.9579
vn 0.3395 -0.4595 -0.8208
vn 0.4992 -0.4407 -0.7461
vn -0.0126 -0.9122 0.4096
vn 0.2191 -0.9670 0.1297
vn 0.4306 -0.7479 -0.5052
vn 0.5894 -0.4191 -0.6906
vn 0.3797 0.0063 0.9251
vn 0.6282 -0.2345 0.7419
vn 0.4872 0.0565 0.8715
vn 0.8101 -0.0500 0.5842
vn 0.7120 -0.0628 0.6994
vn 0.7663 -0.0599 0.6397
vn 0.3641 -0.0118 0.9313
vn 0.4914 0.0589 -0.8689
vn 0.5912 0.0056 -0.8065
vn 0.7593 -0.0075 0.6507
vn 0.6902 0.0689 -0.7203
vn 0.6366 -0.0754 -0.7675
vn 0.4116 -0.0702 -0.9087
vn 0.4846 -0.0972 -0.8693
vn 0.3722 -0.0882 0.9240
vn 0.3968 -0.0889 -0.9136
vn 0.6398 0.0207 -0.7683
vn 0.5805 0.0572 0.8123
vn 0.0618 0.0716 0.9955
vn 0.4955 0.1171 0.8607
vn 0.4752 0.0963 -0.8746
vn 0.3905 0.1440 0.9093
vn 0.4050 0.1357 -0.9042
vn 0.4859 -0.1048 0.8677
vn 0.5933 -0.2138 -0.7761
vn 0.5874 -0.2161 0.7799
vn 0.4190 -0.4611 0.7822
vn 0.3899 -0.4696 -0.7921
vn 0.4035 -0.6723 0.6206
vn 0.5873 -0.5168 -0.6229
vn 0.3693 -0.5130 0.7749
vn 0.6250 -0.6306 0.4601
vn 0.5098 0.5525 -0.6594
vn 0.4346 0.5762 -0.6922
vn 0.1171 0.2434 0.9628
vn 0.1683 -0.1281 0.9774
vn 0.0753 -0.0347 0.9966
vn 0.1482 -0.1606 -0.9758
vn 0.3511 -0.2812 0.8931
vn 0.4746 -0.4959 0.7273
vn 0.4104 -0.5698 0.7119
vn 0.6967 0.0413 0.7162
vn 0.7187 0.0034 -0.6953
vn 0.5471 -0.1774 -0.8181
vn 0.8508 -0.0340 0.5244
vn 0.8568 -0.0765 0.5099
vn 0.8376 -0.0355 -0.5451
vn 0.8349 -0.0573 -0.5475
vn 0.6258 -0.0437 0.7788
vn 0.7861 -0.1117 -0.6080
vn 0.6166 -0.0516 -0.7856
vn 0.3679 0.0909 0.9254
vn 0.6668 0.0962 0.7390
vn 0.6500 0.0222 0.7596
vn 0.7184 0.1044 -0.6878
vn 0.7662 0.0710 0.6387
vn 0.6089 0.0239 -0.7929
vn 0.6938 -0.0337 0.7194
vn 0.3290 0.0089 0.9443
vn 0.1082 0.0856 -0.9904
vn 0.0176 -0.0189 -0.9997
vn 0.3665 0.0288 -0.9300
vn 0.3408 0.0916 0.9357
vn 0.5510 0.1600 -0.8190
vn 0.5952 0.1028 -0.7970
vn 0.4360 -0.6487 0.6238
vn 0.6476 -0.6905 -0.3222
vn 0.3837 0.5612 -0.7334
vn 0.4613 0.5364 0.7067
vn 0.3158 0.6052 -0.7307
vn 0.2881 0.5227 -0.8023
vn 0.1215 0.4851 -0.8660
vn 0.1938 0.5093 -0.8385
vn 0.1353 -0.0267 -0.9904
vn 0.1955 -0.3913 -0.8992
vn 0.2995 -0.3089 -0.9027
vn 0.2888 -0.2236 0.9309
vn 0.5427 -0.5552 -0.6303
vn 0.2708 -0.8727 0.4062
vn 0.5439 -0.7775 0.3158
vn 0.2453 -0.9694 0.0080
vn 0.8173 -0.1708 -0.5504
vn 0.8146 -0.2134 -0.5393
vn 0.8069 -0.1512 0.5710
vn 0.6943 0.0418 0.7185
vn 0.7844 -0.0498 -0.6182
vn 0.8430 -0.1000 -0.5286
vn 0.8411 -0.1032 0.5309
vn 0.9362 -0.0774 0.3428
vn 0.7979 -0.0771 -0.5979
vn 0.8902 -0.1076 -0.4426
vn 0.9321 -0.0655 0.3561
vn 0.9371 -0.0752 -0.3408
vn 0.7259 0.0359 -0.6869
vn 0.8584 -0.0488 -0.5106
vn 0.9254 0.0956 -0.3666
vn 0.9904 0.0082 -0.1379
vn 0.9207 0.0909 0.3795
vn 0.9966 0.0231 0.0794
vn 0.9382 0.0155 0.3457
vn 0.8894 0.1193 0.4413
vn 0.9952 0.0910 0.0348
vn 0.8863 0.1200 -0.4472
vn 0.8146 -0.0747 0.5752
vn 0.8612 -0.0537 0.5054
vn 0.6071 -0.0915 0.7894
vn 0.7285 -0.0983 -0.6780
vn 0.6182 0.0609 0.7837
vn 0.7989 0.0743 0.5968
vn 0.8378 -0.0055 0.5460
vn 0.6464 0.0106 0.7630
vn 0.7580 0.0766 -0.6477
vn 0.5784 0.0889 0.8109
vn 0.6102 0.1207 0.7830
vn 0.5153 -0.0202 -0.8567
vn 0.5984 -0.4952 -0.6298
vn 0.6311 -0.7136 0.3042
vn 0.7021 -0.7106 -0.0454
vn 0.6761 -0.7336 0.0686
vn 0.5840 0.7530 0.3032
vn 0.4077 0.3704 0.8346
vn 0.2137 0.5618 -0.7992
vn 0.1970 0.5158 0.8337
vn 0.1958 0.5433 0.8164
vn 0.1624 0.4484 0.8790
vn 0.1055 0.1593 0.9816
vn 0.1314 0.0832 0.9878
vn 0.0667 0.0565 0.9962
vn 0.1566 0.0044 0.9877
vn 0.5853 -0.7913 -0.1769
vn 0.8442 -0.3738 0.3842
vn 0.7639 -0.5456 0.3446
vn 0.7807 -0.4785 -0.4018
vn 0.6877 -0.4528 0.5675
vn 0.5620 -0.6476 -0.5146
vn 0.8192 -0.4774 -0.3180
vn 0.7045 -0.2426 0.6670
vn 0.9492 -0.1132 -0.2937
vn 0.8908 -0.3407 -0.3006
vn 0.9177 -0.1931 0.3472
vn -0.0649 -0.9494 0.3073
vn -0.0692 -0.9902 0.1211
vn 0.8395 -0.2269 0.4937
vn 0.9367 -0.2766 0.2147
vn 0.9290 -0.0058 -0.3701
vn 0.9160 0.0515 0.3979
vn 0.8660 0.0462 0.4980
vn 0.7494 0.0523 -0.6601
vn 0.9763 -0.0728 0.2036
vn 0.8241 -0.0855 0.5600
vn 0.9532 -0.1048 0.2837
vn 0.9679 -0.0966 0.2321
vn 0.9911 -0.1326 -0.0136
vn 0.8405 0.0754 -0.5365
vn 0.9693 0.0748 -0.2343
vn 0.9912 0.0479 0.1235
vn 0.9544 0.0543 -0.2937
vn 0.9044 0.0665 0.4215
vn 0.5997 0.0303 0.7996
vn 0.8515 -0.0503 0.5219
vn 0.8648 0.0603 0.4985
vn 0.8518 -0.0261 -0.5231
vn 0.7551 -0.0829 0.6504
vn 0.9273 0.0595 0.3697
vn 0.9976 -0.0321 0.0609
vn 0.8972 0.0952 -0.4312
vn 0.8558 0.0206 -0.5169
vn 0.7849 0.0544 0.6173
vn 0.7573 0.0679 0.6496
vn 0.6434 0.1013 0.7588
vn 0.8815 0.0838 0.4647
vn 0.6926 0.0489 -0.7197
vn 0.7304 0.1158 -0.6731
vn 0.5607 0.0924 0.8229
vn 0.7316 0.1573 0.6634
vn 0.6001 -0.5093 0.6169
vn 0.7719 -0.2269 0.5939
vn 0.3088 0.7085 0.6346
vn 0.2288 0.6220 0.7489
vn 0.1487 0.3853 -0.9107
vn 0.0932 0.5180 -0.8503
vn 0.1508 0.3791 0.9130
vn 0.1467 0.1226 -0.9816
vn 0.0748 0.1715 -0.9823
vn 0.2998 -0.2715 -0.9146
vn 0.2591 -0.3240 0.9099
vn 0.2354 -0.4040 0.8839
vn 0.4016 -0.3131 -0.8606
vn 0.3023 -0.2277 -0.9256
vn 0.5990 -0.5929 0.5382
vn -0.0667 -0.9218 -0.3818
vn 0.0505 -0.9752 -0.2155
vn -0.0765 -0.8695 -0.4880
vn 0.8924 -0.4178 0.1704
vn -0.0817 -0.8895 -0.4495
vn 0.9801 -0.1972 0.0237
vn 0.8714 -0.4285 0.2389
vn 0.9646 -0.1882 -0.1847
vn 0.9458 -0.3248 0.0011
vn -0.0659 -0.9520 -0.2991
vn -0.0682 -0.9925 -0.1013
vn 0.9995 0.0311 -0.0079
vn 0.9969 0.0463 -0.0631
vn 0.9615 -0.0223 0.2738
vn 0.9943 0.0282 0.1032
vn 0.9370 0.0454 -0.3463
vn 0.9938 -0.0992 -0.0498
vn 0.9869 -0.1113 -0.1172
vn 0.9952 0.0917 -0.0352
vn 0.9890 0.0836 0.1220
vn 0.8138 -0.0474 -0.5792
vn 0.9564 -0.0540 -0.2869
vn 0.8194 -0.0906 -0.5660
vn 0.9955 -0.0685 0.0652
vn 0.9568 -0.0433 -0.2875
vn 0.9898 -0.0786 0.1191
vn 0.9897 -0.0143 -0.1426
vn 0.9953 0.0551 -0.0801
vn 0.9291 0.0117 0.3696
vn 0.9735 0.0831 0.2130
vn 0.9954 0.0760 -0.0589
vn 0.8895 0.0596 -0.4530
vn 0.9878 0.1004 0.1188
vn 0.8812 0.0904 -0.4640
vn 0.8551 0.0698 -0.5137
vn 0.7711 0.1046 0.6281
vn 0.8419 0.0887 0.5323
vn 0.6601 0.0813 -0.7468
vn 0.7620 0.1453 -0.6311
vn 0.7896 0.0284 0.6130
vn 0.8709 -0.0120 -0.4913
vn 0.6000 0.1357 -0.7884
vn 0.8508 -0.0335 0.5245
vn 0.8463 0.0103 -0.5327
vn 0.7273 -0.2728 -0.6297
vn 0.8384 -0.4573 0.2966
vn 0.8490 -0.2703 -0.4541
vn 0.8949 -0.4415 -0.0648
vn 0.7617 -0.6434 0.0763
vn 0.8946 -0.3577 0.2678
vn 0.6266 0.6912 0.3600
vn 0.6922 0.7188 0.0648
vn 0.5330 0.6572 -0.5330
vn 0.4996 0.5031 -0.7052
vn 0.4504 0.4983 -0.7408
vn 0.4696 0.6548 -0.5922
vn 0.4810 0.3851 0.7876
vn 0.4276 0.6638 0.6136
vn 0.3686 0.7565 -0.5403
vn 0.1362 0.5134 0.8473
vn 0.0367 0.5209 0.8528
vn 0.0888 0.5176 0.8510
vn 0.1505 0.3077 -0.9395
vn 0.1668 0.0483 -0.9848
vn 0.2874 -0.4183 -0.8616
vn 0.3641 -0.4215 0.8306
vn 0.4160 -0.4681 0.7796
vn 0.8145 -0.5457 -0.1968
vn 0.8155 -0.5487 0.1839
vn 0.8042 -0.5944 0.0018
vn 0.8783 -0.4559 0.1442
vn 0.9497 0.0991 0.2972
vn 0.9892 0.1001 -0.1071
vn 0.9299 0.1125 -0.3503
vn 0.9561 0.0956 -0.2771
vn 0.9548 0.0466 -0.2936
vn 0.9119 -0.1627 0.3767
vn 0.7303 0.6821 0.0381
vn 0.1138 0.5353 -0.8370
vn 0.2736 -0.1330 -0.9526
vn 0.4155 -0.4576 -0.7861
vn 0.4057 -0.3406 -0.8482
vn 0.4303 -0.3443 0.8344
vn 0.8560 -0.5002 -0.1306
vn 0.7833 -0.5895 -0.1972
vn -0.0677 -0.8760 -0.4776
vn 0.3190 -0.9294 -0.1857
vn 0.3864 -0.9121 0.1371
vn 0.9776 0.0283 0.2085
vn 0.9589 0.0788 0.2726
vn 0.9916 -0.1122 -0.0640
vn 0.9918 -0.1020 0.0773
vn 0.9275 -0.2200 -0.3023
vn 0.5543 0.4578 -0.6951
vn 0.1671 0.5158 0.8402
vn 0.2586 -0.0507 0.9647
vn 0.2539 -0.0277 -0.9668
vn 0.5175 -0.4731 -0.7130
vn 0.6907 -0.5509 -0.4684
vn 0.7148 -0.6199 -0.3237
vn 0.6301 -0.6767 -0.3810
vn 0.6504 -0.7022 -0.2897
vn 0.7559 -0.5876 0.2885
vn 0.6057 -0.7838 0.1373
vn 0.5502 0.7907 0.2683
vn 0.3002 0.8145 0.4965
vn 0.1882 0.1770 -0.9661
vn 0.3241 -0.2017 0.9243
vn 0.6806 -0.4957 0.5395
vn 0.4975 -0.3568 0.7907
vn 0.7401 -0.5900 0.3228
vn 0.5639 -0.7200 0.4045
vn 0.7761 -0.5996 0.1954
vn 0.5968 -0.7258 0.3421
vn 0.5319 0.8083 -0.2524
vn 0.7903 0.6117 0.0349
vn 0.1791 0.6337 0.7525
vn 0.1808 0.5591 0.8091
vn 0.2041 0.5643 0.8000
vn 0.1433 0.3746 -0.9160
vn 0.1957 0.1800 0.9640
vn 0.6242 -0.4494 0.6391
vn 0.5906 -0.6996 -0.4022
vn 0.0320 -0.9146 0.4030
vn 0.3365 -0.8565 0.3913
vn 0.3465 0.9125 -0.2176
vn 0.2646 0.8165 -0.5132
vn 0.1062 0.4662 -0.8783
vn 0.1635 0.2985 0.9403
vn 0.1723 0.3193 0.9319
vn 0.1285 0.3000 0.9453
vn 0.2472 0.0788 -0.9658
vn 0.2293 0.0769 0.9703
vn 0.6281 -0.4481 -0.6362
vn 0.7716 -0.6050 -0.1964
vn 0.6927 -0.6850 -0.2256
vn 0.6893 -0.5834 0.4296
vn 0.1989 -0.9056 -0.3746
vn 0.3469 0.9085 0.2330
vn 0.2286 0.7288 0.6455
vn 0.1975 0.5412 -0.8174
vn 0.1752 0.5442 -0.8204
vn 0.0842 0.5364 -0.8398
vn 0.1425 0.3518 0.9252
vn 0.1203 0.3223 -0.9390
vn 0.4192 -0.4122 -0.8089
vn 0.5811 -0.6092 -0.5396
vn 0.6355 -0.6897 -0.3471
vn 0.0652 -0.8888 0.4536
vn 0.1629 -0.7865 0.5957
vn 0.2675 0.8169 -0.5110
vn 0.2373 0.6990 -0.6746
vn 0.1732 0.6271 -0.7594
vn 0.2103 0.6113 -0.7630
vn 0.2105 0.5961 0.7748
vn 0.1560 0.5552 0.8170
vn 0.1722 0.5476 0.8189
vn 0.1201 0.5271 0.8413
vn 0.1783 0.2670 -0.9471
vn 0.1232 0.2411 -0.9626
vn 0.1143 0.1548 -0.9813
vn 0.2103 0.0173 0.9775
vn 0.3227 -0.2153 -0.9217
vn 0.3759 -0.5745 0.7271
vn -0.1126 -0.8257 0.5527
vn -0.1080 -0.8207 -0.5610
vn 0.7038 -0.6239 -0.3398
vn 0.7126 -0.6147 -0.3381
vn 0.7099 -0.6205 -0.3331
vn 0.0105 -0.9991 0.0414
vn 0.3186 0.9373 0.1410
vn 0.1607 0.5516 -0.8185
vn 0.1224 0.5385 -0.8337
vn 0.0815 0.5265 0.8463
vn 0.0955 0.4496 0.8881
vn 0.1246 0.2614 0.9571
vn 0.1670 0.1522 0.9741
vn 0.1512 0.0314 -0.9880
vn 0.2220 -0.0799 -0.9718
vn 0.3385 -0.3038 0.8906
vn 0.2764 -0.1255 0.9528
vn 0.3172 -0.4559 0.8316
vn 0.2139 -0.4492 -0.8674
vn 0.3616 -0.5741 -0.7346
vn 0.4264 -0.7611 0.4888
vn 0.0461 -0.7822 0.6213
vn 0.1123 -0.7164 0.6886
vn -0.0912 -0.8679 -0.4883
vn -0.0284 -0.9274 -0.3730
vn 0.0135 -0.9740 0.2263
vn 0.0036 -0.9848 -0.1737
vn 0.2061 0.6068 -0.7677
vn 0.1780 0.5635 -0.8067
vn 0.1411 -0.7113 -0.6886
vn 0.2452 0.6942 -0.6767
vn 0.1790 0.5662 -0.8046
vn 0.1322 0.5693 -0.8114
vn 0.1606 0.5083 -0.8461
vn 0.0191 0.2944 0.9555
vn 0.0143 0.2924 -0.9562
vn 0.0149 -0.1184 0.9929
vn 0.0302 -0.1796 -0.9833
vn 0.0964 -0.2605 0.9607
vn 0.0150 -0.4544 0.8907
vn -0.0611 -0.5992 0.7982
vn -0.1580 -0.6808 0.7152
vn -0.1437 -0.7483 -0.6476
vn -0.1278 -0.6773 -0.7246
vn -0.0660 -0.8958 0.4396
vn 0.0181 -0.9560 0.2927
vn 0.0122 0.3885 0.9214
vn 0.0192 0.4053 -0.9140
vn -0.0581 0.1332 0.9894
vn 0.0213 0.0099 0.9997
vn -0.0351 -0.0700 -0.9969
vn 0.2832 0.8565 0.4314
vn 0.2877 0.7308 0.6190
vn -0.0587 0.2274 -0.9720
vn -0.0739 0.2156 0.9737
vn -0.1026 0.0430 -0.9938
vn -0.0222 -0.5718 -0.8201
vn -0.1556 -0.4211 -0.8936
vn -0.0032 -0.9284 0.3717
vn 0.1750 0.5936 0.7855
vn -0.0846 0.1984 -0.9765
vn -0.1242 0.1076 -0.9864
vn -0.1263 -0.0208 0.9918
vn -0.1437 0.0609 0.9877
vn -0.0327 -0.3077 -0.9509
vn -0.1683 -0.2894 -0.9423
vn -0.1773 -0.5756 -0.7983
vn 0.0327 -0.9714 -0.2351
vn 0.3054 0.9319 -0.1957
vn 0.3501 0.8450 -0.4043
vn 0.3861 0.9171 0.0992
vn 0.4099 0.8996 -0.1507
vn 0.3506 0.8522 0.3883
vn 0.1811 0.5957 -0.7825
vn -0.0668 0.3418 0.9374
vn -0.0941 0.2784 0.9558
vn -0.1591 0.2144 0.9637
vn -0.1684 -0.1626 -0.9722
vn -0.1716 -0.7647 -0.6212
vn -0.1695 -0.7609 0.6263
vn 0.2990 0.6423 0.7057
vn 0.0944 0.5619 -0.8218
vn -0.0645 0.3284 -0.9423
vn -0.0875 0.2948 -0.9515
vn 0.3836 0.7560 -0.5304
vn 0.3058 0.6518 -0.6940
vn 0.1317 0.5774 0.8058
vn 0.0287 0.5795 -0.8145
vn 0.0195 0.5101 -0.8599
vn -0.0065 0.4578 0.8890
vn -0.1808 -0.0983 0.9786
vn -0.1279 -0.2436 0.9614
vn -0.2055 -0.5909 -0.7801
vn -0.1909 -0.5888 0.7854
vn -0.1335 -0.8412 0.5240
vn 0.0637 -0.9865 -0.1510
vn 0.0614 -0.9978 0.0269
vn 0.2634 0.6066 -0.7501
vn 0.0141 0.5245 0.8513
vn 0.0211 0.5780 0.8158
vn -0.1477 -0.7653 -0.6264
vn -0.1251 -0.8471 -0.5166
vn 0.2386 0.6056 0.7592
vn 0.0455 0.6291 0.7760
vn 0.1005 0.5747 0.8122
vn -0.0738 0.4146 0.9070
vn -0.1519 0.2931 -0.9440
vn -0.1523 0.2337 -0.9603
vn -0.1769 0.1725 -0.9690
vn -0.1783 -0.7001 -0.6915
vn -0.1704 -0.6832 0.7100
vn 0.4985 0.8665 0.0265
vn 0.4005 0.7357 0.5462
vn -0.1757 0.1568 0.9719
vn 0.4779 0.8366 -0.2677
vn 0.4632 0.8380 0.2884
vn 0.1126 0.6130 0.7820
vn 0.1053 0.6202 -0.7773
vn 0.0302 0.6449 -0.7636
vn -0.1873 -0.0223 -0.9820
vn -0.1783 -0.3331 0.9259
vn -0.1862 -0.3290 0.9258
vn -0.0016 -0.9326 0.3610
vn -0.0579 -0.9142 0.4011
vn -0.0474 -0.8921 0.4494
vn 0.0540 -0.9867 0.1531
vn -0.1715 0.0718 -0.9826
vn -0.1521 -0.7609 0.6309
vn -0.0521 -0.9142 -0.4020
vn 0.3589 0.6929 -0.6253
vn -0.0486 0.5300 0.8466
vn -0.0678 0.4678 0.8812
vn -0.1108 0.4110 0.9049
vn -0.1595 0.2648 0.9510
vn -0.1410 0.3322 0.9326
vn -0.1749 -0.1959 0.9649
vn -0.1813 -0.3502 -0.9190
vn 0.4907 0.8230 0.2863
vn 0.3440 0.6806 0.6469
vn -0.0198 0.5584 -0.8294
vn -0.0246 0.4734 -0.8805
vn -0.0861 0.3864 -0.9183
vn -0.1355 0.3256 -0.9357
vn -0.1672 -0.6241 -0.7632
vn -0.1916 -0.4572 -0.8685
vn -0.1031 -0.8693 0.4834
vn -0.0750 -0.9012 0.4268
vn 0.4162 0.7815 0.4648
vn 0.2130 0.6780 0.7036
vn 0.1354 0.6425 0.7542
vn -0.1458 0.2738 0.9507
vn -0.1121 -0.7978 -0.5924
vn 0.2335 0.6766 -0.6983
vn 0.0189 -0.9484 -0.3165
vn 0.2762 0.7052 0.6530
vn -0.1544 -0.5239 -0.8376
vn 0.0560 -0.9982 0.0202
vn 0.0513 -0.9916 -0.1188
vn 0.4819 0.8165 -0.3180
vn 0.4022 0.7924 -0.4586
vn 0.0755 0.6717 -0.7369
vn 0.1499 0.6634 -0.7331
vn -0.0016 0.6524 0.7579
vn 0.0767 0.6752 0.7336
vn -0.0073 0.6250 -0.7806
vn -0.1204 0.4132 -0.9026
vn -0.1732 -0.0877 0.9810
vn -0.1690 -0.0863 -0.9818
vn -0.1712 -0.1742 -0.9697
vn -0.1659 -0.2739 -0.9473
vn -0.0913 -0.7072 0.7011
vn -0.1070 -0.8135 0.5716
vn -0.0944 -0.8782 -0.4689
vn -0.0476 -0.9312 -0.3614
vn -0.0139 -0.9446 -0.3278
vn -0.0310 -0.9413 -0.3363
vn 0.0450 0.7148 0.6979
vn -0.0371 0.5916 0.8054
vn -0.1726 -0.0091 -0.9849
vn -0.1395 0.3704 0.9183
vn -0.1138 -0.6188 0.7773
vn 0.0235 -0.9708 0.2389
vn -0.0006 -0.9523 0.3051
vn -0.0695 0.5108 -0.8569
vn 0.0213 -0.9721 -0.2336
vn 0.5151 0.8470 -0.1314
vn 0.4325 0.8836 -0.1797
vn 0.3932 0.8863 0.2447
vn 0.3746 0.8267 0.4198
vn 0.2287 0.7772 0.5862
vn -0.0898 0.5082 0.8565
vn -0.1457 -0.0235 0.9891
vn -0.1741 0.0228 0.9845
vn -0.1672 -0.5105 0.8435
vn -0.1080 -0.5278 0.8425
vn 0.1259 0.7181 0.6844
vn 0.1127 0.7349 -0.6688
vn -0.0502 0.5829 -0.8110
vn -0.1541 0.2700 -0.9504
vn -0.1349 0.1984 -0.9708
vn -0.1410 0.1185 -0.9829
vn -0.1388 -0.4018 0.9052
vn 0.2399 0.7320 -0.6376
vn 0.2745 0.8010 -0.5319
vn 0.2057 0.8189 -0.5358
vn -0.1694 0.1054 0.9799
vn -0.1386 0.1760 0.9746
vn -0.1370 -0.2590 0.9561
vn -0.1019 -0.6744 -0.7313
vn -0.1083 -0.5375 -0.8363
vn -0.0302 -0.9271 0.3737
vn 0.3632 0.9085 -0.2067
vn 0.3709 0.9280 0.0362
vn 0.4809 0.8747 0.0605
vn 0.2996 0.8011 0.5182
vn -0.0045 0.6994 0.7147
vn 0.2902 0.8704 -0.3976
vn -0.1405 -0.4074 -0.9024
vn 0.0284 -0.9996 0.0097
vn 0.0230 -0.9923 0.1218
vn 0.2734 0.9117 0.3066
vn -0.0308 0.6674 0.7440
vn -0.1266 0.3497 -0.9283
vn -0.1135 0.2774 -0.9540
vn -0.1103 0.2538 0.9609
vn -0.0528 -0.6278 0.7766
vn -0.0456 -0.6988 -0.7139
vn -0.0763 -0.7676 -0.6364
vn -0.0816 -0.7802 0.6201
vn -0.0365 -0.8609 0.5075
vn 0.0579 0.7909 -0.6092
vn 0.0220 0.7520 -0.6588
vn 0.3030 0.9412 0.1498
vn 0.2517 0.9598 -0.1243
vn 0.1753 0.8228 0.5407
vn 0.0931 0.7731 0.6274
vn -0.0683 0.5832 -0.8095
vn -0.0875 0.3776 -0.9218
vn -0.1339 0.0036 -0.9910
vn -0.1338 -0.1219 -0.9835
vn -0.1256 -0.1368 0.9826
vn -0.1074 -0.3976 0.9113
vn -0.0594 -0.5439 0.8370
vn -0.0628 -0.5453 -0.8359
vn -0.0434 -0.7853 0.6176
vn -0.0152 -0.8297 0.5580
vn 0.0456 -0.9814 0.1866
vn 0.1636 0.9266 -0.3385
vn 0.1704 0.9754 0.1401
vn 0.1943 0.9079 0.3714
vn 0.1388 0.8718 -0.4698
vn 0.1539 0.7797 -0.6069
vn -0.0960 0.3667 0.9254
vn -0.0283 -0.7947 -0.6064
vn 0.1070 0.8283 -0.5500
vn -0.0581 0.6029 0.7957
vn -0.0976 0.4925 -0.8648
vn -0.0332 -0.7022 0.7112
vn -0.0238 0.7050 -0.7088
vn -0.0355 0.6461 -0.7625
vn 0.0069 0.6989 -0.7151
vn -0.1107 -0.4193 -0.9010
vn -0.0642 -0.4222 -0.9042
vn -0.0407 -0.6197 -0.7838
vn -0.0131 -0.8822 -0.4707
vn -0.0508 0.5155 0.8554
vn -0.0631 0.4297 0.9008
vn -0.0856 0.2631 -0.9610
vn -0.0881 0.1642 -0.9825
vn -0.1287 0.0796 0.9885
vn -0.0886 0.1478 0.9850
vn -0.0826 -0.0011 0.9966
vn -0.0835 -0.0425 -0.9956
vn -0.0846 -0.1680 -0.9822
vn 0.1479 0.9884 -0.0339
vn 0.1177 0.9519 0.2829
vn 0.0880 0.9020 0.4226
vn -0.0745 0.5299 -0.8448
vn -0.0844 0.0688 -0.9941
vn -0.1247 -0.2682 -0.9553
vn -0.0802 -0.2719 0.9590
vn -0.0824 -0.1425 0.9864
vn -0.0733 -0.2838 -0.9561
vn -0.0267 -0.8680 -0.4958
vn 0.0088 -0.9402 -0.3405
vn 0.0500 -0.9822 -0.1810
vn 0.0277 -0.9645 -0.2628
vn 0.1040 0.9829 -0.1523
vn 0.0957 0.8208 0.5632
vn 0.0342 0.8372 0.5459
vn 0.0292 0.8757 0.4819
vn -0.0606 -0.4185 0.9062
vn 0.0513 0.8551 -0.5159
vn 0.0158 0.8116 -0.5840
vn -0.0129 0.5504 -0.8348
vn 0.0603 -0.9936 -0.0955
vn 0.0706 -0.9975 0.0023
vn 0.0662 -0.9929 0.0991
vn 0.0731 0.9919 -0.1041
vn -0.0285 0.7486 -0.6624
vn 0.0272 -0.7602 -0.6492
vn 0.0233 0.9648 -0.2621
vn 0.0485 0.9965 0.0686
vn 0.0504 0.9049 -0.4227
vn -0.0252 0.3529 -0.9353
vn -0.0286 0.2896 -0.9567
vn -0.0233 0.2180 0.9757
vn -0.0873 0.2571 0.9624
vn -0.0405 0.1274 0.9910
vn 0.0074 -0.6507 -0.7593
vn 0.0262 -0.8405 0.5412
vn -0.0160 0.2116 -0.9772
vn -0.0316 0.1299 -0.9910
vn -0.0206 -0.0663 -0.9976
vn -0.0314 -0.2129 -0.9766
vn -0.0278 -0.2663 0.9635
vn -0.0492 0.4414 -0.8960
vn -0.0124 0.0467 -0.9988
vn -0.0178 0.0269 0.9995
vn -0.0097 -0.1002 0.9949
vn -0.0216 -0.3483 -0.9371
vn -0.0051 -0.5586 -0.8294
vn 0.0140 -0.4413 -0.8972
vn -0.0064 -0.5719 0.8203
vn 0.0321 -0.7076 -0.7059
vn 0.0346 -0.9156 0.4006
vn 0.0515 -0.9136 -0.4034
vn -0.0262 0.8370 0.5465
vn 0.0246 0.7886 0.6144
vn -0.0069 0.7794 0.6265
vn -0.0391 0.7826 -0.6213
vn -0.0103 0.6109 0.7916
vn 0.0137 0.2731 0.9619
vn -0.0433 0.3215 0.9459
vn 0.0070 -0.4283 0.9036
vn 0.0191 -0.6830 0.7302
vn 0.0273 -0.7676 0.6404
vn 0.0347 -0.8344 -0.5501
vn 0.0060 0.9243 0.3816
vn 0.0163 0.9676 0.2518
vn -0.0270 0.8368 -0.5468
vn 0.0069 0.5295 0.8483
vn -0.0006 0.4642 0.8857
vn 0.0025 0.4150 0.9098
vn 0.0916 -0.9593 -0.2672
vn 0.0001 0.4355 -0.9002
vn 0.0122 0.1144 0.9934
vn 0.1059 -0.9789 -0.1747
vn -0.0101 0.9959 -0.0895
vn -0.0284 0.9296 -0.3675
vn -0.0132 0.8847 -0.4660
vn -0.0314 0.7296 0.6831
vn -0.0206 0.6925 0.7211
vn 0.0440 0.1472 -0.9881
vn -0.0447 0.8801 0.4727
vn -0.0398 0.7550 0.6546
vn -0.0518 0.8017 0.5955
vn -0.0097 0.6784 -0.7346
vn 0.0376 -0.2872 0.9571
vn 0.0661 -0.6323 0.7719
vn 0.0954 -0.8301 0.5494
vn 0.0409 0.2513 -0.9670
vn 0.0450 -0.2545 -0.9660
vn 0.0649 -0.5872 -0.8068
vn 0.0241 0.4032 -0.9148
vn 0.0341 0.3311 -0.9430
vn 0.0270 0.5876 -0.8087
vn 0.0280 0.5208 -0.8532
vn 0.0458 0.0222 0.9987
vn 0.0862 -0.9531 0.2900
vn 0.1233 -0.9093 0.3974
vn 0.1620 -0.9729 -0.1650
vn 0.1234 -0.9861 0.1109
vn 0.1595 -0.9705 0.1810
vn 0.0980 -0.9738 0.2050
vn 0.0886 -0.6812 -0.7267
vn 0.1786 -0.9807 -0.0795
vn 0.1229 -0.9876 -0.0973
vn -0.0220 0.9713 0.2368
vn 0.0002 0.1145 0.9934
vn 0.0472 0.1999 0.9787
vn 0.0481 0.0397 -0.9981
vn 0.0556 -0.0758 -0.9956
vn 0.1408 -0.9514 0.2740
vn 0.1405 -0.9498 -0.2794
vn 0.1736 -0.9782 0.1140
vn 0.1284 -0.9917 0.0003
vn 0.1800 -0.9835 0.0159
vn 0.0010 -0.7471 -0.6647
vn -0.0000 -0.7350 -0.6781
vn 0.1187 -0.9139 -0.3882
vn 0.1280 -0.8644 -0.4862
vn -0.0060 0.6247 -0.7808
vn 0.0015 0.5551 0.8318
vn 0.0291 0.5468 0.8368
vn 0.0188 0.4788 0.8777
vn -0.0000 0.5131 0.8583
vn 0.0096 -0.1565 -0.9876
vn 0.0006 0.9581 -0.2864
vn -0.0000 0.9705 -0.2410
vn 0.0003 0.1406 -0.9901
vn -0.0000 0.1996 -0.9799
vn -0.0000 -0.0383 0.9993
vn 0.0003 0.0164 0.9999
vn 0.0001 -0.9906 -0.1366
vn -0.0000 -0.9792 -0.2029
vn -0.0000 0.3143 -0.9493
vn -0.0000 0.3360 -0.9419
vn 0.0005 -0.1055 -0.9944
vn -0.0000 -0.0130 -0.9999
vn -0.0000 -0.1923 0.9813
vn 0.0003 -0.1041 0.9946
vn 0.0429 -0.1635 0.9856
vn 0.0001 -0.3403 -0.9403
vn -0.0000 -0.2410 -0.9705
vn -0.0000 -0.3598 0.9330
vn 0.0005 -0.2613 0.9653
vn -0.0000 0.5575 -0.8302
vn 0.0014 0.5081 -0.8613
vn 0.0005 0.9617 -0.2742
vn 0.0006 0.8938 0.4484
vn -0.0000 0.8972 0.4416
vn -0.5934 0.8003 0.0859
vn -0.6409 0.7583 0.1191
vn -0.5213 0.8146 0.2545
vn -0.7014 0.5726 -0.4244
vn -0.7465 0.5170 -0.4189
vn -0.7406 0.5594 -0.3722
vn -0.4299 -0.1246 -0.8942
vn -0.3937 -0.2472 -0.8854
vn -0.8578 -0.1421 0.4940
vn -0.5537 0.0844 -0.8284
vn -0.5616 -0.5451 0.6225
vn -0.3879 0.2120 -0.8970
vn -0.1385 -0.4600 -0.8771
vn -0.2466 -0.5541 0.7951
vn -0.0666 0.0491 -0.9966
vn 0.3715 -0.3390 0.8643
vn 0.4846 -0.1592 -0.8601
vn 0.4544 -0.2357 -0.8590
vn 0.3825 -0.1954 -0.9030
vn -0.4783 -0.8781 -0.0139
vn -0.4045 -0.7665 0.4989
vn -0.5099 0.4750 -0.7172
vn -0.5265 0.7439 -0.4117
vn -0.1726 0.2841 -0.9431
vn -0.5080 -0.1713 -0.8442
vn -0.6875 -0.0782 0.7220
vn -0.5620 0.1232 0.8179
vn -0.6534 0.1098 0.7490
vn -0.5291 0.3343 0.7799
vn -0.0360 -0.4453 0.8946
vn -0.1839 -0.9718 -0.1477
vn -0.1484 -0.4159 0.8972
vn -0.7797 -0.5745 -0.2491
vn -0.7055 -0.6267 0.3309
vn -0.0090 -0.2410 0.9705
vn -0.5076 -0.8599 0.0544
vn -0.5284 -0.8486 -0.0282
vn 0.2759 -0.9518 -0.1343
vn -0.0499 -0.9988 -0.0008
vn 0.3377 -0.2359 -0.9112
vn 0.8285 -0.5593 0.0276
vn -0.8877 -0.4266 -0.1733
vn -0.9181 -0.3570 -0.1723
vn -0.9055 -0.3513 -0.2382
vn -0.8940 -0.3925 -0.2161
vn -0.2072 -0.6197 0.7570
vn -0.3393 -0.6087 0.7172
vn 0.0435 -0.2153 0.9756
vn -0.7370 -0.5249 -0.4257
vn -0.1987 0.4236 0.8838
vn -0.8538 -0.4400 0.2782
vn -0.8388 -0.4465 0.3115
vn -0.8348 -0.4511 0.3156
vn -0.8579 -0.3789 0.3471
vn -0.2215 -0.0348 -0.9745
vn -0.2611 -0.0495 -0.9640
vn 0.5236 0.8491 0.0694
vn 0.3285 0.7273 0.6026
vn -0.5925 0.0040 0.8055
vn -0.3905 0.1879 -0.9012
vn -0.3037 -0.3676 0.8790
vn -0.7757 -0.1828 -0.6040
vn -0.8609 -0.4983 0.1023
vn -0.4446 -0.0417 0.8948
vn -0.9032 -0.4272 0.0420
vn -0.7302 -0.6685 -0.1410
vn -0.7208 0.6917 0.0457
vn -0.7843 0.5492 -0.2887
vn -0.8550 0.2151 -0.4719
vn -0.7946 -0.0896 -0.6004
vn -0.8571 -0.4469 0.2564
vn -0.0230 -0.3937 0.9189
vn -0.4726 0.0426 0.8802
vn -0.8721 -0.4857 0.0601
vn -0.8896 0.2725 0.3667
vn -0.9711 0.0053 -0.2386
vn -0.9498 0.0988 -0.2970
vn -0.9222 0.2526 -0.2928
vn 0.5279 0.2461 0.8129
vn -0.4597 -0.7635 0.4536
vn -0.5145 -0.7480 0.4191
vn -0.0304 -0.2488 0.9681
vn -0.0290 -0.2315 0.9724
vn 0.0893 -0.3411 0.9358
vn -0.8676 -0.2467 0.4317
vn -0.7464 -0.5695 -0.3443
vn -0.9274 -0.2262 -0.2980
vn 0.2561 0.2010 -0.9455
vn -0.8356 0.3287 -0.4401
vn -0.6222 0.0540 0.7810
vn -0.3180 -0.4687 0.8242
vn -0.7973 0.4260 0.4275
vn -0.7588 0.4974 0.4204
vn -0.7797 0.5073 0.3671
vn -0.8316 0.4013 0.3839
vn -0.9190 0.0907 -0.3837
vn -0.9139 0.0200 -0.4054
vn -0.9489 0.0692 -0.3079
vn -0.1372 -0.4289 -0.8929
vn -0.1285 -0.4190 -0.8989
vn -0.7523 -0.6539 0.0805
vn -0.5696 0.4867 0.6624
vn -0.7383 0.0347 0.6736
vn -0.5818 0.8043 -0.1213
vn -0.7329 0.5756 0.3626
vn -0.4303 0.8887 -0.1583
vn -0.7835 -0.4922 0.3793
vn -0.8099 0.5297 0.2520
vn -0.8012 0.4808 0.3563
vn -0.4170 0.6926 0.5886
vn -0.8800 0.0731 -0.4694
vn -0.8152 0.1545 -0.5581
vn -0.8398 0.0216 -0.5425
vn -0.0124 -0.0418 0.9991
vn 0.1178 0.7798 0.6148
vn -0.5280 0.6276 -0.5722
vn -0.0624 0.9533 -0.2954
vn -0.0679 0.9236 -0.3773
vn -0.0021 0.9011 -0.4336
vn -0.1674 0.6676 0.7254
vn -0.0841 0.6564 -0.7497
vn -0.1326 0.9769 -0.1675
vn 0.0813 0.6042 0.7927
vn 0.2157 0.8779 0.4274
vn 0.0759 -0.0580 0.9954
vn 0.5664 -0.7751 -0.2799
vn 0.0352 -0.1049 -0.9939
vn 0.5138 -0.7616 -0.3950
vn 0.2620 0.9650 0.0095
vn 0.1378 -0.8919 -0.4308
vn -0.1330 -0.9908 0.0242
vn 0.2630 0.9648 -0.0001
vn 0.2226 0.5453 -0.8082
vn -0.2391 -0.5083 0.8273
vn -0.5661 -0.6368 -0.5235
vn 0.1724 0.4409 -0.8809
vn 0.3374 0.9414 0.0015
vn 0.3255 0.9452 0.0271
vn 0.2879 0.8385 -0.4626
vn 0.2368 0.6577 -0.7151
vn -0.0373 -0.0249 -0.9990
vn 0.4035 0.9148 0.0188
vn 0.4074 0.9121 0.0458
vn 0.4099 0.9121 0.0096
vn 0.4069 0.9123 0.0468
vn -0.8205 -0.4111 -0.3973
vn -0.5761 -0.2953 -0.7622
vn 0.4081 0.8682 0.2821
vn -0.1880 0.0348 -0.9816
vn -0.8885 -0.0122 0.4587
vn -0.8992 -0.3962 0.1855
vn 0.3071 0.6152 -0.7261
vn -0.8110 0.0022 0.5850
vn -0.8710 -0.4803 0.1032
vn -0.8427 -0.5109 -0.1699
vn -0.7736 -0.5984 0.2085
vn -0.8454 -0.1633 -0.5085
vn -0.8669 -0.0345 -0.4973
vn 0.3342 0.8297 0.4471
vn -0.1712 0.0840 0.9816
vn -0.6922 -0.7172 0.0805
vn -0.5723 -0.7599 0.3082
vn 0.4888 0.8687 -0.0808
vn -0.2004 0.0838 0.9761
vn -0.8220 -0.5581 -0.1131
vn 0.4910 0.8709 0.0194
vn -0.8610 0.3110 -0.4024
vn -0.9775 -0.0642 -0.2010
vn -0.9708 0.1163 0.2100
vn -0.6109 -0.7520 0.2475
vn -0.5325 -0.7838 0.3195
vn -0.2958 -0.9487 -0.1116
vn -0.3856 -0.7769 0.4978
vn -0.3698 -0.7903 0.4885
vn -0.7050 0.6546 -0.2727
vn -0.4285 0.3147 -0.8470
vn 0.3206 0.3910 -0.8628
vn -0.7621 -0.1127 0.6376
vn -0.7851 -0.2542 -0.5648
vn 0.1243 0.2905 -0.9488
vn -0.7043 0.5977 0.3830
vn -0.3096 0.0180 0.9507
vn -0.1504 -0.8379 -0.5247
vn -0.4908 -0.8282 -0.2704
vn -0.8179 -0.3332 0.4690
vn -0.7326 -0.2440 -0.6354
vn -0.8905 -0.2758 0.3618
vn -0.8841 -0.3601 -0.2979
vn 0.5837 0.8093 0.0655
vn -0.3200 -0.2778 0.9058
vn -0.2091 -0.2223 0.9523
vn -0.6812 0.6377 -0.3595
vn -0.1755 0.3116 0.9339
vn 0.0582 -0.6886 0.7228
vn -0.4006 0.5939 0.6977
vn 0.0203 -0.7707 -0.6369
vn 0.0982 0.4509 0.8872
vn 0.4544 -0.0823 0.8870
vn -0.6122 0.0350 0.7899
vn -0.1854 -0.1666 0.9684
vn -0.9863 0.1118 -0.1209
vn -0.8472 0.1489 -0.5099
vn 0.4683 0.0734 0.8805
vn 0.5348 -0.2125 -0.8178
vn 0.3226 0.4719 -0.8205
vn 0.6947 -0.6331 0.3415
vn 0.3468 -0.0061 0.9379
vn 0.2396 -0.9680 -0.0742
vn 0.5763 0.1653 -0.8003
vn 0.3944 -0.4617 0.7945
vn 0.4139 0.6672 -0.6193
vn 0.2316 -0.1752 0.9569
vn 0.1854 -0.4217 0.8876
vn 0.5051 -0.5486 0.6663
vn 0.3417 0.0535 0.9383
vn 0.4116 -0.0657 0.9090
vn 0.7177 -0.1128 0.6871
vn 0.6628 -0.0364 -0.7479
vn 0.1910 0.5454 -0.8161
vn 0.9732 -0.0865 -0.2129
vn 0.6294 0.0044 -0.7770
vn 0.0952 0.2523 -0.9630
vn 0.9545 -0.0271 -0.2971
vn 0.9419 -0.3260 -0.0804
vn 0.9716 -0.2127 -0.1034
vn 0.9972 -0.0644 0.0385
vn 0.8266 -0.4917 -0.2737
vn 0.7419 -0.6680 0.0585
vn 0.4152 -0.8799 -0.2313
vn 0.7876 0.6158 0.0198
vn 0.5587 0.4411 0.7023
vn 0.4437 -0.6736 0.5911
vn 0.1900 -0.7792 -0.5973
vn 0.2837 -0.3300 -0.9004
vn 0.1946 -0.8029 -0.5635
vn -0.1679 -0.4715 0.8657
vn -0.1093 0.4701 -0.8758
vn -0.0284 -0.9399 0.3402
vn 0.0223 -0.9873 -0.1570
vn 0.0134 0.7424 0.6699
vn 0.0168 -0.9618 0.2732
vn 0.0077 0.3444 0.9388
vn 0.0001 0.7615 -0.6482
vn 0.0881 -0.8219 -0.5628
vn 0.0006 0.9977 0.0684
vn -0.0000 0.9886 0.1507
vn -0.0000 -0.9968 -0.0801
vn 0.0004 0.4009 0.9161
vn 0.0003 -0.4842 -0.8750
vn 0.0008 -0.7127 0.7014
vn -0.0000 -0.7388 0.6739
vn 0.0006 -0.4285 0.9035
vn -0.0000 -0.5008 0.8656
vn 0.0009 0.9219 0.3874
vn 0.0010 0.9888 -0.1495
vn -0.0000 0.9978 -0.0670
vn -0.0000 0.2238 -0.9746
vn -0.0000 0.2786 -0.9604
vn -0.0000 -0.3870 -0.9221
vn 0.0003 -0.9180 -0.3966
vn -0.0000 -0.8923 -0.4514
vn -0.0000 0.9999 -0.0171
vn -0.0000 0.4714 0.8819
vn 0.0002 0.3531 -0.9356
vn -0.0000 0.3976 -0.9176
vn 0.0006 -0.7641 0.6451
vn -0.0000 -0.7897 0.6135
vn 0.0003 -0.9002 0.4354
vn -0.0000 -0.9378 0.3471
vn -0.0000 -0.9735 -0.2288
vn -0.0000 0.4464 -0.8948
vn 0.0002 0.0319 -0.9995
vn -0.0000 0.0906 -0.9959
vn 0.0007 -0.8231 -0.5679
vn -0.0000 -0.7727 -0.6347
vn 0.0004 -0.9539 -0.3000
vn -0.0000 -0.9401 -0.3408
vn -0.0000 0.9889 0.1488
vn -0.0000 -0.9914 0.1306
vn -0.0000 -0.9960 0.0893
vn -0.0000 -0.6249 0.7807
vn 0.0004 -0.5713 0.8208
vn 0.0010 0.7143 0.6998
vn -0.0000 0.6602 0.7511
vn -0.0000 -0.6900 0.7238
vn 0.0005 -0.7280 -0.6855
vn -0.0000 -0.6652 -0.7466
vn 0.0012 0.5775 0.8164
vn -0.0000 0.9630 0.2694
vn 0.0002 0.8301 0.5577
vn -0.0000 0.8404 0.5419
vn 0.0008 0.7756 0.6312
vn -0.0000 0.7294 0.6841
vn -0.0000 0.8801 0.4747
vn 0.0007 0.7193 0.6947
vn -0.0000 0.7030 -0.7112
vn 0.0007 0.6292 -0.7773
vn -0.0000 -0.9719 0.2353
vn 0.0001 -0.9533 0.3019
vn 0.0001 -0.9882 0.1531
vn -0.0000 -0.8776 0.4793
vn 0.0006 -0.8397 0.5430
vn 0.0002 -0.0660 0.9978
vn 0.0005 -0.5376 0.8432
vn 0.0008 0.8053 0.5928
vn 0.0008 0.6105 0.7920
vn -0.0000 0.2913 0.9566
vn 0.0004 0.3291 0.9443
vn -0.0000 -0.5583 -0.8296
vn 0.0007 -0.6107 -0.7919
vn -0.0000 0.9084 -0.4180
vn 0.0005 0.8792 -0.4764
vn -0.0000 0.9257 -0.3783
vn 0.0001 0.8461 0.5330
vn 0.0007 0.9488 0.3160
vn -0.0000 0.6433 0.7656
vn 0.0008 0.6011 -0.7992
vn 0.0005 -0.8543 -0.5198
vn -0.0000 -0.9975 0.0703
vn -0.0000 -1.0000 0.0021
vn 0.0004 0.8506 -0.5257
vn 0.0005 0.8219 -0.5696
vn -0.0000 -0.1626 -0.9867
vn 0.0003 -0.9791 0.2034
vn 0.0013 0.4761 -0.8794
vn 0.0006 0.8031 -0.5959
vn -0.0000 0.1803 0.9836
vn -0.0000 0.2360 0.9717
vn 0.0002 0.2634 0.9647
vn -0.0000 -1.0000 -0.0000
vn 1.0000 -0.0000 -0.0000
vn 0.9544 0.2409 0.1766
vn 0.9791 0.1638 -0.1204
vn 0.9339 0.3536 -0.0536
vn 0.9945 -0.0405 0.0969
vn 0.9991 -0.0387 0.0149
vn 0.9875 -0.1333 -0.0836
vn 0.9998 -0.0198 0.0003
vn 0.9786 -0.0697 -0.1935
vn 0.4745 -0.1942 -0.8586
vn 0.5463 0.0017 -0.8376
vn 0.9407 -0.3066 0.1450
vn 0.9291 -0.2075 -0.3060
vn 0.9104 -0.3793 -0.1654
vn 0.9969 0.0638 -0.0467
vn 0.9094 0.3292 -0.2541
vn 0.9157 0.2624 -0.3045
vn 0.8991 0.3467 0.2673
vn 0.8656 0.1765 0.4687
vn 0.6147 0.0107 0.7887
vn 0.9319 0.0603 0.3576
vn 0.2419 -0.1521 -0.9583
vn 0.9467 -0.2890 0.1425
vn 0.2807 -0.0827 0.9562
vn 0.3475 -0.1278 0.9289
vn 0.9299 -0.3399 -0.1408
vn 0.9445 -0.3242 0.0523
vn 0.8187 -0.5697 -0.0719
vn 0.8549 0.4873 0.1780
vn 0.6763 0.4594 0.5758
vn 0.7245 0.2578 0.6392
vn 0.4418 0.0186 0.8969
vn 0.0358 0.0578 -0.9977
vn 0.4080 -0.1804 0.8950
vn 0.8386 -0.5140 -0.1804
vn 0.7288 -0.6292 0.2700
vn 0.6723 -0.7166 -0.1861
vn 0.8068 0.5115 -0.2957
vn 0.3958 -0.0193 0.9181
vn 0.1297 0.0577 0.9899
vn -0.3503 0.0240 0.9363
vn -0.3122 -0.0822 0.9465
vn -0.2783 0.2357 0.9311
vn 0.3264 -0.1867 0.9266
vn 0.8666 -0.3524 0.3532
vn 0.6035 -0.5881 0.5385
vn 0.7333 0.2996 -0.6103
vn 0.5390 0.4705 -0.6987
vn 0.3582 0.2304 0.9048
vn -0.0932 0.3130 -0.9452
vn -0.0860 0.1920 -0.9776
vn -0.1600 0.2815 -0.9461
vn 0.7042 -0.6076 -0.3672
vn 0.5578 -0.4755 -0.6802
vn 0.6429 -0.6556 0.3961
vn 0.5431 -0.8337 -0.0998
vn 0.6311 -0.6960 -0.3426
vn 0.3428 -0.5000 -0.7953
vn 0.5741 -0.2169 -0.7896
vn 0.4396 -0.1448 -0.8864
vn 0.7356 -0.2440 -0.6319
vn 0.7695 0.0605 -0.6357
vn 0.6214 -0.0899 -0.7783
vn 0.5624 -0.4483 0.6948
vn 0.7561 -0.1198 0.6434
vn 0.3238 -0.5376 0.7786
vn 0.4635 0.4376 0.7705
vn 0.4946 0.3994 0.7719
vn 0.6287 0.1904 0.7540
vn 0.3128 -0.2964 0.9024
vn 0.3252 -0.2857 -0.9014
vn 0.3580 -0.1545 -0.9208
vn 0.5475 -0.4523 0.7040
vn 0.5655 -0.5458 0.6183
vn 0.5035 -0.8640 -0.0068
vn 0.6273 0.4962 -0.6002
vn 0.7477 0.5472 -0.3761
vn 0.7482 0.5238 0.4073
vn 0.5896 0.4831 0.6473
vn 0.5478 0.4611 0.6981
vn 0.0085 0.0105 0.9999
vn 0.8020 -0.1436 0.5798
vn 0.6931 0.4521 -0.5614
vn 0.6437 0.0644 0.7625
vn 0.4393 -0.2491 0.8631
vn 0.4608 -0.2498 -0.8516
vn 0.4479 -0.8941 0.0043
vn 0.6675 -0.3517 0.6563
vn 0.6448 -0.5272 0.5534
vn 0.2779 -0.9603 -0.0229
vn 0.8073 0.5863 0.0671
vn 0.6681 0.5004 0.5507
vn 0.1622 -0.0917 0.9825
vn 0.3573 -0.1750 -0.9174
vn 0.1795 -0.3006 -0.9367
vn 0.1455 -0.3221 0.9355
vn 0.1103 -0.3048 0.9460
vn 0.1187 -0.7285 0.6747
vn 0.0817 -0.7699 0.6330
vn 0.0428 -0.7820 0.6218
vn 0.7550 0.5446 0.3651
vn 0.4888 0.4191 -0.7651
vn 0.2386 0.2758 0.9311
vn 0.0455 0.1173 0.9920
vn 0.0271 -0.1609 0.9866
vn 0.3728 -0.2093 -0.9040
vn 0.5208 0.1064 -0.8470
vn 0.6203 -0.7055 -0.3427
vn 0.1987 -0.5406 -0.8175
vn 0.4905 -0.5325 -0.6898
vn 0.2975 -0.5621 0.7717
vn -0.2448 -0.9390 -0.2415
vn 0.0677 -0.9914 -0.1118
vn 0.3273 -0.9447 -0.0189
vn -0.0745 0.0161 -0.9971
vn 0.0407 0.0672 -0.9969
vn -0.0924 0.1460 -0.9850
vn 0.3990 0.1389 -0.9064
vn 0.1163 -0.4990 -0.8588
vn -0.2092 -0.9345 -0.2880
vn -0.2556 -0.9124 -0.3196
vn -0.3344 -0.8840 0.3266
vn -0.2752 -0.9152 0.2944
vn -0.2763 -0.9146 0.2952
vn -0.2861 -0.8778 0.3842
vn 0.6650 0.4560 0.5915
vn 0.1708 -0.0386 -0.9845
vn 0.1001 -0.1245 -0.9872
vn 0.5371 0.1504 -0.8300
vn 0.3800 -0.9242 -0.0388
vn 0.7422 -0.6476 -0.1724
vn 0.6543 -0.7069 -0.2688
vn 0.5570 -0.7334 0.3896
vn 0.6697 -0.6913 0.2714
vn 0.3457 -0.9382 0.0160
vn 0.7863 0.5369 -0.3058
vn 0.8310 0.5555 0.0289
vn 0.5293 0.3553 0.7704
vn 0.4696 0.3936 0.7903
vn 0.1434 0.0059 0.9896
vn 0.1676 -0.1646 0.9720
vn 0.1552 -0.1532 -0.9759
vn 0.1402 -0.3703 -0.9183
vn 0.3864 -0.5998 -0.7007
vn 0.1282 -0.6002 -0.7895
vn 0.0870 -0.6653 0.7415
vn 0.4238 0.2523 -0.8699
vn 0.3774 0.2604 -0.8887
vn 0.2012 0.0350 0.9789
vn 0.2168 0.0157 -0.9761
vn 0.0876 -0.0210 -0.9959
vn 0.1429 -0.1735 0.9744
vn 0.4337 0.1433 0.8896
vn 0.1158 -0.0017 0.9933
vn -0.2125 -0.9770 0.0206
vn -0.2376 -0.9713 -0.0119
vn -0.3142 -0.9445 -0.0955
vn -0.3569 -0.9337 0.0293
vn 0.0889 -0.3285 -0.9403
vn -0.2212 -0.9002 -0.3751
vn -0.1377 -0.8882 -0.4384
vn -0.2239 -0.8910 0.3949
vn -0.1905 -0.8991 0.3941
vn 0.7975 0.5453 -0.2581
vn 0.7934 0.5512 0.2582
vn 0.6254 0.3881 0.6770
vn 0.3042 0.2713 -0.9132
vn 0.2341 0.1018 -0.9669
vn -0.0697 -0.4748 0.8773
vn 0.0855 -0.3269 0.9412
vn 0.4377 -0.8964 -0.0702
vn 0.3066 -0.9518 0.0102
vn 0.4499 -0.8931 -0.0022
vn 0.4591 -0.8866 -0.0568
vn 0.6744 0.4546 -0.5819
vn 0.7189 0.4976 -0.4854
vn 0.7020 0.4268 0.5701
vn 0.0302 0.0431 -0.9986
vn 0.1025 0.0293 0.9943
vn -0.1507 -0.2245 -0.9627
vn 0.0402 -0.4960 -0.8674
vn 0.3564 -0.7999 -0.4828
vn 0.0433 -0.6038 -0.7960
vn 0.3327 -0.7522 0.5688
vn 0.3277 -0.7662 0.5528
vn 0.4361 -0.6298 0.6428
vn -0.1131 -0.8886 -0.4445
vn 0.1162 -0.9482 0.2957
vn -0.0481 -0.0281 0.9984
vn -0.1541 -0.1701 -0.9733
vn -0.0768 -0.1123 0.9907
vn 0.3377 -0.9350 -0.1085
vn 0.5105 -0.8594 -0.0292
vn 0.4329 0.2154 -0.8753
vn 0.5716 0.3629 -0.7360
vn 0.4135 0.2091 0.8862
vn 0.3892 0.2220 0.8940
vn -0.1321 -0.0081 -0.9912
vn -0.2220 -0.4233 0.8784
vn -0.1583 -0.2109 0.9646
vn -0.2293 -0.4702 0.8522
vn -0.3468 -0.4196 0.8389
vn -0.0676 -0.9975 -0.0217
vn 0.5108 0.2283 0.8288
vn -0.4852 -0.5162 -0.7058
vn -0.3128 -0.2641 -0.9124
vn 0.2896 0.1172 -0.9499
vn 0.2925 0.1062 0.9504
vn 0.2219 0.0832 0.9715
vn -0.5811 -0.4490 0.6787
vn -0.5444 -0.7103 -0.4462
vn -0.3902 -0.9192 -0.0524
vn -0.4552 -0.8899 0.0288
vn -0.1168 -0.9930 0.0155
vn -0.4238 -0.9056 -0.0190
vn 0.8191 0.5737 -0.0062
vn 0.7932 0.5377 0.2860
vn 0.7524 0.5248 0.3981
vn 0.7279 0.3697 -0.5775
vn 0.7895 0.5059 -0.3475
vn 0.7806 0.4455 0.4383
vn 0.7401 0.3467 0.5762
vn 0.6274 0.3069 -0.7157
vn -0.0278 -0.1342 0.9906
vn -0.1998 -0.0882 0.9759
vn -0.2770 -0.2805 0.9190
vn -0.2703 -0.4120 -0.8702
vn -0.6539 -0.4414 -0.6145
vn -0.4227 -0.3814 -0.8221
vn -0.7390 -0.4297 0.5188
vn -0.6698 -0.6579 0.3442
vn -0.6124 -0.7905 -0.0101
vn -0.2658 -0.8389 0.4750
vn 0.8185 0.5735 -0.0332
vn 0.5098 0.1733 -0.8426
vn 0.3165 0.0561 0.9469
vn 0.3256 0.1115 -0.9389
vn 0.1973 0.0001 0.9803
vn 0.1919 0.0120 -0.9813
vn -0.4197 -0.3417 0.8409
vn -0.7189 -0.6951 0.0013
vn -0.8255 -0.5586 -0.0810
vn -0.8753 -0.4732 0.0992
vn -0.8831 -0.4557 -0.1119
vn -0.8095 -0.5869 0.0168
vn -0.8585 -0.5052 0.0883
vn -0.8330 -0.4949 -0.2475
vn -0.8968 -0.4407 -0.0384
vn -0.8553 -0.5156 0.0509
vn 0.7098 0.1780 -0.6815
vn 0.1434 0.0160 -0.9895
vn 0.0813 -0.1075 -0.9909
vn -0.1985 -0.1585 -0.9672
vn -0.0189 -0.1084 -0.9939
vn -0.8056 -0.5678 0.1693
vn 0.8297 0.3360 -0.4457
vn 0.4598 0.1482 0.8756
vn 0.3471 0.0737 -0.9349
vn 0.8294 0.4713 0.3000
vn -0.5808 -0.6233 -0.5236
vn -0.3378 -0.3958 -0.8540
vn -0.6232 -0.7740 0.1122
vn 0.8258 0.1155 0.5520
vn 0.8293 0.1016 0.5495
vn 0.8279 0.1103 0.5499
vn 0.8108 0.5585 -0.1751
vn 0.8445 0.3355 0.4175
vn 0.5450 0.0753 -0.8350
vn 0.6233 0.1803 0.7609
vn 0.2570 0.0103 -0.9664
vn 0.1001 -0.0691 0.9926
vn 0.0346 -0.1859 0.9820
vn -0.4465 -0.5410 0.7127
vn -0.6302 -0.6594 0.4099
vn -0.5089 -0.8543 -0.1061
vn 0.7911 0.5915 0.1560
vn 0.8107 0.5610 0.1676
vn 0.7321 0.0870 0.6756
vn 0.2924 0.0257 -0.9560
vn -0.4485 -0.7071 0.5467
vn -0.6728 -0.7265 -0.1396
vn -0.5254 -0.8179 -0.2347
vn -0.4869 -0.8709 0.0666
vn 0.7987 0.5797 -0.1612
vn 0.8029 0.5960 0.0068
vn 0.4741 0.0129 0.8804
vn -0.0550 -0.1919 -0.9799
vn -0.1436 -0.3985 -0.9059
vn 0.0003 -0.2797 -0.9601
vn -0.3226 -0.6148 -0.7197
vn -0.4249 -0.7110 -0.5603
vn 0.8929 0.3971 -0.2124
vn 0.7468 0.5987 -0.2896
vn 0.8004 0.5054 0.3225
vn 0.8817 0.1364 0.4516
vn 0.5671 -0.0296 -0.8231
vn 0.3034 0.0265 0.9525
vn 0.1874 -0.0803 -0.9790
vn 0.1309 -0.1496 0.9800
vn -0.4308 -0.9002 0.0635
vn -0.4627 -0.8864 -0.0166
vn 0.1996 0.9722 -0.1224
vn 0.2027 0.9719 -0.1193
vn 0.2023 0.9696 -0.1377
vn 0.7386 0.1048 0.6660
vn 0.6074 -0.0581 0.7922
vn 0.2509 -0.0082 0.9680
vn 0.1779 -0.1609 -0.9708
vn 0.0183 -0.2675 0.9634
vn -0.1384 -0.3639 0.9211
vn -0.2803 -0.6270 0.7269
vn 0.8243 0.5561 0.1066
vn 0.7173 0.0308 -0.6961
vn 0.6011 0.4670 -0.6485
vn 0.8585 0.4180 -0.2971
vn 0.7227 -0.0427 -0.6898
vn 0.8883 0.1462 -0.4354
vn 0.5583 -0.1237 -0.8203
vn 0.6461 -0.0594 -0.7610
vn 0.5682 -0.1420 0.8105
vn 0.5812 -0.0304 0.8132
vn 0.3980 -0.0781 -0.9141
vn 0.3823 -0.1326 0.9145
vn 0.3617 -0.0436 -0.9313
vn 0.8300 0.5497 -0.0946
vn 0.5019 -0.1792 0.8462
vn 0.6971 -0.0890 0.7114
vn 0.2736 -0.0344 -0.9612
vn -0.4311 -0.8034 0.4108
vn -0.5858 -0.8100 0.0289
vn 0.6430 0.6426 -0.4167
vn 0.7771 0.6087 -0.1598
vn 0.8082 0.5678 0.1562
vn 0.7922 0.5897 0.1570
vn 0.7363 0.6440 0.2077
vn 0.4906 0.2652 0.8301
vn 0.6154 0.5523 0.5624
vn 0.3296 0.2229 0.9174
vn 0.5467 -0.0637 0.8349
vn 0.8151 -0.0717 -0.5749
vn 0.5967 -0.2406 -0.7656
vn 0.5971 -0.1395 0.7899
vn 0.7031 0.0944 0.7048
vn 0.2911 -0.2482 0.9239
vn 0.3729 -0.1102 0.9213
vn 0.3465 -0.1043 0.9322
vn 0.1154 -0.2904 -0.9499
vn 0.1938 -0.2084 -0.9587
vn 0.7988 0.5993 0.0522
vn 0.5094 0.6288 -0.5874
vn 0.3337 -0.0535 -0.9411
vn 0.4576 0.2537 -0.8522
vn 0.4945 0.3294 -0.8043
vn 0.5106 0.3191 0.7984
vn 0.3243 -0.3516 -0.8782
vn 0.3489 -0.1107 -0.9306
vn 0.2163 -0.0931 0.9719
vn 0.2509 -0.2785 0.9271
vn -0.1616 -0.5455 -0.8224
vn 0.7399 0.5931 -0.3175
vn 0.8071 0.5751 -0.1339
vn 0.2688 0.3278 -0.9057
vn 0.3151 0.0702 -0.9465
vn 0.5194 -0.0089 -0.8545
vn 0.1826 -0.3411 -0.9221
vn 0.2044 -0.3004 -0.9317
vn 0.2364 -0.0575 -0.9700
vn 0.2475 -0.2056 -0.9468
vn 0.2292 -0.1273 0.9650
vn 0.2789 -0.0440 0.9593
vn 0.0161 -0.4944 -0.8691
vn -0.1142 -0.4655 0.8776
vn -0.0939 -0.6089 0.7877
vn -0.2481 -0.7326 0.6339
vn 0.7912 0.6115 0.0124
vn 0.7998 0.5594 0.2176
vn 0.4770 0.5952 0.6467
vn 0.3058 0.0309 0.9516
vn 0.2025 0.3140 0.9276
vn 0.2966 0.1850 0.9369
vn 0.0698 -0.1413 -0.9875
vn -0.3922 0.0889 -0.9156
vn 0.1273 -0.1558 0.9796
vn 0.0696 -0.0738 0.9948
vn -0.4651 -0.8728 0.1482
vn -0.4700 -0.8721 -0.1358
vn 0.8140 0.5522 -0.1801
vn 0.6865 0.6154 0.3872
vn 0.1160 -0.3648 -0.9238
vn 0.2116 -0.1407 -0.9672
vn 0.1970 -0.1402 0.9703
vn 0.1323 -0.3929 0.9100
vn 0.1999 -0.1553 -0.9674
vn 0.1607 -0.1632 0.9734
vn 0.1930 -0.1555 -0.9688
vn 0.1764 -0.3053 -0.9358
vn -0.3880 -0.8499 -0.3565
vn -0.2935 -0.7614 -0.5780
vn -0.4065 -0.8686 0.2835
vn 0.2234 0.6387 0.7363
vn 0.1514 0.5599 0.8146
vn 0.5032 0.5260 0.6856
vn 0.8786 -0.4384 0.1895
vn 0.9834 -0.1751 -0.0475
vn 0.8198 -0.5021 0.2753
vn 0.8041 -0.5073 0.3100
vn 0.8875 -0.0745 0.4548
vn 0.9553 -0.1925 0.2242
vn 0.9683 -0.1694 0.1837
vn 0.9890 -0.1254 -0.0787
vn 0.7671 0.6117 0.1934
vn 0.5400 0.6064 0.5836
vn 0.4875 0.5845 -0.6486
vn 0.1605 0.4243 -0.8912
vn 0.0219 -0.0045 -0.9998
vn 0.1032 -0.3674 0.9243
vn 0.1646 -0.2906 0.9426
vn 0.2046 0.9053 -0.3722
vn 0.2363 0.8957 -0.3765
vn 0.1912 0.8803 -0.4341
vn -0.2045 0.7363 -0.6450
vn -0.2358 0.7371 -0.6333
vn -0.3959 0.8522 -0.3422
vn 0.1590 0.7135 0.6824
vn 0.1713 0.7422 0.6479
vn 0.1232 0.7209 0.6820
vn -0.0736 0.6207 0.7806
vn 0.0083 0.6210 -0.7838
vn 0.3595 0.1140 0.9262
vn 0.2774 0.0849 0.9570
vn 0.4321 0.1924 0.8810
vn 0.7609 -0.5733 0.3039
vn 0.6016 -0.5613 -0.5684
vn 0.7027 -0.6093 -0.3674
vn 0.7198 -0.5842 -0.3750
vn 0.5261 0.1285 -0.8407
vn 0.5469 0.1200 -0.8286
vn 0.5307 0.0841 -0.8434
vn 0.8870 -0.0687 0.4567
vn 0.0659 0.9131 -0.4023
vn 0.0478 0.9289 -0.3672
vn 0.0885 0.9190 -0.3843
vn 0.7645 0.6296 -0.1382
vn 0.7439 0.5742 -0.3419
vn 0.6179 0.5302 -0.5806
vn 0.3463 0.5696 0.7454
vn 0.0657 -0.2321 0.9705
vn 0.1466 -0.2680 0.9522
vn 0.0983 -0.2232 -0.9698
vn 0.1494 -0.1583 0.9760
vn -0.0082 -0.1093 -0.9940
vn 0.1627 -0.1767 0.9707
vn 0.0631 -0.5083 0.8588
vn -0.4409 -0.8769 -0.1913
vn -0.6079 0.7572 -0.2390
vn -0.0997 0.5713 -0.8147
vn 0.5175 -0.5921 0.6177
vn 0.5348 -0.4911 0.6876
vn 0.7171 -0.6487 0.2548
vn 0.3232 -0.5434 -0.7748
vn 0.3416 -0.4081 0.8466
vn 0.1530 -0.1606 -0.9751
vn 0.1173 -0.1373 -0.9836
vn 0.2439 -0.0655 0.9676
vn 0.1687 -0.0644 0.9836
vn -0.6139 0.7884 -0.0384
vn -0.5099 0.8434 0.1693
vn 0.8371 -0.5457 -0.0390
vn 0.2729 0.2950 0.9157
vn 0.4534 0.0986 0.8858
vn 0.5692 0.0670 0.8195
vn 0.6313 -0.1581 0.7593
vn 0.6439 -0.0789 0.7610
vn 0.7162 -0.1991 -0.6689
vn 0.7829 -0.2755 -0.5578
vn 0.5860 -0.0142 -0.8102
vn 0.7331 0.5543 0.3940
vn 0.6380 0.4864 0.5970
vn 0.2571 0.5486 -0.7956
vn -0.0210 0.0420 0.9989
vn -0.0575 0.3643 0.9295
vn -0.6237 0.7815 -0.0176
vn -0.7025 0.5853 -0.4048
vn -0.6793 0.7107 -0.1828
vn -0.6089 0.7930 0.0201
vn -0.6124 0.5068 0.6067
vn -0.6274 0.5291 0.5713
vn -0.6294 0.4917 0.6017
vn 0.3830 -0.0759 0.9206
vn 0.3782 -0.0797 0.9223
vn -0.0797 0.5616 0.8236
vn -0.2265 0.6880 -0.6894
vn 0.7648 -0.6420 -0.0543
vn 0.7864 -0.6117 -0.0856
vn 0.4887 -0.7531 -0.4405
vn 0.4485 0.0557 -0.8921
vn 0.4088 0.1884 -0.8929
vn 0.3644 -0.4080 -0.8371
vn -0.0487 -0.2125 -0.9759
vn 0.5796 -0.4670 -0.6678
vn 0.7998 -0.5893 -0.1144
vn 0.7473 -0.6494 -0.1412
vn 0.7932 -0.5820 -0.1795
vn 0.9544 -0.0378 -0.2960
vn 0.9481 -0.1541 -0.2780
vn 0.9317 -0.1375 -0.3361
vn 0.6021 -0.1439 0.7854
vn 0.7323 -0.1997 -0.6511
vn 0.9450 -0.2415 0.2205
vn 0.8553 -0.3646 0.3681
vn 0.8950 -0.4303 -0.1181
vn 0.8987 -0.4216 -0.1207
vn 0.1617 0.5200 0.8387
vn -0.0605 0.3814 -0.9224
vn -0.0887 0.3073 -0.9475
vn -0.1238 0.0284 0.9919
vn -0.0100 -0.0937 0.9955
vn 0.1039 -0.0511 -0.9933
vn 0.0894 -0.0494 0.9948
vn 0.2456 -0.0312 -0.9689
vn 0.0551 -0.3061 -0.9504
vn -0.0162 -0.5014 -0.8651
vn -0.1802 -0.6838 -0.7070
vn -0.4135 -0.8579 -0.3050
vn -0.2980 -0.8184 -0.4913
vn 0.1507 0.0266 -0.9882
vn 0.0985 -0.0402 -0.9943
vn 0.1748 -0.0058 -0.9846
vn -0.4116 0.2375 0.8799
vn -0.2623 0.2245 0.9385
vn -0.4652 0.3982 0.7906
vn 0.1370 0.4171 -0.8985
vn 0.4467 -0.6120 0.6526
vn 0.5813 0.0203 -0.8135
vn 0.4752 -0.2292 -0.8495
vn 0.3520 -0.2440 -0.9036
vn 0.2974 -0.2029 -0.9329
vn 0.6547 -0.1944 -0.7304
vn 0.9207 -0.3805 0.0874
vn 0.7433 0.6553 -0.1347
vn 0.6910 0.7227 -0.0146
vn 0.4505 0.4784 -0.7538
vn -0.1292 0.1914 0.9730
vn -0.1119 0.1218 -0.9862
vn 0.0202 -0.1201 -0.9926
vn -0.1507 -0.6552 0.7403
vn -0.2855 -0.8198 0.4965
vn -0.6258 0.7764 0.0747
vn -0.6609 0.6333 0.4027
vn -0.4100 0.7766 -0.4783
vn 0.0748 -0.0239 -0.9969
vn -0.3337 0.1250 -0.9344
vn -0.0416 0.0251 -0.9988
vn 0.7962 -0.4484 0.4063
vn 0.7767 -0.4814 0.4061
vn 0.8112 -0.4475 0.3763
vn 0.0327 -0.1281 0.9912
vn -0.0169 0.1502 0.9885
vn 0.0229 -0.2685 0.9630
vn 0.7734 -0.1968 -0.6025
vn 0.2819 -0.5749 -0.7681
vn 0.3043 -0.6157 -0.7269
vn 0.2798 -0.6105 -0.7410
vn 0.0908 0.2766 0.9567
vn 0.4637 0.0968 0.8807
vn 0.9600 -0.0415 -0.2769
vn 0.9904 -0.0422 -0.1317
vn 0.7276 0.6858 -0.0136
vn 0.8778 -0.0983 0.4688
vn 0.9290 -0.0153 0.3698
vn 0.9186 -0.0812 0.3867
vn 0.7878 0.6111 0.0771
vn 0.7858 0.1776 0.5925
vn 0.7739 0.5080 0.3781
vn 0.5437 0.0926 0.8342
vn 0.3903 0.4737 0.7895
vn 0.1667 0.4850 -0.8585
vn 0.0096 0.3676 -0.9299
vn -0.0836 0.3219 0.9431
vn -0.0605 0.2603 -0.9636
vn -0.1337 0.0038 -0.9910
vn 0.0093 -0.3886 0.9214
vn -0.1669 -0.7105 -0.6836
vn -0.4573 -0.8663 -0.2007
vn -0.4345 -0.8970 0.0818
vn -0.4440 -0.8796 0.1709
vn -0.4360 -0.8841 0.1680
vn -0.4570 -0.8701 -0.1846
vn -0.6598 0.5778 -0.4805
vn 0.8673 -0.4247 -0.2597
vn 0.8164 -0.4188 -0.3976
vn 0.7215 -0.6907 0.0489
vn -0.2697 -0.0965 -0.9581
vn 0.9379 -0.2548 -0.2353
vn 0.9281 -0.3597 -0.0959
vn 0.9472 -0.2593 -0.1886
vn 0.7821 0.4575 0.4230
vn 0.8748 0.2857 0.3912
vn 0.6878 0.4762 0.5479
vn 0.2935 0.1969 0.9355
vn 0.1240 0.3984 0.9088
vn -0.6622 0.6111 0.4336
vn -0.6136 0.3715 -0.6967
vn 0.4910 0.3713 -0.7881
vn -0.0770 0.5556 -0.8279
vn 0.7992 -0.4874 0.3517
vn 0.7666 -0.4651 0.4426
vn 0.8261 -0.2074 0.5240
vn 0.2146 -0.1066 -0.9709
vn 0.3759 -0.6821 -0.6273
vn 0.0671 -0.3024 -0.9508
vn 0.8963 -0.3369 -0.2883
vn 0.7529 -0.4932 -0.4357
vn 0.6708 -0.3390 -0.6596
vn 0.7076 -0.3988 -0.5833
vn -0.0694 0.0578 0.9959
vn 0.5715 0.6081 0.5510
vn 0.7188 0.1286 0.6833
vn 0.6843 0.3952 0.6128
vn -0.1818 0.7333 -0.6552
vn -0.0692 0.9428 -0.3261
vn 0.0514 0.8478 -0.5278
vn 0.0681 0.3004 -0.9514
vn 0.6452 0.7626 0.0459
vn 0.6641 0.7467 -0.0368
vn -0.3082 0.7661 0.5640
vn -0.3504 0.6795 0.6446
vn -0.2577 0.7235 0.6404
vn 0.5532 -0.2144 -0.8050
vn 0.7535 0.2872 -0.5914
vn 0.4473 0.1385 -0.8836
vn -0.0253 -0.0149 -0.9996
vn 0.0325 -0.0562 -0.9979
vn 0.1521 -0.0664 -0.9861
vn 0.0921 -0.1760 -0.9801
vn -0.6553 0.6370 -0.4061
vn -0.0006 0.4494 0.8933
vn 0.2131 0.4031 0.8900
vn -0.1319 0.6041 0.7859
vn -0.4057 0.0469 -0.9128
vn 0.6074 -0.6709 -0.4255
vn 0.7533 -0.5511 -0.3588
vn 0.9298 -0.2004 -0.3087
vn 0.2280 -0.1489 0.9622
vn 0.1001 -0.2989 0.9490
vn -0.1553 -0.0838 0.9843
vn -0.0257 -0.2866 0.9577
vn 0.5679 0.5452 0.6166
vn 0.7298 0.4347 -0.5276
vn 0.4258 0.4057 -0.8088
vn 0.5337 0.4668 -0.7052
vn 0.7207 0.1754 -0.6707
vn 0.5935 -0.4364 0.6763
vn 0.3070 0.9205 -0.2415
vn 0.8570 -0.3378 -0.3893
vn 0.2842 -0.1500 0.9470
vn 0.7120 -0.3258 0.6220
vn -0.0815 -0.0354 -0.9960
vn 0.0937 -0.0919 0.9914
vn 0.0379 -0.2057 0.9779
vn -0.1569 -0.4878 0.8588
vn -0.3531 -0.8046 -0.4775
vn -0.2882 -0.6851 0.6690
vn -0.4311 -0.8836 -0.1829
vn -0.4848 -0.8737 0.0396
vn -0.3327 0.7746 0.5378
vn -0.5440 0.7919 0.2776
vn -0.6512 0.7478 -0.1289
vn -0.4373 0.7598 0.4810
vn -0.2481 0.6681 0.7015
vn -0.6105 0.3632 0.7038
vn 0.8156 -0.5226 -0.2484
vn -0.4311 0.0449 0.9012
vn 0.4490 0.2171 -0.8668
vn 0.7780 0.3809 0.4996
vn 0.8236 0.2883 0.4885
vn 0.8205 0.3973 0.4111
vn 0.4303 0.8839 0.1832
vn 0.4808 0.8753 0.0521
vn 0.3781 0.9244 0.0494
vn 0.1158 -0.0112 -0.9932
vn 0.1130 -0.3602 -0.9260
vn 0.0343 0.2251 -0.9737
vn -0.0157 0.2042 -0.9788
vn -0.0497 -0.0313 0.9983
vn -0.2760 -0.6316 -0.7245
vn -0.1462 -0.4357 -0.8882
vn -0.4322 -0.9017 0.0116
vn -0.3419 0.6410 -0.6872
vn -0.4267 0.7745 -0.4670
vn 0.7137 0.7004 0.0049
vn 0.6229 0.7751 -0.1060
vn 0.5200 0.6896 -0.5041
vn 0.3712 0.8726 0.3175
vn -0.1479 0.5003 -0.8531
vn -0.0194 0.6509 0.7589
vn 0.3246 0.9343 0.1474
vn 0.4749 0.8799 -0.0153
vn 0.9882 -0.0168 0.1521
vn 0.9637 -0.1158 0.2406
vn 0.9818 -0.1371 0.1318
vn -0.2520 -0.1608 0.9543
vn 0.2558 0.2303 -0.9389
vn 0.1863 0.1439 0.9719
vn 0.0396 0.2370 0.9707
vn 0.0344 0.2729 0.9614
vn -0.0004 0.2327 0.9726
vn -0.0676 -0.1052 0.9921
vn 0.0207 -0.0266 0.9994
vn -0.4380 -0.8429 -0.3125
vn -0.3653 -0.8325 0.4164
vn -0.4273 -0.8471 0.3159
vn -0.3980 -0.8564 0.3290
vn -0.4554 -0.8201 0.3466
vn -0.6254 0.7793 0.0384
vn -0.6537 0.7513 0.0902
vn 0.3634 0.8753 -0.3189
vn 0.1394 0.9891 0.0474
vn 0.4714 0.8803 0.0541
vn 0.1955 0.9807 0.0099
vn -0.0992 -0.2451 -0.9644
vn -0.2183 -0.0921 -0.9715
vn -0.0805 0.0244 0.9965
vn -0.0153 -0.2213 -0.9751
vn -0.1039 -0.3072 0.9460
vn -0.4094 -0.8940 0.1821
vn 0.1496 0.7138 -0.6842
vn 0.1150 0.9711 0.2093
vn 0.1503 0.9724 0.1783
vn -0.4504 0.2932 0.8433
vn -0.2816 0.0667 0.9572
vn -0.1351 0.0889 0.9868
vn -0.1076 -0.0338 0.9936
vn -0.5842 0.5456 -0.6009
vn -0.6385 0.5723 0.5146
vn -0.5706 0.7793 0.2593
vn -0.4936 0.8049 0.3294
vn -0.1239 -0.0320 0.9918
vn -0.0956 -0.0948 -0.9909
vn -0.6450 0.7479 0.1570
vn -0.2092 0.9759 0.0626
vn -0.1018 0.9941 0.0362
vn -0.0931 0.9031 -0.4192
vn -0.2163 0.9593 -0.1817
vn -0.1149 0.0963 -0.9887
vn -0.1320 0.0022 0.9912
vn -0.4576 -0.7437 0.4873
vn -0.0248 0.9616 0.2732
vn 0.0078 0.7336 0.6795
vn -0.5284 0.7342 -0.4263
vn -0.1627 0.9639 -0.2107
vn 0.0557 0.9643 -0.2589
vn 0.0942 0.9721 -0.2148
vn -0.0286 0.9584 0.2838
vn -0.1574 0.2827 -0.9462
vn -0.1985 0.1469 -0.9690
vn -0.0547 0.1345 0.9894
vn -0.1600 0.0230 0.9868
vn -0.0883 0.0132 -0.9960
vn -0.0940 0.0395 -0.9948
vn -0.1741 -0.3101 -0.9346
vn -0.2198 -0.2772 0.9353
vn -0.3505 -0.5446 0.7620
vn -0.4797 -0.8107 -0.3355
vn -0.5134 -0.8395 -0.1779
vn -0.3335 0.4144 -0.8468
vn -0.4209 0.2149 -0.8813
vn -0.0419 0.1782 -0.9831
vn -0.1435 0.0124 -0.9896
vn 0.0579 0.9981 -0.0227
vn -0.0916 0.9874 -0.1293
vn -0.2791 0.9031 0.3265
vn -0.1262 0.7615 0.6358
vn -0.4910 0.6985 0.5207
vn -0.1175 0.2622 0.9578
vn -0.0435 0.0931 0.9947
vn -0.2000 0.0221 0.9796
vn -0.4338 -0.6138 -0.6596
vn -0.4814 -0.8485 0.2198
vn -0.4143 0.6021 -0.6825
vn -0.3269 0.7381 -0.5902
vn -0.3324 0.4631 0.8216
vn -0.5423 0.4454 0.7124
vn -0.1146 0.1582 -0.9807
vn -0.2314 -0.1019 0.9675
vn -0.3253 -0.4165 -0.8490
vn -0.2272 -0.2125 -0.9504
vn -0.3875 -0.4054 0.8279
vn -0.5283 -0.8490 -0.0082
vn -0.0344 0.6433 -0.7648
vn -0.1656 0.6606 -0.7322
vn -0.0829 0.6265 -0.7750
vn -0.0902 0.5823 0.8080
vn -0.1285 0.2863 -0.9495
vn -0.1710 -0.0113 -0.9852
vn -0.1499 0.0079 0.9887
vn -0.5783 -0.7469 -0.3281
vn -0.5793 -0.7749 0.2529
vn -0.5569 -0.7720 0.3063
vn -0.4629 -0.8846 0.0569
vn -0.5481 -0.8074 0.2185
vn -0.2918 0.7054 0.6460
vn -0.1868 0.0189 -0.9822
vn -0.4123 -0.2201 0.8841
vn -0.5383 -0.6357 0.5533
vn -0.0451 0.5900 -0.8062
vn -0.0837 0.6823 0.7262
vn -0.2540 0.6291 -0.7347
vn -0.2409 0.4905 -0.8375
vn -0.1465 0.2666 0.9526
vn -0.2024 0.4287 0.8805
vn -0.1292 0.2796 0.9514
vn -0.4054 -0.2107 -0.8895
vn -0.2153 -0.0798 -0.9733
vn -0.1441 0.9882 -0.0529
vn -0.1746 0.9818 -0.0753
vn -0.1453 0.8356 -0.5298
vn -0.1947 0.8489 -0.4913
vn -0.1088 0.6796 -0.7255
vn -0.2397 0.5840 0.7756
vn -0.1555 0.3439 -0.9260
vn -0.2656 0.0851 -0.9603
vn -0.2021 0.0767 -0.9764
vn -0.2574 0.0894 0.9622
vn -0.5594 -0.8271 -0.0551
vn -0.1435 0.5343 0.8331
vn -0.3333 -0.0608 -0.9409
vn -0.3304 -0.0674 0.9414
vn -0.4896 -0.3524 -0.7975
vn -0.5291 -0.8425 0.1015
vn -0.1315 0.6065 0.7842
vn -0.1107 0.5872 -0.8018
vn -0.1077 0.2304 -0.9671
vn -0.2716 0.0506 -0.9611
vn -0.0065 -0.1905 -0.9817
vn -0.5285 -0.4323 0.7307
vn -0.6618 -0.6362 0.3966
vn -0.5444 -0.7802 -0.3081
vn -0.6003 -0.7173 -0.3537
vn -0.5095 -0.7627 0.3984
vn -0.1519 0.5252 -0.8373
vn -0.2599 0.8508 -0.4567
vn -0.2557 0.8091 -0.5291
vn -0.2097 0.8928 -0.3986
vn -0.2263 0.6713 -0.7058
vn -0.2451 0.0237 0.9692
vn -0.5962 -0.7175 0.3602
vn -0.2205 -0.9550 0.1982
vn -0.3735 -0.9021 -0.2163
vn -0.2675 0.7765 -0.5705
vn -0.6477 -0.6180 -0.4456
vn -0.5669 -0.5393 -0.6227
vn -0.6338 -0.6797 -0.3692
vn -0.2310 0.6863 0.6897
vn -0.0725 0.3346 0.9396
vn -0.1133 0.2990 0.9475
vn 0.0567 -0.1754 0.9829
vn -0.1405 -0.0494 0.9888
vn 0.0868 -0.1596 0.9834
vn -0.2785 0.0354 -0.9598
vn -0.5493 -0.1893 0.8139
vn -0.4512 -0.1560 -0.8787
vn -0.5752 -0.4358 -0.6922
vn -0.0715 0.1160 0.9907
vn -0.1129 0.1390 0.9838
vn -0.4453 -0.3516 0.8235
vn -0.4605 -0.6962 0.5507
vn -0.1958 -0.8872 0.4178
vn 0.0360 -0.9736 0.2253
vn -0.2084 0.6988 0.6843
vn -0.1925 0.8274 0.5276
vn -0.2694 0.8011 0.5345
vn 0.1041 -0.1866 0.9769
vn -0.2137 -0.0838 -0.9733
vn 0.0146 -0.0914 -0.9957
vn -0.1558 -0.0113 0.9877
vn -0.3214 -0.1124 0.9402
vn -0.3233 -0.2816 -0.9034
vn -0.6468 -0.5994 0.4715
vn -0.2509 -0.5772 0.7771
vn 0.0164 -0.8565 -0.5160
vn -0.4699 -0.6591 -0.5871
vn -0.2052 0.6697 -0.7137
vn -0.1866 0.5381 -0.8220
vn -0.1981 0.6821 0.7040
vn -0.2447 0.6701 -0.7008
vn -0.0810 0.2294 -0.9700
vn -0.0475 -0.0047 -0.9989
vn -0.0646 0.1066 -0.9922
vn -0.0452 -0.0174 0.9988
vn 0.0799 -0.1796 -0.9805
vn -0.4315 -0.5330 -0.7278
vn 0.0710 -0.6927 -0.7178
vn 0.0163 -0.6761 0.7366
vn 0.3907 -0.6419 0.6598
vn 0.5034 -0.8223 0.2654
vn 0.3663 -0.7427 0.5606
vn 0.4706 -0.8823 -0.0017
vn 0.5230 -0.8153 -0.2485
vn -0.1840 0.5161 0.8365
vn -0.2267 0.5765 0.7850
vn -0.1686 0.4301 0.8869
vn 0.1301 -0.2089 0.9692
vn -0.0952 -0.2018 0.9748
vn -0.0266 -0.4699 0.8823
vn 0.3058 -0.5032 -0.8083
vn 0.1215 -0.4814 -0.8680
vn -0.2364 0.6413 0.7300
vn -0.2971 0.7698 -0.5650
vn 0.1190 -0.1951 -0.9735
vn -0.0134 -0.0305 -0.9994
vn 0.2166 -0.3235 0.9211
vn 0.6334 -0.7003 0.3292
vn -0.2259 0.5184 0.8248
vn -0.3113 0.7747 0.5503
vn -0.0372 0.0569 0.9977
vn -0.1268 0.1992 0.9717
vn -0.0212 -0.0175 0.9996
vn 0.1867 -0.1874 0.9644
vn 0.1867 -0.1855 -0.9648
vn 0.0693 -0.2885 -0.9550
vn -0.1899 0.5649 0.8030
vn 0.1382 -0.4067 -0.9031
vn 0.2586 -0.2188 -0.9409
vn 0.3888 -0.6575 -0.6454
vn 0.4158 -0.4365 -0.7978
vn 0.5170 -0.5453 0.6598
vn 0.7183 -0.6354 -0.2835
vn -0.3079 0.7733 0.5542
vn -0.3116 0.7300 0.6083
vn 0.0358 0.0362 -0.9987
vn 0.1205 -0.0975 -0.9879
vn 0.2834 -0.2713 0.9198
vn 0.4908 -0.3699 0.7888
vn 0.4068 -0.4305 0.8057
vn -0.1367 0.4676 0.8733
vn -0.2063 0.6167 0.7597
vn -0.2439 0.6349 -0.7331
vn -0.2955 0.6595 -0.6912
vn 0.3150 -0.3007 -0.9002
vn 0.5177 -0.5829 -0.6262
vn 0.5448 -0.4273 -0.7215
vn 0.6407 -0.4925 -0.5891
vn 0.8156 -0.5590 0.1491
vn 0.6911 -0.5385 0.4820
vn 0.1148 -0.0897 0.9893
vn 0.0326 -0.0225 0.9992
vn 0.6882 -0.4084 -0.5996
vn 0.8199 -0.5429 -0.1817
vn 0.7737 -0.4184 -0.4757
vn -0.2304 0.5959 -0.7693
vn -0.1231 0.4112 -0.9032
vn -0.2656 0.6058 -0.7500
vn 0.1962 -0.0966 -0.9758
vn 0.6504 -0.4694 0.5972
vn 0.7290 -0.3909 0.5620
vn -0.3808 0.8634 -0.3310
vn -0.4345 0.8720 -0.2254
vn -0.2823 0.6378 0.7166
vn -0.2489 0.5336 0.8083
vn -0.0530 0.1964 0.9791
vn 0.0351 0.0615 0.9975
vn -0.0329 0.1556 -0.9873
vn 0.5956 -0.4047 0.6939
vn 0.6239 -0.3452 0.7012
vn 0.8520 -0.4225 -0.3091
vn 0.8693 -0.4939 0.0193
vn -0.1269 0.3251 -0.9371
vn -0.2402 0.5255 -0.8162
vn -0.3123 0.7480 -0.5857
vn -0.3406 0.7739 0.5339
vn -0.3264 0.7762 0.5393
vn -0.3172 0.7177 -0.6199
vn 0.1280 -0.0338 0.9912
vn 0.4233 -0.3304 0.8436
vn 0.3420 -0.3733 0.8623
vn 0.6231 -0.3340 -0.7072
vn 0.4527 -0.2920 -0.8425
vn -0.2007 0.4620 -0.8639
vn -0.1432 0.4072 -0.9021
vn -0.1661 0.3939 -0.9040
vn 0.3682 -0.3635 -0.8557
vn 0.3945 -0.3071 -0.8660
vn 0.7105 -0.3385 -0.6169
vn -0.2500 0.5702 -0.7825
vn -0.1599 0.3719 0.9144
vn -0.2568 0.5500 0.7947
vn -0.1971 0.4440 0.8740
vn -0.3112 0.7016 0.6410
vn -0.1041 0.2610 -0.9597
vn 0.0008 0.1044 0.9945
vn 0.0695 0.0260 -0.9972
vn 0.3201 -0.1804 -0.9300
vn 0.4655 -0.2949 -0.8345
vn 0.4889 -0.2697 0.8296
vn 0.7302 -0.3381 0.5937
vn 0.8313 -0.4295 0.3528
vn -0.2211 0.5637 0.7958
vn 0.1378 -0.0296 -0.9900
vn 0.5748 -0.2780 -0.7696
vn -0.3053 0.6311 0.7131
vn -0.2994 0.6260 0.7200
vn 0.1081 0.0272 0.9938
vn 0.4846 -0.2622 -0.8345
vn 0.7226 -0.3659 -0.5865
vn 0.8812 -0.4480 -0.1511
vn 0.8779 -0.4458 0.1747
vn -0.2751 0.6488 0.7095
vn -0.2653 0.6186 -0.7395
vn -0.0764 0.2442 0.9667
vn -0.1454 0.3765 0.9149
vn 0.4800 -0.2423 0.8431
vn 0.3904 -0.2620 0.8825
vn 0.5284 -0.2512 0.8110
vn 0.5134 -0.2696 0.8147
vn 0.5857 -0.2854 0.7586
vn 0.7823 -0.3973 0.4797
vn 0.5226 -0.2251 -0.8223
vn -0.2638 0.5667 -0.7805
vn -0.2620 0.5160 -0.8156
vn 0.1906 -0.0392 -0.9809
vn 0.8892 -0.4575 0.0030
vn -0.3045 0.6520 -0.6944
vn -0.2316 0.5721 -0.7868
vn -0.2150 0.5496 0.8073
vn -0.2469 0.5976 0.7629
vn 0.1838 -0.0288 0.9825
vn 0.2699 -0.1602 0.9495
vn 0.1633 -0.0593 0.9848
vn 0.6029 -0.3111 0.7346
vn 0.8160 -0.3916 0.4253
vn 0.8634 -0.4378 0.2508
vn 0.8490 -0.4009 -0.3443
vn 0.5128 -0.2517 -0.8208
vn 0.5336 -0.2461 -0.8092
vn -0.2646 0.6492 0.7131
vn 0.0121 0.1313 -0.9913
vn 0.1092 0.0266 -0.9937
vn 0.1160 0.0064 -0.9932
vn 0.1522 -0.0132 0.9883
vn 0.3387 -0.0756 0.9378
vn 0.3379 -0.1415 0.9305
vn 0.5659 -0.2639 -0.7811
vn 0.5959 -0.2550 -0.7615
vn 0.5560 -0.2628 0.7886
vn -0.2781 0.6370 -0.7190
vn -0.2680 0.5450 0.7944
vn -0.0619 0.2234 -0.9728
vn 0.0139 0.1362 0.9906
vn 0.1926 -0.0042 -0.9813
vn 0.3719 -0.1300 -0.9191
vn 0.4862 -0.1725 0.8567
vn 0.5777 -0.2600 0.7737
vn 0.6157 -0.2454 0.7488
vn 0.6037 -0.2932 -0.7413
vn 0.7480 -0.3914 -0.5360
vn 0.9162 -0.3866 -0.1055
vn 0.9081 -0.3935 0.1435
vn -0.3934 0.8616 -0.3207
vn -0.2324 0.4858 0.8426
vn 0.1234 0.0132 0.9923
vn 0.1518 -0.0092 -0.9884
vn 0.5193 -0.1747 -0.8366
vn -0.2540 0.6388 -0.7263
vn 0.7250 -0.3339 -0.6024
vn 0.7046 -0.3673 0.6071
vn 0.5849 -0.2907 0.7572
vn 0.7214 -0.3346 0.6063
vn -0.3283 0.6766 0.6591
vn -0.2581 0.6156 0.7446
vn -0.3153 0.6659 -0.6761
vn -0.2966 0.6226 -0.7241
vn -0.1866 0.3847 0.9040
vn 0.5953 -0.2771 0.7542
vn 0.6808 -0.2642 0.6832
vn -0.2782 0.6021 -0.7484
vn -0.2901 0.6475 -0.7047
vn -0.2789 0.5795 -0.7658
vn -0.2545 0.5188 -0.8161
vn 0.1609 0.0309 0.9865
vn 0.1896 0.0102 0.9818
vn 0.5830 -0.2799 -0.7627
vn 0.6260 -0.2394 -0.7421
vn 0.6104 -0.2552 0.7498
vn 0.6025 -0.3322 -0.7257
vn 0.8115 -0.3060 0.4979
vn 0.8239 -0.1524 0.5459
vn 0.9162 -0.2779 0.2889
vn 0.1637 0.0325 -0.9860
vn 0.7700 -0.2325 -0.5942
vn 0.8881 -0.3014 -0.3471
vn 0.8639 -0.1939 -0.4649
vn 0.9613 -0.1379 -0.2386
vn 0.9458 -0.3246 -0.0125
vn 0.9889 -0.1426 0.0416
vn 0.9515 -0.0943 0.2928
vn 0.9991 -0.0375 0.0180
vn 0.9882 0.1158 -0.1007
vn 0.9995 0.0172 -0.0270
vn 0.9900 -0.0751 0.1191
vn 0.9891 -0.1375 -0.0523
vn 0.9988 -0.0008 -0.0493
vn -0.4111 0.8049 -0.4279
vn 0.6731 -0.2307 -0.7027
vn 0.6987 -0.2439 0.6726
vn 0.7345 -0.2571 0.6280
vn 0.6593 -0.2641 -0.7040
vn 0.6902 -0.2802 -0.6672
vn 0.9616 0.1107 -0.2511
vn 0.8799 -0.0418 -0.4733
vn 0.8732 0.0382 0.4858
vn 0.9687 0.1190 0.2180
vn 0.9999 0.0126 0.0068
vn 0.9303 0.2300 -0.2858
vn 0.9505 0.0661 -0.3036
vn 0.9893 0.1007 0.1060
vn 0.9525 -0.0344 0.3027
vn 0.9406 -0.0700 -0.3323
vn 0.9833 -0.0041 -0.1822
vn 0.9978 -0.0666 -0.0035
vn 0.9835 -0.1804 0.0113
vn 0.9902 -0.0316 -0.1360
vn 0.9455 -0.0365 -0.3237
vn 0.9915 -0.1239 -0.0388
vn 0.9537 -0.0443 0.2975
vn 0.9969 -0.0338 0.0710
vn 0.9832 -0.0494 -0.1754
vn 0.9800 -0.0510 0.1923
vn 0.9811 -0.1752 -0.0823
vn 0.9950 -0.0028 -0.1002
vn -0.3103 0.6027 0.7352
vn -0.1700 0.3684 -0.9140
vn 0.9265 0.1892 -0.3252
vn 0.8697 -0.0140 -0.4933
vn 0.9153 0.1438 0.3763
vn 0.9245 0.1927 -0.3289
vn 0.9411 0.2302 0.2475
vn 0.9435 0.0960 0.3172
vn 0.8810 0.2024 0.4276
vn 0.8545 0.0043 0.5194
vn 0.8715 -0.0025 -0.4904
vn 0.8502 -0.0279 -0.5258
vn 0.9582 -0.1986 0.2058
vn 0.9776 -0.2097 -0.0176
vn 0.9911 -0.0403 0.1270
vn 0.9534 0.0057 -0.3016
vn 0.9981 -0.0154 0.0602
vn 0.9997 -0.0241 -0.0036
vn 0.9782 -0.1093 -0.1763
vn 0.8866 -0.0648 0.4580
vn 0.9647 0.0266 0.2620
vn 0.9693 -0.1418 -0.2007
vn 0.8948 -0.1999 0.3992
vn 0.9367 -0.3077 -0.1674
vn 0.9555 -0.2138 0.2034
vn -0.1218 0.3265 0.9373
vn 0.1824 0.0182 0.9831
vn 0.1007 0.0874 0.9911
vn 0.1673 0.0295 -0.9855
vn 0.3844 -0.0523 -0.9217
vn 0.3155 -0.0467 -0.9478
vn 0.4301 -0.1269 -0.8938
vn 0.6052 -0.1829 0.7748
vn 0.7322 -0.2157 -0.6460
vn 0.8112 -0.2275 0.5387
vn 0.7824 -0.2352 -0.5767
vn 0.7748 -0.1654 0.6102
vn 0.8734 -0.0079 0.4870
vn 0.7933 0.0694 -0.6048
vn 0.8739 0.0671 -0.4815
vn 0.8849 -0.0995 -0.4550
vn 0.8617 0.0133 -0.5073
vn 0.9772 -0.1372 0.1622
vn 0.8896 -0.3610 0.2798
vn 0.9719 -0.1905 0.1380
vn 0.9421 -0.3337 -0.0315
vn 0.8642 -0.3344 -0.3761
vn 0.9055 -0.2382 -0.3512
vn 0.8702 -0.3713 0.3240
vn 0.9318 -0.3472 0.1057
vn -0.3085 0.6740 0.6712
vn -0.1561 0.3671 -0.9170
vn -0.2188 0.4553 -0.8630
vn 0.0128 0.1738 0.9847
vn 0.0810 0.1045 -0.9912
vn -0.0072 0.1888 -0.9820
vn 0.3422 -0.0274 0.9392
vn 0.4972 -0.1327 0.8575
vn 0.3407 -0.0582 0.9384
vn 0.7821 -0.2039 -0.5889
vn 0.9302 0.1831 0.3180
vn 0.8181 0.1084 0.5648
vn 0.7935 -0.2130 0.5701
vn 0.9080 -0.3850 -0.1651
vn 0.8397 -0.4803 -0.2533
vn -0.4101 0.9112 0.0401
vn -0.2653 0.5523 -0.7903
vn -0.2203 0.4509 0.8649
vn 0.2165 0.0510 0.9749
vn 0.8782 -0.0503 -0.4756
vn 0.8921 -0.0188 0.4514
vn 0.8470 0.1976 -0.4934
vn 0.8820 0.1387 -0.4504
vn 0.8518 0.1144 -0.5112
vn 0.8465 0.0353 0.5312
vn 0.8628 0.0233 0.5050
vn 0.8191 -0.0497 0.5714
vn 0.8097 -0.5041 -0.3003
vn 0.8261 -0.5597 -0.0652
vn -0.0541 0.2611 -0.9638
vn -0.0439 0.2388 0.9701
vn 0.1853 0.0324 0.9822
vn 0.2174 0.0374 0.9754
vn 0.4765 -0.0731 0.8761
vn 0.6198 -0.1221 0.7752
vn 0.8252 -0.1868 0.5331
vn 0.8864 0.1505 0.4377
vn 0.8974 0.0478 -0.4386
vn 0.8259 0.0201 -0.5635
vn 0.8214 -0.0857 -0.5639
vn 0.8244 -0.1680 -0.5405
vn 0.7168 -0.2647 0.6451
vn 0.6717 -0.3516 0.6521
vn 0.7797 -0.4398 -0.4457
vn 0.6897 -0.3089 -0.6549
vn 0.7604 -0.2323 -0.6065
vn 0.7837 -0.5735 -0.2388
vn -0.3079 0.5713 0.7608
vn -0.3135 0.6528 0.6897
vn 0.7811 -0.1045 -0.6156
vn 0.6517 -0.1011 -0.7517
vn 0.8542 -0.1026 0.5097
vn 0.7651 0.0197 -0.6437
vn 0.7650 -0.1343 0.6298
vn 0.7112 -0.2655 0.6510
vn 0.7448 -0.6673 0.0034
vn 0.7488 -0.6275 0.2136
vn -0.3858 0.7967 -0.4652
vn -0.4309 0.8245 -0.3669
vn 0.3237 0.0215 -0.9459
vn 0.2377 0.0384 -0.9706
vn 0.3258 0.0443 0.9444
vn 0.5435 -0.1089 -0.8323
vn 0.5357 0.0051 -0.8444
vn 0.6910 -0.0277 0.7223
vn 0.7750 0.0359 0.6309
vn 0.7677 -0.1413 0.6250
vn 0.8651 0.1495 0.4788
vn 0.8760 0.0456 0.4801
vn 0.8713 0.0889 -0.4826
vn 0.8500 0.1114 0.5149
vn 0.9073 0.1054 0.4070
vn 0.9120 0.0986 -0.3981
vn 0.9233 0.0642 0.3786
vn 0.8942 0.0437 0.4455
vn 0.8778 -0.0160 0.4787
vn 0.8969 -0.1293 -0.4230
vn 0.9336 -0.0252 -0.3575
vn 0.8762 -0.0005 -0.4820
vn 0.9034 -0.1831 0.3877
vn 0.8465 -0.2459 0.4722
vn 0.7375 -0.2294 -0.6352
vn 0.8443 -0.5358 -0.0083
vn 0.7371 -0.6482 -0.1909
vn 0.6708 -0.5446 -0.5034
vn 0.6674 -0.6754 0.3137
vn 0.7660 -0.4491 0.4599
vn -0.2316 0.6765 0.6991
vn -0.2322 0.5191 0.8226
vn -0.2811 0.5378 -0.7948
vn 0.0649 0.1641 -0.9843
vn 0.1460 0.1064 -0.9835
vn 0.2463 0.0440 0.9682
vn 0.6773 0.0281 -0.7352
vn 0.8505 0.1290 0.5098
vn 0.8940 0.0466 -0.4457
vn 0.8920 -0.0318 -0.4509
vn 0.9316 -0.0235 0.3628
vn 0.8797 -0.0478 0.4730
vn 0.7931 -0.6061 0.0596
vn 0.7787 -0.5890 0.2161
vn 0.7888 -0.6013 -0.1274
vn -0.3823 0.6492 0.6576
vn -0.3267 0.6057 0.7255
vn 0.2347 0.0440 -0.9711
vn 0.2176 0.0419 -0.9751
vn 0.5071 0.0259 0.8615
vn 0.8189 0.0830 0.5679
vn 0.7779 0.1997 0.5958
vn 0.8682 0.1475 -0.4739
vn 0.7867 0.1461 -0.5998
vn 0.8705 0.0272 0.4914
vn 0.8639 -0.2493 -0.4377
vn 0.8574 -0.3608 -0.3670
vn 0.8906 -0.1444 -0.4313
vn 0.8573 -0.3387 0.3878
vn 0.6592 -0.4072 -0.6321
vn 0.6388 -0.4125 -0.6495
vn 0.7757 -0.6236 -0.0976
vn 0.6015 -0.7411 -0.2982
vn 0.7323 -0.6781 -0.0623
vn -0.1889 0.4142 0.8904
vn -0.2571 0.4976 0.8285
vn 0.8539 0.1347 -0.5028
vn 0.8020 0.1999 -0.5629
vn 0.7050 0.0747 0.7053
vn 0.7992 -0.0539 -0.5986
vn 0.7432 0.0740 -0.6650
vn 0.8256 -0.2218 -0.5188
vn 0.8493 -0.2005 0.4883
vn 0.6616 -0.5029 0.5562
vn 0.5674 -0.5829 -0.5816
vn 0.5397 -0.5821 -0.6082
vn 0.6350 -0.4387 0.6359
vn 0.5364 -0.5918 0.6017
vn 0.5959 -0.5601 0.5754
vn 0.5260 -0.7016 -0.4807
vn 0.5240 -0.6967 0.4900
vn -0.4243 0.9055 -0.0053
vn -0.3031 0.5652 -0.7672
vn -0.3135 0.6085 -0.7290
vn 0.3585 0.1061 0.9275
vn 0.5218 0.1545 -0.8389
vn 0.5974 0.1113 0.7942
vn 0.8103 0.0311 -0.5852
vn 0.7127 0.1219 -0.6908
vn 0.7236 0.1926 -0.6628
vn 0.7731 -0.0538 0.6320
vn 0.7207 -0.1301 0.6809
vn 0.7549 -0.3398 -0.5610
vn 0.8066 -0.4448 0.3894
vn -0.1175 0.3328 0.9356
vn 0.6459 0.1758 0.7429
vn 0.6357 -0.0093 0.7719
vn 0.7062 -0.1154 -0.6985
vn 0.7495 -0.3052 0.5875
vn 0.7860 -0.4384 -0.4359
vn 0.7833 -0.4144 0.4635
vn 0.4955 -0.6245 -0.6038
vn 0.7553 -0.6490 0.0918
vn 0.6538 -0.7567 -0.0029
vn -0.4788 0.8778 -0.0133
vn -0.4850 0.8692 0.0962
vn -0.2172 0.4314 -0.8756
vn 0.0535 0.1299 0.9901
vn 0.2718 0.0690 -0.9599
vn 0.5849 0.1972 -0.7868
vn 0.6980 0.2181 -0.6821
vn 0.5756 0.2214 -0.7872
vn 0.5288 0.0895 -0.8440
vn 0.6592 -0.0234 -0.7516
vn 0.6786 -0.2202 -0.7007
vn 0.7415 -0.5494 0.3850
vn 0.6702 -0.5572 -0.4902
vn 0.7857 -0.4365 -0.4383
vn 0.4865 -0.6251 0.6104
vn -0.2826 0.5404 0.7925
vn -0.2097 0.4757 0.8543
vn -0.3516 0.5540 0.7546
vn -0.3754 0.6534 -0.6573
vn -0.3435 0.5618 -0.7526
vn -0.1649 0.3991 -0.9020
vn -0.2573 0.4927 -0.8313
vn -0.1470 0.3493 -0.9254
vn 0.2921 0.0958 0.9516
vn 0.2640 0.0643 0.9624
vn 0.3398 0.1223 0.9325
vn 0.3746 0.2166 -0.9015
vn 0.3830 0.0853 -0.9198
vn 0.7284 0.1977 0.6561
vn 0.5474 0.2164 0.8084
vn 0.5016 0.0893 0.8605
vn 0.5292 0.0046 -0.8485
vn 0.5728 -0.1128 0.8119
vn 0.5582 -0.1044 -0.8231
vn 0.7678 -0.4280 -0.4768
vn 0.7883 -0.5288 -0.3146
vn 0.5292 -0.8403 -0.1178
vn 0.6960 -0.7085 -0.1163
vn 0.6223 -0.7819 0.0381
vn -0.3918 0.6153 -0.6841
vn 0.3026 0.1144 -0.9462
vn 0.2662 0.0656 -0.9617
vn 0.3406 0.1362 -0.9303
vn 0.4212 0.1955 0.8856
vn 0.4117 0.2917 -0.8634
vn 0.5620 0.2610 -0.7849
vn 0.4305 0.2639 0.8631
vn 0.4846 0.2927 0.8243
vn 0.6321 0.2346 0.7386
vn 0.8020 -0.4996 0.3274
vn 0.6535 -0.6561 -0.3774
vn -0.2706 0.4428 0.8548
vn 0.1455 0.1168 -0.9824
vn 0.3748 0.2119 0.9026
vn 0.4474 0.2691 0.8529
vn 0.4155 0.0226 -0.9093
vn 0.4765 0.0128 0.8791
vn 0.4560 -0.0349 0.8893
vn 0.6107 -0.2519 -0.7507
vn 0.5789 -0.6285 -0.5196
vn 0.5282 -0.7906 -0.3099
vn -0.5335 0.8453 -0.0288
vn -0.5639 0.8199 0.0984
vn -0.2713 0.5486 0.7908
vn -0.3637 0.5542 0.7487
vn -0.0566 0.2755 -0.9596
vn 0.3396 0.1754 0.9241
vn 0.3792 0.2876 -0.8795
vn 0.3690 0.2171 -0.9037
vn 0.3953 0.2845 0.8734
vn 0.4247 -0.0206 -0.9051
vn 0.7518 -0.4173 0.5106
vn 0.6571 -0.6366 0.4038
vn 0.6918 -0.6099 0.3866
vn 0.5338 -0.6001 0.5957
vn 0.4895 -0.8719 -0.0130
vn 0.5919 -0.8056 0.0235
vn 0.4830 -0.8572 0.1787
vn 0.0505 0.1944 0.9796
vn 0.0828 0.1702 0.9819
vn 0.0960 0.1367 0.9859
vn 0.0636 0.1750 0.9825
vn 0.3444 0.1716 -0.9230
vn 0.3708 0.1674 -0.9135
vn 0.4393 0.1744 -0.8812
vn 0.4116 0.1700 0.8954
vn 0.3890 0.0425 0.9202
vn 0.6578 -0.2306 0.7170
vn 0.6746 -0.3541 0.6477
vn 0.6610 -0.3526 -0.6624
vn 0.7873 -0.4308 -0.4412
vn 0.5599 -0.6208 -0.5488
vn 0.5974 -0.7044 -0.3833
vn -0.4116 0.6204 0.6676
vn -0.2384 0.4308 0.8704
vn 0.3756 0.2787 0.8839
vn 0.3916 0.0891 -0.9158
vn 0.3923 0.0030 0.9198
vn 0.8266 -0.4675 0.3134
vn 0.8062 -0.5317 0.2597
vn 0.8021 -0.5972 0.0027
vn 0.7878 -0.6067 0.1061
vn 0.3925 -0.9192 -0.0332
vn 0.4792 -0.8772 0.0282
vn 0.5362 -0.8441 0.0038
vn -0.3889 0.5660 0.7269
vn -0.2480 0.4410 -0.8626
vn 0.3477 0.2427 0.9057
vn 0.3611 0.1831 0.9144
vn 0.3719 0.0264 0.9279
vn 0.3944 -0.0616 0.9169
vn 0.8954 -0.3847 -0.2242
vn 0.7434 -0.3508 -0.5694
vn 0.8699 -0.4377 0.2272
vn 0.7556 -0.3556 0.5501
vn 0.7912 -0.6001 -0.1179
vn 0.9041 -0.4221 -0.0661
vn 0.3844 -0.9187 0.0911
vn 0.4965 -0.8378 -0.2271
vn 0.4188 -0.9080 0.0114
vn -0.5207 0.8531 -0.0337
vn -0.5215 0.8019 -0.2915
vn -0.3105 0.5584 -0.7692
vn -0.3169 0.4852 -0.8150
vn -0.4219 0.7277 -0.5408
vn -0.3577 0.5503 -0.7545
vn 0.0547 0.1862 -0.9810
vn 0.3381 0.2625 -0.9038
vn 0.4451 0.2635 -0.8558
vn 0.3471 0.0633 -0.9357
vn 0.6078 -0.3457 -0.7149
vn 0.5256 -0.6452 0.5545
vn 0.5428 -0.7833 0.3030
vn 0.3218 -0.9454 0.0509
vn 0.1099 0.1438 -0.9835
vn 0.0488 0.1964 -0.9793
vn 0.2563 0.2864 0.9232
vn 0.3780 0.0142 0.9257
vn 0.9365 -0.3397 0.0875
vn 0.9093 -0.4103 0.0699
vn 0.9001 -0.4295 0.0737
vn 0.7199 -0.5600 0.4101
vn -0.3746 0.5357 -0.7568
vn -0.3133 0.4750 0.8223
vn -0.3825 0.4946 0.7804
vn -0.3883 0.5096 -0.7678
vn 0.1176 0.1610 0.9799
vn 0.1198 0.1884 -0.9748
vn 0.1966 0.1387 -0.9706
vn 0.1884 0.2259 0.9558
vn 0.2383 0.2120 -0.9478
vn 0.3435 0.2560 -0.9036
vn 0.2667 0.3385 0.9024
vn 0.3455 0.3005 0.8890
vn 0.3554 0.0394 0.9339
vn 0.7832 -0.5351 -0.3168
vn 0.9322 -0.2948 -0.2099
vn 0.7227 -0.1733 0.6691
vn 0.8936 -0.1095 0.4353
vn 0.9816 -0.1890 -0.0266
vn 0.9494 -0.1376 -0.2823
vn 0.7785 -0.5439 -0.3133
vn 0.8994 -0.4339 0.0535
vn 0.8825 -0.4700 0.0173
vn 0.9335 -0.2447 0.2620
vn 0.9944 -0.1026 0.0266
vn 0.9991 -0.0138 -0.0403
vn 0.9614 -0.1443 0.2344
vn 0.9761 -0.0314 0.2152
vn 0.9617 -0.0116 0.2740
vn 0.9891 -0.0867 -0.1194
vn 0.9857 -0.0699 0.1532
vn 0.9817 -0.0349 -0.1870
vn 0.9090 -0.0916 -0.4065
vn 0.9695 -0.1255 -0.2107
vn 0.9288 0.3534 -0.1114
vn 0.8513 0.5206 -0.0649
vn 0.8737 0.4248 0.2371
vn 0.8783 0.4780 0.0097
vn 0.8073 0.4641 0.3646
vn 0.9428 0.3086 0.1259
vn 0.4850 -0.8512 -0.2005
vn 0.3589 -0.9315 0.0590
vn 0.4588 -0.8663 -0.1977
vn 0.1139 0.1598 -0.9806
vn 0.3349 0.2417 -0.9107
vn 0.3021 0.1437 -0.9424
vn 0.5341 -0.3246 -0.7806
vn 0.4720 -0.1659 -0.8658
vn 0.9152 -0.3168 -0.2492
vn 0.9077 -0.2013 0.3681
vn 0.7176 -0.6618 0.2171
vn 0.6153 -0.7758 -0.1398
vn 0.7882 -0.0762 -0.6107
vn 0.8611 -0.0918 0.5001
vn 0.9648 -0.0546 0.2573
vn 0.8396 -0.0520 0.5407
vn 0.9542 -0.1577 0.2543
vn 0.8669 -0.1542 -0.4740
vn 0.8663 -0.0239 -0.4990
vn 0.9407 -0.1601 0.2990
vn 0.9614 -0.2244 0.1595
vn 0.9553 -0.2214 -0.1960
vn 0.8095 -0.2442 -0.5339
vn 0.9478 -0.2589 -0.1860
vn 0.5297 -0.8436 -0.0877
vn 0.3714 -0.9282 0.0229
vn 0.1764 -0.9693 -0.1711
vn 0.4025 -0.7241 -0.5600
vn 0.5698 -0.8192 0.0657
vn 0.2177 -0.9641 0.1519
vn -0.3412 0.4392 -0.8310
vn -0.3302 0.4223 0.8442
vn 0.1915 0.2921 -0.9370
vn 0.3588 0.3101 -0.8804
vn 0.3768 0.0197 -0.9261
vn 0.3620 0.0329 -0.9316
vn 0.3762 -0.1235 -0.9183
vn 0.3862 -0.0213 -0.9222
vn 0.5630 -0.1516 -0.8124
vn 0.4198 -0.3518 -0.8366
vn 0.7088 -0.1287 -0.6936
vn 0.6128 -0.2937 0.7336
vn 0.5879 -0.1173 0.8004
vn 0.7451 -0.0794 0.6623
vn 0.8732 -0.1176 -0.4729
vn 0.5263 -0.8502 -0.0129
vn 0.5871 -0.8060 0.0754
vn 0.6862 -0.1860 0.7033
vn 0.8140 -0.1666 0.5564
vn 0.8137 -0.2369 0.5308
vn 0.9080 -0.3185 0.2720
vn 0.9590 -0.2544 0.1248
vn 0.8730 -0.3022 -0.3829
vn 0.7367 0.6756 0.0304
vn 0.8369 0.4472 -0.3155
vn 0.6992 0.5909 -0.4025
vn 0.4524 -0.6951 -0.5588
vn -0.5518 0.8337 -0.0213
vn -0.5203 0.8530 -0.0406
vn -0.3830 0.5356 0.7526
vn -0.4016 0.5314 -0.7459
vn -0.2573 0.3560 0.8983
vn -0.0092 0.2237 -0.9746
vn 0.2436 0.1547 0.9575
vn 0.3174 0.2743 0.9077
vn 0.2904 0.1465 0.9456
vn 0.3361 0.0825 0.9382
vn 0.3944 -0.3429 -0.8526
vn 0.4187 -0.3249 0.8480
vn 0.5662 -0.3107 0.7635
vn 0.5732 -0.1044 -0.8127
vn 0.8054 -0.3950 0.4419
vn 0.7300 -0.6765 -0.0972
vn 0.8598 -0.3907 -0.3286
vn 0.9210 -0.1205 -0.3706
vn 0.7927 -0.2666 0.5483
vn 0.8893 -0.3097 0.3364
vn 0.9166 -0.3842 -0.1104
vn 0.8166 -0.3382 -0.4677
vn 0.9364 -0.3467 -0.0539
vn 0.6039 0.5078 0.6144
vn 0.6577 0.5966 0.4598
vn 0.5730 0.4600 0.6783
vn 0.6059 0.4764 -0.6372
vn 0.5927 0.4970 -0.6338
vn 0.7570 0.1112 -0.6439
vn 0.5665 0.2783 -0.7757
vn 0.7948 0.3741 -0.4778
vn 0.5566 0.0079 0.8307
vn 0.8373 0.2079 0.5058
vn 0.6609 0.2949 0.6901
vn 0.0836 -0.9812 0.1741
vn 0.1199 -0.9831 0.1381
vn -0.4242 0.6073 0.6718
vn -0.3992 0.5325 0.7464
vn -0.0815 0.2943 0.9522
vn 0.1002 0.1716 0.9801
vn 0.1354 0.1758 0.9751
vn 0.1542 0.2691 -0.9507
vn 0.2046 0.3658 -0.9079
vn 0.3338 0.3232 -0.8855
vn 0.2779 0.3435 -0.8971
vn 0.2723 0.3474 0.8973
vn 0.3730 0.0192 0.9276
vn 0.3319 -0.0197 0.9431
vn 0.3081 -0.0872 0.9473
vn 0.4856 -0.1888 0.8536
vn 0.6740 -0.7029 0.2273
vn 0.7858 -0.6069 -0.1195
vn 0.7089 -0.1245 -0.6942
vn 0.7958 -0.1311 -0.5912
vn 0.7294 -0.1273 -0.6721
vn 0.6625 -0.3043 -0.6845
vn 0.7009 -0.1808 -0.6900
vn 0.6046 -0.3172 0.7307
vn 0.6619 0.7235 0.1963
vn 0.6850 0.6151 0.3903
vn -0.0221 -0.9997 -0.0111
vn 0.0754 -0.9921 -0.1001
vn -0.3557 0.5662 0.7436
vn -0.3321 0.5037 0.7975
vn 0.2751 0.2299 0.9335
vn 0.3063 0.0497 -0.9506
vn 0.3122 -0.2037 -0.9279
vn 0.3579 -0.1846 0.9153
vn 0.5748 -0.1030 0.8118
vn 0.3444 -0.0955 -0.9340
vn 0.3575 -0.2077 -0.9105
vn 0.5450 -0.6992 -0.4627
vn 0.3464 -0.1301 0.9290
vn 0.5511 -0.1533 0.8202
vn 0.5046 -0.2182 0.8353
vn 0.4687 -0.2169 -0.8563
vn 0.4980 -0.1556 -0.8531
vn 0.4138 0.4092 -0.8133
vn 0.3554 0.1705 0.9190
vn 0.4675 0.5635 0.6811
vn 0.3947 -0.0247 -0.9185
vn 0.0803 -0.9787 -0.1890
vn 0.0813 -0.9453 -0.3159
vn 0.0165 -0.9998 -0.0069
vn -0.0103 -0.9996 -0.0244
vn -0.0066 -0.9991 0.0420
vn 0.0279 -0.9973 0.0682
vn -0.0107 -0.9999 0.0082
vn -0.0313 -0.9988 0.0373
vn 0.0091 -0.9995 0.0313
vn 0.1840 0.3503 -0.9184
vn 0.2615 0.0918 0.9608
vn 0.1032 -0.9890 -0.1057
vn 0.2449 -0.9532 0.1773
vn 0.2523 -0.9520 0.1734
vn 0.5621 -0.3870 -0.7310
vn 0.5353 -0.2473 -0.8076
vn 0.6509 -0.2784 0.7062
vn 0.5280 -0.1622 0.8336
vn 0.6953 -0.1365 0.7057
vn 0.5335 -0.2031 0.8211
vn 0.6808 -0.2355 0.6936
vn 0.4983 -0.3432 -0.7962
vn 0.7004 -0.3729 -0.6086
vn 0.9182 -0.3893 -0.0727
vn 0.7191 0.6943 -0.0303
vn 0.5669 0.4642 -0.6805
vn 0.4502 0.4260 0.7848
vn 0.2946 0.1493 0.9439
vn 0.2974 0.2418 -0.9236
vn 0.2045 -0.0725 0.9762
vn -0.3326 0.4901 -0.8057
vn 0.0706 0.2321 -0.9701
vn 0.1318 0.1743 -0.9758
vn 0.1712 0.2628 -0.9495
vn 0.1839 0.2697 0.9452
vn 0.1750 0.2793 0.9441
vn 0.2644 0.3039 -0.9153
vn 0.2952 -0.0665 -0.9531
vn 0.2452 -0.1047 0.9638
vn 0.1524 -0.9808 0.1213
vn 0.5813 -0.7655 0.2759
vn 0.3927 -0.6057 0.6921
vn 0.5238 -0.1582 -0.8370
vn 0.6753 -0.1861 -0.7137
vn 0.3023 -0.2430 0.9217
vn 0.5903 -0.2440 -0.7695
vn 0.6863 -0.2481 -0.6837
vn 0.2995 -0.2411 -0.9231
vn 0.6070 -0.2629 0.7500
vn 0.9323 -0.3611 0.0203
vn 0.8737 -0.3185 -0.3676
vn 0.8778 -0.4113 0.2458
vn 0.9090 -0.3956 -0.1314
vn 0.8978 -0.3407 -0.2791
vn 0.8260 -0.3878 0.4089
vn 0.6226 0.5360 -0.5701
vn 0.6959 0.6409 -0.3241
vn 0.5822 0.4330 -0.6881
vn 0.0425 -0.9460 0.3213
vn 0.1147 -0.9361 0.3324
vn -0.4476 0.6672 -0.5954
vn -0.3623 0.5653 -0.7411
vn -0.3928 0.6230 -0.6765
vn -0.4315 0.5744 -0.6956
vn 0.2523 0.3095 0.9168
vn 0.2887 -0.0447 0.9564
vn 0.2062 -0.1410 0.9683
vn 0.3272 -0.2015 0.9232
vn 0.2098 -0.1237 -0.9699
vn 0.3426 -0.9316 -0.1215
vn 0.2570 -0.8977 -0.3579
vn 0.2566 -0.1423 -0.9560
vn 0.2187 -0.1560 0.9632
vn 0.4600 -0.3332 0.8230
vn 0.7355 -0.3681 0.5689
vn 0.6610 -0.3809 0.6466
vn 0.6179 -0.3331 -0.7122
vn 0.6052 -0.3609 -0.7096
vn 0.7722 0.6023 0.2023
vn 0.6808 0.7104 -0.1784
vn 0.5804 0.4129 0.7019
vn 0.3995 0.2741 0.8748
vn 0.4649 0.5228 0.7146
vn 0.2719 0.4915 -0.8273
vn 0.1157 -0.0471 -0.9922
vn 0.0922 -0.0396 -0.9949
vn 0.2161 0.1432 -0.9658
vn 0.3780 0.3368 -0.8624
vn 0.0386 -0.9989 0.0279
vn 0.0072 -0.9977 -0.0669
vn -0.0182 -0.9998 0.0115
vn 0.0116 -0.9967 0.0806
vn -0.3617 0.4695 0.8054
vn -0.3940 0.5167 0.7601
vn -0.4429 0.5871 0.6776
vn 0.1329 0.2608 -0.9562
vn 0.1887 0.3413 0.9208
vn 0.2528 0.3929 0.8842
vn 0.2662 0.0351 0.9633
vn 0.2080 -0.0875 0.9742
vn 0.1694 -0.1234 -0.9778
vn 0.2828 -0.0475 -0.9580
vn 0.2594 -0.3408 -0.9036
vn 0.2353 -0.3411 0.9101
vn 0.3785 -0.3280 0.8656
vn 0.2045 -0.1162 0.9719
vn 0.2455 -0.2875 0.9258
vn 0.6371 -0.1995 0.7445
vn 0.7702 -0.2877 0.5693
vn 0.6743 -0.2957 0.6766
vn 0.9477 -0.3193 -0.0043
vn 0.7572 0.6420 -0.1205
vn 0.6926 0.6093 0.3860
vn 0.7739 0.6081 -0.1767
vn 0.7552 0.6336 0.1680
vn 0.1742 -0.8015 0.5720
vn 0.0433 -0.4674 0.8830
vn 0.1535 -0.7984 0.5822
vn -0.3825 0.5170 -0.7657
vn -0.4204 0.4685 0.7771
vn -0.2801 0.3780 -0.8824
vn -0.3166 0.4057 -0.8574
vn -0.2061 0.3412 -0.9171
vn -0.2201 0.3354 0.9160
vn -0.0708 0.2637 0.9620
vn 0.2035 0.1014 -0.9738
vn 0.2712 0.2116 -0.9390
vn 0.2301 -0.0073 -0.9731
vn 0.2239 -0.2953 -0.9288
vn 0.1879 -0.6834 -0.7054
vn 0.4079 -0.2086 0.8889
vn 0.2006 -0.3571 0.9122
vn 0.3053 -0.1511 0.9402
vn 0.2131 -0.2271 -0.9503
vn 0.1905 -0.1446 -0.9710
vn 0.3729 -0.2998 -0.8781
vn 0.4897 -0.2420 0.8376
vn 0.7887 -0.1459 0.5972
vn 0.9058 -0.2519 0.3407
vn 0.9293 -0.2037 -0.3082
vn 0.8681 -0.2513 0.4281
vn 0.5790 0.5795 -0.5735
vn 0.5865 0.5769 0.5685
vn 0.3030 0.1645 -0.9387
vn 0.0409 0.0820 -0.9958
vn -0.0017 -0.9999 -0.0137
vn -0.4028 0.4631 -0.7895
vn -0.3898 0.4432 0.8072
vn 0.1816 0.3144 -0.9318
vn 0.1681 0.2334 0.9577
vn 0.1905 -0.0940 -0.9772
vn 0.1600 -0.8513 0.4996
vn 0.1255 -0.9435 -0.3066
vn 0.3784 -0.8788 0.2906
vn 0.3375 -0.1880 0.9223
vn 0.4716 -0.1860 0.8620
vn 0.6199 -0.2013 -0.7584
vn 0.4330 -0.2002 -0.8789
vn 0.4842 -0.2181 -0.8473
vn 0.8475 -0.1805 -0.4992
vn 0.9614 -0.2598 -0.0903
vn 0.9864 -0.1644 0.0053
vn 0.6876 0.5252 -0.5013
vn 0.6846 0.7285 -0.0263
vn 0.6821 0.7302 -0.0397
vn 0.6910 0.5517 0.4671
vn 0.3940 0.5240 0.7551
vn 0.5023 0.4572 -0.7339
vn 0.1490 0.1235 0.9811
vn 0.0268 -0.9954 -0.0919
vn -0.0558 -0.9938 -0.0966
vn -0.3192 0.4842 0.8147
vn -0.5052 0.6651 0.5499
vn -0.0471 0.3089 0.9499
vn 0.0974 0.2371 0.9666
vn 0.2183 0.3915 0.8939
vn 0.1784 0.2395 -0.9544
vn 0.1704 0.1276 0.9771
vn 0.1152 0.1749 -0.9778
vn 0.3357 -0.1401 -0.9315
vn 0.1692 -0.1375 -0.9760
vn 0.0652 -0.1202 -0.9906
vn 0.6560 -0.1214 0.7449
vn 0.9336 -0.1472 0.3266
vn 0.7737 -0.0870 0.6276
vn 0.9684 -0.1992 0.1499
vn 0.9615 -0.1789 -0.2087
vn 0.9630 -0.1684 -0.2105
vn 0.3877 0.6070 -0.6937
vn 0.2207 0.3100 0.9247
vn 0.3892 0.2351 0.8907
vn 0.2048 0.3308 0.9212
vn 0.0639 -0.0076 0.9979
vn 0.0198 0.3743 0.9271
vn -0.5775 0.8160 0.0245
vn -0.5338 0.7708 -0.3478
vn -0.5779 0.8156 -0.0292
vn -0.4214 0.5126 0.7481
vn -0.3045 0.4243 0.8528
vn -0.1841 0.3899 0.9023
vn 0.2027 0.3748 0.9047
vn 0.1785 0.1190 0.9767
vn 0.1686 -0.0857 -0.9820
vn 0.1626 -0.0839 0.9831
vn 0.0758 -0.1006 0.9920
vn 0.0999 -0.1655 0.9811
vn 0.0767 -0.1461 -0.9863
vn 0.1494 -0.1248 0.9809
vn -0.0288 -0.9990 0.0339
vn -0.0056 -0.9513 0.3083
vn 0.0931 -0.1744 0.9803
vn 0.2145 -0.2550 -0.9428
vn 0.0687 -0.1239 0.9899
vn 0.4267 -0.1671 -0.8888
vn 0.6033 -0.1163 -0.7890
vn 0.5892 -0.0691 0.8050
vn 0.8591 -0.1415 0.4918
vn 0.7848 -0.0742 -0.6152
vn 0.8021 -0.1272 -0.5835
vn 0.8369 -0.1961 -0.5110
vn 0.8094 -0.1141 -0.5761
vn 0.9060 -0.2261 0.3579
vn 0.9502 -0.2922 0.1081
vn 0.9088 -0.2699 -0.3181
vn 0.9444 -0.3153 -0.0930
vn 0.8509 0.5181 0.0868
vn 0.6920 0.5528 0.4642
vn 0.5570 0.5765 -0.5979
vn 0.4525 0.4839 -0.7491
vn 0.1499 0.5947 -0.7899
vn 0.2747 0.4351 0.8574
vn 0.1993 0.3606 -0.9112
vn -0.3234 -0.3883 0.8629
vn 0.0285 0.0365 0.9989
vn -0.2017 -0.0623 0.9775
vn -0.0185 -0.7387 -0.6738
vn -0.1462 -0.2835 -0.9478
vn 0.0501 -0.8228 -0.5661
vn 0.0242 -0.8463 0.5322
vn -0.5193 0.7013 -0.4884
vn -0.1762 0.4014 -0.8988
vn -0.0468 0.3211 -0.9459
vn 0.0833 0.3012 0.9499
vn 0.1585 0.2596 0.9526
vn 0.1319 0.3161 0.9395
vn 0.1184 0.3007 -0.9463
vn 0.2184 0.3784 -0.8995
vn 0.2671 0.0882 -0.9596
vn 0.1832 0.1149 -0.9763
vn 0.0425 -0.1598 0.9862
vn 0.1113 -0.2248 0.9680
vn 0.0864 -0.3690 -0.9254
vn 0.1136 -0.2424 -0.9635
vn 0.0756 -0.3438 0.9360
vn 0.0178 -0.8604 -0.5093
vn -0.0379 -0.9839 -0.1744
vn -0.0301 -0.1463 0.9888
vn 0.1180 -0.1690 -0.9785
vn 0.2782 -0.2429 -0.9293
vn 0.2414 -0.2423 -0.9397
vn 0.1661 -0.1978 0.9661
vn 0.6284 -0.0766 -0.7741
vn 0.4427 -0.0606 0.8946
vn 0.5716 -0.0438 0.8193
vn 0.6692 -0.0841 -0.7383
vn 0.6300 -0.0760 0.7729
vn 0.6914 -0.2320 0.6842
vn 0.5946 -0.2138 -0.7751
vn 0.9061 -0.2674 -0.3277
vn 0.7852 -0.1164 0.6081
vn 0.7254 -0.2205 0.6520
vn 0.9198 -0.2420 0.3087
vn 0.7163 -0.1920 -0.6708
vn 0.7535 -0.2927 -0.5886
vn 0.8118 -0.2849 0.5098
vn 0.8717 0.4594 -0.1707
vn 0.8315 0.5205 -0.1941
vn 0.1928 0.4560 -0.8689
vn 0.3730 0.4293 0.8226
vn 0.1613 0.4271 0.8897
vn -0.1385 0.1746 -0.9748
vn 0.0384 -0.9778 -0.2059
vn -0.1285 -0.9567 -0.2611
vn 0.0467 -0.8974 -0.4388
vn -0.0384 -0.9385 0.3431
vn -0.4156 0.4755 -0.7754
vn -0.3804 0.5211 -0.7640
vn -0.3559 0.4348 -0.8272
vn 0.0833 -0.1953 -0.9772
vn 0.0687 -0.2936 -0.9534
vn -0.1347 -0.9879 0.0765
vn -0.2220 -0.8473 0.4825
vn -0.2503 -0.9246 -0.2872
vn -0.1889 -0.9738 -0.1265
vn -0.1565 -0.5331 0.8315
vn -0.0396 -0.3365 0.9409
vn -0.0760 -0.4041 -0.9115
vn -0.1505 -0.2205 0.9637
vn 0.2964 -0.1351 -0.9455
vn 0.0392 -0.1011 -0.9941
vn 0.1663 -0.1015 0.9808
vn 0.3033 -0.1543 0.9403
vn 0.2177 -0.1323 -0.9670
vn 0.4379 -0.0338 -0.8984
vn 0.4086 -0.0442 -0.9116
vn 0.5877 -0.0494 -0.8076
vn 0.6189 -0.1355 0.7737
vn 0.9488 -0.3117 -0.0509
vn 0.9515 -0.3069 0.0208
vn 0.8207 -0.1888 -0.5393
vn 0.9789 0.0569 0.1960
vn 0.9692 0.0474 -0.2416
vn 0.9627 0.2243 -0.1512
vn 0.9025 0.0155 -0.4304
vn 0.9824 0.0335 -0.1838
vn 0.9814 0.0501 0.1853
vn 0.8953 0.1051 0.4330
vn 0.8796 0.4505 0.1524
vn 0.9698 0.1876 -0.1557
vn 0.9091 0.4032 -0.1047
vn 0.9169 0.1557 0.3675
vn 0.2979 0.3211 -0.8990
vn 0.1669 0.4395 -0.8826
vn -0.0079 0.0650 0.9979
vn -0.1937 0.3138 0.9295
vn -0.1269 0.1992 -0.9717
vn 0.2538 0.3246 -0.9112
vn 0.1476 0.0048 -0.9890
vn -0.1841 0.0324 -0.9824
vn -0.0047 0.1955 0.9807
vn -0.1377 0.0423 0.9896
vn -0.2696 0.0460 0.9619
vn -0.2019 0.2775 -0.9393
vn -0.1534 0.2631 -0.9525
vn 0.0601 0.1085 -0.9923
vn -0.2761 0.0293 -0.9607
vn -0.1323 -0.9886 -0.0719
vn 0.0229 -0.9995 0.0194
vn -0.3546 -0.8406 0.4094
vn -0.0913 -0.9958 0.0078
vn -0.1233 -0.9921 -0.0225
vn 0.0234 -0.9997 -0.0101
vn -0.1845 -0.9740 0.1314
vn -0.4059 0.4911 -0.7708
vn -0.4106 0.4853 -0.7719
vn -0.4112 0.4817 -0.7739
vn -0.4085 0.5048 0.7605
vn 0.0710 0.1904 0.9791
vn 0.0742 -0.2103 0.9748
vn 0.0033 -0.1211 -0.9926
vn 0.0925 -0.1345 -0.9866
vn 0.0553 -0.3456 0.9367
vn -0.2384 -0.7311 -0.6393
vn -0.1252 -0.1526 -0.9803
vn -0.1355 -0.1214 0.9833
vn -0.0542 -0.2070 0.9768
vn 0.1931 -0.2418 0.9509
vn 0.0745 -0.2285 -0.9707
vn -0.0223 -0.1899 -0.9816
vn 0.2169 -0.0734 -0.9734
vn 0.3483 -0.0362 0.9367
vn 0.3936 0.0402 -0.9184
vn 0.3894 -0.0826 -0.9174
vn 0.4256 -0.1689 0.8890
vn 0.4666 -0.1995 0.8617
vn 0.8130 -0.2598 -0.5211
vn 0.8220 -0.1824 0.5396
vn 0.9521 0.2343 -0.1967
vn 0.9364 0.1689 0.3076
vn 0.9546 0.2179 0.2030
vn 0.9037 0.2898 0.3152
vn 0.9535 0.2900 0.0822
vn 0.8261 0.0723 0.5588
vn 0.7965 -0.0073 -0.6046
vn 0.7495 0.3248 -0.5769
vn 0.7857 0.1778 -0.5925
vn 0.7327 0.0014 0.6806
vn 0.5748 0.0240 -0.8179
vn 0.5067 -0.0250 0.8618
vn 0.3789 0.2104 -0.9012
vn 0.4612 0.0046 -0.8873
vn 0.1351 0.5141 -0.8470
vn -0.0425 0.4032 0.9141
vn -0.0348 0.3715 0.9278
vn -0.1645 0.3177 -0.9338
vn -0.1745 0.2378 0.9555
vn -0.2185 0.1144 0.9691
vn -0.3822 -0.0230 -0.9238
vn -0.4382 -0.4147 -0.7975
vn -0.2452 -0.9693 -0.0181
vn 0.0580 -0.9982 0.0130
vn -0.1609 -0.8100 0.5639
vn -0.5708 0.7481 0.3385
vn 0.1011 0.0187 -0.9947
vn -0.1114 -0.3225 0.9400
vn -0.4681 -0.8464 0.2540
vn -0.0641 -0.1063 0.9923
vn -0.1693 -0.1013 -0.9803
vn -0.2534 -0.1581 0.9544
vn -0.1228 -0.1972 -0.9727
vn 0.1730 -0.1059 0.9792
vn 0.3820 -0.0412 0.9232
vn -0.0198 -0.1740 -0.9845
vn 0.1212 -0.0760 0.9897
vn 0.2839 -0.2003 -0.9377
vn 0.3858 -0.1345 0.9127
vn 0.5465 -0.2212 -0.8077
vn 0.4902 -0.1956 0.8494
vn 0.4537 -0.2056 -0.8671
vn 0.9041 -0.1547 -0.3984
vn 0.6160 -0.1265 -0.7775
vn 0.9261 -0.1627 0.3403
vn 0.9763 -0.1136 0.1844
vn 0.9826 -0.1530 -0.1058
vn 0.7816 0.3346 -0.5265
vn 0.9367 0.3032 -0.1749
vn 0.9514 0.1953 -0.2379
vn 0.3888 0.2854 -0.8760
vn 0.7527 0.0494 -0.6565
vn 0.6260 0.2288 -0.7455
vn 0.8489 0.1524 -0.5060
vn 0.6373 0.2963 0.7114
vn 0.3708 -0.2169 -0.9031
vn -0.3410 -0.0277 -0.9396
vn -0.2878 0.2782 0.9164
vn -0.3779 -0.0380 0.9251
vn -0.4023 -0.1496 0.9032
vn -0.1784 -0.7842 -0.5943
vn -0.4443 -0.7796 -0.4413
vn -0.3850 0.4573 0.8016
vn -0.4063 0.5455 0.7330
vn -0.4863 0.5452 -0.6828
vn -0.3310 0.4769 0.8142
vn -0.2574 0.4534 -0.8533
vn -0.0584 0.4329 -0.8996
vn 0.0670 0.3576 -0.9315
vn 0.1219 0.3978 -0.9093
vn 0.1984 0.3809 -0.9031
vn 0.1358 0.0958 -0.9861
vn 0.0995 0.1544 -0.9830
vn -0.0431 -0.2559 -0.9657
vn -0.0518 -0.1782 0.9826
vn -0.4616 -0.8111 0.3593
vn -0.0531 -0.9980 0.0346
vn 0.0044 -0.9973 -0.0729
vn -0.2715 -0.9609 -0.0548
vn -0.4357 -0.7403 -0.5120
vn 0.1159 -0.0790 -0.9901
vn 0.1767 -0.1022 0.9789
vn 0.1941 -0.0759 -0.9780
vn 0.2128 0.0401 -0.9763
vn 0.1100 -0.0653 0.9918
vn 0.3707 -0.0093 0.9287
vn 0.1735 0.0384 0.9841
vn 0.2574 0.0278 -0.9659
vn 0.4485 -0.1141 -0.8865
vn 0.1147 -0.0572 -0.9918
vn 0.5634 -0.1527 -0.8120
vn 0.5868 -0.0924 0.8044
vn 0.4780 -0.0761 0.8751
vn 0.7459 -0.1622 0.6460
vn 0.7903 -0.0606 -0.6098
vn 0.9863 -0.1397 -0.0882
vn 0.9349 -0.0797 0.3459
vn 0.7265 -0.0619 0.6844
vn 0.9846 -0.0178 0.1737
vn 0.9884 -0.0336 -0.1479
vn 0.9377 0.0122 -0.3472
vn 0.9335 -0.0775 -0.3502
vn 0.9284 0.0377 0.3696
vn 0.7004 0.1966 0.6862
vn 0.7953 0.2125 0.5677
vn 0.7367 0.1765 -0.6528
vn 0.4649 0.3385 -0.8181
vn 0.5786 0.2034 0.7899
vn 0.7935 0.3476 0.4996
vn 0.3965 0.2679 0.8780
vn 0.5294 0.0349 -0.8477
vn 0.6244 0.0365 -0.7803
vn 0.2984 0.1391 0.9443
vn 0.4840 0.0003 0.8751
vn 0.2606 -0.1217 0.9578
vn 0.0594 -0.0651 0.9961
vn 0.4414 0.2052 0.8735
vn 0.0757 0.0532 0.9957
vn -0.1407 0.1003 0.9850
vn -0.0540 0.3814 0.9228
vn -0.3590 0.2542 0.8980
vn -0.2787 0.3950 -0.8754
vn -0.2388 0.1873 -0.9528
vn -0.5454 0.1417 -0.8261
vn -0.5367 0.1041 0.8373
vn -0.5330 0.0153 -0.8460
vn -0.4386 0.1328 -0.8888
vn -0.5762 -0.1584 0.8018
vn -0.6923 -0.4468 0.5667
vn -0.2234 -0.9089 0.3521
vn -0.4646 0.5683 0.6790
vn -0.4594 0.5146 0.7240
vn -0.5025 0.5708 0.6494
vn -0.3917 0.4953 0.7754
vn -0.1582 0.5031 -0.8496
vn 0.0907 0.4212 -0.9024
vn 0.1159 0.4271 0.8968
vn 0.0474 -0.0728 -0.9962
vn -0.0496 -0.1785 -0.9827
vn -0.4220 -0.6294 0.6525
vn -0.3074 -0.4390 -0.8443
vn -0.1986 -0.1741 -0.9645
vn -0.1363 -0.1215 -0.9832
vn -0.1089 -0.0254 -0.9937
vn -0.1394 -0.1394 0.9804
vn 0.0757 -0.0851 -0.9935
vn -0.1306 -0.0172 0.9913
vn 0.2090 0.0081 0.9779
vn 0.2454 -0.1500 0.9578
vn 0.1941 -0.1724 -0.9657
vn 0.5895 -0.0504 -0.8062
vn 0.8260 -0.0014 0.5636
vn 0.4871 -0.0705 0.8705
vn 0.8260 -0.0160 -0.5634
vn 0.4749 -0.0731 -0.8770
vn 0.6431 -0.0884 -0.7606
vn 0.6740 0.0244 0.7383
vn 0.7982 0.1613 0.5804
vn 0.5825 0.0325 0.8122
vn 0.4721 0.0459 -0.8803
vn 0.9582 0.1733 0.2275
vn 0.5502 0.1565 0.8202
vn 0.6034 0.1751 -0.7780
vn -0.0877 0.0623 -0.9942
vn -0.3335 0.2866 0.8981
vn -0.5074 0.0974 -0.8562
vn -0.2261 0.2925 -0.9291
vn -0.3453 -0.3403 -0.8746
vn -0.6625 -0.3904 0.6393
vn -0.4444 -0.1699 -0.8796
vn -0.6613 -0.2817 -0.6952
vn -0.3446 -0.9388 -0.0034
vn -0.4576 -0.8787 -0.1364
vn -0.5080 0.7062 0.4931
vn -0.3626 0.4963 0.7888
vn 0.0125 0.3877 -0.9217
vn 0.0586 0.3441 0.9371
vn -0.0029 0.1999 -0.9798
vn -0.0028 0.2307 -0.9730
vn 0.0281 -0.0868 0.9958
vn 0.1018 0.0163 0.9947
vn -0.1609 -0.3798 -0.9110
vn -0.1409 -0.3674 0.9193
vn -0.4027 -0.1113 -0.9085
vn -0.3078 -0.2190 -0.9259
vn -0.3888 -0.8955 0.2166
vn -0.2146 -0.9681 -0.1297
vn -0.1182 -0.9727 -0.1999
vn -0.0418 -0.9639 0.2630
vn 0.0006 -0.9621 0.2728
vn -0.3677 -0.9255 -0.0912
vn -0.0489 -0.0442 0.9978
vn -0.1782 -0.0217 0.9838
vn -0.0042 -0.0209 -0.9998
vn -0.3178 -0.1469 -0.9367
vn 0.0396 0.0145 -0.9991
vn -0.0294 0.1047 0.9941
vn -0.0449 -0.1008 -0.9939
vn -0.0668 -0.0325 -0.9972
vn 0.1175 -0.1344 0.9839
vn 0.2105 -0.1376 -0.9679
vn 0.2441 -0.1451 -0.9588
vn 0.5825 -0.1030 -0.8063
vn 0.3644 -0.0215 -0.9310
vn 0.2125 -0.0329 -0.9766
vn 0.3853 -0.0938 -0.9180
vn 0.2642 -0.0967 0.9596
vn 0.5798 -0.0110 -0.8147
vn 0.7880 0.0407 -0.6143
vn 0.3148 0.1449 0.9380
vn 0.4298 0.1128 -0.8959
vn 0.3432 0.2249 0.9119
vn 0.2050 0.2573 -0.9443
vn 0.3764 0.2163 -0.9008
vn -0.0800 0.0554 0.9953
vn 0.1144 -0.2783 0.9537
vn 0.3428 0.0397 0.9386
vn 0.0570 -0.2319 0.9711
vn 0.0315 -0.2083 0.9776
vn -0.2468 -0.3170 0.9157
vn -0.3710 -0.1281 -0.9198
vn -0.5772 0.1567 0.8014
vn -0.6292 -0.2345 0.7410
vn -0.7396 -0.1143 -0.6632
vn -0.6748 -0.4624 -0.5751
vn -0.4958 0.0976 0.8629
vn -0.6743 -0.0453 0.7371
vn -0.6701 -0.0032 0.7423
vn -0.7130 -0.6557 0.2483
vn -0.7434 -0.6129 -0.2677
vn -0.4484 0.5851 -0.6757
vn -0.5191 0.7338 -0.4383
vn -0.0222 0.2054 0.9784
vn 0.0794 0.1610 0.9838
vn 0.0034 0.1490 -0.9888
vn -0.1849 -0.1973 -0.9628
vn -0.3870 -0.1145 -0.9149
vn -0.2943 -0.1296 0.9469
vn -0.3932 -0.0964 0.9144
vn -0.3044 -0.0024 -0.9525
vn -0.0557 -0.0306 0.9980
vn -0.0168 -0.1192 -0.9927
vn -0.1739 -0.0548 0.9832
vn 0.0390 -0.1011 -0.9941
vn -0.0036 -0.0593 -0.9982
vn 0.0575 -0.1007 0.9933
vn 0.0834 -0.1045 -0.9910
vn 0.4252 -0.0232 0.9048
vn 0.5678 -0.0574 0.8212
vn 0.2178 0.1644 -0.9621
vn 0.1162 0.0101 -0.9932
vn 0.2590 -0.0038 -0.9659
vn -0.1097 0.0417 -0.9931
vn 0.0555 0.1874 -0.9807
vn 0.0557 -0.1481 -0.9874
vn 0.0936 -0.2860 0.9536
vn 0.0589 -0.2395 -0.9691
vn 0.0834 -0.2843 -0.9551
vn -0.2519 -0.3409 -0.9057
vn -0.5157 -0.0148 0.8567
vn -0.7253 -0.3872 -0.5692
vn -0.6549 -0.2274 -0.7207
vn -0.4365 -0.8883 -0.1431
vn -0.8119 -0.5472 -0.2034
vn -0.7873 -0.6164 0.0160
vn -0.4467 -0.8930 -0.0557
vn -0.4170 0.5168 -0.7477
vn -0.1278 0.4522 -0.8827
vn -0.0269 0.4249 0.9048
vn -0.1043 0.4307 0.8964
vn 0.0504 0.3735 0.9263
vn -0.0047 0.4475 0.8942
vn 0.1208 0.4113 0.9035
vn 0.0214 0.3572 -0.9338
vn -0.0091 0.2394 0.9709
vn 0.0049 0.0358 0.9993
vn 0.1314 0.1000 0.9863
vn -0.0733 -0.2527 -0.9648
vn -0.3287 -0.3892 -0.8605
vn -0.1339 -0.3217 -0.9373
vn 0.0722 -0.9745 -0.2125
vn 0.0819 -0.9966 -0.0013
vn 0.0783 -0.9785 0.1906
vn -0.3552 -0.5921 -0.7233
vn -0.3860 -0.8227 -0.4173
vn -0.4986 -0.2480 0.8306
vn -0.5138 -0.0967 0.8524
vn -0.1798 -0.2775 -0.9437
vn -0.3351 -0.2036 -0.9199
vn -0.2345 -0.0119 -0.9721
vn -0.0316 -0.0752 0.9967
vn -0.3569 -0.1465 0.9226
vn -0.4190 0.0010 0.9080
vn -0.0678 -0.1648 0.9840
vn -0.1686 -0.0737 -0.9829
vn -0.0093 -0.1454 0.9893
vn 0.0194 -0.1590 -0.9871
vn 0.0576 0.0297 0.9979
vn 0.0952 -0.0355 0.9948
vn 0.0904 -0.0132 0.9958
vn 0.1971 0.0364 0.9797
vn 0.1430 0.0814 -0.9864
vn 0.3236 0.0935 -0.9416
vn -0.0609 0.1672 0.9840
vn 0.0843 0.2053 0.9751
vn -0.0461 0.0363 0.9983
vn 0.1068 -0.1006 -0.9892
vn -0.1768 -0.2461 -0.9530
vn -0.7909 0.1489 0.5936
vn -0.7658 0.0436 0.6415
vn -0.8386 -0.0491 -0.5425
vn -0.8709 -0.4280 -0.2415
vn -0.8581 -0.4150 0.3022
vn -0.8512 -0.5037 0.1473
vn -0.8984 -0.3931 0.1957
vn -0.6334 -0.6802 0.3690
vn -0.0125 0.0365 -0.9993
vn -0.1698 -0.2353 -0.9570
vn -0.2953 -0.4290 0.8537
vn -0.3807 -0.6481 0.6596
vn -0.1893 -0.2289 0.9549
vn -0.4663 -0.4936 0.7341
vn -0.1190 -0.0249 -0.9926
vn -0.2446 -0.1864 0.9515
vn -0.4180 -0.1542 0.8952
vn -0.4894 -0.1577 -0.8577
vn -0.2650 -0.1834 -0.9467
vn -0.0701 0.0275 0.9972
vn -0.0277 -0.1164 -0.9928
vn -0.0077 0.0303 -0.9995
vn -0.2616 -0.0501 -0.9639
vn 0.1120 -0.1538 0.9817
vn -0.2692 -0.0950 0.9584
vn -0.0155 0.0138 -0.9998
vn -0.1085 0.0259 0.9938
vn 0.0022 -0.0812 0.9967
vn 0.3321 0.0806 0.9398
vn 0.0491 0.0237 0.9985
vn 0.0592 0.0577 -0.9966
vn -0.0701 0.1616 -0.9844
vn 0.3409 -0.0174 -0.9400
vn -0.0468 -0.0996 -0.9939
vn 0.0792 0.1284 -0.9886
vn -0.2014 -0.2459 -0.9482
vn -0.5005 -0.5630 0.6577
vn -0.8767 0.0657 -0.4766
vn -0.7516 -0.2340 -0.6168
vn -0.6540 0.1947 -0.7310
vn -0.7725 -0.3384 0.5373
vn -0.9027 -0.0515 0.4271
vn -0.8661 -0.4451 -0.2273
vn -0.9767 -0.0559 -0.2072
vn -0.9550 -0.0729 0.2874
vn -0.8257 -0.2815 0.4888
vn -0.8572 -0.3070 0.4135
vn -0.9430 -0.3237 0.0777
vn -0.8218 -0.5122 0.2496
vn -0.8226 -0.5268 -0.2141
vn -0.8947 -0.4415 0.0678
vn -0.8635 -0.3248 -0.3859
vn -0.3557 0.5124 -0.7816
vn -0.3766 0.4873 -0.7878
vn -0.0282 0.1343 0.9905
vn -0.0440 -0.0863 -0.9953
vn -0.0868 -0.1862 0.9787
vn -0.2681 -0.1748 0.9474
vn -0.1517 -0.2372 0.9595
vn -0.1208 -0.2088 0.9705
vn -0.2825 -0.4268 0.8591
vn -0.3070 -0.3407 0.8886
vn -0.1595 -0.9872 0.0010
vn -0.1955 -0.9515 -0.2374
vn -0.6085 -0.2004 0.7678
vn -0.3868 -0.2025 0.8997
vn -0.7149 -0.0787 0.6948
vn -0.7276 -0.0683 -0.6826
vn -0.5726 -0.1652 -0.8030
vn -0.6613 -0.0723 -0.7467
vn -0.5849 -0.0829 0.8069
vn -0.2169 0.0340 -0.9756
vn -0.2000 0.0208 0.9796
vn -0.1888 -0.1003 -0.9769
vn -0.5306 -0.0508 -0.8461
vn -0.2464 -0.0324 -0.9686
vn -0.4851 0.0446 -0.8733
vn -0.4659 -0.0601 -0.8828
vn -0.3445 -0.1107 0.9322
vn -0.3841 0.0402 0.9224
vn -0.4305 0.0220 -0.9023
vn -0.3171 0.0225 0.9481
vn -0.0967 -0.0537 -0.9939
vn -0.0072 -0.0366 -0.9993
vn -0.0670 0.1988 -0.9777
vn -0.0722 0.1588 -0.9847
vn 0.0777 0.2407 0.9675
vn 0.0469 0.1362 0.9896
vn -0.5284 -0.1044 -0.8425
vn -0.4512 -0.4303 -0.7819
vn -0.9696 0.0163 0.2440
vn -0.7805 -0.1915 0.5951
vn -0.9894 -0.0997 -0.1055
vn -0.9780 -0.0873 -0.1893
vn -0.8319 -0.0111 -0.5548
vn -0.9853 -0.1448 -0.0905
vn -0.5839 0.7035 0.4050
vn -0.5179 0.6170 0.5925
vn -0.3129 0.5457 0.7774
vn -0.2458 0.5433 0.8028
vn -0.2211 0.5046 0.8345
vn -0.1932 0.4826 0.8543
vn -0.1690 0.4975 0.8509
vn -0.0373 0.4565 -0.8889
vn -0.0795 0.2880 -0.9543
vn -0.0790 0.2851 0.9553
vn -0.7633 -0.0723 -0.6419
vn -0.3623 -0.0948 0.9272
vn -0.3261 -0.0145 0.9452
vn -0.5134 -0.0344 0.8574
vn -0.4446 -0.0783 -0.8923
vn -0.1864 -0.1606 -0.9693
vn -0.2582 -0.1575 -0.9532
vn -0.3085 -0.0459 0.9501
vn -0.2757 0.0307 -0.9608
vn -0.0865 -0.0535 0.9948
vn -0.0255 -0.0007 0.9997
vn -0.2912 0.0286 0.9562
vn -0.2582 0.0655 0.9639
vn -0.1136 0.0548 -0.9920
vn -0.2762 0.1504 0.9492
vn -0.1362 0.1322 0.9818
vn -0.2279 0.1627 -0.9600
vn -0.7650 -0.4607 0.4501
vn -0.4849 -0.5455 -0.6836
vn -0.6935 -0.1925 -0.6942
vn -0.6318 -0.5302 0.5654
vn -0.7443 -0.6671 0.0326
vn -0.9305 -0.2876 0.2269
vn -0.8212 -0.5661 -0.0721
vn -0.8901 -0.3732 -0.2618
vn -0.5528 0.5541 0.6224
vn -0.3756 0.5773 0.7250
vn -0.0189 0.4443 -0.8957
vn -0.0260 0.4312 0.9019
vn -0.0624 0.2467 0.9671
vn -0.0302 0.2137 0.9764
vn 0.0334 0.1631 0.9861
vn -0.0378 0.2102 -0.9769
vn -0.3758 -0.5083 -0.7749
vn -0.6159 -0.4655 0.6356
vn -0.6850 -0.2440 -0.6865
vn -0.7084 -0.3762 -0.5972
vn 0.0832 -0.9269 0.3659
vn -0.4269 0.0266 -0.9039
vn -0.4595 -0.0872 -0.8839
vn -0.3635 -0.0060 -0.9316
vn -0.7155 -0.1167 -0.6888
vn -0.6756 -0.0733 -0.7337
vn -0.6462 -0.1794 0.7417
vn -0.5664 -0.1368 0.8127
vn -0.7267 -0.1112 0.6778
vn -0.6790 -0.1053 -0.7266
vn -0.5738 -0.0501 0.8175
vn -0.6109 0.0804 0.7876
vn -0.3566 0.0407 -0.9334
vn -0.4298 0.0892 -0.8985
vn -0.0810 0.1159 -0.9900
vn -0.5868 -0.0969 0.8039
vn -0.2171 -0.1908 0.9573
vn -0.3177 -0.1224 0.9403
vn -0.5750 -0.0152 0.8180
vn -0.3191 -0.0450 -0.9467
vn -0.3883 0.1008 -0.9160
vn -0.4663 0.0467 -0.8834
vn -0.3251 0.1202 -0.9380
vn -0.0174 0.0998 0.9949
vn -0.1247 0.0549 0.9907
vn -0.3602 -0.0145 0.9328
vn -0.1590 0.0850 -0.9836
vn -0.0278 -0.1510 0.9881
vn -0.1825 -0.1975 0.9632
vn -0.3560 -0.0122 -0.9344
vn -0.2908 -0.4176 -0.8608
vn -0.2750 -0.4494 0.8500
vn -0.5464 -0.5544 -0.6278
vn -0.6666 -0.5853 -0.4616
vn -0.8707 -0.3991 -0.2874
vn -0.6216 0.7794 0.0781
vn -0.6722 0.6746 0.3051
vn -0.4457 0.4842 -0.7530
vn -0.5028 0.4573 -0.7336
vn -0.4401 0.4919 0.7512
vn -0.1977 0.5390 0.8188
vn -0.2202 0.5143 -0.8289
vn -0.1801 0.5210 -0.8343
vn -0.0781 0.2596 -0.9625
vn -0.0705 0.0596 -0.9957
vn -0.0526 -0.2823 0.9579
vn -0.1664 -0.3637 0.9165
vn -0.4990 -0.4407 -0.7461
vn -0.3395 -0.4595 -0.8208
vn -0.1848 -0.9779 0.0983
vn 0.0126 -0.9122 0.4096
vn -0.5894 -0.4191 -0.6906
vn -0.4306 -0.7479 -0.5052
vn -0.3797 0.0063 0.9251
vn -0.6282 -0.2345 0.7419
vn -0.4872 0.0565 0.8715
vn -0.8101 -0.0500 0.5842
vn -0.7120 -0.0627 0.6994
vn -0.7663 -0.0599 0.6397
vn -0.3641 -0.0118 0.9313
vn -0.4914 0.0589 -0.8689
vn -0.5912 0.0056 -0.8065
vn -0.7593 -0.0075 0.6507
vn -0.6902 0.0689 -0.7203
vn -0.6366 -0.0755 -0.7675
vn -0.4846 -0.0972 -0.8693
vn -0.4116 -0.0702 -0.9087
vn -0.3722 -0.0882 0.9240
vn -0.3968 -0.0888 -0.9136
vn -0.6398 0.0207 -0.7683
vn -0.5805 0.0572 0.8123
vn -0.0618 0.0716 0.9955
vn -0.4955 0.1171 0.8607
vn -0.4752 0.0963 -0.8746
vn -0.3905 0.1440 0.9093
vn -0.4050 0.1357 -0.9042
vn -0.4856 -0.1000 0.8685
vn -0.5933 -0.2138 -0.7761
vn -0.5874 -0.2161 0.7799
vn -0.4190 -0.4611 0.7822
vn -0.3899 -0.4696 -0.7921
vn -0.4035 -0.6723 0.6206
vn -0.5873 -0.5168 -0.6229
vn -0.6250 -0.6306 0.4601
vn -0.3625 -0.5149 0.7768
vn -0.5113 0.5518 -0.6588
vn -0.4346 0.5762 -0.6922
vn -0.1171 0.2434 0.9628
vn -0.0753 -0.0346 0.9966
vn -0.1682 -0.1282 0.9774
vn -0.1482 -0.1607 -0.9758
vn -0.3511 -0.2812 0.8931
vn -0.4746 -0.4959 0.7273
vn -0.4105 -0.5698 0.7119
vn -0.6967 0.0413 0.7161
vn -0.7187 0.0034 -0.6953
vn -0.5471 -0.1774 -0.8181
vn -0.8568 -0.0765 0.5099
vn -0.8508 -0.0340 0.5244
vn -0.8376 -0.0355 -0.5451
vn -0.8349 -0.0573 -0.5474
vn -0.6258 -0.0437 0.7788
vn -0.7861 -0.1117 -0.6080
vn -0.6166 -0.0516 -0.7856
vn -0.3679 0.0909 0.9254
vn -0.6489 0.0230 0.7605
vn -0.6668 0.0962 0.7390
vn -0.7184 0.1044 -0.6878
vn -0.7661 0.0710 0.6387
vn -0.6089 0.0239 -0.7929
vn -0.6938 -0.0337 0.7194
vn -0.3290 0.0089 0.9443
vn -0.1082 0.0856 -0.9904
vn -0.3665 0.0288 -0.9300
vn -0.0176 -0.0189 -0.9997
vn -0.3408 0.0916 0.9357
vn -0.5510 0.1600 -0.8190
vn -0.5952 0.1028 -0.7970
vn -0.4360 -0.6487 0.6238
vn -0.6476 -0.6905 -0.3222
vn -0.3828 0.5460 -0.7452
vn -0.4613 0.5364 0.7067
vn -0.2882 0.5225 -0.8024
vn -0.3158 0.6052 -0.7307
vn -0.1215 0.4851 -0.8660
vn -0.1938 0.5093 -0.8385
vn -0.1353 -0.0267 -0.9904
vn -0.2995 -0.3089 -0.9027
vn -0.1954 -0.3914 -0.8992
vn -0.2888 -0.2236 0.9309
vn -0.5427 -0.5552 -0.6303
vn -0.2867 -0.8717 0.3974
vn -0.5360 -0.7813 0.3199
vn -0.2241 -0.9741 -0.0303
vn -0.8173 -0.1708 -0.5504
vn -0.8146 -0.2134 -0.5393
vn -0.8069 -0.1512 0.5710
vn -0.6943 0.0418 0.7185
vn -0.8430 -0.1000 -0.5286
vn -0.7844 -0.0498 -0.6182
vn -0.8411 -0.1032 0.5309
vn -0.9362 -0.0774 0.3428
vn -0.8902 -0.1076 -0.4426
vn -0.7979 -0.0771 -0.5979
vn -0.9321 -0.0655 0.3561
vn -0.9371 -0.0752 -0.3408
vn -0.7259 0.0360 -0.6869
vn -0.9254 0.0956 -0.3666
vn -0.8584 -0.0488 -0.5106
vn -0.9904 0.0082 -0.1379
vn -0.9207 0.0909 0.3795
vn -0.9966 0.0231 0.0794
vn -0.9382 0.0155 0.3457
vn -0.9952 0.0911 0.0348
vn -0.8894 0.1193 0.4413
vn -0.8863 0.1200 -0.4472
vn -0.8146 -0.0747 0.5752
vn -0.8612 -0.0537 0.5054
vn -0.6071 -0.0915 0.7894
vn -0.7295 -0.1030 -0.6762
vn -0.6182 0.0609 0.7837
vn -0.8378 -0.0055 0.5460
vn -0.7989 0.0743 0.5968
vn -0.6356 0.0069 0.7720
vn -0.7580 0.0766 -0.6477
vn -0.5878 0.0785 0.8052
vn -0.6102 0.1207 0.7830
vn -0.5153 -0.0202 -0.8567
vn -0.5917 -0.5060 -0.6276
vn -0.6278 -0.7203 0.2951
vn -0.6827 -0.7276 0.0674
vn -0.7052 -0.7076 -0.0453
vn -0.5803 0.7570 0.3002
vn -0.4063 0.3774 0.8321
vn -0.2137 0.5618 -0.7992
vn -0.1958 0.5434 0.8163
vn -0.1970 0.5159 0.8337
vn -0.1624 0.4484 0.8790
vn -0.1056 0.1593 0.9816
vn -0.1311 0.0829 0.9879
vn -0.0668 0.0565 0.9962
vn -0.1567 0.0043 0.9876
vn -0.5804 -0.7919 -0.1901
vn -0.7639 -0.5456 0.3446
vn -0.8442 -0.3738 0.3842
vn -0.7807 -0.4785 -0.4018
vn -0.6877 -0.4528 0.5675
vn -0.5620 -0.6476 -0.5146
vn -0.8241 -0.4754 -0.3080
vn -0.7045 -0.2426 0.6670
vn -0.9492 -0.1131 -0.2937
vn -0.8908 -0.3407 -0.3006
vn -0.9177 -0.1931 0.3472
vn 0.0648 -0.9494 0.3074
vn 0.0692 -0.9902 0.1211
vn -0.8395 -0.2269 0.4937
vn -0.9367 -0.2766 0.2147
vn -0.9290 -0.0058 -0.3701
vn -0.9160 0.0515 0.3979
vn -0.8660 0.0462 0.4980
vn -0.7494 0.0523 -0.6601
vn -0.9763 -0.0728 0.2036
vn -0.8241 -0.0855 0.5600
vn -0.9679 -0.0966 0.2322
vn -0.9532 -0.1047 0.2837
vn -0.9911 -0.1326 -0.0136
vn -0.8405 0.0754 -0.5365
vn -0.9693 0.0748 -0.2343
vn -0.9912 0.0479 0.1235
vn -0.9544 0.0543 -0.2937
vn -0.9044 0.0665 0.4215
vn -0.5997 0.0303 0.7996
vn -0.8648 0.0603 0.4985
vn -0.8515 -0.0503 0.5219
vn -0.8518 -0.0261 -0.5231
vn -0.7554 -0.0832 0.6499
vn -0.9977 -0.0321 0.0595
vn -0.9254 0.0610 0.3741
vn -0.8972 0.0952 -0.4312
vn -0.8558 0.0206 -0.5169
vn -0.7853 0.0547 0.6167
vn -0.7464 0.0636 0.6625
vn -0.8815 0.0838 0.4647
vn -0.6434 0.1012 0.7588
vn -0.6926 0.0489 -0.7196
vn -0.7304 0.1158 -0.6731
vn -0.5607 0.0924 0.8229
vn -0.7316 0.1573 0.6634
vn -0.6001 -0.5093 0.6169
vn -0.7719 -0.2269 0.5939
vn -0.3088 0.7085 0.6346
vn -0.2288 0.6220 0.7489
vn -0.1486 0.3853 -0.9107
vn -0.0932 0.5180 -0.8503
vn -0.1510 0.3789 0.9130
vn -0.1467 0.1226 -0.9816
vn -0.0748 0.1716 -0.9823
vn -0.2998 -0.2715 -0.9146
vn -0.2592 -0.3239 0.9099
vn -0.2354 -0.4040 0.8839
vn -0.4016 -0.3131 -0.8606
vn -0.3023 -0.2277 -0.9256
vn -0.5990 -0.5929 0.5382
vn 0.0667 -0.9218 -0.3818
vn 0.0765 -0.8695 -0.4880
vn -0.0505 -0.9752 -0.2155
vn -0.8924 -0.4178 0.1704
vn 0.0817 -0.8895 -0.4495
vn -0.9801 -0.1972 0.0237
vn -0.8714 -0.4285 0.2389
vn -0.9458 -0.3248 0.0011
vn -0.9646 -0.1883 -0.1847
vn 0.0682 -0.9925 -0.1013
vn 0.0658 -0.9520 -0.2990
vn -0.9995 0.0311 -0.0079
vn -0.9969 0.0463 -0.0631
vn -0.9615 -0.0223 0.2738
vn -0.9943 0.0282 0.1032
vn -0.9370 0.0454 -0.3463
vn -0.9938 -0.0992 -0.0499
vn -0.9869 -0.1113 -0.1172
vn -0.9952 0.0917 -0.0352
vn -0.9890 0.0835 0.1220
vn -0.8138 -0.0475 -0.5793
vn -0.9564 -0.0540 -0.2869
vn -0.8194 -0.0906 -0.5660
vn -0.9565 -0.0431 -0.2885
vn -0.9955 -0.0749 0.0586
vn -0.9898 -0.0786 0.1191
vn -0.9898 -0.0184 -0.1410
vn -0.9953 0.0551 -0.0801
vn -0.9296 0.0157 0.3681
vn -0.9733 0.0839 0.2137
vn -0.9954 0.0760 -0.0589
vn -0.8925 0.0679 -0.4460
vn -0.9878 0.1004 0.1188
vn -0.8812 0.0903 -0.4640
vn -0.8551 0.0698 -0.5137
vn -0.7711 0.1046 0.6281
vn -0.8419 0.0886 0.5323
vn -0.6601 0.0813 -0.7468
vn -0.7620 0.1453 -0.6311
vn -0.7896 0.0284 0.6130
vn -0.8709 -0.0120 -0.4913
vn -0.6000 0.1357 -0.7884
vn -0.8508 -0.0335 0.5245
vn -0.7273 -0.2728 -0.6297
vn -0.8463 0.0103 -0.5327
vn -0.8384 -0.4573 0.2966
vn -0.8490 -0.2703 -0.4541
vn -0.8789 -0.4663 -0.1004
vn -0.7617 -0.6434 0.0763
vn -0.8946 -0.3577 0.2678
vn -0.6967 0.7147 0.0617
vn -0.6295 0.6872 0.3626
vn -0.5372 0.6551 -0.5313
vn -0.4504 0.4983 -0.7408
vn -0.5030 0.4994 -0.7054
vn -0.4796 0.6539 -0.5852
vn -0.4767 0.3875 0.7890
vn -0.4276 0.6638 0.6136
vn -0.3686 0.7565 -0.5403
vn -0.1361 0.5134 0.8473
vn -0.0368 0.5209 0.8528
vn -0.0888 0.5176 0.8510
vn -0.1506 0.3077 -0.9395
vn -0.1668 0.0483 -0.9848
vn -0.2874 -0.4183 -0.8616
vn -0.3641 -0.4215 0.8306
vn -0.4160 -0.4681 0.7796
vn -0.8145 -0.5457 -0.1968
vn -0.8155 -0.5487 0.1839
vn -0.8783 -0.4559 0.1442
vn -0.8042 -0.5944 0.0018
vn -0.9499 0.0988 0.2964
vn -0.9892 0.1001 -0.1071
vn -0.9561 0.0956 -0.2771
vn -0.9299 0.1125 -0.3503
vn -0.9548 0.0466 -0.2936
vn -0.9119 -0.1627 0.3767
vn -0.7273 0.6853 0.0385
vn -0.1139 0.5353 -0.8369
vn -0.2735 -0.1329 -0.9526
vn -0.4154 -0.4577 -0.7861
vn -0.4057 -0.3407 -0.8482
vn -0.4303 -0.3444 0.8344
vn -0.8560 -0.5002 -0.1306
vn -0.7833 -0.5895 -0.1972
vn 0.0677 -0.8760 -0.4776
vn -0.3093 -0.9354 -0.1713
vn -0.3864 -0.9121 0.1371
vn -0.9776 0.0283 0.2085
vn -0.9558 0.0929 0.2789
vn -0.9916 -0.1122 -0.0640
vn -0.9918 -0.1020 0.0773
vn -0.9275 -0.2200 -0.3023
vn -0.5598 0.4505 -0.6955
vn -0.1669 0.5158 0.8403
vn -0.2584 -0.0508 0.9647
vn -0.2539 -0.0276 -0.9668
vn -0.6907 -0.5509 -0.4684
vn -0.5176 -0.4730 -0.7130
vn -0.7148 -0.6199 -0.3237
vn -0.6504 -0.7022 -0.2897
vn -0.6330 -0.6720 -0.3844
vn -0.7559 -0.5876 0.2885
vn -0.6057 -0.7838 0.1373
vn -0.5331 0.7997 0.2763
vn -0.3002 0.8145 0.4965
vn -0.1881 0.1769 -0.9661
vn -0.3241 -0.2016 0.9243
vn -0.4975 -0.3568 0.7907
vn -0.6806 -0.4957 0.5395
vn -0.7401 -0.5900 0.3228
vn -0.5709 -0.7169 0.4001
vn -0.7761 -0.5996 0.1954
vn -0.5924 -0.7298 0.3413
vn -0.7842 0.6195 0.0354
vn -0.5470 0.8030 -0.2366
vn -0.1791 0.6337 0.7525
vn -0.1808 0.5591 0.8091
vn -0.2040 0.5643 0.8000
vn -0.1433 0.3746 -0.9160
vn -0.1956 0.1800 0.9640
vn -0.6242 -0.4494 0.6391
vn -0.5768 -0.7118 -0.4008
vn -0.3365 -0.8565 0.3913
vn -0.0270 -0.9145 0.4037
vn -0.2646 0.8165 -0.5132
vn -0.3465 0.9125 -0.2176
vn -0.1062 0.4662 -0.8783
vn -0.1635 0.2985 0.9403
vn -0.1286 0.3000 0.9452
vn -0.1723 0.3193 0.9319
vn -0.2474 0.0791 -0.9657
vn -0.2293 0.0769 0.9703
vn -0.6281 -0.4481 -0.6362
vn -0.6927 -0.6850 -0.2256
vn -0.7716 -0.6050 -0.1964
vn -0.6893 -0.5834 0.4296
vn -0.2010 -0.9052 -0.3745
vn -0.3469 0.9085 0.2330
vn -0.2286 0.7288 0.6455
vn -0.1751 0.5443 -0.8204
vn -0.1975 0.5412 -0.8174
vn -0.0843 0.5363 -0.8398
vn -0.1426 0.3518 0.9252
vn -0.1203 0.3223 -0.9390
vn -0.4192 -0.4123 -0.8089
vn -0.5729 -0.6132 -0.5439
vn -0.6838 -0.6593 -0.3128
vn -0.1629 -0.7865 0.5957
vn -0.0655 -0.8866 0.4580
vn -0.2675 0.8169 -0.5110
vn -0.2373 0.6990 -0.6746
vn -0.2103 0.6113 -0.7630
vn -0.1733 0.6271 -0.7594
vn -0.2105 0.5961 0.7748
vn -0.1560 0.5552 0.8170
vn -0.1722 0.5475 0.8189
vn -0.1201 0.5270 0.8413
vn -0.1232 0.2412 -0.9626
vn -0.1782 0.2670 -0.9471
vn -0.1142 0.1547 -0.9813
vn -0.2103 0.0174 0.9775
vn -0.3227 -0.2153 -0.9217
vn -0.3759 -0.5745 0.7270
vn 0.1113 -0.8269 0.5513
vn 0.1080 -0.8207 -0.5610
vn -0.7038 -0.6239 -0.3397
vn -0.7099 -0.6205 -0.3331
vn -0.7110 -0.6142 -0.3425
vn -0.0105 -0.9991 0.0414
vn -0.3186 0.9373 0.1410
vn -0.1607 0.5516 -0.8185
vn -0.1224 0.5385 -0.8337
vn -0.0815 0.5267 0.8461
vn -0.0955 0.4496 0.8881
vn -0.1246 0.2613 0.9572
vn -0.1670 0.1522 0.9741
vn -0.1512 0.0314 -0.9880
vn -0.2219 -0.0799 -0.9718
vn -0.2764 -0.1255 0.9528
vn -0.3385 -0.3038 0.8906
vn -0.3172 -0.4559 0.8316
vn -0.3616 -0.5741 -0.7346
vn -0.2139 -0.4492 -0.8674
vn -0.4264 -0.7611 0.4888
vn -0.1123 -0.7164 0.6886
vn -0.0461 -0.7822 0.6213
vn 0.0912 -0.8680 -0.4882
vn 0.0284 -0.9274 -0.3730
vn -0.0134 -0.9740 0.2263
vn -0.0037 -0.9848 -0.1737
vn -0.1780 0.5635 -0.8067
vn -0.2061 0.6068 -0.7677
vn -0.1334 -0.7172 -0.6840
vn -0.2452 0.6942 -0.6767
vn -0.1789 0.5662 -0.8046
vn -0.1606 0.5083 -0.8461
vn -0.1322 0.5693 -0.8114
vn -0.0191 0.2945 0.9555
vn -0.0143 0.2924 -0.9562
vn -0.0148 -0.1184 0.9929
vn -0.0302 -0.1796 -0.9833
vn -0.0964 -0.2604 0.9607
vn -0.0150 -0.4544 0.8907
vn 0.0612 -0.5992 0.7982
vn 0.1580 -0.6808 0.7152
vn 0.1437 -0.7484 -0.6475
vn 0.1278 -0.6773 -0.7246
vn 0.0661 -0.8958 0.4395
vn -0.0181 -0.9560 0.2927
vn -0.0122 0.3885 0.9214
vn -0.0192 0.4053 -0.9140
vn 0.0582 0.1331 0.9894
vn -0.0214 0.0102 0.9997
vn 0.0354 -0.0701 -0.9969
vn -0.2833 0.8565 0.4314
vn -0.2877 0.7309 0.6189
vn 0.0587 0.2274 -0.9720
vn 0.0738 0.2157 0.9737
vn 0.1026 0.0430 -0.9938
vn 0.0222 -0.5718 -0.8201
vn 0.1558 -0.4212 -0.8935
vn 0.0033 -0.9284 0.3716
vn -0.1752 0.5935 0.7855
vn 0.1241 0.1076 -0.9864
vn 0.0846 0.1985 -0.9764
vn 0.1263 -0.0209 0.9918
vn 0.1438 0.0608 0.9877
vn 0.1683 -0.2894 -0.9423
vn 0.0327 -0.3077 -0.9509
vn 0.1772 -0.5756 -0.7983
vn -0.0327 -0.9714 -0.2351
vn -0.3500 0.8450 -0.4044
vn -0.3054 0.9319 -0.1957
vn -0.4100 0.8996 -0.1507
vn -0.3861 0.9171 0.0992
vn -0.3506 0.8522 0.3883
vn -0.1811 0.5958 -0.7825
vn 0.0669 0.3418 0.9374
vn 0.0941 0.2785 0.9558
vn 0.1592 0.2144 0.9637
vn 0.1686 -0.1625 -0.9722
vn 0.1716 -0.7647 -0.6212
vn 0.1695 -0.7609 0.6263
vn -0.2990 0.6423 0.7057
vn -0.0944 0.5619 -0.8218
vn 0.0644 0.3285 -0.9423
vn 0.0875 0.2948 -0.9515
vn -0.3836 0.7560 -0.5304
vn -0.3058 0.6518 -0.6940
vn -0.1317 0.5774 0.8058
vn -0.0286 0.5794 -0.8145
vn -0.0195 0.5101 -0.8599
vn 0.0065 0.4577 0.8891
vn 0.1808 -0.0983 0.9786
vn 0.1278 -0.2436 0.9614
vn 0.2055 -0.5910 -0.7801
vn 0.1909 -0.5888 0.7854
vn 0.1334 -0.8412 0.5240
vn -0.0638 -0.9865 -0.1510
vn -0.0614 -0.9978 0.0269
vn -0.2634 0.6065 -0.7502
vn -0.0211 0.5780 0.8158
vn -0.0140 0.5245 0.8513
vn 0.1478 -0.7652 -0.6266
vn 0.1251 -0.8471 -0.5166
vn -0.2387 0.6054 0.7593
vn -0.1005 0.5747 0.8122
vn -0.0455 0.6291 0.7760
vn 0.0738 0.4146 0.9070
vn 0.1520 0.2932 -0.9439
vn 0.1524 0.2337 -0.9603
vn 0.1769 0.1724 -0.9690
vn 0.1783 -0.7000 -0.6915
vn 0.1706 -0.6832 0.7101
vn -0.4985 0.8665 0.0264
vn -0.4005 0.7357 0.5462
vn 0.1757 0.1569 0.9719
vn -0.4779 0.8366 -0.2677
vn -0.4632 0.8380 0.2883
vn -0.1126 0.6130 0.7820
vn -0.1054 0.6201 -0.7774
vn -0.0302 0.6450 -0.7636
vn 0.1873 -0.0224 -0.9821
vn 0.1781 -0.3331 0.9259
vn 0.1862 -0.3290 0.9258
vn 0.0016 -0.9326 0.3609
vn 0.0474 -0.8921 0.4494
vn 0.0579 -0.9142 0.4011
vn -0.0541 -0.9868 0.1527
vn 0.1716 0.0718 -0.9825
vn 0.1521 -0.7609 0.6308
vn 0.0521 -0.9142 -0.4020
vn -0.3589 0.6929 -0.6253
vn 0.0487 0.5301 0.8466
vn 0.0679 0.4678 0.8812
vn 0.1107 0.4110 0.9049
vn 0.1594 0.2646 0.9511
vn 0.1410 0.3320 0.9327
vn 0.1749 -0.1959 0.9649
vn 0.1815 -0.3502 -0.9189
vn -0.4907 0.8230 0.2863
vn -0.3440 0.6806 0.6469
vn 0.0198 0.5584 -0.8293
vn 0.0248 0.4734 -0.8805
vn 0.1355 0.3254 -0.9358
vn 0.0862 0.3864 -0.9183
vn 0.1672 -0.6242 -0.7632
vn 0.1916 -0.4571 -0.8685
vn 0.1031 -0.8693 0.4834
vn 0.0751 -0.9012 0.4268
vn -0.4162 0.7815 0.4648
vn -0.2131 0.6780 0.7035
vn -0.1354 0.6425 0.7542
vn 0.1458 0.2738 0.9507
vn 0.1121 -0.7978 -0.5924
vn -0.2335 0.6766 -0.6983
vn -0.0189 -0.9484 -0.3165
vn -0.2762 0.7052 0.6530
vn 0.1544 -0.5240 -0.8376
vn -0.0559 -0.9982 0.0201
vn -0.0512 -0.9916 -0.1191
vn -0.4022 0.7924 -0.4586
vn -0.4819 0.8165 -0.3180
vn -0.0755 0.6717 -0.7369
vn -0.1499 0.6634 -0.7331
vn 0.0017 0.6523 0.7580
vn -0.0767 0.6752 0.7336
vn 0.0073 0.6250 -0.7806
vn 0.1204 0.4134 -0.9026
vn 0.1731 -0.0875 0.9810
vn 0.1688 -0.0862 -0.9819
vn 0.1714 -0.1740 -0.9697
vn 0.1660 -0.2739 -0.9473
vn 0.0914 -0.7072 0.7011
vn 0.1071 -0.8136 0.5715
vn 0.0476 -0.9312 -0.3614
vn 0.0945 -0.8782 -0.4689
vn 0.0138 -0.9446 -0.3278
vn 0.0310 -0.9413 -0.3363
vn -0.0452 0.7147 0.6979
vn 0.0371 0.5916 0.8054
vn 0.1725 -0.0094 -0.9850
vn 0.1395 0.3704 0.9183
vn 0.1139 -0.6188 0.7773
vn 0.0007 -0.9523 0.3051
vn -0.0235 -0.9708 0.2389
vn 0.0692 0.5110 -0.8568
vn -0.0216 -0.9722 -0.2333
vn -0.4325 0.8836 -0.1797
vn -0.5151 0.8470 -0.1314
vn -0.3932 0.8863 0.2447
vn -0.3747 0.8267 0.4197
vn -0.2287 0.7772 0.5862
vn 0.0898 0.5083 0.8565
vn 0.1741 0.0228 0.9845
vn 0.1457 -0.0235 0.9891
vn 0.1672 -0.5105 0.8435
vn 0.1079 -0.5278 0.8425
vn -0.1259 0.7181 0.6844
vn -0.1127 0.7348 -0.6688
vn 0.0502 0.5829 -0.8110
vn 0.1541 0.2700 -0.9505
vn 0.1349 0.1984 -0.9708
vn 0.1409 0.1187 -0.9829
vn 0.1387 -0.4017 0.9052
vn -0.2399 0.7320 -0.6377
vn -0.2057 0.8189 -0.5358
vn -0.2746 0.8010 -0.5319
vn 0.1387 0.1760 0.9746
vn 0.1694 0.1054 0.9799
vn 0.1371 -0.2590 0.9561
vn 0.1020 -0.6744 -0.7313
vn 0.1083 -0.5374 -0.8364
vn 0.0302 -0.9271 0.3737
vn -0.3632 0.9085 -0.2067
vn -0.4809 0.8747 0.0606
vn -0.3709 0.9280 0.0362
vn -0.2995 0.8011 0.5181
vn 0.0045 0.6995 0.7147
vn -0.2902 0.8704 -0.3976
vn 0.1405 -0.4074 -0.9024
vn -0.0280 -0.9996 0.0096
vn -0.0229 -0.9923 0.1220
vn -0.2734 0.9117 0.3066
vn 0.0307 0.6674 0.7441
vn 0.1135 0.2774 -0.9540
vn 0.1267 0.3496 -0.9283
vn 0.1103 0.2538 0.9609
vn 0.0528 -0.6278 0.7766
vn 0.0455 -0.6988 -0.7139
vn 0.0762 -0.7676 -0.6364
vn 0.0816 -0.7802 0.6201
vn 0.0364 -0.8609 0.5074
vn -0.0578 0.7909 -0.6092
vn -0.0218 0.7521 -0.6587
vn -0.2517 0.9598 -0.1243
vn -0.3030 0.9412 0.1498
vn -0.1753 0.8228 0.5407
vn -0.0932 0.7731 0.6274
vn 0.0684 0.5833 -0.8094
vn 0.0876 0.3776 -0.9218
vn 0.1338 -0.1220 -0.9835
vn 0.1338 0.0036 -0.9910
vn 0.1256 -0.1367 0.9826
vn 0.1074 -0.3976 0.9113
vn 0.0596 -0.5440 0.8369
vn 0.0628 -0.5453 -0.8359
vn 0.0434 -0.7853 0.6176
vn 0.0151 -0.8297 0.5580
vn -0.0456 -0.9814 0.1866
vn -0.1636 0.9266 -0.3385
vn -0.1705 0.9753 0.1402
vn -0.1942 0.9080 0.3713
vn -0.1389 0.8718 -0.4698
vn -0.1539 0.7797 -0.6069
vn 0.0960 0.3667 0.9254
vn 0.0284 -0.7947 -0.6063
vn -0.1070 0.8282 -0.5501
vn 0.0581 0.6029 0.7957
vn 0.0976 0.4925 -0.8648
vn 0.0331 -0.7022 0.7112
vn 0.0238 0.7051 -0.7087
vn -0.0068 0.6990 -0.7151
vn 0.0356 0.6461 -0.7624
vn 0.0642 -0.4222 -0.9042
vn 0.1107 -0.4193 -0.9011
vn 0.0408 -0.6196 -0.7839
vn 0.0131 -0.8822 -0.4706
vn 0.0508 0.5156 0.8553
vn 0.0631 0.4297 0.9008
vn 0.0883 0.1642 -0.9825
vn 0.0856 0.2632 -0.9609
vn 0.1288 0.0798 0.9885
vn 0.0886 0.1478 0.9850
vn 0.0826 -0.0011 0.9966
vn 0.0834 -0.0425 -0.9956
vn 0.0847 -0.1679 -0.9822
vn -0.1479 0.9884 -0.0339
vn -0.1176 0.9519 0.2830
vn -0.0880 0.9020 0.4226
vn 0.0745 0.5299 -0.8448
vn 0.0844 0.0688 -0.9941
vn 0.1247 -0.2682 -0.9553
vn 0.0802 -0.2719 0.9590
vn 0.0825 -0.1425 0.9863
vn 0.0734 -0.2837 -0.9561
vn -0.0088 -0.9402 -0.3405
vn 0.0266 -0.8679 -0.4960
vn -0.0500 -0.9822 -0.1810
vn -0.0277 -0.9644 -0.2629
vn -0.1040 0.9829 -0.1523
vn -0.0957 0.8208 0.5632
vn -0.0293 0.8757 0.4819
vn -0.0344 0.8372 0.5458
vn 0.0606 -0.4185 0.9062
vn -0.0515 0.8550 -0.5161
vn -0.0158 0.8116 -0.5840
vn 0.0129 0.5503 -0.8348
vn -0.0707 -0.9975 0.0024
vn -0.0602 -0.9936 -0.0955
vn -0.0661 -0.9929 0.0991
vn -0.0731 0.9919 -0.1041
vn 0.0285 0.7486 -0.6624
vn -0.0272 -0.7602 -0.6492
vn -0.0233 0.9648 -0.2620
vn -0.0485 0.9965 0.0686
vn -0.0503 0.9049 -0.4227
vn 0.0286 0.2896 -0.9567
vn 0.0252 0.3529 -0.9353
vn 0.0872 0.2570 0.9625
vn 0.0234 0.2180 0.9757
vn 0.0405 0.1274 0.9910
vn -0.0075 -0.6507 -0.7593
vn -0.0262 -0.8405 0.5412
vn 0.0317 0.1298 -0.9910
vn 0.0160 0.2115 -0.9773
vn 0.0315 -0.2130 -0.9766
vn 0.0205 -0.0664 -0.9976
vn 0.0278 -0.2661 0.9635
vn 0.0491 0.4414 -0.8960
vn 0.0123 0.0468 -0.9988
vn 0.0178 0.0269 0.9995
vn 0.0099 -0.1001 0.9949
vn 0.0215 -0.3481 -0.9372
vn 0.0051 -0.5586 -0.8294
vn -0.0139 -0.4416 -0.8971
vn 0.0063 -0.5720 0.8202
vn -0.0321 -0.7075 -0.7060
vn -0.0346 -0.9156 0.4006
vn -0.0515 -0.9136 -0.4034
vn 0.0261 0.8371 0.5464
vn 0.0069 0.7793 0.6266
vn -0.0246 0.7885 0.6145
vn 0.0390 0.7827 -0.6212
vn 0.0103 0.6108 0.7917
vn 0.0433 0.3215 0.9459
vn -0.0138 0.2731 0.9619
vn -0.0068 -0.4280 0.9037
vn -0.0191 -0.6830 0.7302
vn -0.0273 -0.7676 0.6404
vn -0.0347 -0.8343 -0.5501
vn -0.0059 0.9243 0.3816
vn -0.0163 0.9676 0.2518
vn 0.0269 0.8368 -0.5468
vn -0.0069 0.5295 0.8483
vn 0.0006 0.4642 0.8857
vn -0.0025 0.4150 0.9098
vn -0.0916 -0.9593 -0.2672
vn -0.0001 0.4355 -0.9002
vn -0.0121 0.1144 0.9934
vn -0.1058 -0.9789 -0.1747
vn 0.0101 0.9959 -0.0895
vn 0.0285 0.9295 -0.3677
vn 0.0131 0.8846 -0.4661
vn 0.0314 0.7297 0.6831
vn 0.0206 0.6925 0.7211
vn -0.0441 0.1470 -0.9881
vn 0.0447 0.8801 0.4727
vn 0.0518 0.8017 0.5955
vn 0.0397 0.7550 0.6545
vn 0.0096 0.6784 -0.7346
vn -0.0376 -0.2871 0.9572
vn -0.0661 -0.6323 0.7719
vn -0.0954 -0.8301 0.5494
vn -0.0409 0.2513 -0.9670
vn -0.0452 -0.2545 -0.9660
vn -0.0650 -0.5871 -0.8069
vn -0.0339 0.3310 -0.9430
vn -0.0242 0.4032 -0.9148
vn -0.0270 0.5876 -0.8087
vn -0.0280 0.5208 -0.8532
vn -0.0458 0.0224 0.9987
vn -0.0862 -0.9531 0.2900
vn -0.1231 -0.9094 0.3973
vn -0.1620 -0.9729 -0.1651
vn -0.1238 -0.9861 0.1110
vn -0.0981 -0.9738 0.2052
vn -0.1597 -0.9704 0.1812
vn -0.0887 -0.6812 -0.7267
vn -0.1229 -0.9876 -0.0974
vn -0.1786 -0.9807 -0.0794
vn 0.0220 0.9713 0.2368
vn -0.0473 0.2000 0.9787
vn -0.0481 0.0395 -0.9981
vn -0.0555 -0.0758 -0.9956
vn -0.1410 -0.9513 0.2740
vn -0.1404 -0.9499 -0.2794
vn -0.1735 -0.9782 0.1140
vn -0.1286 -0.9917 -0.0000
vn -0.1800 -0.9835 0.0160
vn -0.1189 -0.9138 -0.3883
vn -0.1280 -0.8644 -0.4862
vn 0.0060 0.6246 -0.7809
vn -0.0188 0.4787 0.8778
vn -0.0291 0.5468 0.8368
vn -0.0097 -0.1564 -0.9876
vn -0.0431 -0.1635 0.9856
vn 0.5902 0.8021 0.0910
vn 0.5253 0.8108 0.2581
vn 0.6419 0.7586 0.1116
vn 0.7010 0.5842 -0.4091
vn 0.7432 0.5557 -0.3727
vn 0.7391 0.5208 -0.4272
vn 0.3639 -0.2413 -0.8996
vn 0.4312 -0.1201 -0.8942
vn 0.8576 -0.1421 0.4942
vn 0.5566 0.0869 -0.8263
vn 0.5618 -0.5455 0.6219
vn 0.3908 0.2043 -0.8975
vn 0.1422 -0.4532 -0.8800
vn 0.2459 -0.5577 0.7928
vn 0.0596 0.0422 -0.9973
vn -0.3590 -0.3348 0.8712
vn -0.4806 -0.1559 -0.8630
vn -0.3827 -0.2114 -0.8994
vn -0.4593 -0.2350 -0.8566
vn 0.5413 -0.8406 -0.0192
vn 0.4026 -0.7679 0.4982
vn 0.5158 0.4802 -0.7095
vn 0.5267 0.7435 -0.4121
vn 0.1726 0.2841 -0.9431
vn 0.5017 -0.1772 -0.8467
vn 0.6899 -0.0677 0.7207
vn 0.5711 0.1185 0.8123
vn 0.6549 0.1233 0.7456
vn 0.5411 0.3125 0.7807
vn 0.0297 -0.4545 0.8903
vn 0.2022 -0.9696 -0.1381
vn 0.1484 -0.4159 0.8972
vn 0.7775 -0.5767 -0.2509
vn 0.7106 -0.5789 0.3999
vn 0.0035 -0.2555 0.9668
vn 0.5052 -0.8607 0.0629
vn 0.5285 -0.8486 -0.0214
vn -0.2757 -0.9522 -0.1313
vn 0.0482 -0.9988 0.0067
vn -0.3377 -0.2359 -0.9112
vn -0.8301 -0.5572 0.0198
vn 0.8871 -0.4273 -0.1748
vn 0.8960 -0.3883 -0.2154
vn 0.9115 -0.3432 -0.2266
vn 0.9170 -0.3647 -0.1616
vn 0.2128 -0.6175 0.7572
vn 0.3393 -0.6092 0.7168
vn -0.0254 -0.2253 0.9740
vn 0.7388 -0.5030 -0.4485
vn 0.1989 0.4184 0.8862
vn 0.8639 -0.4199 0.2781
vn 0.8663 -0.3746 0.3304
vn 0.8350 -0.4275 0.3465
vn 0.8392 -0.4463 0.3106
vn 0.2534 -0.0534 -0.9659
vn 0.2184 -0.0257 -0.9755
vn -0.5256 0.8472 0.0781
vn -0.3411 0.7206 0.6036
vn 0.5940 0.0030 0.8044
vn 0.3984 0.1705 -0.9012
vn 0.3353 -0.3197 0.8862
vn 0.7789 -0.1862 -0.5989
vn 0.8686 -0.4835 0.1089
vn 0.4443 -0.0415 0.8949
vn 0.9061 -0.4218 0.0335
vn 0.7301 -0.6721 -0.1236
vn 0.7208 0.6917 0.0457
vn 0.7815 0.5455 -0.3028
vn 0.8343 0.2377 -0.4975
vn 0.7946 -0.0896 -0.6004
vn 0.8491 -0.4670 0.2468
vn 0.0356 -0.3720 0.9276
vn 0.4621 0.0549 0.8851
vn 0.8724 -0.4850 0.0612
vn 0.8884 0.2715 0.3703
vn 0.9716 0.0062 -0.2366
vn 0.9278 0.2391 -0.2864
vn 0.9485 0.1049 -0.2991
vn -0.5275 0.2424 0.8142
vn 0.4471 -0.7746 0.4474
vn 0.5113 -0.7456 0.4274
vn 0.0305 -0.2465 0.9687
vn 0.0283 -0.2325 0.9722
vn -0.0881 -0.3419 0.9356
vn 0.8679 -0.2489 0.4300
vn 0.7454 -0.5696 -0.3464
vn 0.9366 -0.2149 -0.2769
vn -0.2536 0.2066 -0.9450
vn 0.8256 0.3427 -0.4482
vn 0.6191 0.0683 0.7824
vn 0.3349 -0.4573 0.8238
vn 0.8110 0.4227 0.4044
vn 0.8381 0.4181 0.3505
vn 0.7709 0.5134 0.3771
vn 0.7591 0.4964 0.4211
vn 0.9224 0.0888 -0.3758
vn 0.9500 0.0252 -0.3113
vn 0.9131 0.0212 -0.4073
vn 0.1275 -0.4187 -0.8991
vn 0.1335 -0.4203 -0.8975
vn 0.7383 -0.6707 0.0708
vn 0.5705 0.4867 0.6616
vn 0.7386 0.0418 0.6728
vn 0.5799 0.8052 -0.1243
vn 0.6889 0.5719 0.4453
vn 0.4020 0.9034 -0.1492
vn 0.7680 -0.5046 0.3945
vn 0.8041 0.4820 0.3479
vn 0.8010 0.5437 0.2507
vn 0.4134 0.6949 0.5884
vn 0.8797 0.0646 -0.4711
vn 0.8372 0.0238 -0.5463
vn 0.8190 0.1593 -0.5512
vn 0.0124 -0.0418 0.9991
vn -0.1382 0.7774 0.6136
vn 0.5268 0.6303 -0.5703
vn 0.0676 0.9535 -0.2937
vn 0.0141 0.8983 -0.4392
vn 0.0647 0.9250 -0.3745
vn 0.1618 0.6691 0.7254
vn 0.0909 0.6548 -0.7503
vn 0.1321 0.9772 -0.1664
vn -0.0873 0.6000 0.7952
vn -0.2157 0.8779 0.4274
vn -0.0759 -0.0580 0.9954
vn -0.5664 -0.7751 -0.2799
vn -0.0352 -0.1049 -0.9939
vn -0.5139 -0.7616 -0.3949
vn -0.2583 0.9660 0.0079
vn -0.1376 -0.8919 -0.4307
vn 0.1273 -0.9917 0.0199
vn -0.2633 0.9647 -0.0002
vn -0.2226 0.5453 -0.8082
vn 0.2391 -0.5083 0.8273
vn 0.5661 -0.6368 -0.5235
vn -0.1724 0.4409 -0.8809
vn -0.3391 0.9407 0.0012
vn -0.3173 0.9482 0.0109
vn -0.3042 0.8353 -0.4580
vn -0.2490 0.6651 -0.7040
vn 0.0373 -0.0249 -0.9990
vn -0.4048 0.9142 0.0181
vn -0.3998 0.9155 0.0458
vn -0.4105 0.9118 0.0088
vn -0.3982 0.9162 0.0452
vn 0.8204 -0.4111 -0.3974
vn 0.5761 -0.2953 -0.7622
vn -0.4068 0.8651 0.2935
vn 0.1880 0.0349 -0.9815
vn 0.8885 -0.0122 0.4587
vn 0.8992 -0.3962 0.1856
vn -0.3071 0.6152 -0.7261
vn 0.8110 0.0022 0.5850
vn 0.8710 -0.4803 0.1032
vn 0.8427 -0.5109 -0.1699
vn 0.7736 -0.5984 0.2085
vn 0.8454 -0.1633 -0.5085
vn 0.8669 -0.0346 -0.4974
vn -0.3291 0.8343 0.4423
vn 0.1712 0.0841 0.9816
vn 0.6922 -0.7172 0.0805
vn 0.5723 -0.7599 0.3082
vn -0.4841 0.8713 -0.0809
vn 0.2004 0.0838 0.9761
vn 0.8221 -0.5581 -0.1131
vn -0.4947 0.8688 0.0205
vn 0.8508 0.3097 -0.4245
vn 0.9775 -0.0642 -0.2010
vn 0.9705 0.1181 0.2104
vn 0.6074 -0.7528 0.2537
vn 0.5439 -0.7793 0.3113
vn 0.2958 -0.9487 -0.1116
vn 0.3548 -0.7854 0.5073
vn 0.4121 -0.7804 0.4702
vn 0.7050 0.6546 -0.2728
vn 0.4285 0.3147 -0.8469
vn -0.3254 0.3898 -0.8615
vn 0.7621 -0.1127 0.6376
vn 0.7851 -0.2542 -0.5648
vn -0.1243 0.2905 -0.9488
vn 0.7043 0.5977 0.3830
vn 0.3023 0.0217 0.9530
vn 0.1482 -0.8381 -0.5250
vn 0.4908 -0.8282 -0.2704
vn 0.8173 -0.3382 0.4665
vn 0.7326 -0.2440 -0.6354
vn 0.8902 -0.2773 0.3615
vn 0.8847 -0.3587 -0.2976
vn -0.5729 0.8173 0.0616
vn 0.3200 -0.2778 0.9058
vn 0.2092 -0.2223 0.9523
vn 0.6812 0.6377 -0.3595
vn 0.1755 0.3116 0.9339
vn -0.0603 -0.6889 0.7223
vn 0.4006 0.5939 0.6977
vn -0.0264 -0.7718 -0.6353
vn -0.0982 0.4509 0.8872
vn -0.4618 -0.0882 0.8826
vn 0.6122 0.0350 0.7899
vn 0.1854 -0.1666 0.9684
vn 0.9863 0.1119 -0.1209
vn 0.8472 0.1489 -0.5099
vn -0.4683 0.0734 0.8805
vn -0.5336 -0.2130 -0.8185
vn -0.3226 0.4719 -0.8205
vn -0.6975 -0.6306 0.3404
vn -0.3560 0.0027 0.9345
vn -0.2371 -0.9687 -0.0734
vn -0.5739 0.1623 -0.8027
vn -0.3944 -0.4617 0.7945
vn -0.4152 0.6622 -0.6237
vn -0.2316 -0.1752 0.9569
vn -0.1854 -0.4217 0.8876
vn -0.5049 -0.5498 0.6654
vn -0.3417 0.0535 0.9383
vn -0.4116 -0.0657 0.9090
vn -0.7195 -0.1138 0.6852
vn -0.6628 -0.0364 -0.7479
vn -0.1910 0.5454 -0.8161
vn -0.9732 -0.0865 -0.2129
vn -0.6340 0.0055 -0.7733
vn -0.0952 0.2524 -0.9629
vn -0.9545 -0.0271 -0.2971
vn -0.9419 -0.3260 -0.0804
vn -0.9716 -0.2127 -0.1034
vn -0.9972 -0.0643 0.0385
vn -0.8266 -0.4917 -0.2737
vn -0.7419 -0.6680 0.0585
vn -0.4152 -0.8799 -0.2313
vn -0.7894 0.6134 0.0242
vn -0.5589 0.4451 0.6996
vn -0.4437 -0.6736 0.5911
vn -0.1907 -0.7853 -0.5889
vn -0.2837 -0.3300 -0.9004
vn -0.1996 -0.8033 -0.5611
vn 0.1679 -0.4715 0.8657
vn 0.1092 0.4700 -0.8759
vn 0.0286 -0.9399 0.3403
vn -0.0222 -0.9874 -0.1570
vn -0.0132 0.7426 0.6696
vn -0.0168 -0.9618 0.2732
vn -0.0073 0.3444 0.9388
vn -0.0881 -0.8219 -0.5628
vt 0.500000 0.625000
vt 0.500000 0.750000
vt 0.625000 0.750000
vt 0.625000 0.625000
vt 0.500000 0.273872
vt 0.500000 0.500000
vt 0.625000 0.500000
vt 0.625000 0.273872
vt 0.148872 0.625000
vt 0.375000 0.625000
vt 0.375000 0.750000
vt 0.148872 0.750000
vt 0.148872 0.538362
vt 0.375000 0.538362
vt 0.375000 0.273872
vt 0.375000 0.500000
vt 0.148872 0.500000
vt 0.500000 0.538362
vt 0.000000 0.000000
vt 0.851128 0.500000
vt 0.851128 0.625000
vt 0.851128 0.750000
vt 0.625000 0.976128
vt 0.500000 0.976128
s 1
f 12/1/1 11/2/1 2/3/1 3/4/1
f 3228/5/2 10/6/2 1/7/2 3219/8/2
f 10/6/1 12/1/1 3/4/1 1/7/1
f 3223/9/3 6/10/3 5/11/3 3222/12/3
f 3224/13/3 7/14/3 6/10/3 3223/9/3
f 3221/15/2 4/16/2 8/16/2 3225/15/2
f 3225/17/3 8/16/3 9/14/3 3226/13/3
f 4/16/1 7/14/1 9/14/1 8/16/1
f 7/14/1 15/18/1 14/1/1 6/10/1
f 4/16/1 13/6/1 15/18/1 7/14/1
f 3221/15/2 3227/5/2 13/6/2 4/16/2
f 12/1/1 18/4/1 17/3/1 11/2/1
f 3228/5/2 3231/8/2 16/7/2 10/6/2
f 10/6/1 16/7/1 18/4/1 12/1/1
f 3235/9/4 3234/12/4 20/11/4 21/10/4
f 3236/13/4 3235/9/4 21/10/4 22/14/4
f 3233/15/2 3237/15/2 23/16/2 19/16/2
f 3237/17/4 3238/13/4 24/14/4 23/16/4
f 19/16/1 23/16/1 24/14/1 22/14/1
f 22/14/1 21/10/1 14/1/1 15/18/1
f 19/16/1 22/14/1 15/18/1 13/6/1
f 3233/15/2 19/16/2 13/6/2 3227/5/2
f 26/19/5 39/19/6 25/19/7
f 29/19/8 26/19/5 28/19/9
f 36/19/10 28/19/9 27/19/11
f 30/19/12 34/19/13 37/19/14
f 30/19/12 45/19/15 27/19/11
f 32/19/16 31/19/17 48/19/18
f 41/19/19 57/19/20 30/19/12
f 31/19/17 40/19/21 29/19/8
f 33/19/22 32/19/23 35/19/24
f 37/19/14 34/19/13 58/19/25
f 31/19/17 29/19/8 47/19/26
f 35/19/24 48/19/27 44/19/28
f 46/19/29 36/19/10 27/19/11
f 36/19/10 46/19/29 38/19/30
f 45/19/15 49/19/31 46/19/29
f 39/19/6 26/19/5 53/19/32
f 40/19/21 42/19/33 54/19/34
f 56/19/35 42/19/33 33/19/22
f 56/19/35 33/19/22 35/19/24
f 34/19/13 57/19/36 58/19/25
f 44/19/28 56/19/35 35/19/24
f 59/19/37 44/19/28 48/19/27
f 46/19/29 50/19/38 38/19/30
f 50/19/38 62/19/39 52/19/40
f 53/19/32 81/19/41 39/19/6
f 65/19/42 42/19/33 56/19/35
f 44/19/28 67/19/43 56/19/35
f 44/19/44 59/19/45 77/19/46
f 69/19/47 59/19/37 48/19/27
f 51/19/48 52/19/40 60/19/49
f 43/19/50 81/19/41 74/19/51
f 64/19/52 42/19/33 65/19/42
f 68/19/53 58/19/54 76/19/55
f 61/19/56 49/19/31 78/19/57
f 71/19/58 60/19/49 52/19/40
f 79/19/59 62/19/39 70/19/60
f 66/19/61 55/19/62 84/19/63
f 66/19/64 91/19/65 76/19/66
f 65/19/67 67/19/68 77/19/69
f 59/19/70 85/19/71 77/19/72
f 88/19/73 59/19/37 69/19/47
f 78/19/57 49/19/74 87/19/75
f 89/19/76 69/19/77 71/19/58
f 71/19/58 52/19/40 96/19/78
f 82/19/79 81/19/41 98/19/80
f 74/19/51 81/19/41 82/19/79
f 73/19/81 75/19/82 90/19/83
f 64/19/52 65/19/42 101/19/84
f 92/19/85 65/19/67 77/19/69
f 92/19/85 77/19/69 85/19/71
f 86/19/86 76/19/66 91/19/65
f 104/19/87 85/19/71 59/19/70
f 93/19/88 88/19/73 69/19/47
f 87/19/75 105/19/89 78/19/57
f 93/19/88 69/19/47 89/19/76
f 96/19/78 95/19/90 71/19/58
f 71/19/58 95/19/91 106/19/92
f 96/19/78 79/19/59 97/19/93
f 72/19/94 73/19/81 83/19/95
f 92/19/96 101/19/84 65/19/42
f 103/19/97 117/19/98 87/19/75
f 116/19/99 104/19/100 88/19/73
f 105/19/89 87/19/75 117/19/98
f 106/19/92 93/19/88 89/19/76
f 106/19/101 95/19/102 108/19/103
f 96/19/78 97/19/93 95/19/90
f 72/19/94 83/19/95 109/19/104
f 110/19/105 74/19/51 82/19/79
f 101/19/84 113/19/106 100/19/107
f 115/19/108 92/19/96 104/19/100
f 104/19/100 116/19/99 115/19/108
f 126/19/109 105/19/89 117/19/110
f 94/19/111 107/19/112 119/19/113
f 108/19/103 120/19/114 106/19/101
f 94/19/115 121/19/116 97/19/93
f 97/19/93 122/19/117 95/19/90
f 124/19/118 102/19/119 112/19/120
f 126/19/109 117/19/110 125/19/121
f 126/19/109 128/19/122 107/19/112
f 94/19/115 119/19/123 129/19/124
f 108/19/125 130/19/126 120/19/127
f 108/19/125 122/19/128 130/19/126
f 109/19/104 83/19/95 131/19/129
f 159/19/130 114/19/131 124/19/118
f 125/19/121 114/19/131 159/19/130
f 134/19/132 126/19/109 125/19/121
f 137/19/133 129/19/134 136/19/135
f 137/19/133 121/19/116 129/19/134
f 120/19/114 138/19/136 149/19/137
f 121/19/116 137/19/133 147/19/138
f 139/19/139 72/19/94 141/19/140
f 90/19/83 111/19/141 150/19/142
f 115/19/108 164/19/143 113/19/106
f 133/19/144 164/19/143 115/19/108
f 142/19/145 126/19/109 134/19/132
f 119/19/113 128/19/122 144/19/146
f 136/19/147 119/19/113 155/19/148
f 120/19/114 149/19/137 146/19/149
f 151/19/150 132/19/151 110/19/105
f 124/19/118 112/19/120 159/19/130
f 133/19/144 160/19/152 164/19/143
f 125/19/121 159/19/130 166/19/153
f 153/19/154 142/19/145 134/19/132
f 143/19/155 154/19/156 135/19/157
f 147/19/158 156/19/159 157/19/160
f 147/19/158 157/19/160 148/19/161
f 144/19/146 167/19/162 155/19/148
f 136/19/163 155/19/148 161/19/164
f 146/19/149 149/19/165 163/19/166
f 171/19/167 139/19/139 141/19/140
f 141/19/140 109/19/104 172/19/168
f 131/19/129 150/19/142 176/19/169
f 123/19/170 219/19/171 112/19/120
f 160/19/152 135/19/157 154/19/156
f 179/19/172 168/19/173 146/19/149
f 162/19/174 170/19/175 157/19/176
f 157/19/176 170/19/175 163/19/177
f 140/19/178 171/19/167 174/19/179
f 172/19/168 131/19/129 175/19/180
f 151/19/150 219/19/171 132/19/151
f 166/19/153 112/19/120 177/19/181
f 203/19/182 164/19/143 160/19/152
f 203/19/182 160/19/152 154/19/156
f 167/19/162 142/19/145 178/19/183
f 169/19/184 183/19/185 161/19/186
f 182/19/187 179/19/188 163/19/189
f 161/19/186 183/19/185 184/19/190
f 186/19/191 182/19/187 163/19/189
f 197/19/192 203/19/182 154/19/156
f 142/19/145 153/19/154 199/19/193
f 143/19/155 180/19/194 154/19/156
f 142/19/145 199/19/193 178/19/183
f 162/19/174 185/19/195 170/19/175
f 170/19/175 185/19/195 186/19/196
f 217/19/197 151/19/150 158/19/198
f 202/19/199 150/19/142 152/19/200
f 153/19/154 189/19/201 199/19/193
f 181/19/202 190/19/203 168/19/173
f 182/19/204 206/19/205 181/19/202
f 184/19/190 191/19/206 185/19/195
f 195/19/207 176/19/169 150/19/142
f 183/19/185 205/19/208 223/19/209
f 202/19/199 195/19/207 150/19/142
f 151/19/150 217/19/197 196/19/210
f 229/19/211 152/19/200 188/19/212
f 240/19/213 181/19/202 206/19/205
f 208/19/214 184/19/190 223/19/209
f 209/19/215 184/19/190 208/19/214
f 192/19/216 225/19/217 193/19/218
f 187/19/219 173/19/220 213/19/221
f 174/19/179 212/19/222 214/19/223
f 173/19/220 175/19/180 215/19/224
f 215/19/224 175/19/180 216/19/225
f 194/19/226 174/19/179 214/19/223
f 175/19/180 176/19/169 216/19/225
f 203/19/182 220/19/227 164/19/143
f 198/19/228 231/19/229 197/19/192
f 200/19/230 204/19/231 232/19/232
f 206/19/205 207/19/233 222/19/234
f 207/19/233 201/19/235 210/19/236
f 211/19/237 187/19/219 213/19/221
f 211/19/237 174/19/179 187/19/219
f 228/19/238 217/19/197 158/19/198
f 280/19/239 202/19/199 229/19/211
f 218/19/240 196/19/210 217/19/197
f 188/19/212 244/19/241 229/19/211
f 219/19/171 196/19/210 237/19/242
f 197/19/192 220/19/227 203/19/182
f 198/19/228 180/19/194 239/19/243
f 190/19/203 239/19/243 180/19/194
f 253/19/244 233/19/245 242/19/246
f 234/19/247 233/19/245 253/19/244
f 208/19/248 224/19/249 226/19/250
f 226/19/250 224/19/249 233/19/245
f 226/19/250 233/19/245 225/19/251
f 225/19/251 233/19/245 234/19/247
f 207/19/233 235/19/252 222/19/234
f 210/19/236 235/19/252 207/19/233
f 194/19/226 214/19/223 236/19/253
f 165/19/254 237/19/242 272/19/255
f 177/19/181 230/19/256 245/19/257
f 234/19/247 253/19/244 241/19/258
f 224/19/249 242/19/246 233/19/245
f 235/19/252 234/19/247 241/19/258
f 235/19/252 241/19/258 222/19/234
f 214/19/223 212/19/222 243/19/259
f 202/19/199 250/19/260 195/19/207
f 258/19/261 218/19/240 217/19/197
f 218/19/240 237/19/242 196/19/210
f 213/19/221 215/19/224 249/19/262
f 250/19/260 202/19/199 280/19/239
f 204/19/231 246/19/263 263/19/264
f 253/19/244 252/19/265 241/19/258
f 243/19/266 254/19/267 269/19/268
f 243/19/259 212/19/222 254/19/269
f 215/19/224 216/19/225 256/19/270
f 228/19/238 194/19/226 257/19/271
f 250/19/260 227/19/272 195/19/207
f 262/19/273 237/19/242 218/19/240
f 238/19/274 220/19/227 273/19/275
f 240/19/213 248/19/276 276/19/277
f 252/19/265 253/19/244 315/19/278
f 255/19/279 213/19/221 259/19/280
f 213/19/221 249/19/262 259/19/280
f 260/19/281 216/19/225 227/19/272
f 290/19/282 218/19/240 258/19/261
f 248/19/276 252/19/265 265/19/283
f 248/19/276 265/19/283 276/19/277
f 263/19/264 277/19/284 247/19/285
f 247/19/285 266/19/286 253/19/244
f 268/19/287 254/19/269 211/19/237
f 283/19/288 268/19/287 211/19/237
f 271/19/289 250/19/260 280/19/239
f 251/19/290 292/19/291 275/19/292
f 246/19/263 275/19/292 294/19/293
f 246/19/263 294/19/293 263/19/264
f 264/19/294 263/19/264 294/19/293
f 269/19/295 254/19/269 278/19/296
f 249/19/262 287/19/297 284/19/298
f 256/19/270 287/19/297 249/19/262
f 257/19/271 236/19/253 279/19/299
f 262/19/273 218/19/240 290/19/282
f 291/19/300 280/19/239 244/19/241
f 237/19/242 282/19/301 272/19/255
f 273/19/275 327/19/302 238/19/274
f 266/19/286 277/19/284 343/19/303
f 252/19/265 315/19/278 344/19/304
f 259/19/305 284/19/306 299/19/307
f 287/19/297 288/19/308 300/19/309
f 288/19/308 287/19/297 260/19/281
f 291/19/300 281/19/310 280/19/239
f 282/19/301 339/19/311 272/19/255
f 292/19/291 272/19/255 339/19/311
f 293/19/312 273/19/275 274/19/313
f 274/19/313 276/19/277 295/19/314
f 283/19/288 255/19/279 307/19/315
f 296/19/316 286/19/317 297/19/318
f 270/19/319 285/19/320 296/19/316
f 303/19/321 279/19/299 302/19/322
f 313/19/323 288/19/308 261/19/324
f 279/19/299 303/19/321 289/19/325
f 304/19/326 261/19/324 271/19/289
f 290/19/282 289/19/325 337/19/327
f 283/19/288 307/19/315 330/19/328
f 278/19/296 297/19/318 286/19/317
f 311/19/329 300/19/309 288/19/308
f 313/19/323 312/19/330 288/19/308
f 282/19/301 262/19/273 326/19/331
f 314/19/332 295/19/314 265/19/283
f 267/19/333 266/19/286 315/19/278
f 268/19/287 283/19/288 330/19/328
f 278/19/296 317/19/334 316/19/335
f 308/19/336 307/19/315 259/19/280
f 318/19/337 284/19/298 319/19/338
f 331/19/339 301/19/340 300/19/309
f 323/19/341 309/19/342 311/19/329
f 324/19/343 302/19/322 310/19/344
f 325/19/345 311/19/346 312/19/330
f 303/19/321 302/19/322 324/19/343
f 335/19/347 313/19/323 304/19/326
f 338/19/348 304/19/326 281/19/310
f 357/19/349 338/19/348 291/19/300
f 359/19/350 292/19/291 340/19/351
f 308/19/336 299/19/352 318/19/337
f 316/19/335 320/19/353 278/19/296
f 324/19/354 310/19/355 322/19/356
f 333/19/357 323/19/341 311/19/346
f 324/19/354 334/19/358 303/19/321
f 368/19/359 290/19/282 337/19/327
f 305/19/360 327/19/302 341/19/361
f 275/19/292 292/19/291 360/19/362
f 317/19/334 298/19/363 362/19/364
f 297/19/318 320/19/353 347/19/365
f 348/19/366 321/19/367 297/19/318
f 350/19/368 322/19/369 321/19/367
f 324/19/354 322/19/356 351/19/370
f 334/19/358 324/19/354 351/19/370
f 336/19/371 368/19/359 337/19/327
f 290/19/282 368/19/359 326/19/331
f 392/19/372 358/19/373 305/19/360
f 292/19/291 393/19/374 360/19/362
f 306/19/375 371/19/376 353/19/377
f 413/19/378 307/19/315 345/19/379
f 331/19/339 355/19/380 301/19/340
f 349/19/381 363/19/382 331/19/339
f 332/19/383 323/19/341 333/19/357
f 356/19/384 351/19/385 322/19/369
f 351/19/370 356/19/384 334/19/358
f 419/19/386 352/19/387 335/19/347
f 357/19/349 335/19/347 304/19/326
f 357/19/349 304/19/326 338/19/348
f 282/19/301 326/19/331 339/19/311
f 343/19/303 395/19/388 266/19/286
f 266/19/286 361/19/389 315/19/278
f 330/19/328 413/19/378 354/19/390
f 345/19/379 318/19/337 346/19/391
f 355/19/380 346/19/391 301/19/340
f 363/19/382 355/19/380 331/19/339
f 350/19/368 348/19/366 365/19/392
f 322/19/369 365/19/392 366/19/393
f 389/19/394 332/19/395 352/19/387
f 336/19/371 390/19/396 368/19/359
f 367/19/397 335/19/347 357/19/349
f 420/19/398 340/19/351 339/19/311
f 370/19/399 359/19/350 340/19/351
f 329/19/400 294/19/293 394/19/401
f 314/19/332 372/19/402 371/19/376
f 314/19/332 344/19/304 372/19/402
f 374/19/403 373/19/404 378/19/405
f 381/19/406 375/19/407 379/19/408
f 375/19/407 381/19/406 376/19/409
f 380/19/410 378/19/411 373/19/412
f 381/19/406 379/19/408 382/19/413
f 413/19/378 345/19/379 383/19/414
f 386/19/415 346/19/391 355/19/380
f 316/19/335 387/19/416 320/19/353
f 320/19/353 387/19/416 416/19/417
f 320/19/353 416/19/417 347/19/365
f 348/19/366 347/19/365 388/19/418
f 328/19/419 421/19/420 341/19/361
f 361/19/389 266/19/286 395/19/388
f 377/19/421 374/19/422 396/19/423
f 375/19/424 397/19/425 398/19/426
f 397/19/427 376/19/428 399/19/429
f 374/19/403 378/19/405 400/19/430
f 398/19/426 379/19/431 375/19/424
f 399/19/432 376/19/433 401/19/434
f 376/19/409 381/19/406 401/19/435
f 380/19/436 377/19/437 403/19/438
f 382/19/439 379/19/440 405/19/441
f 380/19/410 404/19/442 378/19/411
f 382/19/443 405/19/444 406/19/445
f 412/19/446 384/19/447 354/19/390
f 387/19/416 316/19/335 414/19/448
f 415/19/449 355/19/380 363/19/382
f 418/19/450 364/19/451 332/19/395
f 366/19/393 365/19/392 417/19/452
f 332/19/395 389/19/394 418/19/450
f 431/19/453 389/19/394 352/19/387
f 485/19/454 336/19/371 356/19/384
f 432/19/455 392/19/372 341/19/361
f 422/19/456 421/19/420 328/19/419
f 344/19/304 361/19/389 423/19/457
f 398/19/426 397/19/425 425/19/458
f 398/19/426 405/19/459 379/19/431
f 381/19/406 382/19/460 435/19/461
f 381/19/406 435/19/461 436/19/462
f 407/19/463 380/19/436 403/19/438
f 382/19/460 411/19/464 435/19/461
f 347/19/365 416/19/417 388/19/418
f 417/19/452 430/19/465 366/19/393
f 431/19/453 418/19/450 389/19/394
f 366/19/393 430/19/465 356/19/384
f 485/19/454 356/19/384 430/19/465
f 487/19/466 336/19/371 485/19/454
f 358/19/373 468/19/467 391/19/468
f 433/19/469 397/19/425 399/19/470
f 436/19/462 434/19/471 401/19/435
f 426/19/472 428/19/473 437/19/474
f 428/19/473 408/19/475 438/19/476
f 410/19/477 427/19/478 439/19/479
f 386/19/415 441/19/480 385/19/481
f 387/19/416 414/19/448 442/19/482
f 387/19/416 442/19/482 416/19/417
f 429/19/483 465/19/484 363/19/382
f 396/19/485 446/19/486 445/19/487
f 424/19/488 446/19/486 396/19/485
f 433/19/489 399/19/490 447/19/491
f 447/19/492 399/19/432 434/19/493
f 400/19/430 426/19/472 449/19/494
f 448/19/495 405/19/459 398/19/426
f 403/19/438 402/19/496 496/19/497
f 452/19/498 407/19/463 403/19/438
f 437/19/474 449/19/494 426/19/472
f 453/19/499 427/19/478 405/19/500
f 409/19/501 407/19/463 455/19/502
f 453/19/499 439/19/479 427/19/478
f 455/19/502 408/19/503 409/19/501
f 455/19/504 438/19/505 408/19/506
f 457/19/507 438/19/508 455/19/509
f 437/19/474 438/19/476 458/19/510
f 439/19/479 453/19/499 459/19/511
f 438/19/476 457/19/512 461/19/513
f 460/19/514 439/19/479 507/19/515
f 415/19/449 465/19/484 481/19/516
f 482/19/517 443/19/518 416/19/417
f 418/19/450 546/19/519 429/19/483
f 466/19/520 431/19/453 419/19/386
f 367/19/397 466/19/520 419/19/386
f 390/19/396 487/19/466 467/19/521
f 391/19/468 585/19/522 367/19/397
f 467/19/521 369/19/523 390/19/396
f 420/19/398 489/19/524 370/19/399
f 444/19/525 370/19/399 489/19/524
f 393/19/374 444/19/525 469/19/526
f 422/19/456 353/19/377 371/19/376
f 470/19/527 394/19/401 490/19/528
f 402/19/529 445/19/530 473/19/531
f 451/19/532 472/19/533 447/19/534
f 496/19/497 452/19/498 403/19/438
f 474/19/535 453/19/499 405/19/500
f 436/19/462 435/19/461 454/19/536
f 459/19/511 453/19/499 503/19/537
f 476/19/538 457/19/539 455/19/540
f 457/19/539 476/19/538 477/19/541
f 477/19/542 461/19/513 457/19/512
f 462/19/543 412/19/446 478/19/544
f 479/19/545 442/19/482 414/19/448
f 546/19/519 520/19/546 429/19/483
f 388/19/418 443/19/518 583/19/547
f 485/19/454 486/19/548 487/19/466
f 371/19/376 525/19/549 524/19/550
f 425/19/458 493/19/551 565/19/552
f 448/19/495 425/19/458 492/19/553
f 492/19/553 474/19/535 448/19/495
f 450/19/554 473/19/531 494/19/555
f 495/19/556 450/19/554 494/19/555
f 498/19/557 451/19/558 434/19/559
f 504/19/560 456/19/561 460/19/562
f 477/19/541 476/19/538 506/19/563
f 507/19/564 459/19/565 503/19/566
f 460/19/562 508/19/567 505/19/568
f 511/19/569 461/19/513 509/19/570
f 462/19/543 478/19/544 512/19/571
f 508/19/572 507/19/573 464/19/574
f 383/19/414 385/19/481 513/19/575
f 464/19/574 514/19/576 508/19/572
f 464/19/577 441/19/480 514/19/576
f 441/19/480 480/19/578 516/19/579
f 442/19/482 479/19/545 517/19/580
f 442/19/482 519/19/581 482/19/517
f 465/19/484 484/19/582 481/19/516
f 483/19/583 482/19/517 519/19/581
f 417/19/452 583/19/547 635/19/584
f 467/19/521 487/19/466 486/19/548
f 421/19/420 522/19/585 432/19/455
f 522/19/585 421/19/420 422/19/456
f 422/19/456 524/19/550 522/19/585
f 490/19/528 469/19/526 523/19/586
f 626/19/587 526/19/588 342/19/589
f 395/19/388 526/19/588 527/19/590
f 423/19/457 361/19/389 528/19/591
f 446/19/486 473/19/592 445/19/487
f 498/19/593 497/19/594 535/19/595
f 537/19/596 495/19/556 494/19/555
f 474/19/535 503/19/537 453/19/499
f 541/19/597 539/19/598 500/19/599
f 512/19/600 538/19/601 461/19/602
f 516/19/579 514/19/576 441/19/480
f 516/19/579 480/19/578 544/19/603
f 481/19/516 484/19/582 518/19/604
f 493/19/551 472/19/533 550/19/605
f 494/19/555 473/19/592 549/19/606
f 551/19/607 474/19/535 530/19/608
f 532/19/609 552/19/610 570/19/611
f 571/19/612 501/19/613 533/19/614
f 551/19/607 503/19/537 474/19/535
f 535/19/595 497/19/594 574/19/615
f 500/19/616 537/19/617 541/19/618
f 555/19/619 504/19/560 505/19/568
f 558/19/620 559/19/621 539/19/622
f 506/19/623 581/19/624 558/19/625
f 581/19/624 506/19/623 553/19/626
f 554/19/627 512/19/571 478/19/544
f 554/19/627 478/19/544 542/19/628
f 543/19/629 555/19/630 505/19/631
f 561/19/632 515/19/633 463/19/634
f 518/19/604 544/19/603 480/19/578
f 485/19/454 417/19/452 635/19/584
f 467/19/521 486/19/548 586/19/635
f 587/19/636 488/19/637 467/19/521
f 587/19/636 547/19/638 488/19/637
f 550/19/605 565/19/552 493/19/551
f 549/19/606 473/19/592 564/19/639
f 567/19/640 529/19/641 475/19/642
f 566/19/643 537/19/596 494/19/555
f 532/19/644 571/19/645 533/19/614
f 574/19/615 540/19/646 535/19/595
f 504/19/560 555/19/619 573/19/647
f 502/19/648 575/19/649 536/19/650
f 538/19/601 512/19/600 572/19/651
f 542/19/652 551/19/607 568/19/653
f 556/19/654 540/19/646 579/19/655
f 557/19/656 575/19/649 502/19/648
f 580/19/657 558/19/625 581/19/624
f 558/19/658 541/19/597 561/19/632
f 557/19/656 560/19/659 582/19/660
f 486/19/548 584/19/661 586/19/635
f 467/19/521 586/19/635 587/19/636
f 521/19/662 432/19/455 588/19/663
f 524/19/550 646/19/664 522/19/585
f 490/19/528 523/19/586 599/19/665
f 524/19/550 525/19/549 589/19/666
f 423/19/457 528/19/591 590/19/667
f 423/19/457 654/19/668 372/19/402
f 491/19/669 628/19/670 471/19/671
f 592/19/672 529/19/641 593/19/673
f 618/19/674 550/19/605 472/19/533
f 567/19/640 593/19/673 529/19/641
f 570/19/675 571/19/645 532/19/644
f 575/19/649 606/19/676 536/19/650
f 574/19/615 579/19/655 540/19/646
f 581/19/677 553/19/626 571/19/612
f 555/19/678 579/19/679 573/19/680
f 555/19/681 543/19/682 579/19/683
f 561/19/632 577/19/684 594/19/685
f 582/19/660 560/19/659 516/19/579
f 544/19/603 582/19/660 516/19/579
f 519/19/581 517/19/580 608/19/686
f 443/19/518 483/19/583 609/19/687
f 596/19/688 466/19/520 585/19/522
f 444/19/525 624/19/689 598/19/690
f 528/19/591 527/19/590 627/19/691
f 530/19/608 548/19/692 602/19/693
f 604/19/694 603/19/695 576/19/696
f 617/19/697 604/19/694 554/19/627
f 530/19/608 602/19/693 568/19/698
f 567/19/640 572/19/699 593/19/673
f 605/19/700 554/19/627 578/19/701
f 579/19/702 574/19/703 573/19/704
f 582/19/660 607/19/705 575/19/649
f 515/19/633 594/19/685 545/19/706
f 595/19/707 582/19/660 544/19/603
f 518/19/604 640/19/708 595/19/707
f 562/19/709 640/19/708 518/19/604
f 562/19/709 622/19/710 640/19/708
f 609/19/687 519/19/581 608/19/686
f 610/19/711 563/19/712 521/19/662
f 470/19/527 490/19/528 611/19/713
f 525/19/549 600/19/714 625/19/715
f 591/19/716 654/19/668 613/19/717
f 548/19/692 601/19/718 615/19/719
f 616/19/720 603/19/695 604/19/694
f 604/19/694 617/19/697 616/19/720
f 650/19/721 619/19/722 572/19/723
f 569/19/724 566/19/643 632/19/725
f 577/19/684 569/19/724 632/19/725
f 584/19/661 485/19/454 635/19/584
f 623/19/726 596/19/688 563/19/712
f 610/19/711 521/19/662 588/19/663
f 489/19/524 597/19/727 624/19/689
f 646/19/664 645/19/728 522/19/585
f 611/19/713 490/19/528 599/19/665
f 527/19/590 612/19/729 627/19/691
f 616/19/720 629/19/730 603/19/695
f 605/19/700 620/19/731 630/19/732
f 606/19/676 633/19/733 671/19/734
f 607/19/705 633/19/733 606/19/676
f 634/19/735 546/19/519 636/19/736
f 626/19/587 470/19/527 611/19/713
f 564/19/639 628/19/670 638/19/737
f 601/19/718 550/19/605 658/19/738
f 614/19/739 593/19/673 649/19/740
f 662/19/741 636/19/736 596/19/688
f 597/19/727 587/19/636 663/19/742
f 645/19/728 610/19/711 588/19/663
f 614/19/739 648/19/743 628/19/670
f 649/19/744 619/19/722 650/19/721
f 620/19/731 657/19/745 630/19/732
f 602/19/746 615/19/747 657/19/745
f 583/19/547 609/19/687 680/19/748
f 697/19/749 623/19/726 563/19/712
f 589/19/666 625/19/715 684/19/750
f 590/19/667 654/19/668 423/19/457
f 617/19/697 637/19/751 655/19/752
f 648/19/753 638/19/737 628/19/670
f 650/19/721 656/19/754 649/19/744
f 639/19/755 656/19/754 650/19/756
f 630/19/732 657/19/745 668/19/757
f 608/19/686 651/19/758 672/19/759
f 634/19/735 660/19/760 642/19/761
f 644/19/762 586/19/635 643/19/763
f 673/19/764 597/19/727 663/19/742
f 645/19/728 664/19/765 610/19/711
f 665/19/766 645/19/728 646/19/664
f 599/19/665 653/19/767 611/19/713
f 705/19/768 626/19/587 611/19/713
f 670/19/769 631/19/770 638/19/737
f 608/19/686 672/19/759 652/19/771
f 584/19/661 635/19/584 682/19/772
f 645/19/728 665/19/766 664/19/765
f 655/19/752 674/19/773 667/19/774
f 669/19/775 677/19/776 668/19/757
f 669/19/775 658/19/738 678/19/777
f 686/19/778 622/19/710 641/19/779
f 660/19/760 641/19/779 642/19/761
f 695/19/780 634/19/735 636/19/736
f 653/19/767 598/19/690 700/19/781
f 684/19/750 665/19/766 589/19/666
f 647/19/782 684/19/750 625/19/715
f 648/19/753 692/19/783 685/19/784
f 678/19/777 659/19/785 694/19/786
f 638/19/737 685/19/784 670/19/769
f 680/19/748 652/19/771 721/19/787
f 725/19/788 697/19/749 610/19/711
f 610/19/711 664/19/765 725/19/788
f 673/19/764 683/19/789 699/19/790
f 665/19/766 698/19/791 664/19/765
f 627/19/691 706/19/792 590/19/667
f 654/19/668 590/19/667 706/19/792
f 667/19/793 674/19/794 689/19/795
f 655/19/752 637/19/751 690/19/796
f 721/19/787 652/19/771 687/19/797
f 681/19/798 680/19/748 721/19/787
f 695/19/780 660/19/760 634/19/735
f 662/19/741 696/19/799 695/19/780
f 697/19/749 696/19/799 623/19/726
f 701/19/800 653/19/767 700/19/781
f 647/19/782 703/19/801 704/19/802
f 600/19/714 613/19/717 703/19/801
f 627/19/691 666/19/803 706/19/792
f 716/19/804 654/19/668 706/19/792
f 613/19/717 654/19/668 716/19/804
f 669/19/775 678/19/777 693/19/805
f 693/19/805 678/19/777 694/19/786
f 724/19/806 643/19/763 682/19/772
f 698/19/791 759/19/807 664/19/765
f 684/19/750 704/19/802 710/19/808
f 674/19/794 712/19/809 689/19/795
f 655/19/752 690/19/796 711/19/810
f 685/19/784 692/19/783 713/19/811
f 685/19/784 713/19/811 714/19/812
f 685/19/784 714/19/812 670/19/769
f 687/19/797 672/19/759 670/19/769
f 679/19/813 764/19/814 736/19/815
f 683/19/789 729/19/816 730/19/817
f 674/19/773 711/19/818 712/19/819
f 675/19/820 707/19/821 717/19/822
f 736/19/815 720/19/823 694/19/786
f 737/19/824 670/19/769 714/19/812
f 709/19/825 661/19/826 681/19/798
f 695/19/780 741/19/827 660/19/760
f 682/19/772 635/19/584 709/19/825
f 741/19/827 695/19/780 696/19/799
f 724/19/806 682/19/772 709/19/825
f 705/19/768 744/19/828 706/19/792
f 690/19/796 677/19/776 726/19/829
f 694/19/786 720/19/823 693/19/805
f 721/19/787 687/19/797 737/19/824
f 724/19/806 742/19/830 729/19/816
f 725/19/788 749/19/831 697/19/749
f 683/19/789 730/19/817 767/19/832
f 706/19/792 733/19/833 716/19/804
f 711/19/810 690/19/796 735/19/834
f 734/19/835 707/19/821 712/19/809
f 721/19/787 737/19/824 738/19/836
f 740/19/837 681/19/798 722/19/838
f 729/19/816 742/19/830 730/19/817
f 710/19/808 751/19/839 731/19/840
f 701/19/800 753/19/841 688/19/842
f 716/19/804 733/19/833 755/19/843
f 707/19/821 734/19/835 745/19/844
f 745/19/844 717/19/822 707/19/821
f 676/19/845 718/19/846 769/19/847
f 769/19/847 762/19/848 676/19/845
f 709/19/825 681/19/798 740/19/837
f 696/19/799 758/19/849 741/19/827
f 703/19/801 755/19/843 754/19/850
f 756/19/851 744/19/828 761/19/852
f 744/19/828 756/19/851 733/19/833
f 717/19/822 757/19/853 718/19/846
f 760/19/854 750/19/855 732/19/856
f 693/19/805 720/19/823 747/19/857
f 764/19/814 763/19/858 727/19/859
f 765/19/860 739/19/861 723/19/862
f 766/19/863 709/19/825 740/19/837
f 742/19/830 724/19/806 766/19/863
f 759/19/807 789/19/864 749/19/831
f 730/19/817 788/19/865 767/19/832
f 760/19/854 732/19/856 791/19/866
f 733/19/833 756/19/851 755/19/843
f 718/19/846 757/19/853 769/19/847
f 776/19/867 764/19/814 728/19/868
f 731/19/840 771/19/869 789/19/864
f 755/19/843 773/19/870 783/19/871
f 756/19/851 774/19/872 773/19/870
f 726/19/829 719/19/873 775/19/874
f 719/19/873 746/19/875 775/19/874
f 777/19/876 739/19/861 765/19/860
f 779/19/877 766/19/863 778/19/878
f 780/19/879 723/19/862 741/19/827
f 741/19/827 758/19/849 780/19/879
f 789/19/864 801/19/880 749/19/831
f 767/19/832 790/19/881 791/19/866
f 752/19/882 781/19/883 771/19/869
f 783/19/871 781/19/883 752/19/882
f 772/19/884 760/19/854 782/19/885
f 768/19/886 785/19/887 734/19/835
f 711/19/810 735/19/834 784/19/888
f 745/19/844 734/19/835 785/19/887
f 726/19/829 775/19/874 735/19/834
f 757/19/853 745/19/844 786/19/889
f 769/19/847 757/19/853 786/19/889
f 798/19/890 738/19/836 737/19/824
f 748/19/891 721/19/787 799/19/892
f 728/19/868 770/19/893 776/19/867
f 777/19/876 770/19/893 739/19/861
f 779/19/877 778/19/878 816/19/894
f 790/19/881 788/19/865 779/19/877
f 791/19/866 790/19/881 802/19/895
f 782/19/885 802/19/895 803/19/896
f 781/19/883 783/19/871 792/19/897
f 794/19/898 773/19/899 804/19/900
f 774/19/901 795/19/902 804/19/900
f 784/19/888 735/19/834 805/19/903
f 805/19/903 735/19/834 775/19/874
f 736/19/815 874/19/904 825/19/905
f 808/19/906 777/19/876 765/19/860
f 780/19/879 808/19/906 765/19/860
f 771/19/869 809/19/907 801/19/880
f 781/19/883 810/19/908 771/19/869
f 811/19/909 803/19/896 802/19/910
f 775/19/874 796/19/911 805/19/903
f 769/19/847 786/19/889 806/19/912
f 800/19/913 748/19/891 815/19/914
f 809/19/907 808/19/906 780/19/879
f 810/19/908 817/19/915 809/19/907
f 815/19/914 748/19/891 799/19/892
f 808/19/906 809/19/907 817/19/915
f 795/19/902 822/19/916 804/19/900
f 837/19/917 796/19/911 824/19/918
f 819/19/919 813/19/920 776/19/867
f 777/19/876 814/19/921 770/19/893
f 808/19/906 826/19/922 777/19/876
f 827/19/923 820/19/924 816/19/894
f 784/19/888 805/19/903 830/19/925
f 813/19/920 763/19/858 764/19/814
f 828/19/926 820/19/924 850/19/927
f 811/19/909 843/19/928 793/19/929
f 822/19/916 829/19/930 794/19/898
f 822/19/916 795/19/902 836/19/931
f 807/19/932 747/19/857 838/19/933
f 799/19/892 798/19/890 840/19/934
f 800/19/913 815/19/914 841/19/935
f 800/19/913 841/19/935 827/19/923
f 851/19/936 808/19/906 817/19/915
f 844/19/937 842/19/938 829/19/930
f 850/19/927 820/19/924 827/19/923
f 859/19/939 805/19/903 837/19/917
f 807/19/932 861/19/940 824/19/918
f 806/19/912 854/19/941 833/19/942
f 850/19/927 877/19/943 828/19/926
f 843/19/928 863/19/944 835/19/945
f 845/19/946 835/19/945 863/19/944
f 858/19/947 846/19/948 822/19/916
f 849/19/949 848/19/950 814/19/921
f 845/19/946 863/19/944 864/19/951
f 866/19/952 836/19/931 865/19/953
f 866/19/952 858/19/947 836/19/931
f 832/19/954 860/19/955 823/19/956
f 885/19/957 827/19/923 841/19/935
f 853/19/958 846/19/948 868/19/959
f 867/19/960 871/19/961 832/19/954
f 825/19/905 902/19/962 847/19/963
f 904/19/964 763/19/858 876/19/965
f 840/19/934 798/19/890 875/19/966
f 857/19/967 853/19/958 879/19/968
f 866/19/952 865/19/953 880/19/969
f 869/19/970 866/19/952 880/19/969
f 871/19/971 882/19/972 860/19/955
f 882/19/972 889/19/973 860/19/955
f 872/19/974 838/19/933 883/19/975
f 806/19/912 889/19/973 912/19/976
f 884/19/977 848/19/950 849/19/949
f 897/19/978 852/19/979 842/19/938
f 863/19/944 887/19/980 878/19/981
f 839/19/982 918/19/983 797/19/984
f 798/19/890 797/19/984 918/19/983
f 856/19/985 877/19/943 905/19/986
f 865/19/953 864/19/951 892/19/987
f 871/19/971 893/19/988 882/19/972
f 872/19/989 883/19/990 901/19/991
f 894/19/992 838/19/933 847/19/963
f 913/19/993 798/19/890 918/19/983
f 904/19/964 876/19/965 895/19/994
f 875/19/966 891/19/995 840/19/934
f 850/19/927 920/19/996 877/19/943
f 877/19/943 920/19/996 905/19/986
f 905/19/986 915/19/997 856/19/985
f 914/19/998 897/19/978 844/19/937
f 879/19/968 868/19/959 899/19/999
f 868/19/959 870/19/1000 899/19/999
f 871/19/961 867/19/960 893/19/988
f 859/19/939 881/19/1001 901/19/991
f 885/19/957 841/19/935 896/19/1002
f 892/19/987 878/19/981 906/19/1003
f 859/19/939 901/19/991 909/19/1004
f 847/19/963 902/19/962 925/19/1005
f 966/19/1006 876/19/965 884/19/977
f 905/19/986 921/19/1007 915/19/997
f 892/19/987 907/19/1008 865/19/953
f 916/19/1009 908/19/1010 869/19/970
f 883/19/990 911/19/1011 901/19/991
f 917/19/1012 889/19/973 882/19/972
f 917/19/1012 912/19/976 889/19/973
f 946/19/1013 903/19/1014 904/19/964
f 922/19/1015 886/19/1016 897/19/978
f 923/19/1017 914/19/998 888/19/1018
f 899/19/999 928/19/1019 888/19/1018
f 870/19/1000 908/19/1010 924/19/1020
f 847/19/963 925/19/1005 894/19/992
f 905/19/986 920/19/996 921/19/1007
f 927/19/1021 915/19/997 921/19/1007
f 873/19/1022 929/19/1023 839/19/982
f 885/19/957 930/19/1024 920/19/996
f 916/19/1009 933/19/1025 908/19/1010
f 910/19/1026 934/19/1027 893/19/988
f 944/19/1028 935/19/1029 901/19/991
f 896/19/1002 930/19/1024 885/19/957
f 936/19/1030 855/19/1031 862/19/1032
f 923/19/1017 888/19/1018 928/19/1019
f 928/19/1019 924/19/1020 948/19/1033
f 924/19/1020 940/19/1034 942/19/1035
f 933/19/1025 916/19/1009 943/19/1036
f 908/19/1010 933/19/1025 940/19/1034
f 898/19/1037 932/19/1038 906/19/1003
f 944/19/1028 911/19/1011 949/19/1039
f 957/19/1040 891/19/995 875/19/966
f 995/19/1041 896/19/1002 919/19/1042
f 950/19/1043 884/19/977 855/19/1031
f 951/19/1044 926/19/1045 922/19/1015
f 952/19/1046 932/19/1038 974/19/1047
f 947/19/1048 928/19/1019 948/19/1033
f 934/19/1027 955/19/1049 917/19/1012
f 944/19/1028 949/19/1039 935/19/1029
f 902/19/962 1071/19/1050 925/19/1005
f 957/19/1040 875/19/966 965/19/1051
f 956/19/1052 904/19/964 966/19/1006
f 891/19/995 957/19/1040 919/19/1042
f 936/19/1030 950/19/1043 855/19/1031
f 958/19/1053 920/19/996 930/19/1024
f 920/19/996 958/19/1053 937/19/1054
f 959/19/1055 922/19/1015 931/19/1056
f 960/19/1057 931/19/1056 947/19/1048
f 953/19/1058 941/19/1059 907/19/1008
f 961/19/1060 962/19/1061 933/19/1025
f 964/19/1062 934/19/1027 910/19/1026
f 902/19/962 979/19/1063 1071/19/1050
f 972/19/1064 966/19/1006 884/19/977
f 967/19/1065 896/19/1002 995/19/1041
f 989/19/1066 974/19/1047 927/19/1021
f 934/19/1027 964/19/1062 976/19/1067
f 959/19/1055 931/19/1056 960/19/1057
f 953/19/1058 969/19/1068 941/19/1059
f 939/19/1069 954/19/1070 968/19/1071
f 943/19/1036 941/19/1059 969/19/1068
f 949/19/1039 970/19/1072 986/19/1073
f 978/19/1074 890/19/1075 912/19/976
f 987/19/1076 903/19/1014 946/19/1013
f 956/19/1052 966/19/1006 972/19/1064
f 991/19/1077 947/19/1048 968/19/1071
f 968/19/1071 954/19/1070 1005/19/1078
f 977/19/1079 976/19/1067 993/19/1080
f 971/19/1081 994/19/1082 929/19/1023
f 995/19/1041 919/19/1042 957/19/1040
f 996/19/1083 950/19/1043 936/19/1030
f 973/19/1084 996/19/1083 936/19/1030
f 982/19/1085 952/19/1046 997/19/1086
f 998/19/1087 991/19/1077 968/19/1071
f 969/19/1068 953/19/1058 999/19/1088
f 975/19/1089 985/19/1090 1001/19/1091
f 976/19/1067 964/19/1062 993/19/1080
f 958/19/1053 967/19/1065 1002/19/1092
f 997/19/1086 952/19/1046 974/19/1047
f 954/19/1070 975/19/1089 1005/19/1078
f 983/19/1093 1000/19/1094 992/19/1095
f 1006/19/1096 984/19/1097 992/19/1095
f 1007/19/1098 1008/19/1099 985/19/1090
f 1008/19/1099 1001/19/1091 985/19/1090
f 1009/19/1100 1023/19/1101 1025/19/1102
f 1013/19/1103 1012/19/1104 1033/19/1105
f 993/19/1080 964/19/1062 1014/19/1106
f 997/19/1086 974/19/1047 989/19/1066
f 1016/19/1107 982/19/1085 997/19/1086
f 1017/19/1108 960/19/1057 991/19/1077
f 1018/19/1109 991/19/1077 998/19/1087
f 1019/19/1110 982/19/1085 1004/19/1111
f 1078/19/1112 1006/19/1096 1020/19/1113
f 1021/19/1114 1008/19/1099 1022/19/1115
f 1022/19/1115 1008/19/1099 1024/19/1116
f 1078/19/1112 1048/19/1117 1025/19/1102
f 1025/19/1102 1048/19/1117 1026/19/1118
f 1025/19/1102 1023/19/1101 1078/19/1112
f 1010/19/1119 1022/19/1115 1024/19/1116
f 1010/19/1119 1024/19/1116 1012/19/1104
f 1028/19/1120 1010/19/1119 1013/19/1103
f 1030/19/1121 1011/19/1122 1026/19/1118
f 1012/19/1104 1024/19/1116 1029/19/1123
f 1012/19/1104 1029/19/1123 1033/19/1105
f 1033/19/1105 1029/19/1123 1032/19/1124
f 1030/19/1121 1055/19/1125 1057/19/1126
f 1057/19/1126 1031/19/1127 1030/19/1121
f 1035/19/1128 1013/19/1103 1038/19/1129
f 1038/19/1129 1033/19/1105 1036/19/1130
f 1041/19/1131 1040/19/1132 1063/19/1133
f 986/19/1073 970/19/1072 1111/19/1134
f 971/19/1081 890/19/1075 978/19/1074
f 945/19/1135 929/19/1023 994/19/1082
f 1099/19/1136 1020/19/1113 1045/19/1137
f 1078/19/1112 1020/19/1113 1099/19/1136
f 1021/19/1114 1022/19/1115 1047/19/1138
f 1119/19/1139 1048/19/1117 1078/19/1112
f 1049/19/1140 1022/19/1115 1010/19/1119
f 1027/19/1141 1051/19/1142 1079/19/1143
f 1027/19/1141 1028/19/1120 1051/19/1142
f 1053/19/1144 1030/19/1121 1052/19/1145
f 1055/19/1125 1030/19/1121 1053/19/1144
f 1034/19/1146 1056/19/1147 1032/19/1124
f 1037/19/1148 1034/19/1146 1031/19/1127
f 1037/19/1148 1056/19/1147 1034/19/1146
f 1081/19/1149 1057/19/1126 1055/19/1125
f 1039/19/1150 1058/19/1151 1037/19/1148
f 1040/19/1132 1058/19/1151 1059/19/1152
f 1082/19/1153 1042/19/1154 1041/19/1131
f 1060/19/1155 1039/19/1150 1081/19/1149
f 1082/19/1153 1041/19/1131 1065/19/1156
f 1063/19/1133 1059/19/1152 1067/19/1157
f 1064/19/1158 1063/19/1133 1067/19/1157
f 1155/19/1159 987/19/1076 946/19/1013
f 1015/19/1160 1073/19/1161 972/19/1064
f 967/19/1065 995/19/1041 1094/19/1162
f 996/19/1083 1015/19/1160 950/19/1043
f 1075/19/1163 988/19/1164 980/19/1165
f 1044/19/1166 960/19/1057 1017/19/1108
f 1004/19/1111 1016/19/1107 1076/19/1167
f 1017/19/1108 1018/19/1109 1096/19/1168
f 1019/19/1110 1004/19/1111 1095/19/1169
f 1005/19/1078 1001/19/1091 1077/19/1170
f 1077/19/1170 1001/19/1091 1046/19/1171
f 1078/19/1112 1099/19/1136 1119/19/1139
f 1022/19/1115 1049/19/1140 1047/19/1138
f 1079/19/1143 1049/19/1140 1027/19/1141
f 1052/19/1145 1050/19/1172 1102/19/1173
f 1081/19/1149 1055/19/1125 1053/19/1144
f 1082/19/1153 1035/19/1128 1042/19/1154
f 1081/19/1149 1126/19/1174 1083/19/1175
f 1061/19/1176 1059/19/1152 1058/19/1151
f 1061/19/1176 1062/19/1177 1069/19/1178
f 1068/19/1179 1066/19/1180 1105/19/1181
f 1064/19/1158 1086/19/1182 1087/19/1183
f 1111/19/1134 1088/19/1184 986/19/1073
f 1091/19/1185 945/19/1135 1090/19/1186
f 1072/19/1187 956/19/1052 1073/19/1161
f 1093/19/1188 995/19/1041 1092/19/1189
f 1074/19/1190 981/19/1191 990/19/1192
f 1097/19/1193 1019/19/1110 1095/19/1169
f 1120/19/1194 1046/19/1171 1047/19/1138
f 1101/19/1195 1079/19/1143 1051/19/1142
f 1082/19/1153 1065/19/1156 1104/19/1196
f 1067/19/1157 1059/19/1152 1085/19/1197
f 1106/19/1198 1067/19/1157 1085/19/1197
f 1086/19/1182 1067/19/1157 1106/19/1198
f 1110/19/1199 986/19/1073 1088/19/1184
f 993/19/1080 1014/19/1106 1209/19/1200
f 987/19/1076 1155/19/1159 1172/19/1201
f 1114/19/1202 981/19/1191 1074/19/1190
f 1118/19/1203 1045/19/1137 1097/19/1193
f 1046/19/1171 1141/19/1204 1077/19/1170
f 1119/19/1139 1121/19/1205 1100/19/1206
f 1102/19/1173 1100/19/1206 1123/19/1207
f 1051/19/1142 1125/19/1208 1101/19/1195
f 1127/19/1209 1082/19/1153 1128/19/1210
f 1128/19/1210 1082/19/1153 1104/19/1196
f 1106/19/1198 1085/19/1197 1132/19/1211
f 1151/19/1212 1087/19/1183 1086/19/1182
f 1136/19/1213 945/19/1135 1091/19/1185
f 1112/19/1214 946/19/1013 1072/19/1187
f 1003/19/1215 1137/19/1216 996/19/1083
f 1139/19/1217 990/19/1192 1044/19/1166
f 1017/19/1108 1140/19/1218 1044/19/1166
f 1098/19/1219 1077/19/1170 1141/19/1204
f 1121/19/1205 1119/19/1139 1118/19/1203
f 1141/19/1204 1120/19/1194 1122/19/1220
f 1123/19/1207 1100/19/1206 1121/19/1205
f 1163/19/1221 1126/19/1174 1103/19/1222
f 1145/19/1223 1084/19/1224 1126/19/1174
f 1130/19/1225 1104/19/1196 1147/19/1226
f 1108/19/1227 1129/19/1228 1166/19/1229
f 1105/19/1181 1129/19/1228 1108/19/1227
f 1151/19/1212 1106/19/1198 1150/19/1230
f 1111/19/1134 1070/19/1231 1170/19/1232
f 1076/19/1167 1157/19/1233 1159/19/1234
f 1096/19/1168 1098/19/1219 1160/19/1235
f 1163/19/1221 1103/19/1222 1124/19/1236
f 1146/19/1237 1104/19/1196 1165/19/1238
f 1165/19/1238 1104/19/1196 1130/19/1225
f 1207/19/1239 1135/19/1240 1151/19/1212
f 1014/19/1106 1152/19/1241 1241/19/1242
f 1137/19/1216 1003/19/1215 1114/19/1202
f 1174/19/1243 1075/19/1163 1113/19/1244
f 1175/19/1245 1074/19/1190 990/19/1192
f 1175/19/1245 990/19/1192 1139/19/1217
f 1115/19/1246 1176/19/1247 1157/19/1233
f 1158/19/1248 1116/19/1249 1177/19/1250
f 1196/19/1251 1161/19/1252 1122/19/1220
f 1123/19/1207 1121/19/1205 1162/19/1253
f 1142/19/1254 1181/19/1255 1196/19/1251
f 1163/19/1221 1123/19/1207 1180/19/1256
f 1200/19/1257 1181/19/1255 1143/19/1258
f 1200/19/1257 1143/19/1258 1144/19/1259
f 1183/19/1260 1164/19/1261 1182/19/1262
f 1184/19/1263 1144/19/1259 1128/19/1210
f 1128/19/1210 1146/19/1237 1186/19/1264
f 1166/19/1229 1129/19/1228 1185/19/1265
f 1132/19/1211 1085/19/1197 1188/19/1266
f 1150/19/1230 1132/19/1211 1188/19/1266
f 1168/19/1267 1108/19/1227 1148/19/1268
f 1208/19/1269 1107/19/1270 1135/19/1240
f 1226/19/1271 1088/19/1184 1190/19/1272
f 1170/19/1232 1190/19/1272 1088/19/1184
f 1090/19/1186 994/19/1082 1154/19/1273
f 1191/19/1274 1094/19/1162 1093/19/1188
f 1156/19/1275 1094/19/1162 1191/19/1274
f 1192/19/1276 1015/19/1160 1137/19/1216
f 1212/19/1277 1159/19/1234 1157/19/1233
f 1181/19/1255 1197/19/1278 1196/19/1251
f 1182/19/1262 1163/19/1221 1199/19/1279
f 1216/19/1280 1182/19/1262 1199/19/1279
f 1201/19/1281 1200/19/1257 1144/19/1259
f 1202/19/1282 1201/19/1281 1184/19/1263
f 1205/19/1283 1188/19/1266 1149/19/1284
f 1207/19/1239 1150/19/1230 1189/19/1285
f 1170/19/1232 1070/19/1231 1271/19/1286
f 1070/19/1231 1210/19/1287 1271/19/1286
f 1243/19/1288 1138/19/1289 1094/19/1162
f 1175/19/1245 1139/19/1217 1194/19/1290
f 1177/19/1250 1160/19/1235 1213/19/1291
f 1161/19/1252 1214/19/1292 1213/19/1291
f 1179/19/1293 1162/19/1253 1248/19/1294
f 1214/19/1292 1161/19/1252 1196/19/1251
f 1215/19/1295 1200/19/1257 1201/19/1281
f 1204/19/1296 1203/19/1297 1219/19/1298
f 1184/19/1263 1186/19/1264 1220/19/1299
f 1166/19/1229 1185/19/1265 1222/19/1300
f 1222/19/1300 1187/19/1301 1166/19/1229
f 1189/19/1285 1188/19/1266 1224/19/1302
f 1168/19/1267 1148/19/1268 1225/19/1303
f 1225/19/1303 1206/19/1304 1168/19/1267
f 1326/19/1305 1356/19/1306 1172/19/1201
f 1212/19/1277 1157/19/1233 1176/19/1247
f 1197/19/1278 1214/19/1292 1196/19/1251
f 1198/19/1307 1179/19/1293 1229/19/1308
f 1232/19/1309 1215/19/1295 1202/19/1282
f 1250/19/1310 1216/19/1280 1231/19/1311
f 1203/19/1297 1216/19/1280 1218/19/1312
f 1218/19/1312 1219/19/1298 1203/19/1297
f 1220/19/1299 1217/19/1313 1184/19/1263
f 1165/19/1238 1147/19/1226 1235/19/1314
f 1223/19/1315 1187/19/1301 1236/19/1316
f 1167/19/1317 1169/19/1318 1237/19/1319
f 1238/19/1320 1225/19/1303 1148/19/1268
f 1169/19/1318 1208/19/1269 1254/19/1321
f 1152/19/1241 1226/19/1322 1241/19/1242
f 1171/19/1323 1153/19/1324 978/19/1074
f 1258/19/1325 1175/19/1245 1194/19/1290
f 1245/19/1326 1212/19/1277 1176/19/1247
f 1177/19/1250 1228/19/1327 1158/19/1248
f 1195/19/1328 1246/19/1329 1248/19/1294
f 1231/19/1311 1198/19/1307 1249/19/1330
f 1232/19/1309 1197/19/1278 1215/19/1295
f 1250/19/1310 1218/19/1312 1216/19/1280
f 1233/19/1331 1217/19/1313 1251/19/1332
f 1219/19/1298 1218/19/1312 1252/19/1333
f 1221/19/1334 1165/19/1238 1235/19/1314
f 1155/19/1159 1112/19/1214 1272/19/1335
f 1245/19/1326 1246/19/1329 1212/19/1277
f 1228/19/1327 1177/19/1250 1247/19/1336
f 1260/19/1337 1233/19/1331 1251/19/1332
f 1262/19/1338 1218/19/1312 1250/19/1310
f 1251/19/1332 1217/19/1313 1263/19/1339
f 1219/19/1298 1252/19/1333 1264/19/1340
f 1220/19/1299 1221/19/1334 1265/19/1341
f 1236/19/1316 1253/19/1342 1223/19/1315
f 1240/19/1343 1284/19/1344 1224/19/1302
f 1226/19/1322 1268/19/1345 1241/19/1242
f 1268/19/1345 1226/19/1322 1269/19/1346
f 1209/19/1200 1256/19/1347 1171/19/1323
f 1316/19/1348 1112/19/1214 1072/19/1187
f 1227/19/1349 1174/19/1243 1113/19/1244
f 1274/19/1350 1248/19/1294 1246/19/1329
f 1259/19/1351 1248/19/1294 1274/19/1350
f 1249/19/1330 1229/19/1308 1259/19/1351
f 1231/19/1311 1249/19/1330 1277/19/1352
f 1279/19/1353 1231/19/1311 1277/19/1352
f 1261/19/1354 1231/19/1311 1279/19/1353
f 1218/19/1312 1262/19/1338 1297/19/1355
f 1221/19/1334 1235/19/1314 1281/19/1356
f 1282/19/1357 1222/19/1300 1234/19/1358
f 1283/19/1359 1169/19/1318 1254/19/1321
f 1242/19/1360 1269/19/1361 1190/19/1272
f 1242/19/1360 1368/19/1362 1269/19/1361
f 1286/19/1363 1171/19/1323 1270/19/1364
f 1357/19/1365 1090/19/1186 1257/19/1366
f 1155/19/1159 1272/19/1335 1326/19/1305
f 1314/19/1367 1136/19/1213 1091/19/1185
f 1191/19/1274 1092/19/1189 1136/19/1213
f 1192/19/1276 1244/19/1368 1304/19/1369
f 1258/19/1325 1289/19/1370 1244/19/1368
f 1245/19/1326 1193/19/1371 1290/19/1372
f 1290/19/1372 1274/19/1350 1245/19/1326
f 1232/19/1309 1278/19/1373 1230/19/1374
f 1278/19/1373 1232/19/1309 1294/19/1375
f 1261/19/1354 1279/19/1353 1295/19/1376
f 1260/19/1337 1294/19/1375 1232/19/1309
f 1260/19/1337 1251/19/1332 1296/19/1377
f 1262/19/1338 1261/19/1354 1308/19/1378
f 1297/19/1355 1252/19/1333 1218/19/1312
f 1234/19/1358 1264/19/1340 1310/19/1379
f 1282/19/1357 1234/19/1358 1298/19/1380
f 1283/19/1359 1237/19/1319 1169/19/1318
f 1300/19/1381 1285/19/1382 1239/19/1383
f 1153/19/1324 1286/19/1363 1339/19/1384
f 1359/19/1385 1227/19/1349 1273/19/1386
f 1289/19/1370 1304/19/1369 1244/19/1368
f 1305/19/1387 1193/19/1371 1227/19/1349
f 1291/19/1388 1289/19/1370 1258/19/1325
f 1274/19/1350 1290/19/1372 1293/19/1389
f 1293/19/1389 1275/19/1390 1274/19/1350
f 1292/19/1391 1276/19/1392 1330/19/1393
f 1295/19/1376 1308/19/1378 1261/19/1354
f 1308/19/1378 1297/19/1355 1262/19/1338
f 1264/19/1340 1252/19/1333 1310/19/1379
f 1265/19/1341 1281/19/1356 1311/19/1394
f 1236/19/1316 1282/19/1357 1312/19/1395
f 1313/19/1396 1269/19/1361 1368/19/1362
f 1302/19/1397 1156/19/1275 1191/19/1274
f 1302/19/1397 1243/19/1288 1156/19/1275
f 1291/19/1388 1328/19/1398 1289/19/1370
f 1343/19/1399 1330/19/1393 1278/19/1373
f 1295/19/1376 1279/19/1353 1319/19/1400
f 1320/19/1401 1296/19/1377 1331/19/1402
f 1309/19/1403 1252/19/1333 1297/19/1355
f 1323/19/1404 1253/19/1342 1236/19/1316
f 1225/19/1303 1299/19/1405 1300/19/1381
f 1325/19/1406 1269/19/1346 1313/19/1407
f 1211/19/1408 1356/19/1306 1511/19/1409
f 1315/19/1410 1136/19/1213 1314/19/1367
f 1327/19/1411 1289/19/1370 1328/19/1398
f 1329/19/1412 1290/19/1372 1306/19/1413
f 1328/19/1398 1291/19/1388 1341/19/1414
f 1292/19/1391 1341/19/1414 1291/19/1388
f 1329/19/1412 1293/19/1389 1290/19/1372
f 1295/19/1376 1319/19/1400 1361/19/1415
f 1309/19/1403 1297/19/1355 1308/19/1378
f 1263/19/1339 1265/19/1341 1332/19/1416
f 1322/19/1417 1237/19/1319 1333/19/1418
f 1333/19/1418 1237/19/1319 1334/19/1419
f 1354/19/1420 1336/19/1421 1267/19/1422
f 1417/19/1423 1316/19/1348 1317/19/1424
f 1288/19/1425 1317/19/1424 1287/19/1426
f 1390/19/1427 1306/19/1413 1305/19/1387
f 1375/19/1428 1279/19/1353 1307/19/1429
f 1318/19/1430 1294/19/1375 1344/19/1431
f 1320/19/1401 1344/19/1431 1294/19/1375
f 1280/19/1432 1263/19/1339 1348/19/1433
f 1252/19/1333 1309/19/1403 1347/19/1434
f 1310/19/1379 1252/19/1333 1347/19/1434
f 1263/19/1339 1332/19/1416 1348/19/1433
f 1298/19/1380 1310/19/1379 1349/19/1435
f 1238/19/1320 1253/19/1342 1352/19/1436
f 1364/19/1437 1299/19/1405 1238/19/1320
f 1271/19/1286 1210/19/1287 1482/19/1438
f 1416/19/1439 1326/19/1305 1272/19/1335
f 1327/19/1411 1328/19/1398 1360/19/1440
f 1341/19/1414 1360/19/1440 1328/19/1398
f 1375/19/1428 1345/19/1441 1279/19/1353
f 1344/19/1431 1320/19/1401 1346/19/1442
f 1362/19/1443 1311/19/1394 1321/19/1444
f 1385/19/1445 1351/19/1446 1322/19/1417
f 1352/19/1436 1253/19/1342 1323/19/1404
f 1238/19/1320 1352/19/1436 1364/19/1437
f 1367/19/1447 1335/19/1448 1337/19/1449
f 1335/19/1448 1367/19/1447 1354/19/1420
f 1271/19/1286 1369/19/1450 1368/19/1362
f 1210/19/1287 1511/19/1409 1482/19/1438
f 1357/19/1365 1257/19/1366 1370/19/1451
f 1318/19/1430 1374/19/1452 1343/19/1399
f 1374/19/1452 1318/19/1430 1376/19/1453
f 1378/19/1454 1346/19/1442 1331/19/1402
f 1378/19/1454 1331/19/1402 1379/19/1455
f 1379/19/1455 1331/19/1402 1296/19/1377
f 1347/19/1434 1349/19/1435 1310/19/1379
f 1363/19/1456 1349/19/1435 1393/19/1457
f 1382/19/1458 1362/19/1443 1321/19/1444
f 1332/19/1416 1362/19/1443 1383/19/1459
f 1384/19/1460 1323/19/1404 1312/19/1395
f 1351/19/1446 1385/19/1445 1381/19/1461
f 1300/19/1381 1365/19/1462 1411/19/1463
f 1367/19/1447 1413/19/1464 1354/19/1420
f 1355/19/1465 1313/19/1407 1414/19/1466
f 1338/19/1467 1324/19/1468 1386/19/1469
f 1369/19/1450 1271/19/1286 1482/19/1438
f 1339/19/1384 1387/19/1470 1154/19/1273
f 1302/19/1397 1191/19/1274 1301/19/1471
f 1401/19/1472 1307/19/1429 1342/19/1473
f 1487/19/1474 1319/19/1400 1345/19/1441
f 1393/19/1457 1347/19/1434 1394/19/1475
f 1348/19/1433 1332/19/1416 1383/19/1459
f 1353/19/1476 1254/19/1321 1366/19/1477
f 1367/19/1447 1337/19/1449 1466/19/1478
f 1370/19/1451 1314/19/1367 1357/19/1365
f 1399/19/1479 1301/19/1471 1398/19/1480
f 1360/19/1440 1400/19/1481 1327/19/1411
f 1377/19/1482 1346/19/1442 1378/19/1454
f 1406/19/1483 1407/19/1484 1384/19/1460
f 1385/19/1445 1333/19/1418 1421/19/1485
f 1410/19/1486 1353/19/1476 1366/19/1477
f 1454/19/1487 1338/19/1467 1386/19/1469
f 1313/19/1396 1369/19/1450 1397/19/1488
f 1356/19/1306 1542/19/1489 1511/19/1409
f 1370/19/1451 1257/19/1366 1415/19/1490
f 1356/19/1306 1416/19/1439 1542/19/1489
f 1371/19/1491 1317/19/1424 1288/19/1425
f 1388/19/1492 1340/19/1493 1302/19/1397
f 1400/19/1481 1545/19/1494 1327/19/1411
f 1389/19/1495 1372/19/1496 1390/19/1427
f 1360/19/1440 1392/19/1497 1486/19/1498
f 1418/19/1499 1344/19/1431 1346/19/1442
f 1396/19/1500 1384/19/1460 1407/19/1484
f 1381/19/1461 1421/19/1485 1409/19/1501
f 1383/19/1459 1422/19/1502 1423/19/1503
f 1363/19/1456 1420/19/1504 1424/19/1505
f 1424/19/1505 1406/19/1483 1363/19/1456
f 1425/19/1506 1396/19/1500 1426/19/1507
f 1421/19/1485 1410/19/1486 1460/19/1508
f 1408/19/1509 1381/19/1461 1431/19/1510
f 1425/19/1506 1364/19/1437 1352/19/1436
f 1430/19/1511 1424/19/1505 1420/19/1504
f 1430/19/1511 1427/19/1512 1424/19/1505
f 1432/19/1513 1463/19/1514 1430/19/1511
f 1433/19/1515 1432/19/1513 1430/19/1511
f 1434/19/1516 1431/19/1510 1435/19/1517
f 1436/19/1518 1433/19/1515 1430/19/1511
f 1434/19/1516 1435/19/1517 1438/19/1519
f 1443/19/1520 1440/19/1521 1439/19/1522
f 1442/19/1523 1447/19/1524 1448/19/1525
f 1446/19/1526 1452/19/1527 1453/19/1528
f 1455/19/1529 1399/19/1479 1398/19/1480
f 1302/19/1397 1399/19/1479 1388/19/1492
f 1400/19/1481 1360/19/1440 1486/19/1498
f 1513/19/1530 1375/19/1428 1401/19/1472
f 1567/19/1531 1487/19/1474 1345/19/1441
f 1457/19/1532 1309/19/1403 1404/19/1533
f 1426/19/1507 1407/19/1484 1406/19/1483
f 1459/19/1534 1409/19/1501 1421/19/1485
f 1461/19/1535 1406/19/1483 1427/19/1512
f 1426/19/1507 1406/19/1483 1461/19/1535
f 1462/19/1536 1460/19/1508 1410/19/1486
f 1365/19/1462 1364/19/1437 1464/19/1537
f 1436/19/1518 1430/19/1511 1420/19/1504
f 1467/19/1538 1436/19/1518 1420/19/1504
f 1468/19/1539 1428/19/1540 1434/19/1516
f 1432/19/1513 1469/19/1541 1463/19/1514
f 1437/19/1542 1469/19/1541 1432/19/1513
f 1438/19/1519 1470/19/1543 1475/19/1544
f 1435/19/1517 1470/19/1543 1438/19/1519
f 1472/19/1545 1434/19/1516 1471/19/1546
f 1474/19/1547 1437/19/1542 1433/19/1515
f 1474/19/1547 1436/19/1518 1499/19/1548
f 1471/19/1546 1438/19/1519 1477/19/1549
f 1443/19/1550 1478/19/1551 1450/19/1552
f 1452/19/1527 1446/19/1526 1481/19/1553
f 1453/19/1528 1449/19/1554 1447/19/1555
f 1621/19/1556 1370/19/1451 1415/19/1490
f 1416/19/1439 1564/19/1557 1542/19/1489
f 1372/19/1496 1389/19/1495 1485/19/1558
f 1485/19/1558 1391/19/1559 1372/19/1496
f 1403/19/1560 1319/19/1400 1488/19/1561
f 1489/19/1562 1404/19/1533 1550/19/1563
f 1490/19/1564 1394/19/1475 1572/19/1565
f 1490/19/1564 1393/19/1457 1394/19/1475
f 1490/19/1564 1458/19/1566 1393/19/1457
f 1395/19/1567 1423/19/1503 1491/19/1568
f 1492/19/1569 1423/19/1503 1422/19/1502
f 1467/19/1538 1419/19/1570 1458/19/1566
f 1461/19/1535 1427/19/1512 1463/19/1514
f 1521/19/1571 1365/19/1462 1464/19/1537
f 1462/19/1536 1366/19/1477 1465/19/1572
f 1467/19/1538 1420/19/1504 1419/19/1570
f 1492/19/1569 1422/19/1502 1468/19/1539
f 1492/19/1569 1468/19/1539 1498/19/1573
f 1469/19/1541 1437/19/1542 1500/19/1574
f 1471/19/1546 1473/19/1575 1472/19/1545
f 1437/19/1542 1476/19/1576 1501/19/1577
f 1477/19/1549 1475/19/1544 1502/19/1578
f 1440/19/1521 1503/19/1579 1439/19/1522
f 1441/19/1580 1442/19/1523 1505/19/1581
f 1481/19/1553 1446/19/1526 1507/19/1582
f 1414/19/1466 1510/19/1583 1591/19/1584
f 1369/19/1450 1594/19/1585 1397/19/1488
f 1415/19/1490 1387/19/1470 1595/19/1586
f 1272/19/1335 1565/19/1587 1416/19/1439
f 1543/19/1588 1398/19/1480 1315/19/1410
f 1545/19/1494 1371/19/1491 1358/19/1589
f 1374/19/1452 1549/19/1590 1392/19/1497
f 1376/19/1453 1549/19/1590 1374/19/1452
f 1567/19/1531 1375/19/1428 1513/19/1530
f 1376/19/1453 1402/19/1591 1568/19/1592
f 1515/19/1593 1457/19/1532 1404/19/1533
f 1572/19/1565 1394/19/1475 1457/19/1532
f 1517/19/1594 1380/19/1595 1395/19/1567
f 1491/19/1568 1423/19/1503 1492/19/1569
f 1518/19/1596 1467/19/1538 1458/19/1566
f 1426/19/1507 1461/19/1535 1519/19/1597
f 1520/19/1598 1460/19/1508 1462/19/1536
f 1523/19/1599 1495/19/1600 1459/19/1534
f 1500/19/1574 1437/19/1542 1531/19/1601
f 1501/19/1577 1531/19/1601 1437/19/1542
f 1473/19/1575 1471/19/1546 1535/19/1602
f 1533/19/1603 1476/19/1576 1474/19/1547
f 1533/19/1603 1474/19/1547 1536/19/1604
f 1534/19/1605 1535/19/1602 1477/19/1549
f 1440/19/1521 1445/19/1606 1538/19/1607
f 1479/19/1608 1538/19/1607 1445/19/1606
f 1441/19/1580 1583/19/1609 1507/19/1610
f 1478/19/1611 1444/19/1612 1539/19/1613
f 1540/19/1614 1508/19/1615 1449/19/1616
f 1540/19/1617 1449/19/1554 1509/19/1618
f 1482/19/1438 1778/19/1619 1674/19/1620
f 1565/19/1587 1272/19/1335 1483/19/1621
f 1544/19/1622 1417/19/1423 1456/19/1623
f 1456/19/1623 1371/19/1491 1545/19/1494
f 1546/19/1624 1389/19/1495 1388/19/1492
f 1547/19/1625 1373/19/1626 1485/19/1558
f 1566/19/1627 1401/19/1472 1373/19/1626
f 1548/19/1628 1392/19/1497 1549/19/1590
f 1401/19/1472 1566/19/1627 1513/19/1530
f 1599/19/1629 1377/19/1482 1514/19/1630
f 1551/19/1631 1379/19/1455 1405/19/1632
f 1464/19/1537 1493/19/1633 1552/19/1634
f 1553/19/1635 1526/19/1636 1525/19/1637
f 1499/19/1548 1497/19/1638 1557/19/1639
f 1498/19/1573 1473/19/1575 1558/19/1640
f 1473/19/1575 1535/19/1602 1558/19/1640
f 1501/19/1577 1476/19/1576 1533/19/1603
f 1537/19/1641 1448/19/1525 1559/19/1642
f 1561/19/1643 1450/19/1552 1541/19/1644
f 1510/19/1645 1397/19/1488 1563/19/1646
f 1563/19/1646 1397/19/1488 1594/19/1585
f 1482/19/1438 1674/19/1620 1594/19/1585
f 1376/19/1453 1629/19/1647 1549/19/1590
f 1629/19/1647 1376/19/1453 1568/19/1592
f 1655/19/1648 1550/19/1563 1403/19/1560
f 1404/19/1533 1570/19/1649 1515/19/1593
f 1573/19/1650 1517/19/1594 1491/19/1568
f 1573/19/1650 1491/19/1568 1496/19/1651
f 1574/19/1652 1490/19/1564 1600/19/1653
f 1523/19/1599 1520/19/1598 1576/19/1654
f 1575/19/1655 1496/19/1651 1529/19/1656
f 1556/19/1657 1529/19/1656 1498/19/1573
f 1555/19/1658 1497/19/1638 1527/19/1659
f 1584/19/1660 1507/19/1610 1583/19/1609
f 1648/19/1661 1585/19/1662 1508/19/1615
f 1478/19/1611 1539/19/1613 1586/19/1663
f 1478/19/1551 1586/19/1664 1588/19/1665
f 1541/19/1644 1478/19/1551 1588/19/1665
f 1590/19/1666 1451/19/1667 1450/19/1552
f 1590/19/1666 1480/19/1668 1451/19/1667
f 1589/19/1669 1480/19/1668 1590/19/1666
f 1481/19/1670 1618/19/1671 1452/19/1672
f 1511/19/1409 1542/19/1489 1778/19/1619
f 1625/19/1673 1485/19/1558 1546/19/1624
f 1568/19/1592 1402/19/1591 1678/19/1674
f 1678/19/1674 1402/19/1591 1418/19/1499
f 1377/19/1482 1599/19/1629 1418/19/1499
f 1466/19/1478 1494/19/1675 1601/19/1676
f 1411/19/1463 1659/19/1677 1494/19/1675
f 1576/19/1678 1525/19/1637 1523/19/1599
f 1526/19/1636 1553/19/1635 1605/19/1679
f 1604/19/1680 1528/19/1681 1606/19/1682
f 1575/19/1655 1529/19/1656 1556/19/1657
f 1606/19/1682 1554/19/1683 1607/19/1684
f 1578/19/1685 1557/19/1639 1555/19/1658
f 1533/19/1603 1536/19/1604 1612/19/1686
f 1501/19/1577 1533/19/1603 1612/19/1687
f 1442/19/1523 1537/19/1641 1582/19/1688
f 1505/19/1581 1583/19/1609 1504/19/1689
f 1615/19/1690 1479/19/1608 1646/19/1691
f 1616/19/1692 1586/19/1663 1539/19/1613
f 1648/19/1661 1540/19/1614 1617/19/1693
f 1593/19/1694 1454/19/1487 1386/19/1469
f 1622/19/1695 1484/19/1696 1455/19/1529
f 1484/19/1696 1622/19/1695 1623/19/1697
f 1456/19/1623 1545/19/1494 1624/19/1698
f 1598/19/1699 1624/19/1698 1545/19/1494
f 1546/19/1624 1623/19/1697 1625/19/1673
f 1549/19/1590 1629/19/1647 1548/19/1628
f 1628/19/1700 1513/19/1530 1566/19/1627
f 1514/19/1630 1379/19/1455 1551/19/1631
f 1570/19/1649 1489/19/1562 1569/19/1701
f 1657/19/1702 1573/19/1650 1575/19/1655
f 1631/19/1703 1494/19/1675 1659/19/1677
f 1603/19/1704 1659/19/1677 1411/19/1463
f 1603/19/1704 1604/19/1680 1633/19/1705
f 1634/19/1706 1526/19/1636 1605/19/1679
f 1526/19/1636 1634/19/1706 1530/19/1707
f 1635/19/1708 1575/19/1655 1556/19/1657
f 1530/19/1707 1634/19/1706 1636/19/1709
f 1636/19/1709 1577/19/1710 1530/19/1707
f 1555/19/1658 1662/19/1711 1578/19/1685
f 1635/19/1708 1556/19/1657 1558/19/1640
f 1554/19/1683 1531/19/1601 1637/19/1712
f 1640/19/1713 1580/19/1714 1610/19/1715
f 1639/19/1716 1612/19/1687 1641/19/1717
f 1580/19/1714 1640/19/1713 1642/19/1718
f 1444/19/1612 1614/19/1719 1643/19/1720
f 1583/19/1609 1505/19/1581 1644/19/1721
f 1539/19/1613 1444/19/1612 1643/19/1720
f 1694/19/1722 1540/19/1617 1509/19/1618
f 1540/19/1617 1694/19/1722 1617/19/1723
f 1619/19/1724 1652/19/1725 1386/19/1469
f 1620/19/1726 1653/19/1727 1595/19/1586
f 1629/19/1647 1627/19/1728 1548/19/1628
f 1514/19/1630 1656/19/1729 1599/19/1629
f 1700/19/1730 1551/19/1631 1571/19/1731
f 1574/19/1652 1600/19/1653 1733/19/1732
f 1631/19/1703 1601/19/1676 1494/19/1675
f 1522/19/1733 1601/19/1676 1681/19/1734
f 1632/19/1735 1662/19/1711 1555/19/1658
f 1661/19/1736 1575/19/1655 1635/19/1708
f 1638/19/1737 1635/19/1708 1558/19/1640
f 1579/19/1738 1580/19/1714 1663/19/1739
f 1641/19/1740 1612/19/1686 1608/19/1741
f 1580/19/1714 1642/19/1718 1663/19/1739
f 1665/19/1742 1613/19/1743 1503/19/1579
f 1538/19/1607 1746/19/1744 1645/19/1745
f 1668/19/1746 1559/19/1642 1585/19/1662
f 1616/19/1692 1539/19/1613 1667/19/1747
f 1586/19/1663 1616/19/1692 1669/19/1748
f 1649/19/1749 1560/19/1750 1647/19/1751
f 1694/19/1722 1509/19/1618 1693/19/1752
f 1670/19/1753 1590/19/1666 1561/19/1643
f 1618/19/1671 1671/19/1754 1562/19/1755
f 1594/19/1585 1673/19/1756 1672/19/1757
f 1778/19/1619 1819/19/1758 1674/19/1620
f 1622/19/1695 1455/19/1529 1543/19/1588
f 1622/19/1695 1728/19/1759 1623/19/1697
f 1548/19/1628 1676/19/1760 1626/19/1761
f 1697/19/1762 1678/19/1674 1418/19/1499
f 1551/19/1631 1699/19/1763 1514/19/1630
f 1569/19/1701 1698/19/1764 1731/19/1765
f 1515/19/1593 1732/19/1766 1572/19/1565
f 1701/19/1767 1516/19/1768 1517/19/1594
f 1680/19/1769 1679/19/1770 1573/19/1650
f 1680/19/1769 1573/19/1650 1657/19/1702
f 1632/19/1735 1574/19/1652 1733/19/1732
f 1637/19/1712 1609/19/1771 1684/19/1772
f 1663/19/1739 1642/19/1718 1719/19/1773
f 1686/19/1774 1640/19/1713 1610/19/1715
f 1687/19/1775 1665/19/1742 1688/19/1776
f 1559/19/1642 1690/19/1777 1666/19/1778
f 1644/19/1721 1584/19/1660 1583/19/1609
f 1587/19/1779 1589/19/1780 1692/19/1781
f 1562/19/1755 1693/19/1752 1509/19/1618
f 1753/19/1782 1593/19/1694 1652/19/1725
f 1542/19/1489 1564/19/1557 2078/19/1783
f 1779/19/1784 1512/19/1785 1596/19/1786
f 1695/19/1787 1565/19/1587 1675/19/1788
f 1567/19/1531 1677/19/1789 1730/19/1790
f 1698/19/1764 1655/19/1648 1782/19/1791
f 1701/19/1767 1571/19/1731 1516/19/1768
f 1757/19/1792 1572/19/1565 1732/19/1766
f 1517/19/1594 1679/19/1770 1701/19/1767
f 1703/19/1793 1576/19/1654 1681/19/1734
f 1660/19/1794 1704/19/1795 1633/19/1705
f 1707/19/1796 1660/19/1794 1606/19/1682
f 1708/19/1797 1662/19/1711 1682/19/1798
f 1707/19/1796 1606/19/1682 1607/19/1684
f 1578/19/1685 1711/19/1799 1608/19/1741
f 1713/19/1800 1638/19/1737 1663/19/1739
f 1609/19/1771 1685/19/1801 1714/19/1802
f 1686/19/1774 1610/19/1715 1716/19/1803
f 1642/19/1718 1718/19/1804 1719/19/1773
f 1614/19/1719 1687/19/1775 1720/19/1805
f 1645/19/1745 1688/19/1776 1665/19/1742
f 1690/19/1777 1559/19/1642 1721/19/1806
f 1723/19/1807 1584/19/1660 1644/19/1721
f 1584/19/1660 1723/19/1807 1647/19/1751
f 1649/19/1749 1647/19/1751 1774/19/1808
f 1750/19/1809 1589/19/1669 1590/19/1666
f 1727/19/1810 1415/19/1490 1595/19/1586
f 1621/19/1556 1415/19/1490 1727/19/1810
f 1564/19/1557 1909/19/1811 2078/19/1783
f 1625/19/1673 1623/19/1697 1821/19/1812
f 1629/19/1647 1861/19/1813 1627/19/1728
f 1698/19/1764 1784/19/1814 1731/19/1765
f 1570/19/1649 1732/19/1766 1515/19/1593
f 1659/19/1677 1702/19/1815 1631/19/1703
f 1681/19/1734 1601/19/1676 1734/19/1816
f 1682/19/1798 1632/19/1735 1733/19/1732
f 1658/19/1817 1702/19/1815 1659/19/1677
f 1735/19/1818 1707/19/1796 1607/19/1684
f 1735/19/1818 1607/19/1684 1637/19/1712
f 1637/19/1712 1684/19/1772 1736/19/1819
f 1712/19/1820 1636/19/1709 1710/19/1821
f 1608/19/1741 1737/19/1822 1641/19/1740
f 1739/19/1823 1715/19/1824 1641/19/1717
f 1685/19/1801 1715/19/1824 1763/19/1825
f 1687/19/1775 1740/19/1826 1741/19/1827
f 1743/19/1828 1690/19/1777 1744/19/1829
f 1745/19/1830 1688/19/1776 1645/19/1745
f 1691/19/1831 1643/19/1720 1720/19/1805
f 1691/19/1831 1667/19/1747 1643/19/1720
f 1646/19/1691 1747/19/1832 1746/19/1744
f 1651/19/1833 1776/19/1834 1618/19/1671
f 1592/19/1835 1672/19/1757 1907/19/1836
f 1673/19/1756 1674/19/1620 1819/19/1758
f 1859/19/1837 1675/19/1788 1654/19/1838
f 1676/19/1760 1548/19/1628 1781/19/1839
f 1677/19/1789 1628/19/1700 1755/19/1840
f 1756/19/1841 1629/19/1647 1568/19/1592
f 1730/19/1790 1677/19/1789 1823/19/1842
f 1706/19/1843 1868/19/1844 1793/19/1845
f 1713/19/1800 1663/19/1739 1719/19/1773
f 1719/19/1773 1738/19/1846 1713/19/1800
f 1764/19/1847 1762/19/1848 1714/19/1802
f 1718/19/1804 1686/19/1774 1766/19/1849
f 1739/19/1823 1763/19/1825 1715/19/1824
f 1801/19/1850 1763/19/1825 1739/19/1823
f 1766/19/1849 1716/19/1803 1768/19/1851
f 1720/19/1805 1741/19/1827 1769/19/1852
f 1741/19/1827 1720/19/1805 1687/19/1775
f 1745/19/1830 1645/19/1745 1772/19/1853
f 1772/19/1853 1645/19/1745 1746/19/1744
f 1773/19/1854 1668/19/1746 1851/19/1855
f 1749/19/1856 1813/19/1857 1648/19/1661
f 1618/19/1671 1776/19/1834 1671/19/1754
f 1592/19/1858 1777/19/1859 1725/19/1860
f 1673/19/1756 1856/19/1861 1672/19/1757
f 1753/19/1782 1653/19/1727 1620/19/1726
f 1695/19/1787 1910/19/1862 1565/19/1587
f 1859/19/1837 1858/19/1863 1695/19/1787
f 1780/19/1864 1624/19/1698 1626/19/1761
f 1824/19/1865 1678/19/1674 1697/19/1762
f 1698/19/1764 1863/19/1866 1784/19/1814
f 1699/19/1763 1783/19/1867 1656/19/1729
f 1699/19/1763 1700/19/1730 1785/19/1868
f 1829/19/1869 1679/19/1770 1680/19/1769
f 1786/19/1870 1733/19/1732 1757/19/1792
f 1829/19/1869 1680/19/1769 1758/19/1871
f 1682/19/1798 1733/19/1732 1786/19/1870
f 1631/19/1703 1788/19/1872 1830/19/1873
f 1791/19/1874 1758/19/1871 1661/19/1736
f 1706/19/1843 1705/19/1875 1868/19/1844
f 1707/19/1796 1792/19/1876 1704/19/1795
f 1794/19/1877 1712/19/1820 1710/19/1821
f 1737/19/1822 1761/19/1878 1641/19/1740
f 1762/19/1848 1760/19/1879 1714/19/1802
f 1738/19/1846 1718/19/1804 1767/19/1880
f 1765/19/1881 1768/19/1851 1717/19/1882
f 1801/19/1850 1739/19/1823 1797/19/1883
f 1768/19/1851 1765/19/1881 1799/19/1884
f 1800/19/1885 1767/19/1880 1766/19/1849
f 1802/19/1886 1768/19/1851 1842/19/1887
f 1804/19/1888 1764/19/1847 1763/19/1825
f 1740/19/1826 1742/19/1889 1845/19/1890
f 1771/19/1891 1808/19/1892 1722/19/1893
f 1810/19/1894 1721/19/1806 1668/19/1746
f 1746/19/1744 1747/19/1832 1772/19/1853
f 1811/19/1895 1667/19/1747 1691/19/1831
f 1815/19/1896 1775/19/1897 1692/19/1781
f 1816/19/1898 1749/19/1856 1617/19/1693
f 1651/19/1899 1649/19/1900 1852/19/1901
f 1694/19/1722 1816/19/1902 1617/19/1723
f 1777/19/1859 1818/19/1903 1725/19/1860
f 1592/19/1858 1907/19/1836 1777/19/1859
f 1565/19/1587 1910/19/1862 1564/19/1557
f 1959/19/1904 1754/19/1905 1779/19/1784
f 1859/19/1837 1654/19/1838 1820/19/1906
f 1820/19/1906 1654/19/1838 1696/19/1907
f 1781/19/1839 1627/19/1728 1822/19/1908
f 1628/19/1700 1860/19/1909 1961/19/1910
f 1677/19/1789 1755/19/1840 1823/19/1842
f 1756/19/1841 1861/19/1813 1629/19/1647
f 1630/19/1911 1862/19/1912 1655/19/1648
f 1697/19/1762 1656/19/1729 1783/19/1867
f 1785/19/1868 1914/19/1913 1699/19/1763
f 1825/19/1914 1785/19/1868 1700/19/1730
f 1825/19/1914 1700/19/1730 1701/19/1767
f 1827/19/1915 1732/19/1766 1826/19/1916
f 1865/19/1917 1701/19/1767 1679/19/1770
f 1734/19/1816 1787/19/1918 1789/19/1919
f 1758/19/1871 1968/19/1920 1829/19/1869
f 1833/19/1921 1682/19/1798 1786/19/1870
f 1735/19/1818 1792/19/1876 1707/19/1796
f 1920/19/1922 1711/19/1799 1870/19/1923
f 1873/19/1924 1638/19/1737 1713/19/1800
f 1795/19/1925 1712/19/1820 1794/19/1877
f 1713/19/1800 1738/19/1846 1836/19/1926
f 1760/19/1879 1762/19/1848 1837/19/1927
f 1761/19/1878 1796/19/1928 1739/19/1823
f 1738/19/1846 1767/19/1880 1877/19/1929
f 1839/19/1930 1877/19/1929 1767/19/1880
f 1797/19/1883 1796/19/1928 1840/19/1931
f 1801/19/1850 1803/19/1932 1804/19/1888
f 1798/19/1933 1805/19/1934 1841/19/1935
f 1842/19/1887 1799/19/1884 1879/19/1936
f 1803/19/1932 1797/19/1883 1843/19/1937
f 1800/19/1885 1802/19/1886 1844/19/1938
f 1806/19/1939 1741/19/1827 1740/19/1826
f 1846/19/1940 1771/19/1891 1743/19/1828
f 1720/19/1805 1769/19/1852 1848/19/1941
f 1895/19/1942 1721/19/1806 1810/19/1894
f 1745/19/1830 1772/19/1853 1847/19/1943
f 1811/19/1895 1691/19/1831 1848/19/1941
f 1723/19/1807 1814/19/1944 1774/19/1808
f 1724/19/1945 1669/19/1946 1853/19/1947
f 1693/19/1752 1855/19/1948 1694/19/1722
f 1956/19/1949 1753/19/1782 1752/19/1950
f 1653/19/1727 1753/19/1782 1956/19/1949
f 1958/19/1951 1596/19/1786 1727/19/1810
f 1822/19/1908 1627/19/1728 1861/19/1813
f 1628/19/1700 1961/19/1910 1755/19/1840
f 1862/19/1912 1730/19/1790 1823/19/1842
f 1965/19/1952 1784/19/1814 1863/19/1866
f 1786/19/1870 1757/19/1792 1828/19/1953
f 1788/19/1872 1969/19/1954 1866/19/1955
f 1867/19/1956 1787/19/1918 1831/19/1957
f 1787/19/1918 1867/19/1956 1789/19/1919
f 1702/19/1815 1790/19/1958 1970/19/1959
f 1705/19/1875 1832/19/1960 1868/19/1844
f 1792/19/1876 1869/19/1961 1790/19/1958
f 1759/19/1962 1793/19/1845 1918/19/1963
f 1871/19/1964 1735/19/1818 1835/19/1965
f 1759/19/1962 1872/19/1966 1794/19/1877
f 1835/19/1965 1736/19/1819 1760/19/1879
f 1876/19/1967 1761/19/1878 1737/19/1822
f 1875/19/1968 1838/19/1969 1795/19/1925
f 1876/19/1967 1796/19/1928 1761/19/1878
f 1838/19/1969 1799/19/1884 1765/19/1881
f 1837/19/1927 1798/19/1933 1878/19/1970
f 1804/19/1888 1803/19/1932 1881/19/1971
f 1882/19/1972 1802/19/1886 1842/19/1887
f 1882/19/1972 1842/19/1887 1883/19/1973
f 1887/19/1974 1931/19/1975 1886/19/1976
f 1888/19/1977 1885/19/1978 1884/19/1979
f 1891/19/1980 1890/19/1981 1807/19/1982
f 1845/19/1890 1889/19/1983 1888/19/1984
f 1742/19/1889 1889/19/1983 1845/19/1890
f 1807/19/1982 1890/19/1981 1846/19/1940
f 1741/19/1827 1806/19/1939 1888/19/1984
f 1807/19/1982 1744/19/1829 1891/19/1980
f 1769/19/1852 1741/19/1827 1893/19/1985
f 1894/19/1986 1808/19/1892 1771/19/1891
f 1849/19/1987 2065/19/1988 1772/19/1853
f 1897/19/1989 1850/19/1990 1809/19/1991
f 1850/19/1990 1899/19/1992 1723/19/1807
f 1812/19/1993 1900/19/1994 1898/19/1995
f 1901/19/1996 1748/19/1997 1948/19/1998
f 1901/19/1996 1903/19/1999 1748/19/1997
f 1900/19/1994 1812/19/1993 1775/19/1897
f 1904/19/2000 1650/19/2001 1724/19/1945
f 1590/19/1666 1905/19/2002 2010/19/2003
f 2010/19/2003 1750/19/1809 1590/19/1666
f 1776/19/1834 1953/19/2004 1671/19/1754
f 1751/19/2005 1954/19/2006 1693/19/1752
f 1954/19/2006 1855/19/1948 1693/19/1752
f 1752/19/1950 1818/19/1903 1906/19/2007
f 1752/19/1950 1906/19/2007 1956/19/1949
f 1856/19/1861 1907/19/1836 1672/19/1757
f 1908/19/2008 1595/19/1586 1726/19/2009
f 1778/19/1619 2078/19/1783 1957/19/2010
f 1779/19/1784 1596/19/1786 1958/19/1951
f 1564/19/1557 1910/19/1862 1909/19/1811
f 1962/19/2011 1861/19/1813 1756/19/1841
f 1966/19/2012 1783/19/1867 1699/19/1763
f 1731/19/1765 1864/19/2013 1915/19/2014
f 1916/19/2015 1825/19/1914 1701/19/1767
f 1788/19/1872 1970/19/1959 1969/19/1954
f 1867/19/1956 1917/19/2016 1789/19/1919
f 1967/19/2017 1833/19/1921 1786/19/1870
f 1791/19/1874 2025/19/2018 1968/19/1920
f 1974/19/2019 1791/19/1874 1834/19/2020
f 1919/19/2021 1870/19/1923 1972/19/2022
f 1870/19/1923 1919/19/2021 1920/19/1922
f 1920/19/1922 1978/19/2023 1737/19/1822
f 1876/19/1967 1737/19/1822 1978/19/2023
f 1836/19/1926 1877/19/1929 1979/19/2024
f 1922/19/2025 1838/19/1969 1875/19/1968
f 1924/19/2026 1796/19/1928 1876/19/1967
f 1925/19/2027 1877/19/1929 1839/19/1930
f 1839/19/1930 1844/19/1938 1926/19/2028
f 1881/19/1971 1803/19/1932 1927/19/2029
f 1842/19/1887 1879/19/1936 1883/19/1973
f 1805/19/1934 1881/19/1971 1928/19/2030
f 1928/19/2030 1841/19/1935 1805/19/1934
f 1934/19/2031 1930/19/2032 1992/19/2033
f 1935/19/2034 1932/19/2035 1931/19/1975
f 1936/19/2036 1930/19/2032 1885/19/1978
f 1931/19/1975 1887/19/1974 1935/19/2034
f 1938/19/2037 1934/19/2031 1933/19/2038
f 1938/19/2037 1884/19/1979 1934/19/2031
f 1892/19/2039 1890/19/1981 1886/19/1976
f 1939/19/2040 1887/19/1974 1891/19/1980
f 1888/19/1977 1938/19/2037 1941/19/2041
f 1938/19/2037 1888/19/1977 1884/19/1979
f 1936/19/2036 1889/19/1983 1942/19/2042
f 1944/19/2043 1892/19/2039 1943/19/2044
f 1893/19/1985 1741/19/1827 1941/19/2041
f 1944/19/2043 1894/19/1986 1771/19/1891
f 1896/19/2045 1769/19/1852 1893/19/1985
f 1895/19/1942 1810/19/1894 2004/19/2046
f 2004/19/2046 1810/19/1894 1947/19/2047
f 2064/19/2048 1811/19/1895 1848/19/1941
f 1851/19/1855 1947/19/2047 1810/19/1894
f 1899/19/1992 1850/19/1990 1897/19/1989
f 1947/19/2047 1851/19/1855 1949/19/2049
f 1813/19/1857 1902/19/2050 1949/19/2049
f 1950/19/2051 1814/19/1944 1899/19/1992
f 1852/19/1901 1950/19/2051 1951/19/2052
f 1952/19/2053 1751/19/2005 1671/19/1754
f 1904/19/2000 2009/19/2054 1650/19/2001
f 2010/19/2003 1817/19/2055 1750/19/1809
f 1671/19/1754 1953/19/2004 1952/19/2053
f 1751/19/2005 1952/19/2053 1954/19/2006
f 1777/19/1859 1907/19/1836 1955/19/2056
f 1908/19/2008 1726/19/2009 1653/19/1727
f 1823/19/1842 1755/19/1840 1961/19/1910
f 1863/19/1866 1782/19/1791 1913/19/2057
f 1865/19/1917 1829/19/1869 2089/19/2058
f 1786/19/1870 1828/19/1953 1967/19/2017
f 1866/19/1955 1969/19/1954 2091/19/2059
f 1832/19/1960 1789/19/1919 1917/19/2016
f 1792/19/1876 1973/19/2060 1869/19/1961
f 1918/19/1963 1868/19/1844 2135/19/2061
f 1791/19/1874 2026/19/2062 2025/19/2018
f 1919/19/2021 1972/19/2022 1975/19/2063
f 2137/19/2064 1835/19/1965 1874/19/2065
f 1794/19/1877 1872/19/1966 1875/19/1968
f 1978/19/2023 1920/19/1922 1976/19/2066
f 1977/19/2067 1873/19/1924 1836/19/1926
f 1876/19/1967 1978/19/2023 1924/19/2026
f 1924/19/2026 2035/19/2068 1840/19/1931
f 1837/19/1927 1878/19/1970 1980/19/2069
f 1880/19/2070 1840/19/1931 2035/19/2068
f 1839/19/1930 1926/19/2028 1925/19/2027
f 1982/19/2071 1878/19/1970 1841/19/1935
f 1880/19/2070 1927/19/2029 1843/19/1937
f 1883/19/1973 1879/19/1936 2036/19/2072
f 1841/19/1935 1928/19/2030 1982/19/2071
f 1985/19/2073 1927/19/2029 1986/19/2074
f 1881/19/1971 1927/19/2029 1985/19/2073
f 1882/19/1972 1983/19/2075 1844/19/1938
f 1988/19/2076 1928/19/2030 1881/19/1971
f 1985/19/2073 1987/19/2077 1881/19/1971
f 1934/19/2031 1991/19/2078 1993/19/2079
f 1931/19/1975 1932/19/2035 2049/19/2080
f 1933/19/2038 1993/19/2079 1998/19/2081
f 1933/19/2038 1934/19/2031 1993/19/2079
f 1937/19/2082 1994/19/2083 1996/19/2084
f 1999/19/2085 1935/19/2034 1939/19/2040
f 2003/19/2086 1941/19/2041 1938/19/2037
f 1899/19/1992 1897/19/1989 2066/19/2087
f 1949/19/2049 2067/19/2088 1947/19/2047
f 1898/19/1995 2119/19/2089 1849/19/1987
f 1900/19/1994 1815/19/1896 2006/19/2090
f 1815/19/1896 1817/19/2055 2010/19/2003
f 1854/19/2091 1951/19/2052 2011/19/2092
f 1907/19/1836 1857/19/2093 2012/19/2094
f 2013/19/2095 1653/19/1727 1956/19/1949
f 2126/19/2096 1909/19/1811 1910/19/1862
f 1911/19/2097 1779/19/1784 1958/19/1951
f 2015/19/2098 1912/19/2099 1754/19/1905
f 2017/19/2100 1860/19/1909 2083/19/2101
f 1862/19/1912 1963/19/2102 1964/19/2103
f 1826/19/1916 1915/19/2014 2020/19/2104
f 1916/19/2015 2129/19/2105 1825/19/1914
f 1969/19/1954 2092/19/2106 2091/19/2059
f 1866/19/1955 2093/19/2107 2021/19/2108
f 1831/19/1957 2021/19/2108 2022/19/2109
f 2094/19/2110 1867/19/1956 2022/19/2109
f 1973/19/2060 1792/19/1876 1871/19/1964
f 1918/19/1963 2100/19/2111 1872/19/1966
f 1976/19/2066 1919/19/2021 1975/19/2063
f 2027/19/2112 2137/19/2064 1874/19/2065
f 1872/19/1966 2028/19/2113 1875/19/1968
f 2030/19/2114 1875/19/1968 2028/19/2113
f 1977/19/2067 1979/19/2024 2031/19/2115
f 1921/19/2116 2029/19/2117 1874/19/2065
f 2033/19/2118 1923/19/2119 1922/19/2025
f 1924/19/2026 2032/19/2120 2035/19/2068
f 2036/19/2072 1981/19/2121 1923/19/2119
f 1928/19/2030 1989/19/2122 1982/19/2071
f 1926/19/2028 1984/19/2123 2148/19/2124
f 2037/19/2125 1985/19/2073 1986/19/2074
f 1929/19/2126 2041/19/2127 1983/19/2075
f 2040/19/2128 1983/19/2075 2041/19/2127
f 2045/19/2129 1988/19/2076 1987/19/2077
f 2041/19/2127 1929/19/2126 2043/19/2130
f 2046/19/2131 2045/19/2129 2039/19/2132
f 2047/19/2133 2043/19/2130 2049/19/2080
f 1992/19/2033 1995/19/2134 2052/19/2135
f 1994/19/2083 2049/19/2080 2053/19/2136
f 1998/19/2081 1993/19/2079 2055/19/2137
f 2052/19/2135 1995/19/2134 2056/19/2138
f 1997/19/2139 1999/19/2085 2057/19/2140
f 2000/19/2141 1933/19/2038 1998/19/2081
f 1996/19/2084 2001/19/2142 1937/19/2082
f 2113/19/2143 1999/19/2085 1939/19/2040
f 1943/19/2044 1937/19/2082 2001/19/2142
f 1940/19/2144 2058/19/2145 1939/19/2040
f 2060/19/2146 1942/19/2042 1945/19/2147
f 2061/19/2148 1940/19/2144 1895/19/1942
f 2062/19/2149 1847/19/1943 1946/19/2150
f 1946/19/2150 2168/19/2151 2062/19/2149
f 2118/19/2152 1893/19/1985 2063/19/2153
f 1948/19/1998 2064/19/2048 2068/19/2154
f 2119/19/2089 2065/19/1988 1849/19/1987
f 2069/19/2155 2067/19/2088 1949/19/2049
f 2007/19/2156 1901/19/1996 2070/19/2157
f 1815/19/1896 2074/19/2158 2006/19/2090
f 2010/19/2003 2215/19/2159 1815/19/1896
f 1954/19/2006 2008/19/2160 1855/19/1948
f 1955/19/2056 1907/19/1836 2076/19/2161
f 1857/19/2093 2355/19/2162 2012/19/2094
f 1957/19/2010 2077/19/2163 2125/19/2164
f 2175/19/2165 2015/19/2098 1959/19/1904
f 2261/19/2166 2017/19/2100 2083/19/2101
f 2084/19/2167 1780/19/1864 1781/19/1839
f 1965/19/1952 1863/19/1866 2225/19/2168
f 1915/19/2014 1864/19/2013 2086/19/2169
f 2089/19/2058 1916/19/2015 1865/19/1917
f 1969/19/1954 2095/19/2170 2092/19/2106
f 1917/19/2016 1867/19/1956 2094/19/2110
f 1832/19/1960 1917/19/2016 2183/19/2171
f 1972/19/2022 1971/19/2172 2097/19/2173
f 2234/19/2174 1918/19/1963 2135/19/2061
f 2139/19/2175 1974/19/2019 1873/19/1924
f 2028/19/2113 1872/19/1966 2138/19/2176
f 2139/19/2175 1873/19/1924 1977/19/2067
f 2031/19/2115 2140/19/2177 1977/19/2067
f 2102/19/2178 2029/19/2117 1921/19/2116
f 2104/19/2179 1980/19/2069 1982/19/2071
f 1880/19/2070 2105/19/2180 1986/19/2074
f 2106/19/2181 2037/19/2125 1986/19/2074
f 1989/19/2122 1928/19/2030 2042/19/2182
f 1989/19/2122 2042/19/2182 2108/19/2183
f 2044/19/2184 2038/19/2185 2109/19/2186
f 2040/19/2128 2041/19/2127 2047/19/2133
f 2044/19/2184 2049/19/2080 2043/19/2130
f 2152/19/2187 2047/19/2133 2111/19/2188
f 2042/19/2182 2052/19/2135 2153/19/2189
f 2053/19/2136 2044/19/2184 2154/19/2190
f 2111/19/2188 2047/19/2133 2051/19/2191
f 2111/19/2188 1997/19/2139 2112/19/2192
f 1993/19/2079 2054/19/2193 2055/19/2137
f 2113/19/2143 1939/19/2040 2058/19/2145
f 1944/19/2043 1943/19/2044 2116/19/2194
f 2004/19/2046 2117/19/2195 2061/19/2148
f 2167/19/2196 2005/19/2197 2116/19/2194
f 2065/19/1988 2119/19/2089 2168/19/2151
f 1899/19/1992 2066/19/2087 2120/19/2198
f 2074/19/2158 2169/19/2199 2006/19/2090
f 2072/19/2200 2075/19/2201 1950/19/2051
f 2009/19/2054 2171/19/2202 1905/19/2002
f 1953/19/2004 2011/19/2092 2124/19/2203
f 1777/19/1859 1955/19/2056 2220/19/2204
f 1819/19/1758 2125/19/2164 2355/19/2162
f 2078/19/1783 2126/19/2096 2174/19/2205
f 2081/19/2206 1912/19/2099 2015/19/2098
f 2084/19/2167 1781/19/1839 2127/19/2207
f 1822/19/1908 2127/19/2207 1781/19/1839
f 2263/19/2208 1823/19/1842 2176/19/2209
f 2225/19/2168 1863/19/1866 1913/19/2057
f 2178/19/2210 2085/19/2211 1783/19/1867
f 2178/19/2210 1783/19/1867 1966/19/2012
f 1827/19/1915 2020/19/2104 2228/19/2212
f 2089/19/2058 2087/19/2213 1916/19/2015
f 1967/19/2017 2130/19/2214 2131/19/2215
f 2091/19/2059 2092/19/2106 2181/19/2216
f 2091/19/2217 2181/19/2216 2132/19/2218
f 2022/19/2109 2133/19/2219 2361/19/2220
f 2094/19/2110 2022/19/2109 2134/19/2221
f 2096/19/2222 2186/19/2223 1869/19/1961
f 2136/19/2224 1918/19/1963 2234/19/2174
f 1871/19/1964 2096/19/2222 1973/19/2060
f 2138/19/2176 1872/19/1966 2100/19/2111
f 1976/19/2066 1975/19/2063 2237/19/2225
f 2028/19/2113 2141/19/2226 2030/19/2114
f 2142/19/2227 2029/19/2117 2102/19/2178
f 2032/19/2120 2101/19/2228 2188/19/2229
f 2143/19/2230 1921/19/2116 1980/19/2069
f 2105/19/2180 2035/19/2068 2188/19/2229
f 1923/19/2119 2144/19/2231 2036/19/2072
f 2146/19/2232 2036/19/2072 2144/19/2231
f 2036/19/2072 2146/19/2232 1990/19/2233
f 2194/19/2234 1986/19/2074 2147/19/2235
f 2104/19/2179 1982/19/2071 1989/19/2122
f 2150/19/2236 1990/19/2233 2146/19/2232
f 2149/19/2237 1989/19/2122 2108/19/2183
f 2109/19/2186 2038/19/2185 2150/19/2236
f 2151/19/2238 2110/19/2239 2037/19/2125
f 2154/19/2190 2044/19/2184 2109/19/2186
f 2054/19/2193 2110/19/2239 2151/19/2238
f 2153/19/2189 2052/19/2135 2155/19/2240
f 2112/19/2192 2152/19/2187 2111/19/2188
f 2112/19/2192 1997/19/2139 2057/19/2140
f 2156/19/2241 1996/19/2084 2053/19/2136
f 2155/19/2240 2056/19/2138 2200/19/2242
f 2199/19/2243 1998/19/2081 2055/19/2137
f 2158/19/2244 2001/19/2142 1996/19/2084
f 2058/19/2145 2433/19/2245 2113/19/2143
f 2163/19/2246 2160/19/2247 1942/19/2042
f 2163/19/2246 1942/19/2042 2060/19/2146
f 2115/19/2248 2164/19/2249 2058/19/2145
f 2062/19/2149 2206/19/2250 2060/19/2146
f 2167/19/2196 2116/19/2194 2207/19/2251
f 2117/19/2195 2069/19/2155 2209/19/2252
f 2252/19/2253 2006/19/2090 2169/19/2199
f 2007/19/2156 2070/19/2157 2212/19/2254
f 2170/19/2255 2007/19/2156 2212/19/2254
f 2073/19/2256 2121/19/2257 2213/19/2258
f 2171/19/2202 2172/19/2259 2010/19/2003
f 2218/19/2260 2011/19/2092 2075/19/2201
f 1818/19/1903 2220/19/2261 2221/19/2262
f 2177/19/2263 1962/19/2011 2018/19/2264
f 1963/19/2102 2263/19/2208 2264/19/2265
f 2086/19/2169 2179/19/2266 1915/19/2014
f 2184/19/2267 1967/19/2017 2131/19/2215
f 2025/19/2018 2185/19/2268 2090/19/2269
f 2026/19/2062 2185/19/2268 2025/19/2018
f 2101/19/2228 2237/19/2225 2187/19/2270
f 2324/19/2271 2027/19/2112 2029/19/2117
f 2141/19/2226 2028/19/2113 2238/19/2272
f 2101/19/2228 2187/19/2270 2188/19/2229
f 2031/19/2115 2241/19/2273 2140/19/2177
f 2143/19/2230 1980/19/2069 2104/19/2179
f 2191/19/2274 2146/19/2232 2189/19/2275
f 2190/19/2276 2104/19/2179 2149/19/2237
f 2192/19/2277 2150/19/2236 2191/19/2274
f 2193/19/2278 2148/19/2124 2107/19/2279
f 2152/19/2187 2193/19/2278 2040/19/2128
f 2198/19/2280 2156/19/2241 2248/19/2281
f 2199/19/2243 2055/19/2137 2054/19/2193
f 2114/19/2282 2159/19/2283 2203/19/2284
f 2162/19/2285 2114/19/2282 2203/19/2284
f 2204/19/2286 2160/19/2247 2163/19/2246
f 2165/19/2287 1943/19/2044 2205/19/2288
f 2207/19/2251 2116/19/2194 2250/19/2289
f 2208/19/2290 2206/19/2250 2062/19/2149
f 2208/19/2290 2062/19/2149 2168/19/2151
f 2119/19/2089 2252/19/2253 2208/19/2290
f 2070/19/2157 2068/19/2154 2212/19/2254
f 2072/19/2200 2211/19/2291 2214/19/2292
f 2122/19/2293 2170/19/2255 2216/19/2294
f 2122/19/2293 2217/19/2295 2171/19/2202
f 2171/19/2202 2217/19/2295 2172/19/2259
f 2124/19/2203 2218/19/2260 1952/19/2053
f 1952/19/2053 2218/19/2260 2219/19/2296
f 2173/19/2297 1906/19/2007 2221/19/2262
f 2012/19/2094 2355/19/2162 2076/19/2161
f 2081/19/2206 2015/19/2098 2302/19/2298
f 1960/19/2299 2016/19/2300 2301/19/2301
f 2223/19/2302 2016/19/2300 2082/19/2303
f 2017/19/2100 2358/19/2304 1961/19/1910
f 1962/19/2011 2177/19/2263 2303/19/2305
f 2224/19/2306 2019/19/2307 2085/19/2211
f 1965/19/1952 2266/19/2308 2086/19/2169
f 2020/19/2104 2179/19/2266 2228/19/2212
f 2130/19/2214 2088/19/2309 2308/19/2310
f 2132/19/2218 2271/19/2311 2093/19/2107
f 2093/19/2107 2230/19/2312 2021/19/2108
f 2021/19/2108 2230/19/2312 2231/19/2313
f 2094/19/2110 2182/19/2314 2311/19/2315
f 2090/19/2269 2233/19/2316 2229/19/2317
f 2023/19/2318 2183/19/2171 2314/19/2319
f 2233/19/2316 2090/19/2269 2185/19/2268
f 2314/19/2319 2316/19/2320 2135/19/2061
f 2100/19/2111 2136/19/2224 2138/19/2176
f 2235/19/2321 2096/19/2222 2137/19/2064
f 2238/19/2272 2028/19/2113 2138/19/2176
f 2140/19/2177 2236/19/2322 2139/19/2175
f 2236/19/2322 2140/19/2177 2325/19/2323
f 2145/19/2324 2241/19/2273 2031/19/2115
f 2278/19/2325 2105/19/2180 2188/19/2229
f 2143/19/2230 2104/19/2179 2245/19/2326
f 2244/19/2327 2146/19/2232 2144/19/2231
f 2246/19/2328 2280/19/2329 2193/19/2278
f 2248/19/2281 2109/19/2186 2192/19/2277
f 2247/19/2330 2149/19/2237 2108/19/2183
f 2195/19/2331 2247/19/2330 2108/19/2183
f 2249/19/2332 2197/19/2333 2151/19/2238
f 2200/19/2242 2429/19/2334 2155/19/2240
f 2160/19/2247 2284/19/2335 2200/19/2242
f 2336/19/2336 2284/19/2335 2160/19/2247
f 2059/19/2337 2162/19/2285 2340/19/2338
f 2250/19/2289 2165/19/2287 2205/19/2288
f 2069/19/2155 2251/19/2339 2294/19/2340
f 2253/19/2341 2212/19/2254 2068/19/2154
f 2216/19/2294 2170/19/2255 2255/19/2342
f 2213/19/2343 2219/19/2344 2258/19/2345
f 2219/19/2344 2213/19/2343 2121/19/2346
f 2265/19/2347 1964/19/2103 2264/19/2265
f 2225/19/2168 1913/19/2057 2265/19/2347
f 2179/19/2266 2086/19/2169 2267/19/2348
f 2232/19/2349 2270/19/2350 2095/19/2170
f 2024/19/2351 2313/19/2352 2232/19/2349
f 2136/19/2224 2234/19/2174 2319/19/2353
f 2098/19/2354 2274/19/2355 2026/19/2062
f 2136/19/2224 2319/19/2353 2138/19/2176
f 2236/19/2322 2274/19/2355 2098/19/2354
f 2275/19/2356 2237/19/2225 2099/19/2357
f 2235/19/2321 2137/19/2064 2324/19/2271
f 2142/19/2227 2324/19/2271 2029/19/2117
f 2143/19/2230 2276/19/2358 2102/19/2178
f 2144/19/2231 2243/19/2359 2277/19/2360
f 2188/19/2229 2242/19/2361 2278/19/2325
f 2103/19/2362 2279/19/2363 2145/19/2324
f 2147/19/2235 2278/19/2325 2281/19/2364
f 2282/19/2365 2280/19/2329 2246/19/2328
f 2149/19/2237 2247/19/2330 2283/19/2366
f 2281/19/2364 2249/19/2332 2194/19/2234
f 2196/19/2367 2246/19/2328 2193/19/2278
f 2195/19/2331 2332/19/2368 2247/19/2330
f 2332/19/2368 2195/19/2331 2155/19/2240
f 2333/19/2369 2198/19/2280 2248/19/2281
f 2429/19/2334 2200/19/2242 2284/19/2335
f 2159/19/2283 2199/19/2243 2383/19/2370
f 2161/19/2371 2201/19/2372 2337/19/2373
f 2059/19/2337 2340/19/2338 2285/19/2374
f 2208/19/2290 2438/19/2375 2206/19/2250
f 2292/19/2376 2210/19/2377 2342/19/2378
f 2208/19/2290 2349/19/2379 2289/19/2380
f 2068/19/2154 2210/19/2377 2253/19/2341
f 2292/19/2376 2253/19/2341 2210/19/2377
f 2298/19/2381 2253/19/2341 2351/19/2382
f 2251/19/2339 2254/19/2383 2350/19/2384
f 2295/19/2385 2256/19/2386 2297/19/2387
f 2257/19/2388 2296/19/2389 2299/19/2390
f 2219/19/2344 2257/19/2388 2258/19/2345
f 2445/19/2391 2222/19/2392 1908/19/2008
f 2223/19/2302 2082/19/2303 2084/19/2167
f 2224/19/2306 2529/19/2393 2019/19/2307
f 2225/19/2168 2265/19/2347 2226/19/2394
f 2304/19/2395 2178/19/2210 1966/19/2012
f 2306/19/2396 2227/19/2397 2180/19/2398
f 2088/19/2309 2228/19/2212 2308/19/2310
f 2307/19/2399 2087/19/2213 2309/19/2400
f 2181/19/2216 2270/19/2350 2360/19/2401
f 2361/19/2220 2310/19/2402 2134/19/2221
f 2182/19/2314 2134/19/2221 2310/19/2402
f 2183/19/2171 2311/19/2315 2314/19/2319
f 2233/19/2316 2312/19/2403 2229/19/2317
f 2313/19/2352 2024/19/2351 2406/19/2404
f 2312/19/2403 2233/19/2316 2315/19/2405
f 2362/19/2406 2272/19/2407 2269/19/2408
f 2273/19/2409 2315/19/2405 2233/19/2316
f 2234/19/2174 2316/19/2320 2366/19/2410
f 2234/19/2174 2366/19/2410 2319/19/2353
f 2096/19/2222 2365/19/2411 2186/19/2223
f 2235/19/2321 2365/19/2411 2096/19/2222
f 2138/19/2176 2319/19/2353 2321/19/2412
f 2322/19/2413 2187/19/2270 2237/19/2225
f 2141/19/2226 2238/19/2272 2369/19/2414
f 2187/19/2270 2322/19/2413 2326/19/2415
f 2327/19/2416 2242/19/2361 2326/19/2415
f 2328/19/2417 2239/19/2418 2241/19/2273
f 2281/19/2364 2278/19/2325 2377/19/2419
f 2282/19/2365 2379/19/2420 2280/19/2329
f 2192/19/2277 2191/19/2274 2423/19/2421
f 2330/19/2422 2248/19/2281 2192/19/2277
f 2283/19/2366 2247/19/2330 2332/19/2368
f 2334/19/2423 2198/19/2280 2382/19/2424
f 2157/19/2425 2433/19/2245 2202/19/2426
f 2201/19/2372 2334/19/2423 2337/19/2373
f 2162/19/2285 2203/19/2284 2340/19/2338
f 2287/19/2427 2285/19/2374 2387/19/2428
f 2287/19/2427 2387/19/2428 2342/19/2378
f 2289/19/2380 2438/19/2375 2208/19/2290
f 2348/19/2429 2291/19/2430 2294/19/2340
f 2294/19/2340 2251/19/2339 2348/19/2429
f 2346/19/2431 2351/19/2382 2292/19/2376
f 2295/19/2385 2349/19/2379 2252/19/2253
f 2351/19/2382 2253/19/2341 2292/19/2376
f 2296/19/2389 2293/19/2432 2347/19/2433
f 2299/19/2390 2296/19/2389 2352/19/2434
f 2298/19/2381 2297/19/2387 2256/19/2386
f 2076/19/2161 2353/19/2435 2220/19/2204
f 2125/19/2164 2443/19/2436 2355/19/2162
f 2174/19/2205 2446/19/2437 2077/19/2163
f 2126/19/2096 2300/19/2438 2525/19/2439
f 2080/19/2440 2301/19/2301 2447/19/2441
f 2081/19/2206 2302/19/2298 2356/19/2442
f 2176/19/2209 2358/19/2304 2485/19/2443
f 2127/19/2207 2303/19/2305 2396/19/2444
f 2182/19/2314 2310/19/2402 2311/19/2315
f 2363/19/2445 2272/19/2407 2362/19/2406
f 2414/19/2446 2235/19/2321 2368/19/2447
f 2324/19/2271 2368/19/2447 2235/19/2321
f 2238/19/2272 2321/19/2412 2369/19/2414
f 2368/19/2447 2324/19/2271 2142/19/2227
f 2373/19/2448 2239/19/2418 2328/19/2417
f 2242/19/2361 2327/19/2416 2375/19/2449
f 2244/19/2327 2374/19/2450 2420/19/2451
f 2470/19/2452 2245/19/2326 2190/19/2276
f 2380/19/2453 2281/19/2364 2377/19/2419
f 2283/19/2366 2424/19/2454 2190/19/2276
f 2332/19/2368 2427/19/2455 2283/19/2366
f 2246/19/2328 2426/19/2456 2282/19/2365
f 2198/19/2280 2333/19/2369 2382/19/2424
f 2381/19/2457 2246/19/2328 2202/19/2426
f 2383/19/2370 2249/19/2332 2331/19/2458
f 2433/19/2245 2430/19/2459 2202/19/2426
f 2335/19/2460 2429/19/2334 2284/19/2335
f 2384/19/2461 2337/19/2373 2334/19/2423
f 2389/19/2462 2438/19/2375 2289/19/2380
f 2388/19/2463 2290/19/2464 2207/19/2251
f 2288/19/2465 2345/19/2466 2440/19/2467
f 2345/19/2466 2288/19/2465 2291/19/2430
f 2346/19/2431 2343/19/2468 2389/19/2469
f 2346/19/2431 2389/19/2462 2289/19/2380
f 2349/19/2379 2346/19/2431 2289/19/2380
f 2348/19/2429 2347/19/2433 2345/19/2466
f 2352/19/2434 2347/19/2433 2348/19/2429
f 2351/19/2382 2349/19/2379 2297/19/2387
f 2297/19/2387 2349/19/2379 2295/19/2385
f 2299/19/2390 2352/19/2434 2350/19/2384
f 2353/19/2435 2076/19/2161 2391/19/2470
f 2125/19/2164 2444/19/2471 2443/19/2436
f 2125/19/2164 2077/19/2163 2444/19/2471
f 2358/19/2304 2017/19/2100 2262/19/2472
f 2127/19/2207 2357/19/2473 2084/19/2167
f 2487/19/2474 2303/19/2305 2177/19/2263
f 2488/19/2475 2177/19/2263 2128/19/2476
f 2264/19/2265 2263/19/2208 2397/19/2477
f 2311/19/2315 2310/19/2402 2403/19/2478
f 2312/19/2403 2493/19/2479 2229/19/2317
f 2269/19/2408 2534/19/2480 2405/19/2481
f 2231/19/2313 2404/19/2482 2133/19/2219
f 2405/19/2481 2362/19/2406 2269/19/2408
f 2408/19/2483 2316/19/2320 2314/19/2319
f 2366/19/2410 2316/19/2320 2408/19/2483
f 2412/19/2484 2319/19/2353 2410/19/2485
f 2411/19/2486 2275/19/2356 2318/19/2487
f 2412/19/2484 2321/19/2412 2319/19/2353
f 2367/19/2488 2413/19/2489 2320/19/2490
f 2322/19/2413 2411/19/2486 2415/19/2491
f 2325/19/2323 2417/19/2492 2323/19/2493
f 2239/19/2418 2417/19/2492 2325/19/2323
f 2372/19/2494 2240/19/2495 2418/19/2496
f 2239/19/2418 2373/19/2448 2417/19/2492
f 2279/19/2363 2467/19/2497 2328/19/2417
f 2245/19/2326 2421/19/2498 2376/19/2499
f 2467/19/2497 2279/19/2363 2422/19/2500
f 2378/19/2501 2244/19/2327 2420/19/2451
f 2379/19/2420 2422/19/2500 2279/19/2363
f 2424/19/2454 2283/19/2366 2427/19/2455
f 2331/19/2458 2471/19/2502 2428/19/2503
f 2386/19/2504 2383/19/2370 2428/19/2503
f 2385/19/2505 2431/19/2506 2335/19/2460
f 2433/19/2245 2478/19/2507 2430/19/2459
f 2432/19/2508 2337/19/2373 2384/19/2461
f 2338/19/2509 2431/19/2506 2385/19/2505
f 2339/19/2510 2478/19/2507 2433/19/2245
f 2479/19/2511 2340/19/2338 2386/19/2504
f 2337/19/2373 2432/19/2508 2434/19/2512
f 2338/19/2509 2204/19/2286 2436/19/2513
f 2250/19/2289 2434/19/2512 2388/19/2463
f 2439/19/2514 2342/19/2378 2387/19/2428
f 2342/19/2378 2439/19/2514 2343/19/2468
f 2390/19/2515 2440/19/2467 2344/19/2516
f 2344/19/2516 2440/19/2467 2345/19/2466
f 2259/19/2517 2353/19/2435 2441/19/2518
f 2392/19/2519 2173/19/2297 2354/19/2520
f 2355/19/2162 2442/19/2521 2391/19/2470
f 2300/19/2438 2395/19/2522 2525/19/2439
f 2260/19/2523 2484/19/2524 2175/19/2165
f 2263/19/2208 2176/19/2209 2486/19/2525
f 2226/19/2394 2265/19/2347 2448/19/2526
f 2227/19/2397 2490/19/2527 2305/19/2528
f 2308/19/2310 2401/19/2529 2449/19/2530
f 2310/19/2402 2587/19/2531 2450/19/2532
f 2404/19/2482 2587/19/2531 2133/19/2219
f 2403/19/2478 2451/19/2533 2452/19/2534
f 2405/19/2481 2363/19/2445 2362/19/2406
f 2364/19/2535 2453/19/2536 2406/19/2404
f 2365/19/2411 2455/19/2537 2364/19/2535
f 2457/19/2538 2315/19/2405 2317/19/2539
f 2317/19/2539 2409/19/2540 2457/19/2538
f 2365/19/2411 2459/19/2541 2455/19/2537
f 2410/19/2485 2366/19/2410 2456/19/2542
f 2369/19/2414 2412/19/2484 2462/19/2543
f 2323/19/2493 2417/19/2492 2505/19/2544
f 2463/19/2545 2326/19/2415 2322/19/2413
f 2466/19/2546 2375/19/2449 2327/19/2416
f 2420/19/2451 2419/19/2547 2510/19/2548
f 2421/19/2498 2465/19/2549 2376/19/2499
f 2420/19/2451 2510/19/2548 2468/19/2550
f 2468/19/2550 2378/19/2501 2420/19/2451
f 2375/19/2449 2469/19/2551 2377/19/2419
f 2378/19/2501 2423/19/2421 2191/19/2274
f 2471/19/2502 2377/19/2419 2469/19/2551
f 2474/19/2552 2379/19/2420 2426/19/2456
f 2427/19/2455 2332/19/2368 2475/19/2553
f 2381/19/2457 2477/19/2554 2474/19/2552
f 2334/19/2423 2382/19/2424 2517/19/2555
f 2520/19/2556 2429/19/2334 2335/19/2460
f 2384/19/2461 2334/19/2423 2519/19/2557
f 2431/19/2506 2520/19/2556 2335/19/2460
f 2430/19/2459 2478/19/2507 2477/19/2554
f 2338/19/2509 2480/19/2558 2431/19/2506
f 2340/19/2338 2479/19/2511 2630/19/2559
f 2339/19/2510 2570/19/2560 2478/19/2507
f 2437/19/2561 2570/19/2560 2339/19/2510
f 2387/19/2428 2435/19/2562 2439/19/2514
f 2436/19/2513 2438/19/2375 2481/19/2563
f 2388/19/2463 2434/19/2512 2572/19/2564
f 2437/19/2561 2286/19/2565 2483/19/2566
f 2288/19/2465 2440/19/2467 2483/19/2566
f 2353/19/2435 2391/19/2470 2441/19/2518
f 2441/19/2567 2354/19/2520 2221/19/2262
f 2393/19/2568 2013/19/2095 2392/19/2519
f 2077/19/2163 2446/19/2437 2444/19/2471
f 2486/19/2525 2176/19/2209 2485/19/2443
f 2721/19/2569 2177/19/2263 2488/19/2475
f 2304/19/2395 2638/19/2570 2398/19/2571
f 2226/19/2394 2530/19/2572 2266/19/2308
f 2400/19/2573 2307/19/2399 2491/19/2574
f 2491/19/2574 2307/19/2399 2492/19/2575
f 2364/19/2535 2497/19/2576 2453/19/2536
f 2498/19/2577 2408/19/2483 2407/19/2578
f 2315/19/2405 2600/19/2579 2538/19/2580
f 2364/19/2535 2455/19/2537 2497/19/2576
f 2456/19/2542 2408/19/2483 2498/19/2577
f 2457/19/2538 2600/19/2579 2315/19/2405
f 2598/19/2581 2541/19/2582 2363/19/2445
f 2499/19/2583 2455/19/2537 2459/19/2541
f 2502/19/2584 2412/19/2484 2500/19/2585
f 2367/19/2488 2505/19/2544 2413/19/2489
f 2462/19/2543 2412/19/2484 2502/19/2584
f 2370/19/2586 2555/19/2587 2461/19/2588
f 2506/19/2589 2418/19/2496 2462/19/2543
f 2505/19/2544 2417/19/2492 2507/19/2590
f 2508/19/2591 2418/19/2496 2506/19/2589
f 2511/19/2592 2507/19/2590 2417/19/2492
f 2424/19/2454 2472/19/2593 2470/19/2452
f 2476/19/2594 2425/19/2595 2473/19/2596
f 2566/19/2597 2475/19/2553 2429/19/2334
f 2518/19/2598 2428/19/2503 2516/19/2599
f 2519/19/2557 2334/19/2423 2517/19/2555
f 2518/19/2598 2479/19/2511 2386/19/2504
f 2438/19/2375 2482/19/2600 2481/19/2563
f 2522/19/2601 2388/19/2463 2572/19/2564
f 2390/19/2515 2388/19/2463 2522/19/2601
f 2523/19/2602 2392/19/2519 2354/19/2520
f 2442/19/2521 2524/19/2603 2391/19/2470
f 2445/19/2391 2577/19/2604 2394/19/2605
f 2527/19/2606 2302/19/2298 2636/19/2607
f 2358/19/2304 2262/19/2472 2485/19/2443
f 2226/19/2394 2690/19/2608 2530/19/2572
f 2267/19/2348 2582/19/2609 2531/19/2610
f 2359/19/2611 2306/19/2396 2400/19/2573
f 2449/19/2530 2401/19/2529 2583/19/2612
f 2310/19/2402 2450/19/2532 2451/19/2533
f 2449/19/2530 2583/19/2612 2534/19/2480
f 2402/19/2613 2313/19/2352 2533/19/2614
f 2533/19/2614 2585/19/2615 2402/19/2613
f 2405/19/2481 2534/19/2480 2496/19/2616
f 2498/19/2577 2407/19/2578 2535/19/2617
f 2497/19/2576 2536/19/2618 2453/19/2536
f 2540/19/2619 2497/19/2576 2455/19/2537
f 2411/19/2486 2458/19/2620 2501/19/2621
f 2541/19/2582 2501/19/2621 2458/19/2620
f 2503/19/2622 2602/19/2623 2409/19/2540
f 2500/19/2585 2543/19/2624 2544/19/2625
f 2505/19/2544 2545/19/2626 2503/19/2622
f 2502/19/2584 2604/19/2627 2462/19/2543
f 2416/19/2628 2504/19/2629 2549/19/2630
f 2607/19/2631 2549/19/2630 2504/19/2629
f 2552/19/2632 2547/19/2633 2545/19/2626
f 2548/19/2634 2553/19/2635 2554/19/2636
f 2555/19/2587 2553/19/2635 2461/19/2588
f 2550/19/2637 2506/19/2589 2462/19/2543
f 2513/19/2638 2660/19/2639 2467/19/2497
f 2421/19/2498 2559/19/2640 2465/19/2549
f 2468/19/2550 2510/19/2548 2560/19/2641
f 2515/19/2642 2564/19/2643 2619/19/2644
f 2563/19/2645 2470/19/2452 2472/19/2593
f 2514/19/2646 2516/19/2599 2469/19/2551
f 2474/19/2552 2564/19/2643 2515/19/2642
f 2568/19/2647 2520/19/2556 2431/19/2506
f 2478/19/2507 2570/19/2560 2521/19/2648
f 2434/19/2512 2569/19/2649 2572/19/2564
f 2435/19/2562 2630/19/2559 2573/19/2650
f 2633/19/2651 2481/19/2563 2482/19/2600
f 2633/19/2651 2439/19/2652 2573/19/2653
f 2391/19/2470 2575/19/2654 2441/19/2518
f 2524/19/2603 2576/19/2655 2391/19/2470
f 2394/19/2605 2577/19/2604 2578/19/2656
f 2395/19/2522 2581/19/2657 2748/19/2658
f 2447/19/2441 2526/19/2659 2581/19/2657
f 2734/19/2660 2128/19/2476 2529/19/2393
f 2752/19/2661 2529/19/2393 2489/19/2662
f 2637/19/2663 2489/19/2662 2398/19/2571
f 2451/19/2533 2450/19/2532 2588/19/2664
f 2493/19/2479 2596/19/2665 2641/19/2666
f 2584/19/2667 2534/19/2480 2583/19/2612
f 2494/19/2668 2533/19/2614 2313/19/2352
f 2590/19/2669 2452/19/2534 2451/19/2533
f 2452/19/2534 2590/19/2669 2593/19/2670
f 2535/19/2617 2452/19/2534 2593/19/2670
f 2495/19/2671 2596/19/2665 2493/19/2479
f 2537/19/2672 2496/19/2616 2591/19/2673
f 2594/19/2674 2494/19/2668 2536/19/2618
f 2702/19/2675 2231/19/2313 2595/19/2676
f 2495/19/2671 2454/19/2677 2596/19/2665
f 2596/19/2665 2454/19/2677 2648/19/2678
f 2597/19/2679 2498/19/2577 2535/19/2617
f 2497/19/2576 2652/19/2680 2536/19/2618
f 2599/19/2681 2652/19/2680 2497/19/2576
f 2597/19/2679 2539/19/2682 2498/19/2577
f 2600/19/2579 2650/19/2683 2538/19/2580
f 2457/19/2538 2602/19/2623 2600/19/2579
f 2542/19/2684 2546/19/2685 2659/19/2686
f 2547/19/2633 2604/19/2627 2606/19/2687
f 2547/19/2633 2606/19/2687 2545/19/2626
f 2607/19/2631 2546/19/2685 2548/19/2634
f 2556/19/2688 2549/19/2630 2608/19/2689
f 2554/19/2636 2608/19/2689 2549/19/2630
f 2553/19/2635 2611/19/2690 2554/19/2636
f 2612/19/2691 2506/19/2589 2550/19/2637
f 2511/19/2592 2610/19/2692 2507/19/2590
f 2557/19/2693 2615/19/2694 2613/19/2695
f 2559/19/2640 2615/19/2694 2557/19/2693
f 2614/19/2696 2510/19/2548 2508/19/2591
f 2559/19/2640 2561/19/2697 2615/19/2694
f 2560/19/2641 2510/19/2548 2614/19/2696
f 2563/19/2645 2620/19/2698 2617/19/2699
f 2621/19/2700 2514/19/2646 2616/19/2701
f 2563/19/2645 2669/19/2702 2620/19/2698
f 2669/19/2702 2563/19/2645 2472/19/2593
f 2624/19/2703 2472/19/2593 2566/19/2597
f 2474/19/2552 2567/19/2704 2625/19/2705
f 2473/19/2596 2623/19/2706 2517/19/2555
f 2518/19/2598 2516/19/2599 2626/19/2707
f 2627/19/2708 2566/19/2597 2520/19/2556
f 2674/19/2709 2477/19/2554 2521/19/2648
f 2571/19/2710 2631/19/2711 2480/19/2558
f 2524/19/2603 2443/19/2436 2635/19/2712
f 2683/19/2713 2446/19/2437 2525/19/2439
f 2720/19/2714 2262/19/2472 2685/19/2715
f 2762/19/2716 2357/19/2473 2396/19/2444
f 2734/19/2660 2721/19/2569 2488/19/2475
f 2751/19/2717 2397/19/2477 2689/19/2718
f 2638/19/2570 2637/19/2663 2398/19/2571
f 2266/19/2308 2530/19/2572 2766/19/2719
f 2490/19/2527 2639/19/2720 2304/19/2395
f 2532/19/2721 2639/19/2720 2490/19/2527
f 2692/19/2722 2399/19/2723 2531/19/2610
f 2493/19/2479 2640/19/2724 2492/19/2575
f 2589/19/2725 2586/19/2726 2643/19/2727
f 2596/19/2665 2648/19/2678 2644/19/2728
f 2589/19/2725 2643/19/2727 2870/19/2729
f 2646/19/2730 2592/19/2731 2594/19/2674
f 2650/19/2683 2647/19/2732 2699/19/2733
f 2271/19/2311 2701/19/2734 2651/19/2735
f 2650/19/2683 2699/19/2733 2648/19/2678
f 2454/19/2677 2650/19/2683 2648/19/2678
f 2597/19/2679 2535/19/2617 2647/19/2732
f 2538/19/2580 2650/19/2683 2454/19/2677
f 2654/19/2736 2597/19/2679 2653/19/2737
f 2655/19/2738 2653/19/2737 2650/19/2683
f 2659/19/2686 2656/19/2739 2599/19/2681
f 2544/19/2625 2543/19/2624 2601/19/2740
f 2659/19/2686 2599/19/2681 2542/19/2684
f 2658/19/2741 2602/19/2623 2545/19/2626
f 2605/19/2742 2659/19/2686 2546/19/2685
f 2608/19/2689 2554/19/2636 2611/19/2690
f 2612/19/2691 2550/19/2637 2551/19/2743
f 2613/19/2695 2611/19/2690 2553/19/2635
f 2660/19/2639 2609/19/2744 2610/19/2692
f 2558/19/2745 2608/19/2689 2661/19/2746
f 2615/19/2694 2611/19/2690 2613/19/2695
f 2512/19/2747 2558/19/2745 2661/19/2746
f 2614/19/2696 2662/19/2748 2618/19/2749
f 2662/19/2748 2660/19/2639 2513/19/2638
f 2663/19/2750 2615/19/2694 2561/19/2697
f 2512/19/2747 2661/19/2746 2617/19/2699
f 2664/19/2751 2618/19/2749 2662/19/2748
f 2617/19/2699 2616/19/2701 2512/19/2747
f 2616/19/2701 2617/19/2699 2665/19/2752
f 2564/19/2643 2664/19/2753 2619/19/2644
f 2665/19/2752 2617/19/2699 2620/19/2698
f 2618/19/2749 2664/19/2751 2666/19/2754
f 2667/19/2755 2622/19/2756 2666/19/2754
f 2668/19/2757 2565/19/2758 2621/19/2700
f 2670/19/2759 2623/19/2706 2622/19/2756
f 2670/19/2759 2517/19/2555 2623/19/2706
f 2567/19/2704 2671/19/2760 2625/19/2705
f 2627/19/2708 2672/19/2761 2624/19/2703
f 2628/19/2762 2517/19/2555 2670/19/2759
f 2673/19/2763 2518/19/2598 2626/19/2707
f 2674/19/2709 2671/19/2760 2567/19/2704
f 2627/19/2708 2710/19/2764 2672/19/2761
f 2520/19/2556 2568/19/2647 2710/19/2764
f 2709/19/2765 2629/19/2766 2673/19/2763
f 2521/19/2648 2711/19/2767 2674/19/2709
f 2709/19/2765 2630/19/2559 2629/19/2766
f 2521/19/2648 2570/19/2560 2711/19/2767
f 2569/19/2649 2675/19/2768 2676/19/2769
f 2571/19/2710 2677/19/2770 2631/19/2711
f 2677/19/2770 2571/19/2710 2633/19/2651
f 2632/19/2771 2573/19/2650 2630/19/2559
f 2573/19/2650 2632/19/2771 2679/19/2772
f 2633/19/2651 2679/19/2772 2677/19/2770
f 2574/19/2773 2714/19/2774 2483/19/2566
f 2575/19/2654 2576/19/2775 2680/19/2776
f 2575/19/2777 2715/19/2778 2634/19/2779
f 2681/19/2780 2634/19/2779 2715/19/2778
f 2680/19/2781 2576/19/2655 2524/19/2603
f 2524/19/2603 2682/19/2782 2680/19/2781
f 2716/19/2783 2523/19/2602 2681/19/2780
f 2524/19/2603 2635/19/2712 2682/19/2782
f 2446/19/2437 2683/19/2713 2444/19/2471
f 2749/19/2784 2526/19/2659 2684/19/2785
f 2528/19/2786 2749/19/2784 2684/19/2785
f 2686/19/2787 2485/19/2443 2720/19/2714
f 2486/19/2525 2485/19/2443 2686/19/2787
f 2529/19/2393 2752/19/2661 2734/19/2660
f 2448/19/2526 2751/19/2717 2753/19/2788
f 2690/19/2608 2448/19/2526 2753/19/2788
f 2582/19/2609 2766/19/2719 2691/19/2789
f 2776/19/2790 2532/19/2721 2789/19/2791
f 2491/19/2574 2492/19/2575 2640/19/2724
f 2591/19/2673 2584/19/2667 2724/19/2792
f 2644/19/2728 2696/19/2793 2596/19/2665
f 2590/19/2669 2588/19/2664 2593/19/2670
f 2699/19/2733 2741/19/2794 2697/19/2795
f 2647/19/2732 2593/19/2670 2699/19/2733
f 2651/19/2735 2595/19/2676 2230/19/2312
f 2655/19/2738 2654/19/2736 2653/19/2737
f 2602/19/2623 2654/19/2736 2655/19/2738
f 2662/19/2748 2612/19/2691 2609/19/2744
f 2663/19/2750 2661/19/2746 2611/19/2690
f 2668/19/2757 2620/19/2698 2669/19/2702
f 2624/19/2703 2668/19/2757 2669/19/2702
f 2704/19/2796 2667/19/2755 2625/19/2705
f 2704/19/2796 2625/19/2705 2671/19/2760
f 2705/19/2797 2670/19/2759 2667/19/2755
f 2672/19/2761 2668/19/2757 2624/19/2703
f 2626/19/2707 2703/19/2798 2706/19/2799
f 2706/19/2799 2673/19/2763 2626/19/2707
f 2707/19/2800 2628/19/2762 2670/19/2759
f 2628/19/2762 2707/19/2800 2675/19/2768
f 2709/19/2765 2673/19/2763 2706/19/2799
f 2713/19/2801 2710/19/2764 2568/19/2647
f 2575/19/2654 2680/19/2776 2715/19/2802
f 2719/19/2803 2685/19/2715 2527/19/2606
f 2762/19/2716 2528/19/2786 2357/19/2473
f 2530/19/2572 2690/19/2608 2735/19/2804
f 2531/19/2610 2582/19/2609 2754/19/2805
f 2531/19/2610 2754/19/2805 2722/19/2806
f 2692/19/2722 2531/19/2610 2722/19/2806
f 2400/19/2573 2723/19/2807 2359/19/2611
f 2725/19/2808 2724/19/2792 2737/19/2809
f 2727/19/2810 2585/19/2615 2726/19/2811
f 2450/19/2532 2728/19/2812 2588/19/2664
f 2707/19/2800 2670/19/2759 2705/19/2797
f 2706/19/2799 2668/19/2757 2729/19/2813
f 2708/19/2814 2707/19/2800 2704/19/2796
f 2708/19/2814 2704/19/2796 2671/19/2760
f 2672/19/2761 2710/19/2764 2729/19/2813
f 2709/19/2765 2706/19/2799 2730/19/2815
f 2731/19/2816 2707/19/2800 2708/19/2814
f 2714/19/2774 2712/19/2817 2731/19/2816
f 2714/19/2774 2731/19/2816 2711/19/2767
f 2632/19/2771 2730/19/2815 2679/19/2772
f 2679/19/2772 2730/19/2815 2677/19/2770
f 2715/19/2778 2732/19/2818 2681/19/2780
f 2581/19/2657 2749/19/2784 2783/19/2819
f 2581/19/2657 2526/19/2659 2749/19/2784
f 2638/19/2570 2775/19/2820 2637/19/2663
f 2690/19/2608 2787/19/2821 2735/19/2804
f 2530/19/2572 2735/19/2804 2766/19/2719
f 2583/19/2612 2694/19/2822 2736/19/2823
f 2695/19/2824 2583/19/2612 2736/19/2823
f 2725/19/2808 2739/19/2825 2740/19/2826
f 2741/19/2794 2757/19/2827 2697/19/2795
f 2588/19/2664 2728/19/2812 2744/19/2828
f 2745/19/2829 2682/19/2782 2746/19/2830
f 2689/19/2718 2750/19/2831 2751/19/2717
f 2639/19/2720 2765/19/2832 2638/19/2570
f 2491/19/2574 2755/19/2833 2693/19/2834
f 2756/19/2835 2491/19/2574 2640/19/2724
f 2793/19/2836 2738/19/2837 2757/19/2827
f 2744/19/2828 2758/19/2838 2741/19/2794
f 2745/19/2829 2759/19/2839 2732/19/2840
f 2525/19/2439 2824/19/2841 2683/19/2713
f 2525/19/2439 2747/19/2842 2824/19/2841
f 2748/19/2658 2581/19/2657 2894/19/2843
f 2720/19/2714 2785/19/2844 2686/19/2787
f 2763/19/2845 2721/19/2569 2734/19/2660
f 2755/19/2833 2767/19/2846 2693/19/2834
f 2756/19/2835 2738/19/2837 2793/19/2836
f 2737/19/2809 2769/19/2847 2739/19/2825
f 2728/19/2812 2743/19/2848 2770/19/2849
f 2716/19/2783 2780/19/2850 2760/19/2851
f 2716/19/2783 2759/19/2839 2780/19/2850
f 2685/19/2715 2784/19/2852 2720/19/2714
f 2772/19/2853 2800/19/2854 2687/19/2855
f 2774/19/2856 2753/19/2788 2751/19/2717
f 2775/19/2820 2764/19/2857 2637/19/2663
f 2722/19/2806 2754/19/2805 2777/19/2858
f 2737/19/2809 2768/19/2859 2792/19/2860
f 2793/19/2836 2790/19/2861 2756/19/2835
f 2758/19/2838 2793/19/2836 2757/19/2827
f 2778/19/2862 2740/19/2826 2739/19/2825
f 2759/19/2839 2797/19/2863 2780/19/2850
f 2746/19/2830 2635/19/2712 2806/19/2864
f 2636/19/2607 2580/19/2865 2836/19/2866
f 2784/19/2852 2685/19/2715 2808/19/2867
f 2809/19/2868 2762/19/2716 2800/19/2854
f 2785/19/2844 2786/19/2869 2686/19/2787
f 2774/19/2856 2751/19/2717 2750/19/2831
f 2787/19/2821 2753/19/2788 2774/19/2856
f 2691/19/2789 2766/19/2719 2788/19/2870
f 2736/19/2823 2777/19/2858 2802/19/2871
f 2802/19/2871 2768/19/2859 2736/19/2823
f 2768/19/2859 2802/19/2871 2791/19/2872
f 2768/19/2859 2791/19/2872 2792/19/2860
f 2770/19/2849 2779/19/2873 2796/19/2874
f 2760/19/2851 2780/19/2850 2832/19/2875
f 2683/19/2713 2824/19/2841 2806/19/2864
f 2717/19/2876 2781/19/2877 2718/19/2878
f 2747/19/2842 2894/19/2843 2833/19/2879
f 2863/19/2880 2835/19/2881 2581/19/2657
f 2749/19/2784 2864/19/2882 2783/19/2819
f 2719/19/2803 2808/19/2867 2685/19/2715
f 2750/19/2831 2773/19/2883 2826/19/2884
f 2774/19/2856 2750/19/2831 2811/19/2885
f 2813/19/2886 2764/19/2857 2775/19/2820
f 2735/19/2804 2814/19/2887 2766/19/2719
f 2789/19/2791 2767/19/2846 2819/19/2888
f 2779/19/2873 2805/19/2889 2796/19/2874
f 2778/19/2862 2847/19/2890 2643/19/2727
f 2805/19/2891 2779/19/2892 2743/19/2893
f 2651/19/2735 2822/19/2894 2595/19/2676
f 2780/19/2850 2797/19/2863 2823/19/2895
f 2832/19/2875 2717/19/2876 2760/19/2851
f 2771/19/2896 2636/19/2607 2836/19/2866
f 2808/19/2867 2719/19/2803 2807/19/2897
f 2851/19/2898 2864/19/2882 2749/19/2784
f 2762/19/2716 2809/19/2868 2799/19/2899
f 2810/19/2900 2772/19/2853 2763/19/2845
f 2763/19/2845 2801/19/2901 2810/19/2900
f 2811/19/2885 2750/19/2831 2826/19/2884
f 2812/19/2902 2787/19/2821 2774/19/2856
f 2735/19/2804 2839/19/2903 2814/19/2887
f 2765/19/2832 2816/19/2904 2827/19/2905
f 2789/19/2791 2817/19/2906 2776/19/2790
f 2754/19/2805 2842/19/2907 2818/19/2908
f 2817/19/2906 2789/19/2791 2819/19/2888
f 2818/19/2908 2777/19/2858 2754/19/2805
f 2802/19/2871 2777/19/2858 2818/19/2908
f 2794/19/2909 2820/19/2910 2828/19/2911
f 2643/19/2727 2847/19/2890 2875/19/2912
f 2848/19/2913 2701/19/2734 2870/19/2729
f 2822/19/2894 2831/19/2914 2595/19/2676
f 2821/19/2915 2822/19/2894 2651/19/2735
f 2781/19/2877 2825/19/2916 2782/19/2917
f 2824/19/2841 2747/19/2842 2833/19/2879
f 2764/19/2857 2813/19/2886 2801/19/2901
f 2812/19/2902 2774/19/2856 2811/19/2885
f 2818/19/2908 2829/19/2918 2802/19/2871
f 2643/19/2727 2875/19/2912 2870/19/2729
f 2717/19/2876 2872/19/2919 2781/19/2877
f 2825/19/2916 2834/19/2920 2782/19/2917
f 2771/19/2896 2885/19/2921 2761/19/2922
f 2837/19/2923 2809/19/2868 2800/19/2854
f 2837/19/2923 2800/19/2854 2810/19/2900
f 2786/19/2869 2838/19/2924 2826/19/2884
f 2827/19/2905 2840/19/2925 2813/19/2886
f 2814/19/2887 2839/19/2903 2856/19/2926
f 2840/19/2925 2827/19/2905 2841/19/2927
f 2817/19/2906 2843/19/2928 2816/19/2904
f 2845/19/2929 2828/19/2911 2860/19/2930
f 2830/19/2931 2829/19/2918 2846/19/2932
f 2828/19/2911 2820/19/2910 2860/19/2930
f 2700/19/2933 2702/19/2675 2849/19/2934
f 2831/19/2914 2849/19/2934 2702/19/2675
f 2809/19/2868 2852/19/2935 2799/19/2899
f 2785/19/2844 2853/19/2936 2786/19/2869
f 2838/19/2924 2786/19/2869 2853/19/2936
f 2801/19/2901 2854/19/2937 2810/19/2900
f 2813/19/2886 2855/19/2938 2801/19/2901
f 2839/19/2903 2812/19/2902 2898/19/2939
f 2840/19/2925 2855/19/2938 2813/19/2886
f 2839/19/2903 2898/19/2939 2856/19/2926
f 2798/19/2940 2806/19/2864 2862/19/2941
f 2837/19/2923 2852/19/2935 2809/19/2868
f 2826/19/2884 2838/19/2924 2865/19/2942
f 2810/19/2900 2866/19/2943 2837/19/2923
f 2854/19/2937 2866/19/2943 2810/19/2900
f 2812/19/2902 2811/19/2885 2868/19/2944
f 2812/19/2902 2868/19/2944 2898/19/2939
f 2844/19/2945 2842/19/2907 2909/19/2946
f 2700/19/2933 2849/19/2934 2883/19/2947
f 2933/19/2948 2835/19/2881 2863/19/2880
f 2811/19/2885 2867/19/2949 2920/19/2950
f 2869/19/2951 2873/19/2952 2855/19/2938
f 2869/19/2951 2855/19/2938 2840/19/2925
f 2909/19/2946 2857/19/2953 2928/19/2954
f 2859/19/2955 2844/19/2945 2909/19/2946
f 2848/19/2913 2912/19/2956 2821/19/2915
f 2832/19/2875 2850/19/2957 2876/19/2958
f 2850/19/2957 2878/19/2959 2877/19/2960
f 2823/19/2895 2798/19/2940 2871/19/2961
f 2836/19/2866 2834/19/2920 2879/19/2962
f 2917/19/2963 2837/19/2923 2897/19/2964
f 2880/19/2965 2866/19/2943 2854/19/2937
f 2856/19/2926 2898/19/2939 2881/19/2966
f 2882/19/2967 2830/19/2931 2846/19/2932
f 2820/19/2910 2861/19/2968 2860/19/2930
f 2833/19/2879 2894/19/2843 2893/19/2969
f 2835/19/2881 2933/19/2948 2894/19/2843
f 2885/19/2921 2886/19/2970 2807/19/2897
f 2906/19/2971 2838/19/2924 2853/19/2936
f 2888/19/2972 2838/19/2924 2906/19/2971
f 2832/19/2875 2876/19/2958 2891/19/2973
f 2872/19/2919 2892/19/2974 2825/19/2916
f 2863/19/2880 2884/19/2975 2933/19/2948
f 2895/19/2976 2808/19/2867 2807/19/2897
f 2887/19/2977 2853/19/2936 2784/19/2852
f 2852/19/2935 2896/19/2978 2799/19/2899
f 2908/19/2979 2840/19/2925 2899/19/2980
f 2859/19/2955 2910/19/2981 2846/19/2932
f 2938/19/2982 2845/19/2929 2860/19/2930
f 2861/19/2968 2805/19/2889 2889/19/2983
f 2821/19/2915 2912/19/2956 2932/19/2984
f 2932/19/2984 2943/19/2985 2822/19/2894
f 2891/19/2973 2892/19/2974 2872/19/2919
f 2879/19/2962 2825/19/2916 2913/19/2986
f 2864/19/2882 2905/19/2987 2904/19/2988
f 2908/19/2979 2869/19/2951 2840/19/2925
f 2939/19/2989 2901/19/2990 2882/19/2967
f 2825/19/2916 2892/19/2974 2913/19/2986
f 2894/19/2843 2933/19/2948 2914/19/2991
f 2864/19/2882 2915/19/2992 2903/19/2993
f 2926/19/2994 2852/19/2935 2917/19/2963
f 2865/19/2942 2888/19/2972 2918/19/2995
f 2865/19/2942 2918/19/2995 2907/19/2996
f 2867/19/2949 2907/19/2996 2927/19/2997
f 2846/19/2932 2922/19/2998 2882/19/2967
f 2911/19/2999 2860/19/2930 2861/19/2968
f 2877/19/2960 2878/19/2959 2930/19/3000
f 2871/19/2961 2862/19/2941 2924/19/3001
f 2852/19/2935 2926/19/2994 2896/19/2978
f 2854/19/2937 2949/19/3002 2880/19/2965
f 2877/19/2960 2930/19/3000 2944/19/3003
f 2923/19/3004 2930/19/3000 2878/19/2959
f 2884/19/2975 2903/19/2993 2968/19/3005
f 2885/19/2921 2931/19/3006 2886/19/2970
f 2934/19/3007 2886/19/2970 2931/19/3006
f 2886/19/2970 2934/19/3007 2895/19/2976
f 2881/19/2966 2898/19/2939 2874/19/3008
f 2950/19/3009 2899/19/2980 2900/19/3010
f 2966/19/3011 2941/19/3012 2902/19/3013
f 2831/19/2914 2943/19/2985 2994/19/3014
f 2874/19/3008 2868/19/2944 2987/19/3015
f 2940/19/3016 2911/19/2999 2861/19/2968
f 2875/19/2912 2901/19/2990 2942/19/3017
f 2892/19/2974 2891/19/2973 2946/19/3018
f 2905/19/2987 2896/19/2978 2959/19/3019
f 2959/19/3019 2896/19/2978 2935/19/3020
f 2926/19/2994 2917/19/2963 2965/19/3021
f 2919/19/3022 2972/19/3023 2897/19/2964
f 2936/19/3024 2908/19/2979 2899/19/2980
f 2950/19/3009 2936/19/3024 2899/19/2980
f 2928/19/2954 2951/19/3025 2909/19/2946
f 2945/19/3026 2930/19/3000 2923/19/3004
f 2924/19/3001 2893/19/2969 2963/19/3027
f 2954/19/3028 2916/19/3029 2887/19/2977
f 2888/19/2972 2925/19/3030 2948/19/3031
f 2929/19/3032 2910/19/2981 2937/19/3033
f 2890/19/3034 2977/19/3035 2889/19/2983
f 2923/19/3004 2924/19/3001 2962/19/3036
f 2914/19/2991 2957/19/3037 2963/19/3027
f 2933/19/2948 2884/19/2975 2964/19/3038
f 2919/19/3022 2880/19/2965 2960/19/3039
f 2901/19/2990 2939/19/2989 2985/19/3040
f 2945/19/3026 2923/19/3004 2962/19/3036
f 2946/19/3018 2956/19/3041 2913/19/2986
f 2955/19/3042 2932/19/2984 2912/19/2956
f 2957/19/3037 2971/19/3043 2963/19/3027
f 2987/19/3015 2868/19/2944 2927/19/2997
f 2929/19/3032 2937/19/3033 2970/19/3044
f 2978/19/3045 2943/19/2985 3000/19/3046
f 2891/19/2973 2961/19/3047 2980/19/3048
f 2981/19/3049 2931/19/3006 2958/19/3050
f 2992/19/3051 2953/19/3052 2915/19/2992
f 2895/19/2976 2934/19/3007 2982/19/3053
f 2982/19/3053 2954/19/3028 2895/19/2976
f 2948/19/3031 2925/19/3030 2983/19/3054
f 2988/19/3055 2869/19/2951 2908/19/2979
f 2881/19/2966 2874/19/3008 2989/19/3056
f 2975/19/3057 2984/19/3058 2881/19/2966
f 2999/19/3059 2940/19/3016 2976/19/3060
f 2977/19/3035 2890/19/3034 2941/19/3012
f 2942/19/3017 2990/19/3061 3058/19/3062
f 3014/19/3063 2942/19/3017 3021/19/3064
f 2953/19/3052 2992/19/3051 3008/19/3065
f 2992/19/3051 2904/19/2988 2986/19/3066
f 2974/19/3067 2989/19/3056 2874/19/3008
f 2911/19/2999 2940/19/3016 2999/19/3059
f 2996/19/3068 2965/19/3021 2972/19/3023
f 2938/19/2982 2911/19/2999 2998/19/3069
f 2966/19/3011 3025/19/3070 3047/19/3071
f 2916/19/3029 2954/19/3028 2993/19/3072
f 2932/19/2984 3079/19/3073 3000/19/3046
f 2961/19/3047 2952/19/3074 2995/19/3075
f 3001/19/3076 2945/19/3026 3002/19/3077
f 2971/19/3043 2957/19/3037 3022/19/3078
f 3006/19/3079 2935/19/3020 2965/19/3021
f 2988/19/3055 3011/19/3080 3010/19/3081
f 2921/19/3082 2998/19/3069 3018/19/3083
f 2955/19/3042 3014/19/3063 3079/19/3073
f 2961/19/3047 2995/19/3075 2980/19/3048
f 3022/19/3078 2957/19/3037 3007/19/3084
f 2981/19/3049 2958/19/3050 3023/19/3085
f 3005/19/3086 2993/19/3072 2954/19/3028
f 2969/19/3087 3016/19/3088 2927/19/2997
f 2987/19/3015 2927/19/2997 3031/19/3089
f 2950/19/3009 2921/19/3082 3017/19/3090
f 2967/19/3091 3015/19/3092 3042/19/3093
f 2949/19/3002 2973/19/3094 3063/19/3095
f 3036/19/3096 2936/19/3024 2950/19/3009
f 2997/19/3097 2970/19/3044 3032/19/3098
f 3057/19/3099 2977/19/3035 2941/19/3012
f 2980/19/3048 2995/19/3075 3026/19/3100
f 3001/19/3076 3027/19/3101 2979/19/3102
f 3003/19/3103 2971/19/3043 3022/19/3078
f 3007/19/3084 2953/19/3052 3008/19/3065
f 3008/19/3065 2992/19/3051 3050/19/3104
f 2980/19/3048 3026/19/3100 3028/19/3105
f 2960/19/3039 2996/19/3068 2972/19/3023
f 3012/19/3106 2951/19/3025 2984/19/3058
f 3000/19/3046 3038/19/3107 2978/19/3045
f 2994/19/3014 3038/19/3107 3067/19/3108
f 3001/19/3076 3002/19/3077 3039/19/3109
f 2992/19/3051 2986/19/3066 3040/19/3110
f 2969/19/3087 3034/19/3111 3035/19/3112
f 3063/19/3095 3062/19/3113 2960/19/3039
f 3055/19/3114 2998/19/3069 2999/19/3059
f 3077/19/3115 3024/19/3116 2997/19/3097
f 3019/19/3117 2976/19/3060 3013/19/3118
f 3074/19/3119 3030/19/3120 3023/19/3085
f 3027/19/3101 3048/19/3121 3082/19/3122
f 3043/19/3123 3022/19/3078 3049/19/3124
f 3005/19/3086 3059/19/3125 2993/19/3072
f 3034/19/3111 2983/19/3054 3061/19/3126
f 2989/19/3056 3051/19/3127 3052/19/3128
f 2975/19/3057 2989/19/3056 3052/19/3128
f 2936/19/3024 3045/19/3129 2988/19/3055
f 3053/19/3130 3036/19/3096 3017/19/3090
f 3053/19/3130 3017/19/3090 3018/19/3083
f 3071/19/3131 3018/19/3083 3055/19/3114
f 3064/19/3132 2997/19/3097 3032/19/3098
f 3066/19/3133 3019/19/3117 3056/19/3134
f 3013/19/3118 2977/19/3035 3057/19/3099
f 3026/19/3100 3082/19/3122 3028/19/3105
f 3047/19/3071 3025/19/3070 3080/19/3135
f 3067/19/3108 3080/19/3135 3025/19/3070
f 3028/19/3105 3082/19/3122 3068/19/3136
f 3048/19/3121 3069/19/3137 3082/19/3122
f 3048/19/3121 3039/19/3109 3033/19/3138
f 3073/19/3139 3042/19/3093 3028/19/3105
f 3029/19/3140 3074/19/3119 3023/19/3085
f 2960/19/3039 3041/19/3141 2996/19/3068
f 3065/19/3142 3024/19/3116 3077/19/3115
f 3028/19/3105 3068/19/3136 3073/19/3139
f 3106/19/3143 3029/19/3140 3042/19/3093
f 3029/19/3140 3106/19/3143 3074/19/3119
f 3060/19/3144 2959/19/3019 3006/19/3079
f 2993/19/3072 3059/19/3125 3009/19/3145
f 3035/19/3112 3034/19/3111 3061/19/3126
f 3055/19/3114 2999/19/3059 3078/19/3146
f 3084/19/3147 3076/19/3148 3004/19/3149
f 3062/19/3113 3041/19/3141 2960/19/3039
f 3064/19/3132 3054/19/3150 3107/19/3151
f 3077/19/3115 2997/19/3097 3086/19/3152
f 3024/19/3116 3065/19/3142 3087/19/3153
f 2992/19/3051 3040/19/3110 3050/19/3104
f 3100/19/3154 2965/19/3021 3089/19/3155
f 3016/19/3088 3091/19/3156 3092/19/3157
f 3044/19/3158 3093/19/3159 3063/19/3095
f 3102/19/3160 3044/19/3158 3011/19/3080
f 3094/19/3161 3052/19/3128 3051/19/3127
f 3045/19/3129 3102/19/3160 3011/19/3080
f 3095/19/3162 3052/19/3128 3094/19/3161
f 3069/19/3137 3096/19/3163 3082/19/3122
f 3097/19/3164 3033/19/3138 3114/19/3165
f 3099/19/3166 3009/19/3145 3059/19/3125
f 3044/19/3158 3102/19/3160 3093/19/3159
f 3094/19/3161 3051/19/3127 3101/19/3167
f 3052/19/3128 3095/19/3162 3046/19/3168
f 3103/19/3169 3118/19/3170 3036/19/3096
f 3126/19/3171 3046/19/3168 3095/19/3162
f 3058/19/3062 3020/19/3172 3104/19/3173
f 3135/19/3174 3079/19/3073 3128/19/3175
f 3082/19/3122 3096/19/3163 3105/19/3176
f 3083/19/3177 3115/19/3178 3111/19/3179
f 3060/19/3144 3006/19/3079 3100/19/3154
f 3109/19/3180 3053/19/3130 3071/19/3131
f 3114/19/3165 3083/19/3177 3111/19/3179
f 3098/19/3181 3108/19/3182 3106/19/3143
f 3106/19/3143 3108/19/3182 3074/19/3119
f 3116/19/3183 3099/19/3166 3059/19/3125
f 3104/19/3173 3014/19/3063 3021/19/3064
f 3038/19/3107 3081/19/3184 3110/19/3185
f 3038/19/3107 3150/19/3186 3067/19/3108
f 3096/19/3163 3129/19/3187 3105/19/3176
f 3108/19/3182 3088/19/3188 3074/19/3119
f 3119/19/3189 3065/19/3142 3077/19/3115
f 3068/19/3136 3105/19/3176 3162/19/3190
f 3096/19/3163 3069/19/3137 3121/19/3191
f 3097/19/3164 3121/19/3191 3069/19/3137
f 3068/19/3136 3122/19/3192 3073/19/3139
f 3061/19/3126 3123/19/3193 3124/19/3194
f 3093/19/3159 3125/19/3195 3090/19/3196
f 3102/19/3160 3137/19/3197 3093/19/3159
f 3077/19/3115 3086/19/3152 3158/19/3198
f 3066/19/3133 3056/19/3134 3127/19/3199
f 3038/19/3107 3110/19/3185 3150/19/3186
f 3096/19/3163 3121/19/3191 3129/19/3187
f 3073/19/3139 3122/19/3192 3098/19/3181
f 3092/19/3157 3117/19/3200 3132/19/3201
f 3095/19/3162 3168/19/3202 3133/19/3203
f 3103/19/3169 3141/19/3204 3118/19/3170
f 3116/19/3183 3085/19/3205 3099/19/3166
f 3101/19/3167 3132/19/3201 3138/19/3206
f 3137/19/3197 3102/19/3160 3139/19/3207
f 3140/19/3208 3102/19/3160 3118/19/3170
f 3107/19/3151 3126/19/3171 3142/19/3209
f 3134/19/3210 3107/19/3151 3144/19/3211
f 3055/19/3114 3078/19/3146 3145/19/3212
f 3170/19/3213 3077/19/3115 3158/19/3198
f 3056/19/3134 3013/19/3118 3113/19/3214
f 3104/19/3173 3087/19/3153 3171/19/3215
f 3115/19/3178 3147/19/3216 3111/19/3179
f 3147/19/3216 3070/19/3217 3112/19/3218
f 3108/19/3182 3198/19/3219 3088/19/3188
f 3060/19/3144 3136/19/3220 3040/19/3110
f 3125/19/3195 3175/19/3221 3131/19/3222
f 3141/19/3204 3103/19/3169 3109/19/3180
f 3109/19/3180 3143/19/3223 3141/19/3204
f 3145/19/3212 3078/19/3146 3146/19/3224
f 3120/19/3225 3146/19/3224 3078/19/3146
f 3065/19/3142 3119/19/3189 3148/19/3226
f 3105/19/3176 3129/19/3187 3162/19/3190
f 3163/19/3227 3174/19/3228 3114/19/3165
f 3098/19/3181 3152/19/3229 3108/19/3182
f 3136/19/3220 3100/19/3154 3154/19/3230
f 3154/19/3230 3100/19/3154 3155/19/3231
f 3155/19/3231 3089/19/3155 3160/19/3232
f 3094/19/3161 3138/19/3206 3168/19/3202
f 3086/19/3152 3134/19/3210 3158/19/3198
f 3148/19/3226 3171/19/3215 3087/19/3153
f 3104/19/3173 3172/19/3233 3128/19/3175
f 3085/19/3205 3116/19/3183 3156/19/3234
f 3167/19/3235 3137/19/3197 3139/19/3207
f 3183/19/3236 3128/19/3175 3172/19/3233
f 3121/19/3191 3173/19/3237 3129/19/3187
f 3122/19/3192 3162/19/3190 3164/19/3238
f 3122/19/3192 3164/19/3238 3151/19/3239
f 3153/19/3240 3040/19/3110 3213/19/3241
f 3132/19/3201 3117/19/3200 3166/19/3242
f 3129/19/3187 3173/19/3237 3162/19/3190
f 3163/19/3227 3111/19/3179 3194/19/3243
f 3194/19/3243 3111/19/3179 3147/19/3216
f 3112/19/3218 3199/19/3244 3178/19/3245
f 3084/19/3147 3179/19/3246 3076/19/3148
f 3136/19/3220 3213/19/3241 3040/19/3110
f 3176/19/3247 3140/19/3208 3141/19/3204
f 3145/19/3212 3146/19/3224 3188/19/3248
f 3127/19/3199 3113/19/3214 3197/19/3249
f 3152/19/3229 3198/19/3219 3108/19/3182
f 3117/19/3200 3124/19/3194 3187/19/3250
f 3144/19/3211 3142/19/3209 3214/19/3251
f 3134/19/3210 3144/19/3211 3182/19/3252
f 3123/19/3193 3181/19/3253 3186/19/3254
f 3187/19/3250 3124/19/3194 3186/19/3254
f 3120/19/3225 3127/19/3199 3197/19/3249
f 3112/19/3218 3153/19/3240 3199/19/3244
f 3204/19/3255 3165/19/3256 3116/19/3183
f 3215/19/3257 3167/19/3235 3139/19/3207
f 3215/19/3257 3139/19/3207 3140/19/3208
f 3149/19/3258 3190/19/3259 3113/19/3214
f 3172/19/3233 3210/19/3260 3183/19/3236
f 3161/19/3261 3191/19/3262 3177/19/3263
f 3170/19/3213 3158/19/3198 3205/19/3264
f 3210/19/3260 3203/19/3265 3184/19/3266
f 3174/19/3228 3163/19/3227 3193/19/3267
f 3200/19/3268 3195/19/3269 3167/19/3235
f 3138/19/3206 3166/19/3242 3201/19/3270
f 3168/19/3202 3201/19/3270 3206/19/3271
f 3158/19/3198 3182/19/3252 3205/19/3264
f 3149/19/3258 3211/19/3272 3190/19/3259
f 3210/19/3260 3172/19/3233 3209/19/3273
f 3177/19/3263 3191/19/3262 3211/19/3272
f 3192/19/3274 3191/19/3262 3161/19/3261
f 3159/19/3275 3212/19/3276 3161/19/3261
f 3161/19/3261 3212/19/3276 3192/19/3274
f 3117/19/3200 3187/19/3250 3166/19/3242
f 3318/19/3277 3119/19/3189 3170/19/3213 3307/19/3278
f 3202/19/3279 3171/19/3215 3208/19/3280
f 3212/19/3276 3159/19/3275 3203/19/3265
f 3179/19/3246 3204/19/3255 3130/19/3281
f 3343/19/3282 3180/19/3283 3185/19/3284 3285/19/3285
f 3169/19/3286 3206/19/3271 3214/19/3251
f 3330/19/3287 3164/19/3238 3162/19/3190 3294/19/3288
f 3274/19/3289 3166/19/3242 3326/19/3290
f 3283/19/3291 3331/19/3292 3215/19/3257
f 3266/19/3293 3210/19/3260 3288/19/3294
f 3249/19/3295 3186/19/3254 3312/19/3296
f 3253/19/3297 3206/19/3271 3275/19/3298
f 3290/19/3299 3320/19/3300 3189/19/3301
f 3308/19/3302 3214/19/3251 3347/19/3303
f 3302/19/3304 3267/19/3305 3176/19/3247
f 3256/19/3306 3315/19/3307 3165/19/3256
f 3330/19/3287 3279/19/3308 3164/19/3238
f 3321/19/3309 3194/19/3243 3280/19/3310
f 40/19/21 31/19/17 32/19/23 33/19/22
f 376/19/3311 397/19/3312 375/19/3313
f 373/19/3314 374/19/3315 377/19/3316
f 25/19/7 28/19/9 26/19/5
f 29/19/8 40/19/21 26/19/5
f 30/19/12 27/19/11 41/19/19
f 27/19/11 28/19/9 25/19/7
f 87/19/75 45/19/3317 37/19/14 68/19/3318
f 28/19/9 36/19/10 29/19/8
f 35/19/24 32/19/23 48/19/3319
f 36/19/10 38/19/30 29/19/8
f 25/19/7 39/19/6 41/19/19
f 43/19/50 57/19/20 41/19/19
f 41/19/19 27/19/11 25/19/7
f 40/19/21 33/19/22 42/19/33
f 57/19/20 34/19/13 30/19/12
f 45/19/3317 30/19/12 37/19/14
f 45/19/15 46/19/29 27/19/11
f 29/19/8 38/19/30 47/19/26
f 48/19/18 31/19/17 47/19/26
f 47/19/26 38/19/30 51/19/48
f 50/19/38 52/19/40 38/19/30
f 51/19/48 38/19/30 52/19/40
f 41/19/19 39/19/6 81/19/41
f 53/19/32 26/19/5 40/19/21
f 55/19/62 57/19/3320 43/19/50
f 51/19/48 60/19/49 47/19/26
f 60/19/49 48/19/18 47/19/26
f 69/19/77 48/19/3321 60/19/49
f 46/19/29 61/19/56 50/19/38
f 43/19/50 41/19/19 81/19/41
f 53/19/32 40/19/21 54/19/34
f 43/19/50 63/19/3322 55/19/62
f 55/19/62 66/19/61 57/19/3323
f 67/19/68 65/19/67 56/19/3324
f 58/19/25 57/19/36 66/19/3325
f 58/19/25 68/19/3318 37/19/14
f 61/19/56 70/19/60 62/19/39 50/19/38
f 49/19/74 45/19/3317 87/19/75
f 61/19/56 46/19/29 49/19/31
f 54/19/34 75/19/82 73/19/81 53/19/32
f 81/19/41 53/19/32 72/19/94
f 78/19/57 107/19/112 94/19/111 70/19/60
f 63/19/3322 43/19/50 74/19/51
f 54/19/34 42/19/33 64/19/52
f 44/19/44 77/19/46 67/19/3326
f 58/19/3327 66/19/3328 76/19/3329
f 70/19/60 61/19/56 78/19/57
f 71/19/58 69/19/77 60/19/49
f 79/19/59 80/19/3330 62/19/39
f 80/19/3330 52/19/40 62/19/3331
f 72/19/94 53/19/32 73/19/81
f 84/19/63 55/19/62 63/19/3322
f 86/19/86 68/19/3332 76/19/66
f 52/19/40 80/19/3330 96/19/78
f 72/19/94 98/19/80 81/19/41
f 83/19/95 73/19/81 90/19/83
f 75/19/82 54/19/34 64/19/52
f 84/19/63 91/19/65 66/19/64
f 103/19/3333 68/19/3332 86/19/86
f 68/19/3318 103/19/97 87/19/75
f 88/19/73 104/19/100 59/19/37
f 89/19/76 71/19/58 106/19/92
f 63/19/3322 74/19/51 123/19/170 99/19/3334
f 94/19/111 79/19/59 70/19/60
f 96/19/78 80/19/3330 79/19/59
f 103/19/97 114/19/131 125/19/121 117/19/98
f 100/19/107 75/19/82 64/19/52
f 64/19/52 101/19/84 100/19/107
f 99/19/3334 102/19/119 63/19/3322
f 84/19/63 63/19/3322 102/19/3335
f 91/19/65 84/19/63 102/19/3335
f 103/19/97 86/19/86 91/19/65
f 104/19/87 92/19/85 85/19/71
f 93/19/88 116/19/99 88/19/73
f 105/19/89 107/19/112 78/19/57
f 97/19/93 79/19/59 94/19/111
f 90/19/83 75/19/82 111/19/141
f 75/19/82 100/19/107 111/19/141
f 112/19/120 102/19/119 99/19/3334
f 114/19/131 91/19/65 102/19/3335
f 114/19/131 103/19/97 91/19/65
f 115/19/108 101/19/84 92/19/96
f 118/19/3336 116/19/3337 93/19/88
f 105/19/89 126/19/109 107/19/112
f 106/19/92 118/19/3336 93/19/88
f 97/19/93 121/19/116 122/19/117
f 110/19/105 123/19/170 74/19/51
f 124/19/118 114/19/131 102/19/119
f 115/19/108 113/19/106 101/19/84
f 139/19/139 140/19/178 82/19/79 98/19/80
f 133/19/144 115/19/108 116/19/99
f 127/19/3338 133/19/3339 116/19/3337
f 118/19/3336 127/19/3338 116/19/3337
f 107/19/112 128/19/122 119/19/113
f 120/19/114 118/19/3340 106/19/101
f 121/19/116 94/19/115 129/19/124
f 108/19/3341 95/19/90 122/19/117
f 72/19/94 139/19/139 98/19/80
f 123/19/170 110/19/105 132/19/151
f 135/19/157 133/19/3339 127/19/3338
f 120/19/114 145/19/3342 118/19/3340
f 119/19/3343 136/19/135 129/19/134
f 138/19/136 120/19/114 130/19/3344
f 138/19/136 130/19/3344 122/19/117
f 122/19/117 121/19/116 147/19/138
f 142/19/145 144/19/146 128/19/122 126/19/109
f 141/19/140 72/19/94 109/19/104
f 152/19/200 111/19/141 100/19/107
f 99/19/3334 123/19/170 112/19/120
f 127/19/3345 143/19/155 135/19/157
f 122/19/117 148/19/3346 149/19/137 138/19/136
f 127/19/3345 145/19/3342 143/19/155
f 145/19/3342 127/19/3345 118/19/3340
f 146/19/149 145/19/3342 120/19/114
f 136/19/135 156/19/3347 137/19/133
f 156/19/3347 147/19/138 137/19/133
f 122/19/117 147/19/138 148/19/3346
f 136/19/163 161/19/164 162/19/3348 156/19/159
f 110/19/105 82/19/79 140/19/178
f 131/19/129 83/19/95 150/19/142
f 150/19/142 83/19/95 90/19/83
f 100/19/107 113/19/106 152/19/200
f 133/19/3339 135/19/157 160/19/152
f 134/19/132 125/19/121 166/19/153
f 155/19/148 119/19/113 144/19/146
f 146/19/149 168/19/173 145/19/3342
f 172/19/168 109/19/104 131/19/129
f 158/19/198 110/19/105 140/19/178
f 158/19/198 151/19/150 110/19/105
f 111/19/141 152/19/200 150/19/142
f 132/19/151 219/19/171 123/19/170
f 113/19/106 164/19/143 188/19/212
f 166/19/153 153/19/154 134/19/132
f 145/19/3342 168/19/173 143/19/155
f 142/19/145 167/19/162 144/19/146
f 174/19/179 194/19/226 158/19/198 140/19/178
f 156/19/159 162/19/3348 157/19/160
f 163/19/166 148/19/161 157/19/160
f 149/19/165 148/19/161 163/19/166
f 140/19/178 139/19/139 171/19/167
f 113/19/106 188/19/212 152/19/200
f 166/19/153 159/19/130 112/19/120
f 169/19/184 155/19/148 167/19/162
f 161/19/164 155/19/148 169/19/184
f 179/19/172 146/19/149 163/19/166
f 173/19/220 172/19/168 175/19/180
f 171/19/167 141/19/140 172/19/168
f 165/19/254 177/19/181 112/19/120
f 169/19/184 167/19/162 178/19/183
f 185/19/195 162/19/174 161/19/186
f 170/19/175 186/19/196 163/19/177
f 175/19/180 131/19/129 176/19/169
f 219/19/171 165/19/254 112/19/120
f 143/19/155 190/19/203 180/19/194
f 190/19/203 143/19/155 168/19/173
f 169/19/184 178/19/183 200/19/230
f 181/19/202 168/19/173 179/19/172
f 179/19/172 182/19/204 181/19/202
f 169/19/184 200/19/230 183/19/185
f 161/19/186 184/19/190 185/19/195
f 174/19/179 171/19/167 187/19/219
f 172/19/168 187/19/219 171/19/167
f 187/19/219 172/19/168 173/19/220
f 219/19/171 151/19/150 196/19/210
f 177/19/181 189/19/201 166/19/153
f 153/19/154 166/19/153 189/19/201
f 183/19/185 200/19/230 205/19/208
f 185/19/195 191/19/206 192/19/3349
f 186/19/191 185/19/195 192/19/3349
f 192/19/3349 193/19/218 186/19/191
f 193/19/218 201/19/235 186/19/191
f 201/19/235 182/19/187 186/19/191
f 198/19/228 197/19/192 154/19/156 180/19/194
f 209/19/215 225/19/217 192/19/216 191/19/206
f 182/19/204 201/19/235 206/19/205
f 223/19/209 184/19/190 183/19/185
f 152/19/200 229/19/211 202/19/199
f 177/19/181 165/19/254 230/19/256
f 199/19/193 204/19/231 178/19/183
f 200/19/230 178/19/183 204/19/231
f 181/19/202 240/19/213 190/19/203
f 206/19/205 201/19/235 207/19/233
f 209/19/215 191/19/206 184/19/190
f 263/19/264 247/19/285 242/19/246 232/19/232
f 193/19/218 225/19/217 210/19/236
f 193/19/218 210/19/236 201/19/235
f 164/19/143 238/19/274 188/19/212
f 164/19/143 220/19/227 238/19/274
f 189/19/201 177/19/181 245/19/257
f 199/19/193 189/19/201 221/19/3350
f 204/19/231 199/19/193 221/19/3350
f 205/19/208 200/19/230 232/19/232
f 206/19/205 222/19/234 240/19/213
f 232/19/232 223/19/209 205/19/208
f 224/19/249 208/19/214 223/19/209
f 209/19/3351 208/19/248 226/19/250
f 225/19/251 209/19/3351 226/19/250
f 212/19/222 174/19/179 211/19/237
f 213/19/221 173/19/220 215/19/224
f 216/19/225 176/19/169 227/19/272
f 227/19/272 176/19/169 195/19/207
f 228/19/238 158/19/198 194/19/226
f 197/19/192 231/19/229 220/19/227
f 245/19/257 221/19/3350 189/19/201
f 190/19/203 240/19/213 239/19/243
f 232/19/232 224/19/249 223/19/209
f 225/19/251 234/19/247 235/19/252
f 210/19/236 225/19/251 235/19/252
f 165/19/254 219/19/171 237/19/242
f 188/19/212 238/19/274 244/19/241
f 230/19/256 165/19/254 272/19/255
f 198/19/228 239/19/243 231/19/229
f 204/19/231 263/19/264 232/19/232
f 222/19/234 241/19/258 240/19/213
f 224/19/249 232/19/232 242/19/246
f 228/19/238 258/19/261 217/19/197
f 221/19/3350 245/19/257 246/19/263
f 246/19/263 204/19/231 221/19/3350
f 240/19/213 276/19/277 239/19/243
f 321/19/367 322/19/369 310/19/344 296/19/316
f 240/19/213 241/19/258 248/19/276
f 242/19/246 247/19/285 253/19/244
f 229/19/211 244/19/241 280/19/239
f 231/19/229 273/19/275 220/19/227
f 245/19/257 230/19/256 251/19/290
f 241/19/258 252/19/265 248/19/276
f 255/19/279 211/19/237 213/19/221
f 211/19/237 254/19/269 212/19/222
f 236/19/253 214/19/223 243/19/259
f 257/19/271 194/19/226 236/19/253
f 231/19/229 274/19/313 273/19/275
f 276/19/277 231/19/229 239/19/243
f 283/19/288 211/19/237 255/19/279
f 249/19/262 215/19/224 256/19/270
f 256/19/270 216/19/225 260/19/281
f 261/19/324 260/19/281 227/19/272
f 257/19/271 258/19/261 228/19/238
f 251/19/290 230/19/256 272/19/255
f 245/19/257 251/19/290 275/19/292
f 246/19/263 245/19/257 275/19/292
f 274/19/313 231/19/229 276/19/277
f 247/19/285 277/19/284 266/19/286
f 253/19/244 266/19/286 267/19/333
f 315/19/278 253/19/244 267/19/333
f 270/19/319 236/19/253 243/19/259
f 271/19/289 261/19/324 227/19/272
f 271/19/289 227/19/272 250/19/260
f 277/19/284 263/19/264 264/19/294
f 265/19/283 252/19/265 314/19/332
f 269/19/295 278/19/296 286/19/317
f 249/19/262 284/19/298 259/19/280
f 243/19/259 269/19/295 285/19/320
f 270/19/319 243/19/259 285/19/320
f 256/19/270 260/19/281 287/19/297
f 279/19/299 236/19/253 270/19/319
f 258/19/261 257/19/271 289/19/325
f 282/19/301 237/19/242 262/19/273
f 244/19/241 305/19/360 291/19/300
f 238/19/274 327/19/302 244/19/241
f 251/19/290 272/19/255 292/19/291
f 314/19/332 252/19/265 344/19/304
f 286/19/317 285/19/320 269/19/295
f 260/19/281 261/19/324 288/19/308
f 289/19/325 257/19/271 279/19/299
f 304/19/326 271/19/289 280/19/239
f 289/19/325 290/19/282 258/19/261
f 327/19/302 305/19/360 244/19/241
f 276/19/277 265/19/283 295/19/314
f 307/19/315 255/19/279 259/19/280
f 278/19/296 254/19/269 298/19/363
f 300/19/309 301/19/340 284/19/298
f 296/19/316 285/19/320 286/19/317
f 284/19/298 287/19/297 300/19/309
f 302/19/322 279/19/299 270/19/319
f 304/19/326 313/19/323 261/19/324
f 280/19/239 281/19/310 304/19/326
f 291/19/300 305/19/360 358/19/373
f 293/19/312 327/19/302 273/19/275
f 293/19/312 274/19/313 306/19/375
f 274/19/313 295/19/314 306/19/375
f 254/19/269 268/19/287 298/19/363
f 308/19/336 259/19/280 299/19/352
f 310/19/344 270/19/319 296/19/316
f 311/19/329 309/19/342 300/19/309
f 270/19/319 310/19/344 302/19/322
f 312/19/330 311/19/329 288/19/308
f 291/19/300 338/19/348 281/19/310
f 298/19/363 268/19/287 330/19/328
f 317/19/334 278/19/296 298/19/363
f 299/19/352 284/19/298 318/19/337
f 319/19/338 284/19/298 301/19/340
f 278/19/296 320/19/353 297/19/318
f 321/19/367 296/19/316 297/19/318
f 309/19/342 331/19/339 300/19/309
f 342/19/589 343/19/303 277/19/284 329/19/400
f 313/19/323 325/19/345 312/19/330
f 303/19/321 336/19/371 289/19/325
f 326/19/331 262/19/273 290/19/282
f 340/19/351 292/19/291 339/19/311
f 293/19/312 328/19/419 327/19/302
f 294/19/293 275/19/292 360/19/362
f 329/19/400 264/19/294 294/19/293
f 323/19/341 332/19/383 309/19/342
f 325/19/345 333/19/357 311/19/346
f 335/19/347 325/19/345 313/19/323
f 303/19/321 334/19/358 336/19/371
f 289/19/325 336/19/371 337/19/327
f 328/19/419 341/19/361 327/19/302
f 359/19/350 393/19/374 292/19/291
f 293/19/312 306/19/375 328/19/419
f 295/19/314 371/19/376 306/19/375
f 329/19/400 277/19/284 264/19/294
f 380/19/3352 409/19/3353 408/19/3354 404/19/3355
f 346/19/391 318/19/337 319/19/338
f 297/19/318 347/19/365 348/19/366
f 348/19/366 350/19/368 321/19/367
f 349/19/381 331/19/339 309/19/342
f 349/19/3356 309/19/3357 332/19/395
f 352/19/387 333/19/3358 325/19/345
f 335/19/347 352/19/387 325/19/345
f 392/19/372 305/19/360 341/19/361
f 469/19/526 294/19/293 360/19/362
f 307/19/315 413/19/378 330/19/328
f 362/19/364 298/19/363 354/19/390
f 345/19/379 307/19/315 308/19/336
f 301/19/340 346/19/391 319/19/338
f 352/19/387 332/19/395 333/19/3358
f 334/19/358 356/19/384 336/19/371
f 358/19/373 357/19/349 291/19/300
f 306/19/375 353/19/377 328/19/419
f 330/19/328 354/19/390 298/19/363
f 345/19/379 308/19/336 318/19/337
f 317/19/334 362/19/364 316/19/335
f 349/19/381 364/19/451 363/19/382
f 322/19/369 350/19/368 365/19/392
f 364/19/451 349/19/3356 332/19/395
f 356/19/384 322/19/369 366/19/393
f 326/19/331 368/19/359 369/19/523
f 326/19/331 420/19/398 339/19/311
f 340/19/351 420/19/398 370/19/399
f 371/19/376 295/19/314 314/19/332
f 380/19/436 373/19/3359 377/19/437
f 354/19/390 384/19/447 362/19/364
f 385/19/481 345/19/379 346/19/391
f 391/19/468 367/19/397 357/19/349
f 390/19/396 369/19/523 368/19/359
f 391/19/468 357/19/349 358/19/373
f 294/19/293 469/19/526 394/19/401
f 344/19/304 315/19/278 361/19/389
f 378/19/405 404/19/3360 400/19/430
f 411/19/3361 382/19/3362 406/19/3363 410/19/3364
f 365/19/392 348/19/366 388/19/418 417/19/452
f 354/19/390 413/19/378 412/19/446
f 414/19/448 316/19/335 362/19/364
f 415/19/449 386/19/415 355/19/380
f 429/19/483 363/19/382 364/19/451
f 402/19/529 377/19/3365 396/19/3366 445/19/530
f 418/19/450 429/19/483 364/19/451
f 419/19/386 431/19/453 352/19/387
f 367/19/397 419/19/386 335/19/347
f 421/19/420 432/19/455 341/19/361
f 328/19/419 353/19/377 422/19/456
f 343/19/303 342/19/589 395/19/388
f 374/19/3367 424/19/488 396/19/485
f 424/19/3368 374/19/403 400/19/430
f 426/19/472 404/19/3369 408/19/475 428/19/473
f 403/19/438 377/19/437 402/19/496
f 404/19/3360 426/19/472 400/19/430
f 405/19/500 427/19/478 406/19/3370
f 409/19/501 380/19/436 407/19/463
f 454/19/536 411/19/464 410/19/3371 456/19/561
f 410/19/477 406/19/3372 427/19/478
f 414/19/448 362/19/364 384/19/447
f 386/19/415 385/19/481 346/19/391
f 487/19/466 390/19/396 336/19/371
f 468/19/467 358/19/373 392/19/372
f 360/19/362 393/19/374 469/19/526
f 329/19/400 626/19/587 342/19/589
f 372/19/402 344/19/304 423/19/457
f 425/19/458 397/19/425 433/19/469
f 401/19/434 434/19/493 399/19/432
f 401/19/435 381/19/406 436/19/462
f 383/19/414 345/19/379 385/19/481
f 465/19/484 415/19/449 363/19/382
f 388/19/418 416/19/417 443/19/518
f 468/19/467 392/19/372 432/19/455
f 444/19/525 359/19/350 370/19/399
f 393/19/374 359/19/350 444/19/525
f 470/19/527 329/19/400 394/19/401
f 329/19/400 470/19/527 626/19/587
f 425/19/458 448/19/495 398/19/426
f 450/19/3373 496/19/497 402/19/496
f 434/19/493 451/19/3374 447/19/492
f 454/19/536 435/19/461 411/19/464
f 437/19/474 428/19/473 438/19/476
f 456/19/3375 410/19/3376 439/19/479
f 447/19/491 472/19/533 493/19/551 433/19/489
f 460/19/514 456/19/3375 439/19/479
f 412/19/446 413/19/378 478/19/544
f 413/19/378 440/19/3377 478/19/544
f 511/19/3378 412/19/446 462/19/543
f 440/19/3377 413/19/378 383/19/414
f 511/19/3378 384/19/447 412/19/446
f 414/19/448 384/19/447 463/19/634
f 482/19/517 416/19/417 442/19/482
f 429/19/483 520/19/546 465/19/484
f 431/19/453 466/19/520 418/19/450
f 488/19/637 326/19/331 369/19/523
f 420/19/398 326/19/331 488/19/637
f 394/19/401 469/19/526 490/19/528
f 371/19/376 591/19/716 525/19/549
f 371/19/376 372/19/402 591/19/716
f 395/19/388 342/19/589 526/19/588
f 424/19/488 471/19/671 446/19/486
f 471/19/671 424/19/3368 400/19/430
f 425/19/458 433/19/469 493/19/551
f 511/19/3378 509/19/3379 463/19/634 384/19/447
f 450/19/554 402/19/529 473/19/531
f 448/19/495 474/19/535 405/19/459
f 437/19/474 475/19/642 449/19/494
f 497/19/594 434/19/471 436/19/462
f 458/19/510 438/19/476 461/19/513
f 507/19/515 439/19/479 459/19/511
f 528/19/591 361/19/389 395/19/388 527/19/590
f 464/19/577 385/19/481 441/19/480
f 480/19/578 441/19/480 386/19/415
f 386/19/415 481/19/516 480/19/578
f 481/19/516 386/19/415 415/19/449
f 443/19/518 482/19/517 483/19/583
f 465/19/484 520/19/546 484/19/582
f 417/19/452 388/19/418 583/19/547
f 430/19/465 417/19/452 485/19/454
f 585/19/522 466/19/520 367/19/397
f 369/19/523 467/19/521 488/19/637
f 468/19/467 585/19/522 391/19/468
f 468/19/467 432/19/455 521/19/662
f 524/19/550 422/19/456 371/19/376
f 449/19/494 491/19/669 471/19/671 400/19/430
f 506/19/563 510/19/3380 509/19/3379 477/19/541
f 495/19/3381 496/19/497 450/19/3373
f 497/19/594 436/19/462 454/19/536
f 498/19/593 434/19/471 497/19/594
f 501/19/613 455/19/502 407/19/463
f 454/19/536 456/19/561 499/19/3382
f 504/19/560 499/19/3382 456/19/561
f 505/19/568 504/19/560 460/19/562
f 461/19/513 538/19/3383 458/19/510
f 508/19/3384 460/19/514 507/19/515
f 475/19/642 529/19/641 491/19/669 449/19/494
f 509/19/570 461/19/513 477/19/542
f 512/19/600 461/19/602 511/19/3385
f 542/19/628 440/19/3377 383/19/414
f 511/19/3378 462/19/543 512/19/571
f 464/19/3386 507/19/3387 513/19/3388
f 513/19/575 385/19/481 464/19/577
f 479/19/545 414/19/448 463/19/634
f 480/19/578 481/19/516 518/19/604
f 420/19/398 488/19/637 547/19/638
f 489/19/524 420/19/398 547/19/638
f 523/19/586 469/19/526 444/19/525
f 407/19/463 452/19/498 532/19/644 533/19/614
f 492/19/553 530/19/608 474/19/535
f 451/19/532 531/19/3389 472/19/533
f 495/19/3381 532/19/609 496/19/497
f 532/19/644 452/19/498 496/19/497
f 499/19/3390 534/19/3391 497/19/594 454/19/536
f 531/19/3392 498/19/3393 502/19/648 536/19/650
f 531/19/3392 451/19/3394 498/19/3393
f 532/19/609 495/19/3381 500/19/3395
f 407/19/463 533/19/614 501/19/613
f 458/19/510 538/19/3383 475/19/642 437/19/474
f 500/19/616 495/19/3396 537/19/617
f 535/19/595 540/19/646 502/19/3397 498/19/593
f 455/19/502 501/19/613 553/19/626 476/19/3398
f 478/19/544 440/19/3377 542/19/628
f 513/19/3388 507/19/3387 503/19/3399
f 543/19/3400 505/19/568 508/19/567
f 542/19/628 383/19/414 513/19/575
f 463/19/634 509/19/3379 510/19/3380
f 515/19/633 479/19/545 463/19/634
f 545/19/706 517/19/580 479/19/545
f 519/19/581 442/19/482 517/19/580
f 584/19/661 486/19/548 485/19/454
f 588/19/663 432/19/455 522/19/585
f 492/19/553 425/19/458 565/19/552
f 530/19/608 492/19/553 548/19/692
f 532/19/609 500/19/3395 552/19/610
f 504/19/560 534/19/3401 499/19/3382
f 552/19/610 500/19/3395 539/19/622
f 513/19/3388 503/19/3399 551/19/607 542/19/652
f 506/19/623 476/19/3398 553/19/626
f 543/19/3402 508/19/3403 560/19/3404 556/19/3405
f 557/19/656 502/19/3397 540/19/646
f 539/19/598 541/19/597 558/19/658
f 560/19/3406 540/19/3407 556/19/3408
f 560/19/659 557/19/656 540/19/646
f 558/19/658 510/19/3380 506/19/563
f 508/19/572 514/19/576 516/19/579 560/19/659
f 558/19/658 561/19/632 510/19/3380
f 561/19/632 463/19/634 510/19/3380
f 606/19/676 618/19/674 531/19/3389 536/19/650
f 479/19/545 515/19/633 545/19/706
f 518/19/604 484/19/582 562/19/709
f 466/19/520 546/19/519 418/19/450
f 468/19/467 563/19/712 585/19/522
f 489/19/524 547/19/638 597/19/727
f 446/19/486 564/19/639 473/19/592
f 446/19/486 471/19/671 564/19/639
f 531/19/3389 618/19/674 472/19/533
f 494/19/555 549/19/606 566/19/643
f 569/19/724 577/19/684 541/19/3409 537/19/3410
f 567/19/640 475/19/642 538/19/3383
f 530/19/608 568/19/653 551/19/607
f 574/19/615 497/19/594 534/19/3411
f 566/19/643 569/19/724 537/19/596
f 538/19/601 572/19/651 567/19/3412
f 573/19/647 534/19/3401 504/19/560
f 501/19/613 571/19/612 553/19/626
f 539/19/622 559/19/621 570/19/3413 552/19/610
f 542/19/628 568/19/3414 578/19/701 554/19/627
f 576/19/696 572/19/723 512/19/571
f 576/19/696 512/19/571 554/19/627
f 598/19/690 599/19/665 523/19/586 444/19/525
f 580/19/3415 559/19/621 558/19/620
f 556/19/3416 579/19/683 543/19/682
f 595/19/707 544/19/603 518/19/604
f 466/19/520 636/19/736 546/19/519
f 521/19/662 563/19/712 468/19/467
f 444/19/525 489/19/524 624/19/689
f 591/19/716 372/19/402 654/19/668
f 471/19/671 628/19/670 564/19/639
f 592/19/672 491/19/669 529/19/641
f 576/19/696 554/19/627 604/19/694
f 574/19/615 534/19/3411 573/19/3417
f 557/19/656 582/19/660 575/19/649
f 561/19/632 541/19/3409 577/19/684
f 515/19/633 561/19/632 594/19/685
f 545/19/706 608/19/686 517/19/580
f 609/19/687 483/19/583 519/19/581
f 520/19/546 562/19/709 484/19/582
f 585/19/522 563/19/712 596/19/688
f 547/19/638 587/19/636 597/19/727
f 645/19/728 588/19/663 522/19/585
f 524/19/550 589/19/666 646/19/664
f 580/19/3415 581/19/3418 570/19/3419 559/19/621
f 525/19/549 591/19/716 600/19/714
f 528/19/591 627/19/691 590/19/667
f 628/19/670 491/19/669 592/19/672
f 548/19/692 492/19/553 601/19/718
f 492/19/553 565/19/552 601/19/718
f 605/19/3420 617/19/697 554/19/627
f 650/19/721 572/19/723 576/19/696
f 570/19/3421 581/19/3422 571/19/3423
f 575/19/649 607/19/705 606/19/676
f 659/19/785 658/19/738 618/19/674 671/19/734
f 582/19/660 621/19/3424 607/19/705
f 596/19/688 636/19/736 466/19/520
f 589/19/666 525/19/549 625/19/715
f 527/19/590 526/19/588 612/19/729
f 592/19/672 614/19/739 628/19/670
f 565/19/552 550/19/605 601/19/718
f 593/19/673 572/19/699 619/19/3425
f 576/19/696 603/19/695 650/19/3426
f 605/19/700 578/19/701 620/19/731
f 578/19/3427 568/19/3428 620/19/3429
f 602/19/746 620/19/3429 568/19/3428
f 595/19/707 621/19/3424 582/19/660
f 594/19/685 608/19/686 545/19/706
f 546/19/519 634/19/735 520/19/546
f 600/19/714 591/19/716 613/19/717
f 614/19/739 592/19/672 593/19/673
f 602/19/693 548/19/692 615/19/719
f 617/19/697 605/19/3420 630/19/3430
f 631/19/770 566/19/643 549/19/606
f 649/19/740 593/19/673 619/19/3425
f 618/19/674 606/19/676 671/19/734
f 632/19/725 566/19/643 631/19/770
f 607/19/705 621/19/3424 633/19/733
f 577/19/684 632/19/725 594/19/685
f 595/19/707 640/19/708 621/19/3424
f 583/19/547 443/19/518 609/19/687
f 630/19/3430 637/19/751 617/19/697
f 564/19/639 638/19/737 549/19/606
f 629/19/730 639/19/3431 603/19/695
f 618/19/674 658/19/738 550/19/605
f 603/19/3432 639/19/755 650/19/756
f 608/19/686 594/19/685 651/19/758
f 609/19/687 608/19/686 652/19/771
f 562/19/709 641/19/779 622/19/710
f 642/19/761 641/19/779 562/19/709
f 642/19/761 562/19/709 520/19/546
f 634/19/735 642/19/761 520/19/546
f 643/19/763 586/19/635 584/19/661
f 644/19/762 587/19/636 586/19/635
f 625/19/715 600/19/714 647/19/782
f 616/19/720 667/19/793 629/19/730
f 617/19/697 667/19/774 616/19/720
f 620/19/3429 602/19/746 657/19/745
f 638/19/737 631/19/770 549/19/606
f 626/19/587 705/19/768 666/19/803 526/19/588
f 651/19/758 632/19/725 631/19/770
f 651/19/758 594/19/685 632/19/725
f 621/19/3424 679/19/813 633/19/733
f 679/19/813 621/19/3424 640/19/708
f 596/19/688 623/19/726 662/19/741
f 673/19/764 624/19/689 597/19/727
f 589/19/666 665/19/766 646/19/664
f 653/19/767 599/19/665 598/19/690
f 667/19/774 617/19/697 655/19/752
f 648/19/743 614/19/739 649/19/740
f 615/19/719 601/19/718 658/19/738
f 679/19/813 671/19/734 633/19/733
f 635/19/584 583/19/547 661/19/826
f 663/19/742 587/19/636 644/19/762
f 610/19/711 697/19/749 563/19/712
f 699/19/790 700/19/781 598/19/690 624/19/689
f 612/19/729 526/19/588 666/19/803
f 629/19/730 667/19/793 675/19/820
f 637/19/751 630/19/3430 668/19/3433
f 629/19/730 675/19/820 639/19/3431
f 656/19/754 639/19/755 675/19/820
f 657/19/745 669/19/775 668/19/757
f 669/19/775 657/19/745 615/19/747
f 648/19/753 649/19/744 656/19/754
f 615/19/719 658/19/738 669/19/775
f 670/19/769 651/19/758 631/19/770
f 679/19/813 640/19/708 622/19/710
f 661/19/826 583/19/547 680/19/748
f 678/19/777 658/19/738 659/19/785
f 672/19/759 651/19/758 670/19/769
f 680/19/748 609/19/687 652/19/771
f 661/19/826 680/19/748 681/19/798
f 662/19/741 695/19/780 636/19/736
f 662/19/741 623/19/726 696/19/799
f 673/19/764 663/19/742 683/19/789
f 624/19/689 673/19/764 699/19/790
f 732/19/856 700/19/781 699/19/790 767/19/832
f 627/19/691 612/19/729 666/19/803
f 689/19/795 675/19/820 667/19/793
f 669/19/775 691/19/3434 677/19/776
f 648/19/753 656/19/754 676/19/845
f 676/19/845 692/19/783 648/19/753
f 638/19/737 648/19/753 685/19/784
f 694/19/786 659/19/785 671/19/734
f 671/19/734 679/19/813 694/19/786
f 687/19/797 652/19/771 672/19/759
f 679/19/813 622/19/710 686/19/778
f 682/19/772 643/19/763 584/19/661
f 688/19/842 611/19/713 653/19/767
f 647/19/782 600/19/714 703/19/801
f 637/19/751 677/19/776 690/19/796
f 677/19/776 637/19/751 668/19/3433
f 676/19/845 656/19/754 718/19/846
f 656/19/754 675/19/820 718/19/846
f 660/19/760 715/19/3435 641/19/779
f 724/19/806 644/19/762 643/19/763
f 729/19/816 663/19/742 644/19/762
f 683/19/789 663/19/742 729/19/816
f 653/19/767 701/19/800 688/19/842
f 702/19/3436 611/19/713 688/19/842
f 684/19/750 647/19/782 704/19/802
f 702/19/3436 705/19/768 611/19/713
f 689/19/795 707/19/821 675/19/820
f 694/19/786 679/19/813 736/19/815
f 708/19/3437 681/19/798 721/19/787
f 709/19/825 635/19/584 661/19/826
f 729/19/816 644/19/762 724/19/806
f 683/19/789 767/19/832 699/19/790
f 665/19/766 684/19/750 710/19/808
f 703/19/801 613/19/717 716/19/804
f 706/19/792 666/19/803 705/19/768
f 655/19/752 711/19/818 674/19/773
f 712/19/809 707/19/821 689/19/795
f 679/19/813 686/19/778 764/19/814
f 641/19/779 728/19/868 686/19/778
f 664/19/765 759/19/807 725/19/788
f 700/19/781 732/19/856 750/19/855 701/19/800
f 718/19/846 675/19/820 717/19/822
f 719/19/873 677/19/776 691/19/3434
f 737/19/824 687/19/797 670/19/769
f 715/19/3435 728/19/868 641/19/779
f 681/19/798 708/19/3437 722/19/838
f 715/19/3435 660/19/760 723/19/862
f 758/19/849 696/19/799 697/19/749
f 688/19/842 753/19/841 743/19/3438 702/19/3436
f 710/19/808 698/19/791 665/19/766
f 726/19/829 677/19/776 719/19/873
f 764/19/814 727/19/859 736/19/815
f 728/19/868 764/19/814 686/19/778
f 715/19/3435 723/19/862 739/19/861
f 697/19/749 749/19/831 758/19/849
f 698/19/791 731/19/840 759/19/807
f 698/19/791 710/19/808 731/19/840
f 710/19/808 704/19/802 751/19/839
f 706/19/792 744/19/828 733/19/833
f 676/19/845 762/19/848 692/19/783
f 692/19/783 762/19/848 713/19/811
f 797/19/984 737/19/824 714/19/812
f 693/19/805 747/19/857 746/19/875 669/19/775
f 703/19/801 716/19/804 755/19/843
f 744/19/828 705/19/768 702/19/3436
f 690/19/796 726/19/829 735/19/834
f 669/19/775 746/19/875 691/19/3434
f 754/19/850 751/19/839 704/19/802 703/19/801
f 762/19/848 714/19/812 713/19/811
f 748/19/891 708/19/3437 721/19/787
f 660/19/760 741/19/827 723/19/862
f 759/19/807 749/19/831 725/19/788
f 753/19/841 701/19/800 750/19/855
f 770/19/893 728/19/868 715/19/3435 739/19/861
f 702/19/3436 743/19/3438 744/19/828
f 745/19/844 757/19/853 717/19/822
f 766/19/863 724/19/806 709/19/825
f 759/19/807 731/19/840 789/19/864
f 753/19/841 750/19/855 760/19/854
f 751/19/839 754/19/850 752/19/882
f 744/19/828 743/19/3438 761/19/852
f 771/19/869 731/19/840 751/19/839 752/19/882
f 732/19/856 767/19/832 791/19/866
f 766/19/863 779/19/877 788/19/865 742/19/830
f 754/19/850 783/19/871 752/19/882
f 712/19/809 768/19/886 734/19/835
f 768/19/3439 712/19/819 711/19/818
f 746/19/875 719/19/873 691/19/3434
f 720/19/823 736/19/815 825/19/905
f 730/19/817 742/19/830 788/19/865
f 791/19/866 782/19/885 760/19/854
f 760/19/854 743/19/3438 753/19/841
f 754/19/850 755/19/843 783/19/871
f 743/19/3438 760/19/854 772/19/884
f 772/19/884 761/19/852 743/19/3438
f 755/19/843 756/19/851 773/19/870
f 761/19/852 772/19/884 774/19/3440
f 756/19/851 761/19/3441 774/19/872
f 778/19/878 740/19/837 722/19/838
f 778/19/878 766/19/863 740/19/837
f 758/19/849 749/19/831 801/19/880
f 767/19/832 788/19/865 790/19/881
f 768/19/3439 711/19/818 784/19/3442
f 787/19/3443 714/19/812 762/19/848
f 800/19/913 722/19/838 708/19/3437
f 722/19/838 800/19/913 778/19/878
f 780/19/879 765/19/860 723/19/862
f 780/19/879 758/19/849 801/19/880
f 781/19/883 792/19/897 812/19/3444 810/19/908
f 803/19/896 772/19/884 782/19/885
f 783/19/871 773/19/870 792/19/897
f 772/19/884 803/19/896 793/19/929
f 772/19/884 793/19/929 795/19/902
f 772/19/884 795/19/902 774/19/901
f 745/19/844 785/19/887 786/19/889
f 746/19/875 796/19/911 775/19/874
f 769/19/847 806/19/912 762/19/848
f 747/19/857 720/19/823 825/19/905
f 762/19/848 833/19/942 787/19/3443
f 787/19/3443 797/19/984 714/19/812
f 736/19/815 727/19/859 874/19/904
f 798/19/890 737/19/824 797/19/984
f 721/19/787 738/19/836 799/19/892
f 708/19/3437 748/19/891 800/19/913
f 789/19/864 771/19/869 801/19/880
f 782/19/885 791/19/866 802/19/895
f 794/19/898 792/19/897 773/19/899
f 804/19/900 773/19/899 774/19/901
f 807/19/932 746/19/875 747/19/857
f 806/19/912 833/19/942 762/19/848
f 727/19/859 763/19/858 874/19/904
f 801/19/880 809/19/907 780/19/879
f 771/19/869 810/19/908 809/19/907
f 802/19/910 790/19/881 828/19/926
f 779/19/877 816/19/894 820/19/924 790/19/881
f 803/19/896 811/19/909 793/19/929
f 794/19/898 812/19/3444 792/19/897
f 799/19/892 738/19/836 798/19/890
f 776/19/867 813/19/920 764/19/814
f 778/19/878 800/19/913 816/19/894
f 793/19/929 835/19/945 821/19/3445 795/19/902
f 820/19/924 828/19/926 790/19/881
f 812/19/3444 817/19/915 810/19/908
f 802/19/910 828/19/926 811/19/909
f 786/19/889 785/19/887 818/19/3446
f 805/19/903 796/19/911 837/19/917
f 770/19/893 819/19/919 776/19/867
f 814/19/921 819/19/919 770/19/893
f 830/19/3447 831/19/3448 768/19/3439 784/19/3442
f 822/19/916 794/19/898 804/19/900
f 806/19/912 786/19/889 823/19/3449
f 818/19/3446 823/19/956 786/19/889
f 824/19/918 796/19/911 746/19/875
f 829/19/930 812/19/3444 794/19/898
f 832/19/954 785/19/887 768/19/886 831/19/3450
f 846/19/948 853/19/958 829/19/930 822/19/916
f 818/19/3446 785/19/887 832/19/954
f 747/19/857 825/19/905 838/19/933
f 834/19/3451 815/19/914 799/19/892
f 800/19/913 827/19/923 816/19/894
f 849/19/949 777/19/876 826/19/922
f 793/19/929 843/19/928 835/19/945
f 829/19/930 842/19/938 812/19/3444
f 836/19/931 795/19/902 821/19/3445
f 834/19/3451 799/19/892 840/19/934
f 814/19/921 848/19/950 819/19/919
f 811/19/909 828/19/926 843/19/928
f 845/19/946 821/19/3445 835/19/945
f 818/19/3446 832/19/954 823/19/956
f 838/19/933 825/19/905 847/19/963
f 833/19/942 854/19/941 787/19/3443
f 839/19/982 797/19/984 787/19/3443
f 819/19/919 876/19/965 813/19/920
f 819/19/919 848/19/950 876/19/965
f 777/19/876 849/19/949 814/19/921
f 808/19/906 851/19/936 826/19/922
f 877/19/943 856/19/985 828/19/926
f 851/19/936 817/19/915 852/19/979
f 836/19/931 821/19/3445 845/19/946
f 844/19/937 829/19/930 853/19/958 857/19/967
f 837/19/917 824/19/918 861/19/940
f 807/19/932 824/19/918 746/19/875
f 826/19/922 855/19/1031 849/19/949
f 817/19/915 812/19/3444 842/19/938 852/19/979
f 836/19/931 858/19/947 822/19/916
f 830/19/925 805/19/903 859/19/939
f 859/19/939 837/19/917 861/19/940
f 806/19/912 823/19/3449 860/19/955
f 825/19/905 874/19/904 902/19/962
f 828/19/926 856/19/985 843/19/928
f 859/19/3452 867/19/3453 831/19/3448 830/19/3447
f 865/19/953 836/19/931 845/19/946
f 832/19/954 831/19/3450 867/19/960
f 807/19/932 838/19/933 872/19/974 861/19/940
f 876/19/965 763/19/858 813/19/920
f 841/19/935 815/19/914 834/19/3451
f 851/19/936 862/19/1032 826/19/922
f 863/19/944 843/19/928 887/19/980
f 866/19/952 869/19/970 858/19/947
f 869/19/970 870/19/1000 858/19/947
f 846/19/948 858/19/947 870/19/1000
f 861/19/940 881/19/1001 859/19/939
f 832/19/954 871/19/971 860/19/955
f 806/19/912 860/19/955 889/19/973
f 909/19/3454 910/19/3455 867/19/3453 859/19/3452
f 787/19/3443 854/19/941 873/19/1022
f 843/19/928 856/19/985 915/19/997
f 864/19/951 863/19/944 878/19/981
f 865/19/953 845/19/946 864/19/951
f 868/19/959 846/19/948 870/19/1000
f 881/19/1001 861/19/940 872/19/989
f 884/19/977 876/19/965 848/19/950
f 849/19/949 855/19/1031 884/19/977
f 862/19/1032 855/19/1031 826/19/922
f 827/19/923 885/19/957 850/19/927
f 886/19/1016 862/19/1032 851/19/936
f 843/19/928 915/19/997 887/19/980
f 844/19/937 897/19/978 842/19/938
f 888/19/1018 844/19/937 857/19/967
f 879/19/968 853/19/958 868/19/959
f 890/19/1075 873/19/1022 854/19/941
f 787/19/3443 873/19/1022 839/19/982
f 874/19/904 763/19/858 979/19/1063
f 903/19/1014 979/19/1063 763/19/858
f 913/19/993 875/19/966 798/19/890
f 891/19/995 834/19/3451 840/19/934
f 834/19/3451 891/19/995 896/19/1002
f 896/19/1002 841/19/935 834/19/3451
f 886/19/1016 851/19/936 852/19/979
f 881/19/1001 872/19/989 901/19/991
f 854/19/941 806/19/912 912/19/976
f 902/19/962 874/19/904 979/19/1063
f 850/19/927 885/19/957 920/19/996
f 897/19/978 886/19/1016 852/19/979
f 898/19/1037 878/19/981 887/19/980
f 888/19/1018 857/19/967 879/19/968
f 892/19/987 864/19/951 878/19/981
f 880/19/969 916/19/1009 869/19/970
f 911/19/1011 883/19/975 838/19/933
f 915/19/997 898/19/1037 887/19/980
f 888/19/1018 914/19/998 844/19/937
f 900/19/3456 880/19/969 865/19/953
f 869/19/970 908/19/1010 870/19/1000
f 907/19/1008 892/19/987 906/19/1003 938/19/3457
f 893/19/988 867/19/960 910/19/1026
f 904/19/964 903/19/1014 763/19/858
f 966/19/1006 895/19/994 876/19/965
f 919/19/1042 896/19/1002 891/19/995
f 906/19/1003 878/19/981 898/19/1037
f 888/19/1018 879/19/968 899/19/999
f 900/19/3456 865/19/953 907/19/1008
f 899/19/999 870/19/1000 924/19/1020
f 916/19/1009 880/19/969 900/19/3456
f 893/19/988 917/19/1012 882/19/972
f 838/19/933 894/19/992 911/19/1011
f 922/19/1015 897/19/978 914/19/998
f 886/19/1016 926/19/1045 862/19/1032
f 932/19/1038 898/19/1037 915/19/997
f 901/19/991 911/19/1011 944/19/1028
f 854/19/941 912/19/976 890/19/1075
f 929/19/1023 918/19/983 839/19/982
f 926/19/1045 886/19/1016 922/19/1015
f 914/19/998 931/19/1056 922/19/1015
f 915/19/997 927/19/1021 932/19/1038
f 923/19/1017 931/19/1056 914/19/998
f 928/19/1019 899/19/999 924/19/1020
f 909/19/1004 901/19/991 935/19/1029
f 917/19/1012 893/19/988 934/19/1027
f 945/19/1135 913/19/993 918/19/983
f 926/19/1045 936/19/1030 862/19/1032
f 932/19/1038 927/19/1021 974/19/1047
f 921/19/1007 937/19/1054 988/19/1164 927/19/1021
f 908/19/1010 940/19/1034 924/19/1020
f 921/19/1007 920/19/996 937/19/1054
f 947/19/1048 923/19/1017 928/19/1019
f 948/19/1033 924/19/1020 939/19/1069
f 941/19/1059 900/19/3456 907/19/1008
f 939/19/1069 924/19/1020 942/19/1035
f 943/19/1036 900/19/3456 941/19/1059
f 943/19/1036 916/19/1009 900/19/3456
f 912/19/976 917/19/1012 955/19/1049
f 949/19/1039 911/19/1011 894/19/992
f 929/19/1023 873/19/1022 890/19/1075
f 966/19/1006 904/19/964 895/19/994
f 973/19/1084 936/19/1030 926/19/1045
f 951/19/1044 973/19/1084 926/19/1045
f 947/19/1048 931/19/1056 923/19/1017
f 961/19/1060 933/19/1025 943/19/1036
f 945/19/1135 875/19/966 913/19/993
f 956/19/1052 946/19/1013 904/19/964
f 963/19/3458 964/19/1062 910/19/3455 909/19/3454
f 952/19/1046 906/19/1003 932/19/1038
f 906/19/1003 952/19/1046 938/19/3457
f 953/19/1058 907/19/1008 938/19/3457
f 939/19/1069 942/19/1035 954/19/1070
f 940/19/1034 933/19/1025 962/19/1061
f 977/19/1079 978/19/1074 912/19/976 955/19/1049
f 963/19/3458 909/19/1004 935/19/1029
f 965/19/1051 875/19/966 945/19/1135
f 967/19/1065 930/19/1024 896/19/1002
f 959/19/1055 951/19/1044 922/19/1015
f 968/19/1071 948/19/1033 939/19/1069
f 962/19/1061 942/19/1035 940/19/1034
f 976/19/1067 955/19/1049 934/19/1027
f 970/19/1072 949/19/1039 894/19/992
f 971/19/1081 929/19/1023 890/19/1075
f 950/19/1043 972/19/1064 884/19/977
f 967/19/1065 958/19/1053 930/19/1024
f 927/19/1021 988/19/1164 989/19/1066
f 938/19/3457 952/19/1046 953/19/1058
f 968/19/1071 947/19/1048 948/19/1033
f 962/19/1061 975/19/1089 942/19/1035
f 935/19/1029 949/19/1039 986/19/1073
f 1172/19/1201 1071/19/1050 979/19/1063 987/19/1076
f 925/19/1005 1071/19/1050 1070/19/1231
f 918/19/983 929/19/1023 945/19/1135
f 980/19/1165 937/19/1054 958/19/1053
f 980/19/1165 988/19/1164 937/19/1054
f 981/19/1191 951/19/1044 959/19/1055
f 953/19/1058 952/19/1046 982/19/1085
f 992/19/1095 961/19/1060 943/19/1036
f 961/19/1060 984/19/1097 962/19/1061
f 984/19/1097 961/19/1060 992/19/1095
f 984/19/1097 985/19/1090 962/19/1061
f 975/19/1089 962/19/1061 985/19/1090
f 963/19/3458 935/19/1029 986/19/1073
f 955/19/1049 976/19/1067 977/19/1079
f 979/19/1063 903/19/1014 987/19/1076
f 1043/19/3459 980/19/1165 958/19/1053
f 990/19/1192 959/19/1055 960/19/1057
f 991/19/1077 960/19/1057 947/19/1048
f 983/19/1093 943/19/1036 969/19/1068
f 954/19/1070 942/19/1035 975/19/1089
f 992/19/1095 943/19/1036 983/19/1093
f 1003/19/1215 973/19/1084 951/19/1044
f 1003/19/1215 996/19/1083 973/19/1084
f 981/19/1191 1003/19/1215 951/19/1044
f 1019/19/1110 953/19/1058 982/19/1085
f 1005/19/1078 998/19/1087 968/19/1071
f 969/19/1068 999/19/1088 983/19/1093
f 1006/19/1096 992/19/1095 1000/19/1094
f 1006/19/1096 1007/19/1098 984/19/1097
f 985/19/1090 984/19/1097 1007/19/1098
f 1013/19/1103 1010/19/1119 1012/19/1104
f 950/19/1043 1015/19/1160 972/19/1064
f 1016/19/1107 1004/19/1111 982/19/1085
f 1018/19/1109 1017/19/1108 991/19/1077
f 953/19/1058 1019/19/1110 999/19/1088
f 1005/19/1078 975/19/1089 1001/19/1091
f 1020/19/1113 1000/19/1094 983/19/1093
f 1020/19/1113 1006/19/1096 1000/19/1094
f 1021/19/1114 1001/19/1091 1008/19/1099
f 1078/19/1112 1023/19/1101 1006/19/1096
f 1007/19/1098 1006/19/1096 1023/19/1101
f 1023/19/1101 1024/19/1116 1007/19/1098
f 1024/19/1116 1008/19/1099 1007/19/1098
f 1010/19/1119 1027/19/1141 1049/19/1140
f 1011/19/1122 1025/19/1102 1026/19/1118
f 1023/19/1101 1029/19/1123 1024/19/1116
f 1010/19/1119 1028/19/1120 1027/19/1141
f 1011/19/1122 1009/19/1100 1025/19/1102
f 1009/19/1100 1029/19/1123 1023/19/1101
f 1030/19/1121 1031/19/1127 1011/19/1122
f 1009/19/1100 1011/19/1122 1031/19/1127
f 1031/19/1127 1029/19/1123 1009/19/1100
f 1031/19/1127 1034/19/1146 1029/19/1123
f 1034/19/1146 1032/19/1124 1029/19/1123
f 1036/19/1130 1033/19/1105 1032/19/1124
f 1035/19/1128 1028/19/1120 1013/19/1103
f 1057/19/1126 1037/19/1148 1031/19/1127
f 1038/19/1129 1013/19/1103 1033/19/1105
f 1041/19/1131 1042/19/1154 1040/19/1132
f 1111/19/1134 970/19/1072 894/19/992
f 990/19/1192 981/19/1191 959/19/1055
f 1044/19/1166 990/19/1192 960/19/1057
f 983/19/1093 999/19/1088 1097/19/1193
f 1020/19/1113 983/19/1093 1045/19/1137
f 1047/19/1138 1046/19/1171 1001/19/1091
f 1021/19/1114 1047/19/1138 1001/19/1091
f 1050/19/1172 1026/19/1118 1048/19/1117
f 1050/19/1172 1052/19/1145 1026/19/1118
f 1052/19/1145 1030/19/1121 1026/19/1118
f 1054/19/3460 1051/19/1142 1028/19/1120
f 1028/19/1120 1035/19/1128 1054/19/3460
f 1032/19/1124 1056/19/1147 1036/19/1130
f 1037/19/1148 1058/19/1151 1056/19/1147
f 1058/19/1151 1036/19/1130 1056/19/1147
f 1042/19/1154 1035/19/1128 1038/19/1129
f 1081/19/1149 1039/19/1150 1057/19/1126
f 1037/19/1148 1057/19/1126 1039/19/1150
f 1040/19/1132 1036/19/1130 1058/19/1151
f 1040/19/1132 1038/19/1129 1036/19/1130
f 1038/19/1129 1040/19/1132 1042/19/1154
f 1060/19/1155 1081/19/1149 1083/19/1175
f 1039/19/1150 1061/19/1176 1058/19/1151
f 1062/19/1177 1061/19/1176 1039/19/1150
f 1060/19/1155 1062/19/1177 1039/19/1150
f 1063/19/1133 1040/19/1132 1059/19/1152
f 1064/19/1158 1041/19/1131 1063/19/1133
f 1065/19/1156 1041/19/1131 1064/19/1158
f 1060/19/1155 1068/19/1179 1062/19/1177
f 1068/19/1179 1069/19/1178 1062/19/1177
f 1070/19/1231 894/19/992 925/19/1005
f 1059/19/1152 1061/19/1176 1131/19/3461 1085/19/1197
f 1092/19/1189 995/19/1041 957/19/1040
f 956/19/1052 972/19/1064 1073/19/1161
f 1002/19/1092 967/19/1065 1094/19/1162
f 1043/19/3459 958/19/1053 1002/19/1092
f 1075/19/1163 989/19/1066 988/19/1164
f 1076/19/1167 1095/19/1169 1004/19/1111
f 1077/19/1170 998/19/1087 1005/19/1078
f 999/19/1088 1019/19/1110 1097/19/1193
f 1097/19/1193 1045/19/1137 983/19/1093
f 1100/19/1206 1050/19/1172 1048/19/1117
f 1126/19/1174 1081/19/1149 1053/19/1144
f 1082/19/1153 1054/19/3460 1035/19/1128
f 1066/19/1180 1060/19/1155 1083/19/1175
f 1069/19/1178 1131/19/3461 1061/19/1176
f 1086/19/1182 1064/19/1158 1067/19/1157
f 1068/19/1179 1060/19/1155 1066/19/1180
f 964/19/1062 963/19/3458 1110/19/1199
f 1110/19/1199 963/19/3458 986/19/1073
f 978/19/1074 977/19/1079 1089/19/3462
f 993/19/1080 1089/19/3462 977/19/1079
f 1111/19/1134 894/19/992 1070/19/1231
f 1070/19/1231 1071/19/1050 1211/19/1408
f 945/19/1135 994/19/1082 1090/19/1186
f 1136/19/1213 965/19/1051 945/19/1135
f 1112/19/1214 1155/19/1159 946/19/1013
f 1077/19/1170 1018/19/1109 998/19/1087
f 1099/19/1136 1045/19/1137 1119/19/1139
f 1047/19/1138 1049/19/1140 1120/19/1194
f 1049/19/1140 1079/19/1143 1120/19/1194
f 1100/19/1206 1048/19/1117 1119/19/1139
f 1102/19/1173 1050/19/1172 1100/19/1206
f 1103/19/1222 1052/19/1145 1102/19/1173
f 1053/19/1144 1052/19/1145 1103/19/1222
f 1080/19/3463 1051/19/1142 1054/19/3460
f 1054/19/3460 1127/19/1209 1080/19/3463
f 1127/19/1209 1054/19/3460 1082/19/1153
f 997/19/1086 989/19/1066 1115/19/1246 1016/19/1107
f 1105/19/1181 1083/19/1175 1084/19/1224
f 1083/19/1175 1105/19/1181 1066/19/1180
f 1065/19/1156 1064/19/1158 1087/19/1183
f 1087/19/1183 1107/19/1270 1065/19/1156
f 1069/19/1178 1068/19/1179 1109/19/3464
f 1014/19/1106 964/19/1062 1110/19/1199
f 993/19/1080 1209/19/1200 1089/19/3462
f 978/19/1074 1153/19/1324 971/19/1081
f 1092/19/1189 957/19/1040 965/19/1051
f 1072/19/1187 946/19/1013 956/19/1052
f 1094/19/1162 995/19/1041 1093/19/1188
f 1138/19/1289 1002/19/1092 1094/19/1162
f 1138/19/1289 1043/19/3459 1002/19/1092
f 981/19/1191 1114/19/1202 1003/19/1215
f 1134/19/3465 1168/19/1267 1133/19/3466 1109/19/3464
f 1116/19/1249 1017/19/1108 1096/19/1168
f 1117/19/3467 1097/19/1193 1095/19/1169
f 1098/19/1219 1096/19/1168 1018/19/1109
f 1098/19/1219 1018/19/1109 1077/19/1170
f 1046/19/1171 1120/19/1194 1141/19/1204
f 1118/19/1203 1119/19/1139 1045/19/1137
f 1122/19/1220 1120/19/1194 1079/19/1143
f 1101/19/1195 1122/19/1220 1079/19/1143
f 1124/19/1236 1103/19/1222 1102/19/1173
f 1080/19/3463 1125/19/1208 1051/19/1142
f 1103/19/1222 1126/19/1174 1053/19/1144
f 1126/19/1174 1084/19/1224 1083/19/1175
f 1105/19/1181 1084/19/1224 1129/19/1228
f 1104/19/1196 1065/19/1156 1107/19/1270
f 1134/19/3465 1068/19/1179 1105/19/1181
f 1134/19/3465 1109/19/3464 1068/19/1179
f 1069/19/1178 1109/19/3464 1133/19/3466
f 1131/19/3461 1069/19/1178 1133/19/3466
f 1151/19/1212 1086/19/1182 1106/19/1198
f 1134/19/3465 1105/19/1181 1108/19/1227
f 1151/19/1212 1135/19/1240 1087/19/1183
f 1111/19/1134 1170/19/1232 1088/19/1184
f 1136/19/1213 1092/19/1189 965/19/1051
f 996/19/1083 1137/19/1216 1015/19/1160
f 1113/19/1244 1043/19/3459 1138/19/1289
f 1113/19/1244 980/19/1165 1043/19/3459
f 1113/19/1244 1075/19/1163 980/19/1165
f 1140/19/1218 1139/19/1217 1044/19/1166
f 1016/19/1107 1115/19/1246 1157/19/1233
f 1157/19/1233 1076/19/1167 1016/19/1107
f 1117/19/3467 1118/19/1203 1097/19/1193
f 1142/19/1254 1122/19/1220 1101/19/1195
f 1124/19/1236 1102/19/1173 1123/19/1207
f 1125/19/1208 1142/19/1254 1101/19/1195
f 1080/19/3463 1143/19/1258 1125/19/1208
f 1143/19/1258 1080/19/3463 1127/19/1209
f 1164/19/1261 1126/19/1174 1163/19/1221
f 1144/19/1259 1127/19/1209 1128/19/1210
f 1145/19/1223 1129/19/1228 1084/19/1224
f 1146/19/1237 1128/19/1210 1104/19/1196
f 1147/19/1226 1104/19/1196 1107/19/1270
f 971/19/1081 1153/19/1324 1154/19/1273 994/19/1082
f 1107/19/1270 1087/19/1183 1135/19/1240
f 1014/19/1106 1110/19/1199 1152/19/1241
f 1116/19/1249 1158/19/1248 1140/19/1218 1017/19/1108
f 1211/19/1408 1071/19/1050 1172/19/1201
f 1172/19/1201 1356/19/1306 1211/19/1408
f 1075/19/1163 1115/19/1246 989/19/1066
f 1183/19/1260 1204/19/1296 1185/19/1265 1145/19/1223
f 1076/19/1167 1159/19/1234 1095/19/1169
f 1117/19/3467 1095/19/1169 1159/19/1234
f 1116/19/1249 1096/19/1168 1160/19/1235
f 1117/19/3467 1178/19/3468 1118/19/1203
f 1160/19/1235 1098/19/1219 1141/19/1204
f 1160/19/1235 1141/19/1204 1161/19/1252
f 1162/19/1253 1118/19/1203 1178/19/3468
f 1162/19/1253 1121/19/1205 1118/19/1203
f 1141/19/1204 1122/19/1220 1161/19/1252
f 1123/19/1207 1163/19/1221 1124/19/1236
f 1142/19/1254 1125/19/1208 1181/19/1255
f 1143/19/1258 1181/19/1255 1125/19/1208
f 1144/19/1259 1143/19/1258 1127/19/1209
f 1126/19/1174 1164/19/1261 1145/19/1223
f 1129/19/1228 1145/19/1223 1185/19/1265
f 1148/19/1268 1108/19/1227 1166/19/1229
f 1085/19/1197 1131/19/3461 1149/19/1284
f 1131/19/3461 1133/19/3466 1149/19/1284
f 1150/19/1230 1106/19/1198 1132/19/1211
f 1168/19/1267 1134/19/3465 1108/19/1227
f 1152/19/3469 1110/19/1199 1088/19/1184
f 1014/19/1106 1241/19/1242 1209/19/1200
f 1171/19/1323 1089/19/3462 1209/19/1200
f 978/19/1074 1089/19/3462 1171/19/1323
f 1175/19/1245 1114/19/1202 1074/19/1190
f 1178/19/3468 1117/19/3467 1159/19/1234
f 1179/19/1293 1123/19/1207 1162/19/1253
f 1142/19/1254 1196/19/1251 1122/19/1220
f 1179/19/1293 1180/19/1256 1123/19/1207
f 1182/19/1262 1164/19/1261 1163/19/1221
f 1184/19/1263 1201/19/1281 1144/19/1259
f 1183/19/1260 1145/19/1223 1164/19/1261
f 1075/19/1163 1174/19/1243 1193/19/1371 1115/19/1246
f 1184/19/1263 1128/19/1210 1186/19/1264
f 1167/19/1317 1147/19/1226 1107/19/1270
f 1149/19/1284 1188/19/1266 1085/19/1197
f 1167/19/1317 1107/19/1270 1169/19/1318
f 1189/19/1285 1150/19/1230 1188/19/1266
f 1169/19/1318 1107/19/1270 1208/19/1269
f 1206/19/1304 1133/19/3466 1168/19/1267
f 1207/19/1239 1151/19/1212 1150/19/1230
f 1088/19/1184 1226/19/1271 1152/19/3469
f 1073/19/1161 1287/19/1426 1072/19/1187
f 1173/19/3470 1073/19/1161 1015/19/1160
f 1156/19/1275 1243/19/1288 1094/19/1162
f 1182/19/1262 1216/19/1280 1203/19/1297 1183/19/1260
f 1193/19/1371 1176/19/1247 1115/19/1246
f 1194/19/1290 1139/19/1217 1140/19/1218
f 1212/19/1277 1195/19/1328 1159/19/1234
f 1177/19/1250 1116/19/1249 1160/19/1235
f 1178/19/3468 1159/19/1234 1195/19/1328
f 1198/19/1307 1180/19/1256 1179/19/1293
f 1198/19/1307 1199/19/1279 1180/19/1256
f 1200/19/1257 1197/19/1278 1181/19/1255
f 1199/19/1279 1163/19/1221 1180/19/1256
f 1255/19/3471 1189/19/1285 1224/19/1302 1284/19/1344
f 1204/19/1296 1183/19/1260 1203/19/1297
f 1165/19/1238 1186/19/1264 1146/19/1237
f 1148/19/1268 1166/19/1229 1187/19/1301
f 1149/19/1284 1133/19/3466 1206/19/1304
f 1207/19/1239 1208/19/1269 1135/19/1240
f 1070/19/1231 1211/19/1408 1210/19/1287
f 1192/19/1276 1173/19/3470 1015/19/1160
f 1175/19/1245 1137/19/1216 1114/19/1202
f 1158/19/1248 1194/19/1290 1140/19/1218
f 1213/19/1291 1160/19/1235 1161/19/1252
f 1195/19/1328 1162/19/1253 1178/19/3468
f 1215/19/1295 1197/19/1278 1200/19/1257
f 1202/19/1282 1215/19/1295 1201/19/1281
f 1184/19/1263 1217/19/1313 1202/19/1282
f 1130/19/1225 1147/19/1226 1165/19/1238
f 1223/19/1315 1148/19/1268 1187/19/1301
f 1240/19/1343 1224/19/1302 1188/19/1266
f 1206/19/1304 1205/19/1283 1149/19/1284
f 1188/19/1266 1205/19/1283 1240/19/1343
f 1326/19/1305 1172/19/1201 1155/19/1159
f 1092/19/1189 1191/19/1274 1093/19/1188
f 1227/19/1349 1113/19/1244 1138/19/1289
f 1228/19/1327 1194/19/1290 1158/19/1248
f 1248/19/1294 1162/19/1253 1195/19/1328
f 1229/19/1308 1179/19/1293 1248/19/1294
f 1231/19/1311 1199/19/1279 1198/19/1307
f 1231/19/1311 1216/19/1280 1199/19/1279
f 1233/19/1331 1232/19/1309 1202/19/1282
f 1220/19/1299 1186/19/1264 1221/19/1334
f 1234/19/1358 1204/19/1296 1219/19/1298
f 1204/19/1296 1234/19/1358 1185/19/1265
f 1221/19/1334 1186/19/1264 1165/19/1238
f 1167/19/1317 1235/19/1314 1147/19/1226
f 1238/19/1320 1148/19/1268 1223/19/1315
f 1225/19/1303 1239/19/1383 1206/19/1304
f 1239/19/1383 1205/19/1283 1206/19/1304
f 1255/19/3471 1207/19/1239 1189/19/1285
f 1255/19/3471 1208/19/1269 1207/19/1239
f 1190/19/1272 1170/19/1232 1242/19/1360
f 1242/19/1360 1170/19/1232 1271/19/1286
f 1257/19/1366 1090/19/1186 1154/19/1273
f 1287/19/1426 1073/19/1161 1173/19/3470
f 1137/19/1216 1244/19/1368 1192/19/1276
f 1244/19/1368 1137/19/1216 1175/19/1245
f 1246/19/1329 1195/19/1328 1212/19/1277
f 1214/19/1292 1197/19/1278 1230/19/1374
f 1249/19/1330 1198/19/1307 1229/19/1308
f 1232/19/1309 1230/19/1374 1197/19/1278
f 1233/19/1331 1202/19/1282 1217/19/1313
f 1220/19/1299 1265/19/1341 1217/19/1313
f 1222/19/1300 1185/19/1265 1234/19/1358
f 1236/19/1316 1187/19/1301 1282/19/1357
f 1243/19/1288 1273/19/1386 1227/19/1349 1138/19/1289
f 1209/19/1200 1241/19/1242 1256/19/1347
f 1357/19/1365 1091/19/1185 1090/19/1186
f 1194/19/1290 1291/19/1388 1258/19/1325
f 1193/19/1371 1245/19/1326 1176/19/1247
f 1291/19/1388 1194/19/1290 1228/19/1327
f 1247/19/1336 1177/19/1250 1213/19/1291
f 1259/19/1351 1229/19/1308 1248/19/1294
f 1214/19/1292 1247/19/1336 1213/19/1291
f 1260/19/1337 1232/19/1309 1233/19/1331
f 1261/19/1354 1250/19/1310 1231/19/1311
f 1261/19/1354 1262/19/1338 1250/19/1310
f 1263/19/1339 1217/19/1313 1265/19/1341
f 1187/19/1301 1222/19/1300 1282/19/1357
f 1235/19/1314 1167/19/1317 1237/19/1319
f 1253/19/1342 1238/19/1320 1223/19/1315
f 1208/19/1269 1266/19/3472 1254/19/1321
f 1266/19/3472 1208/19/1269 1255/19/3471
f 1256/19/3473 1241/19/1242 1268/19/1345
f 1269/19/1361 1226/19/1271 1190/19/1272
f 1286/19/1363 1153/19/1324 1171/19/1323
f 1205/19/1283 1285/19/1382 1284/19/1344 1240/19/1343
f 1244/19/1368 1175/19/1245 1258/19/1325
f 1245/19/1326 1274/19/1350 1246/19/1329
f 1291/19/1388 1228/19/1327 1247/19/1336
f 1275/19/1390 1259/19/1351 1274/19/1350
f 1247/19/1336 1214/19/1292 1276/19/1392
f 1230/19/1374 1276/19/1392 1214/19/1292
f 1280/19/1432 1251/19/1332 1263/19/1339
f 1234/19/1358 1219/19/1298 1264/19/1340
f 1239/19/1383 1285/19/1382 1205/19/1283
f 1259/19/1351 1275/19/1390 1277/19/1352 1249/19/1330
f 1267/19/1422 1255/19/3471 1284/19/1344
f 1171/19/1323 1256/19/1347 1270/19/1364
f 1242/19/1360 1271/19/1286 1368/19/1362
f 1112/19/1214 1316/19/1348 1272/19/1335
f 1193/19/1371 1174/19/1243 1227/19/1349
f 1292/19/1391 1291/19/1388 1247/19/1336
f 1290/19/1372 1193/19/1371 1305/19/1387 1306/19/1413
f 1276/19/1392 1230/19/1374 1278/19/1373
f 1265/19/1341 1221/19/1334 1281/19/1356
f 1225/19/1303 1300/19/1381 1239/19/1383
f 1210/19/1287 1211/19/1408 1511/19/1409
f 1357/19/1365 1314/19/1367 1091/19/1185
f 1301/19/1471 1191/19/1274 1136/19/1213
f 1316/19/1348 1072/19/1187 1287/19/1426
f 1288/19/1425 1287/19/1426 1173/19/3470
f 1303/19/3474 1288/19/1425 1173/19/3470
f 1173/19/3470 1192/19/1276 1303/19/3474
f 1302/19/1397 1273/19/1386 1243/19/1288
f 1359/19/1385 1305/19/1387 1227/19/1349
f 1325/19/1406 1324/19/1468 1256/19/3473 1268/19/1345
f 1292/19/1391 1247/19/1336 1276/19/1392
f 1276/19/1392 1278/19/1373 1330/19/1393
f 1279/19/1353 1277/19/1352 1307/19/1429
f 1260/19/1337 1320/19/1401 1294/19/1375
f 1296/19/1377 1320/19/1401 1260/19/1337
f 1296/19/1377 1251/19/1332 1280/19/1432
f 1281/19/1356 1235/19/1314 1322/19/1417
f 1238/19/1320 1299/19/1405 1225/19/1303
f 1335/19/1448 1284/19/1344 1285/19/1382
f 1266/19/3472 1255/19/3471 1267/19/1422
f 1269/19/1346 1325/19/1406 1268/19/1345
f 1153/19/1324 1339/19/1384 1154/19/1273
f 1315/19/1410 1301/19/1471 1136/19/1213
f 1317/19/1424 1316/19/1348 1287/19/1426
f 1342/19/1473 1277/19/1352 1275/19/1390
f 1318/19/1430 1343/19/1399 1278/19/1373
f 1307/19/1429 1277/19/1352 1342/19/1473
f 1318/19/1430 1278/19/1373 1294/19/1375
f 1298/19/1380 1234/19/1358 1310/19/1379
f 1311/19/1394 1281/19/1356 1321/19/1444
f 1321/19/1444 1281/19/1356 1322/19/1417
f 1322/19/1417 1235/19/1314 1237/19/1319
f 1337/19/1449 1285/19/1382 1300/19/1381
f 1285/19/1382 1337/19/1449 1335/19/1448
f 1267/19/1422 1284/19/1344 1335/19/1448
f 1335/19/1448 1354/19/1420 1267/19/1422
f 1270/19/1364 1338/19/1467 1339/19/1384 1286/19/1363
f 1289/19/1370 1327/19/1411 1304/19/1369
f 1293/19/1389 1342/19/1473 1275/19/1390
f 1320/19/1401 1331/19/1402 1346/19/1442
f 1361/19/1415 1308/19/1378 1295/19/1376
f 1332/19/1416 1265/19/1341 1311/19/1394
f 1334/19/1419 1237/19/1319 1283/19/1359
f 1336/19/1421 1266/19/3472 1267/19/1422
f 1270/19/1364 1256/19/1347 1324/19/1468
f 1270/19/1364 1324/19/1468 1338/19/1467
f 1280/19/1432 1380/19/1595 1405/19/1632 1296/19/1377
f 1387/19/1470 1257/19/1366 1154/19/1273
f 1398/19/1480 1301/19/1471 1315/19/1410
f 1302/19/1397 1340/19/1493 1273/19/1386
f 1304/19/1369 1303/19/3474 1192/19/1276
f 1305/19/1387 1359/19/1385 1390/19/1427
f 1341/19/1414 1292/19/1391 1330/19/1393
f 1319/19/1400 1279/19/1353 1345/19/1441
f 1312/19/1395 1282/19/1357 1298/19/1380
f 1350/19/3475 1312/19/1395 1298/19/1380
f 1312/19/1395 1323/19/1404 1236/19/1316
f 1321/19/1444 1322/19/1417 1351/19/1446
f 1254/19/1321 1353/19/1476 1283/19/1359
f 1324/19/1468 1325/19/1406 1355/19/1465
f 1325/19/1406 1313/19/1407 1355/19/1465
f 1304/19/1369 1358/19/1589 1303/19/3474
f 1390/19/1427 1372/19/1496 1306/19/1413
f 1329/19/1412 1342/19/1473 1293/19/1389
f 1332/19/1416 1311/19/1394 1362/19/1443
f 1363/19/1456 1298/19/1380 1349/19/1435
f 1363/19/1456 1350/19/3475 1298/19/1380
f 1353/19/1476 1334/19/1419 1283/19/1359
f 1364/19/1437 1365/19/1462 1299/19/1405
f 1313/19/1396 1368/19/1362 1369/19/1450
f 1340/19/1493 1359/19/1385 1273/19/1386
f 1329/19/1412 1306/19/1413 1372/19/1496
f 1372/19/1496 1391/19/1559 1329/19/1412
f 1329/19/1412 1373/19/1626 1342/19/1473
f 1351/19/1446 1381/19/1461 1321/19/1444
f 1381/19/1461 1382/19/1458 1321/19/1444
f 1384/19/1460 1312/19/1395 1350/19/3475
f 1385/19/1445 1322/19/1417 1333/19/1418
f 1266/19/3472 1366/19/1477 1254/19/1321
f 1266/19/3472 1336/19/1421 1366/19/1477
f 1300/19/1381 1299/19/1405 1365/19/1462
f 1337/19/1449 1300/19/1381 1411/19/1463
f 1324/19/1468 1355/19/1465 1414/19/1466
f 1356/19/1306 1326/19/1305 1416/19/1439
f 1272/19/1335 1316/19/1348 1483/19/1621
f 1303/19/3474 1371/19/1491 1288/19/1425
f 1358/19/1589 1371/19/1491 1303/19/3474
f 1390/19/1427 1359/19/1385 1340/19/1493
f 1340/19/1493 1389/19/1495 1390/19/1427
f 1358/19/1589 1304/19/1369 1327/19/1411
f 1391/19/1559 1373/19/1626 1329/19/1412
f 1341/19/1414 1392/19/1497 1360/19/1440
f 1392/19/1497 1341/19/1414 1330/19/1393
f 1392/19/1497 1330/19/1393 1343/19/1399
f 1343/19/1399 1374/19/1452 1392/19/1497
f 1373/19/1626 1401/19/1472 1342/19/1473
f 1375/19/1428 1307/19/1429 1401/19/1472
f 1353/19/1476 1410/19/1486 1333/19/1418 1334/19/1419
f 1380/19/1595 1280/19/1432 1348/19/1433
f 1347/19/1434 1393/19/1457 1349/19/1435
f 1383/19/1459 1362/19/1443 1382/19/1458
f 1384/19/1460 1396/19/1500 1323/19/1404
f 1413/19/1464 1336/19/1421 1354/19/1420
f 1417/19/1423 1483/19/1621 1316/19/1348
f 1399/19/1479 1302/19/1397 1301/19/1471
f 1318/19/1430 1402/19/1591 1376/19/1453
f 1402/19/1591 1318/19/1430 1344/19/1431
f 1377/19/1482 1418/19/1499 1346/19/1442
f 1403/19/1560 1361/19/1415 1319/19/1400
f 1308/19/1378 1361/19/1415 1404/19/1533
f 1405/19/1632 1379/19/1455 1296/19/1377
f 1404/19/1533 1309/19/1403 1308/19/1378
f 1380/19/1595 1348/19/1433 1395/19/1567
f 1395/19/1567 1348/19/1433 1383/19/1459
f 1406/19/1483 1384/19/1460 1350/19/3475
f 1363/19/1456 1406/19/1483 1350/19/3475
f 1381/19/1461 1385/19/1445 1421/19/1485
f 1396/19/1500 1352/19/1436 1323/19/1404
f 1408/19/1509 1382/19/1458 1381/19/1461
f 1393/19/1457 1419/19/1570 1420/19/1504 1363/19/1456
f 1466/19/1478 1337/19/1449 1411/19/1463
f 1386/19/1469 1324/19/1468 1414/19/1466
f 1414/19/1466 1313/19/1407 1397/19/3476
f 1339/19/1384 1338/19/1467 1454/19/1487
f 1257/19/1366 1387/19/1470 1415/19/1490
f 1545/19/1494 1358/19/1589 1327/19/1411
f 1457/19/1532 1347/19/1434 1309/19/1403
f 1383/19/1459 1382/19/1458 1408/19/1509
f 1447/19/1524 1442/19/1523 1441/19/1580 1446/19/3477
f 1408/19/1509 1422/19/1502 1383/19/1459
f 1421/19/1485 1333/19/1418 1410/19/1486
f 1425/19/1506 1352/19/1436 1396/19/1500
f 1431/19/1510 1381/19/1461 1409/19/1501
f 1424/19/1505 1427/19/1512 1406/19/1483
f 1428/19/1540 1408/19/1509 1431/19/1510
f 1429/19/3478 1431/19/1510 1409/19/1501
f 1336/19/1421 1413/19/1464 1366/19/1477
f 1430/19/1511 1463/19/1514 1427/19/1512
f 1434/19/1516 1428/19/1540 1431/19/1510
f 1435/19/1517 1431/19/1510 1429/19/3478
f 1433/19/1515 1437/19/1542 1432/19/1513
f 1439/19/1522 1444/19/1612 1443/19/1520
f 1443/19/1520 1445/19/3479 1440/19/1521
f 1451/19/3480 1445/19/3481 1443/19/1550 1450/19/1552
f 1448/19/1525 1447/19/1524 1449/19/1616
f 1495/19/1600 1470/19/1543 1435/19/1517 1429/19/3478
f 1447/19/1555 1446/19/1526 1453/19/1528
f 1371/19/1491 1456/19/1623 1317/19/1424
f 1375/19/1428 1567/19/1531 1345/19/1441
f 1550/19/1563 1404/19/1533 1361/19/1415
f 1457/19/1532 1394/19/1475 1347/19/1434
f 1393/19/1457 1458/19/1566 1419/19/1570
f 1426/19/1507 1396/19/1500 1407/19/1484
f 1460/19/1508 1459/19/1534 1421/19/1485
f 1422/19/1502 1408/19/1509 1428/19/1540
f 1410/19/1486 1366/19/1477 1462/19/1536
f 1429/19/3478 1409/19/1501 1495/19/1600
f 1465/19/1572 1366/19/1477 1413/19/1464
f 1411/19/1463 1365/19/1462 1521/19/1571
f 1412/19/3482 1367/19/1447 1466/19/1478
f 1413/19/1464 1367/19/1447 1412/19/3482
f 1468/19/1539 1422/19/1502 1428/19/1540
f 1451/19/3480 1480/19/3483 1479/19/3484 1445/19/3481
f 1434/19/1516 1472/19/1545 1468/19/1539
f 1471/19/1546 1434/19/1516 1438/19/1519
f 1474/19/1547 1433/19/1515 1436/19/1518
f 1474/19/1547 1476/19/1576 1437/19/1542
f 1477/19/1549 1438/19/1519 1475/19/1544
f 1506/19/3485 1444/19/1612 1439/19/1522
f 1478/19/1611 1443/19/1520 1444/19/1612
f 1497/19/1638 1467/19/1538 1518/19/1596 1527/19/1659
f 1397/19/3476 1510/19/1583 1414/19/1466
f 1620/19/1726 1339/19/1384 1454/19/1487
f 1456/19/1623 1417/19/1423 1317/19/1424
f 1399/19/1479 1484/19/1696 1388/19/1492
f 1388/19/1492 1389/19/1495 1340/19/1493
f 1400/19/1481 1598/19/1699 1545/19/1494
f 1391/19/1559 1485/19/1558 1373/19/1626
f 1488/19/1561 1319/19/1400 1487/19/1474
f 1361/19/1415 1403/19/1560 1550/19/1563
f 1395/19/1567 1383/19/1459 1423/19/1503
f 1493/19/1633 1425/19/1506 1426/19/1507
f 1459/19/1534 1495/19/1600 1409/19/1501
f 1493/19/1633 1364/19/1437 1425/19/1506
f 1364/19/1437 1493/19/1633 1464/19/1537
f 1494/19/1675 1466/19/1478 1411/19/1463
f 1461/19/1535 1463/19/1514 1469/19/1541
f 1467/19/1538 1497/19/1638 1436/19/1518
f 1499/19/1548 1436/19/1518 1497/19/1638
f 1468/19/1539 1472/19/1545 1473/19/1575
f 1504/19/1689 1441/19/3486 1505/19/1581
f 1507/19/1610 1446/19/3477 1441/19/1580
f 1449/19/1616 1508/19/1615 1448/19/1525
f 1541/19/1644 1450/19/1552 1478/19/1551
f 1449/19/1554 1453/19/1528 1509/19/1618
f 1452/19/1672 1509/19/1618 1453/19/1528
f 1414/19/1466 1591/19/3487 1386/19/1469
f 1369/19/1450 1482/19/1438 1594/19/1585
f 1482/19/1438 1511/19/1409 1778/19/1619
f 1595/19/1586 1387/19/1470 1339/19/1384
f 1621/19/1556 1314/19/1367 1370/19/1451
f 1675/19/1788 1483/19/1621 1417/19/1423
f 1486/19/1498 1598/19/1699 1400/19/1481
f 1418/19/1499 1402/19/1591 1344/19/1431
f 1514/19/1630 1377/19/1482 1378/19/1454
f 1379/19/1455 1514/19/1630 1378/19/1454
f 1516/19/1768 1405/19/1632 1380/19/1595
f 1519/19/1597 1493/19/1633 1426/19/1507
f 1465/19/1572 1520/19/1598 1462/19/1536
f 1520/19/1598 1459/19/1534 1460/19/1508
f 1413/19/1464 1412/19/3482 1522/19/1733
f 1413/19/1464 1522/19/1733 1465/19/1572
f 1459/19/1534 1520/19/1598 1523/19/1599
f 1461/19/1535 1524/19/3488 1519/19/1597
f 1495/19/1600 1523/19/1599 1525/19/1637
f 1525/19/1637 1470/19/1543 1495/19/1600
f 1496/19/1651 1491/19/1568 1492/19/1569
f 1524/19/3488 1461/19/1535 1469/19/1541
f 1525/19/1637 1526/19/1636 1470/19/1543
f 1496/19/1651 1492/19/1569 1498/19/1573 1529/19/1656
f 1314/19/1367 1621/19/1556 1596/19/1786 1512/19/1785
f 1470/19/1543 1526/19/1636 1475/19/1544
f 1528/19/1681 1469/19/1541 1500/19/1574
f 1498/19/1573 1468/19/1539 1473/19/1575
f 1532/19/3489 1475/19/1544 1526/19/1636
f 1475/19/1544 1532/19/3489 1502/19/1578
f 1502/19/1578 1534/19/1605 1477/19/1549
f 1535/19/1602 1471/19/1546 1477/19/1549
f 1504/19/1689 1583/19/1609 1441/19/1580
f 1452/19/1672 1562/19/1755 1509/19/1618
f 1531/19/1601 1554/19/1683 1528/19/1681 1500/19/1574
f 1512/19/1785 1315/19/1410 1314/19/1367
f 1544/19/1622 1675/19/1788 1417/19/1423
f 1455/19/1529 1484/19/1696 1399/19/1479
f 1546/19/1624 1485/19/1558 1389/19/1495
f 1392/19/1497 1548/19/1628 1486/19/1498
f 1457/19/1532 1515/19/1593 1572/19/1565
f 1517/19/1594 1516/19/1768 1380/19/1595
f 1491/19/1568 1517/19/1594 1395/19/1567
f 1490/19/1564 1518/19/1596 1458/19/1566
f 1519/19/1597 1552/19/1634 1493/19/1633
f 1524/19/3488 1469/19/1541 1528/19/1681
f 1439/19/1522 1503/19/1579 1613/19/1743 1506/19/3485
f 1532/19/3489 1526/19/1636 1530/19/1707
f 1536/19/1604 1499/19/1548 1557/19/1639
f 1536/19/1604 1474/19/1547 1499/19/1548
f 1614/19/1719 1506/19/3485 1613/19/1743
f 1479/19/3484 1480/19/3483 1589/19/1780 1587/19/1779
f 1442/19/1523 1448/19/1525 1537/19/1641
f 1565/19/1587 1564/19/1557 1416/19/1439
f 1483/19/1621 1675/19/1788 1565/19/1587
f 1597/19/3490 1543/19/1588 1315/19/1410
f 1543/19/1588 1455/19/1529 1398/19/1480
f 1547/19/1625 1566/19/1627 1373/19/1626
f 1488/19/1561 1655/19/1648 1403/19/1560
f 1569/19/1701 1489/19/1562 1550/19/1563
f 1570/19/1649 1404/19/1533 1489/19/1562
f 1571/19/1731 1551/19/1631 1405/19/1632
f 1516/19/1768 1571/19/1731 1405/19/1632
f 1600/19/1653 1490/19/1564 1572/19/1565
f 1574/19/1652 1518/19/1596 1490/19/1564
f 1575/19/1655 1573/19/1650 1496/19/1651
f 1552/19/1634 1603/19/1704 1464/19/1537
f 1603/19/1704 1521/19/1571 1464/19/1537
f 1521/19/1571 1603/19/1704 1411/19/1463
f 1522/19/1733 1520/19/1598 1465/19/1572
f 1518/19/1596 1574/19/1652 1527/19/1659
f 1557/19/1639 1497/19/1638 1555/19/1658
f 1532/19/3489 1530/19/1707 1577/19/1710
f 1556/19/1657 1498/19/1573 1558/19/1640
f 1558/19/1640 1535/19/1602 1579/19/1738
f 1535/19/1602 1534/19/1605 1580/19/1714
f 1440/19/1521 1581/19/3491 1503/19/1579
f 1505/19/1581 1442/19/1523 1582/19/1688
f 1581/19/3491 1440/19/1521 1538/19/1607
f 1506/19/3485 1614/19/1719 1444/19/1612
f 1508/19/1615 1559/19/1642 1448/19/1525
f 1615/19/1690 1538/19/1607 1479/19/1608
f 1584/19/1660 1560/19/1750 1507/19/1610
f 1479/19/1608 1587/19/3492 1646/19/1691
f 1648/19/1661 1508/19/1615 1540/19/1614
f 1557/19/1639 1608/19/1741 1612/19/1686 1536/19/1604
f 1507/19/1582 1560/19/3493 1481/19/1553
f 1561/19/1643 1590/19/1666 1450/19/1552
f 1452/19/1672 1618/19/1671 1562/19/1755
f 1510/19/1583 1592/19/1858 1591/19/1584
f 1592/19/1835 1510/19/1645 1563/19/1646
f 1593/19/1694 1620/19/1726 1454/19/1487
f 1339/19/1384 1620/19/1726 1595/19/1586
f 1512/19/1785 1597/19/3490 1315/19/1410
f 1626/19/1761 1598/19/1699 1486/19/1498
f 1567/19/1531 1513/19/1530 1677/19/1789
f 1569/19/1701 1550/19/1563 1698/19/1764
f 1466/19/1478 1601/19/1676 1412/19/3482
f 1522/19/1733 1602/19/3494 1520/19/1598
f 1552/19/1634 1519/19/1597 1603/19/1704
f 1603/19/1704 1519/19/1597 1604/19/1680
f 1553/19/1635 1525/19/1637 1576/19/1678
f 1604/19/1680 1519/19/1597 1524/19/3488
f 1604/19/1680 1524/19/3488 1528/19/1681
f 1606/19/1682 1528/19/1681 1554/19/1683
f 1639/19/3495 1609/19/1771 1531/19/1601 1501/19/1577
f 1579/19/1738 1535/19/1602 1580/19/1714
f 1532/19/3489 1611/19/3496 1610/19/1715 1502/19/1578
f 1651/19/1899 1481/19/1553 1560/19/3493 1649/19/1900
f 1610/19/1715 1534/19/1605 1502/19/1578
f 1580/19/1714 1534/19/1605 1610/19/1715
f 1559/19/1642 1508/19/1615 1585/19/1662
f 1386/19/1469 1591/19/3487 1619/19/1724
f 1623/19/1697 1388/19/1492 1484/19/1696
f 1546/19/1624 1388/19/1492 1623/19/1697
f 1598/19/1699 1626/19/1761 1624/19/1698
f 1547/19/1625 1485/19/1558 1625/19/1673
f 1628/19/1700 1677/19/1789 1513/19/1530
f 1567/19/1531 1630/19/1911 1487/19/1474
f 1488/19/1561 1487/19/1474 1630/19/1911
f 1655/19/1648 1698/19/1764 1550/19/1563
f 1601/19/1676 1522/19/1733 1412/19/3482
f 1603/19/1704 1658/19/1817 1659/19/1677
f 1602/19/3494 1522/19/1733 1681/19/1734
f 1602/19/3494 1576/19/1654 1520/19/1598
f 1632/19/1735 1527/19/1659 1574/19/1652
f 1632/19/1735 1555/19/1658 1527/19/1659
f 1608/19/1741 1557/19/1639 1578/19/1685
f 1639/19/1716 1501/19/1577 1612/19/1687
f 1560/19/1750 1584/19/1660 1647/19/1751
f 1663/19/1739 1638/19/1737 1558/19/1640 1579/19/1738
f 1481/19/1670 1651/19/1833 1618/19/1671
f 1593/19/1694 1386/19/1469 1652/19/1725
f 1594/19/1585 1674/19/1620 1673/19/1756
f 1456/19/1623 1654/19/1838 1544/19/1622
f 1624/19/1698 1654/19/1838 1456/19/1623
f 1486/19/1498 1548/19/1628 1626/19/1761
f 1625/19/1673 1566/19/1627 1547/19/1625
f 1630/19/1911 1655/19/1648 1488/19/1561
f 1599/19/1629 1697/19/1762 1418/19/1499
f 1599/19/1629 1656/19/1729 1697/19/1762
f 1517/19/1594 1573/19/1650 1679/19/1770
f 1633/19/1705 1658/19/1817 1603/19/1704
f 1660/19/1794 1633/19/1705 1604/19/1680
f 1553/19/1635 1576/19/1678 1605/19/1679
f 1661/19/1736 1657/19/1702 1575/19/1655
f 1606/19/1682 1660/19/1794 1604/19/1680
f 1607/19/1684 1554/19/1683 1637/19/1712
f 1637/19/1712 1531/19/1601 1609/19/1771
f 1611/19/3496 1532/19/3489 1577/19/1710
f 1538/19/1607 1645/19/1745 1665/19/1742 1581/19/3491
f 1609/19/1771 1639/19/3495 1664/19/3497
f 1664/19/3498 1639/19/1716 1641/19/1717
f 1665/19/1742 1503/19/1579 1581/19/3491
f 1672/19/1757 1592/19/1835 1563/19/1646 1594/19/1585
f 1582/19/1688 1666/19/1778 1505/19/1581
f 1746/19/1744 1538/19/1607 1615/19/1690
f 1667/19/1747 1539/19/1613 1643/19/1720
f 1615/19/1690 1646/19/1691 1746/19/1744
f 1648/19/1661 1668/19/1746 1585/19/1662
f 1561/19/1643 1541/19/1644 1650/19/2001
f 1650/19/2001 1541/19/1644 1588/19/1665
f 1591/19/1584 1592/19/1858 1619/19/3499
f 1537/19/1641 1559/19/1642 1666/19/1778 1582/19/1688
f 1753/19/1782 1620/19/1726 1593/19/1694
f 1696/19/1907 1654/19/1838 1624/19/1698
f 1781/19/1839 1548/19/1628 1627/19/1728
f 1568/19/1592 1678/19/1674 1756/19/1841
f 1699/19/1763 1656/19/1729 1514/19/1630
f 1572/19/1565 1757/19/1792 1600/19/1653
f 1681/19/1734 1576/19/1654 1602/19/3494
f 1682/19/1798 1662/19/1711 1632/19/1735
f 1638/19/1737 1683/19/3500 1635/19/1708
f 1578/19/1685 1662/19/1711 1711/19/1799
f 1664/19/3497 1685/19/1801 1609/19/1771
f 1614/19/1719 1665/19/1742 1687/19/1775
f 1665/19/1742 1614/19/1719 1613/19/1743
f 1644/19/1721 1505/19/1581 1666/19/1778
f 1646/19/1691 1587/19/3492 1692/19/1781 1775/19/1897
f 1648/19/1661 1851/19/1855 1668/19/1746
f 1543/19/1588 1597/19/3490 1754/19/1905 1622/19/1695
f 1588/19/1665 1586/19/1664 1724/19/1945
f 1779/19/1784 1597/19/3490 1512/19/1785
f 1703/19/1793 1705/19/1875 1605/19/1679 1576/19/1678
f 1566/19/1627 1625/19/1673 2083/19/2101
f 1628/19/1700 1566/19/1627 1860/19/1909
f 1730/19/1790 1630/19/1911 1567/19/1531
f 1551/19/1631 1700/19/1730 1699/19/1763
f 1570/19/1649 1569/19/1701 1731/19/1765
f 1600/19/1653 1757/19/1792 1733/19/1732
f 1702/19/1815 1658/19/1817 1633/19/1705
f 1734/19/1816 1703/19/1793 1681/19/1734
f 1611/19/3496 1577/19/1710 1636/19/1709 1712/19/1820
f 1661/19/1736 1758/19/1871 1657/19/1702
f 1705/19/1875 1634/19/1706 1605/19/1679
f 1634/19/1706 1705/19/1875 1706/19/1843
f 1706/19/1843 1636/19/1709 1634/19/1706
f 1661/19/1736 1635/19/1708 1709/19/3501
f 1636/19/1709 1706/19/1843 1710/19/1821
f 1662/19/1711 1708/19/1797 1711/19/1799
f 1611/19/3496 1717/19/1882 1716/19/1803 1610/19/1715
f 1715/19/1824 1664/19/3498 1641/19/1717
f 1685/19/1801 1664/19/3497 1715/19/1824
f 1644/19/1721 1722/19/1893 1809/19/1991 1723/19/1807
f 1686/19/1774 1718/19/1804 1640/19/1713
f 1642/19/1718 1640/19/1713 1718/19/1804
f 1689/19/3502 1666/19/1778 1690/19/1777
f 1643/19/1720 1614/19/1719 1720/19/1805
f 1644/19/1721 1666/19/1778 1689/19/3502
f 1646/19/1691 1775/19/1897 1747/19/1832
f 1669/19/1946 1724/19/1945 1586/19/1664
f 1670/19/1753 1561/19/1643 1650/19/2001
f 1724/19/1945 1650/19/2001 1588/19/1665
f 1652/19/1725 1619/19/1724 1725/19/1860
f 1725/19/1860 1619/19/3499 1592/19/1858
f 1726/19/2009 1595/19/1586 1653/19/1727
f 1778/19/1619 1542/19/1489 2078/19/1783
f 1727/19/1810 1596/19/1786 1621/19/1556
f 1654/19/1838 1675/19/1788 1544/19/1622
f 1624/19/1698 1729/19/3503 1696/19/1907
f 1701/19/1767 1700/19/1730 1571/19/1731
f 1758/19/1871 1680/19/1769 1657/19/1702
f 1633/19/1705 1704/19/1795 1702/19/1815
f 1704/19/1795 1660/19/1794 1707/19/1796
f 1683/19/3500 1709/19/3501 1635/19/1708
f 1736/19/1819 1735/19/1818 1637/19/1712
f 1684/19/1772 1609/19/1771 1714/19/1802
f 1742/19/1889 1740/19/1826 1687/19/1775
f 1688/19/1776 1742/19/1889 1687/19/1775
f 1743/19/1828 1689/19/3502 1690/19/1777
f 1722/19/1893 1644/19/1721 1689/19/3502
f 1721/19/1806 1559/19/1642 1668/19/1746
f 1616/19/1692 1667/19/1747 1811/19/1895 1748/19/1997
f 1669/19/1748 1616/19/1692 1748/19/1997
f 1749/19/1856 1648/19/1661 1617/19/1693
f 1692/19/1781 1589/19/1780 1750/19/3504
f 1562/19/1755 1751/19/2005 1693/19/1752
f 1752/19/1950 1652/19/1725 1725/19/1860
f 1753/19/1782 1652/19/1725 1752/19/1950
f 1819/19/1758 1778/19/1619 1957/19/2010
f 2083/19/2101 1860/19/1909 1566/19/1627
f 1824/19/1865 1756/19/1841 1678/19/1674
f 1570/19/1649 1731/19/1765 1732/19/1766
f 1601/19/1676 1631/19/1703 1830/19/1873
f 1710/19/1821 1706/19/1843 1793/19/1845
f 1710/19/1821 1793/19/1845 1759/19/1962
f 1737/19/1822 1608/19/1741 1711/19/1799
f 1684/19/1772 1714/19/1802 1760/19/1879
f 1712/19/1820 1717/19/1882 1611/19/3496
f 1761/19/1878 1739/19/1823 1641/19/1740
f 1738/19/1846 1719/19/1773 1718/19/1804
f 1714/19/1802 1685/19/1801 1763/19/1825
f 1763/19/1825 1764/19/1847 1714/19/1802
f 1766/19/1849 1686/19/1774 1716/19/1803
f 1766/19/1849 1767/19/1880 1718/19/1804
f 1768/19/1851 1716/19/1803 1717/19/1882
f 1770/19/3505 1742/19/1889 1688/19/1776
f 1745/19/1830 1770/19/3505 1688/19/1776
f 1689/19/3502 1771/19/1891 1722/19/1893
f 1744/19/1829 1690/19/1777 1721/19/1806
f 1723/19/1807 1774/19/1808 1647/19/1751
f 1562/19/1755 1671/19/1754 1751/19/2005
f 1597/19/3490 1779/19/1784 1754/19/1905
f 1675/19/1788 1859/19/1837 1695/19/1787
f 1780/19/1864 1729/19/3503 1624/19/1698
f 1821/19/1812 2083/19/2101 1625/19/1673
f 1698/19/1764 1782/19/1791 1863/19/1866
f 1788/19/1872 1631/19/1703 1702/19/1815
f 1734/19/1816 1601/19/1676 1787/19/1918
f 1703/19/1793 1734/19/1816 1789/19/1919
f 1702/19/1815 1704/19/1795 1790/19/1958
f 1682/19/1798 1833/19/1921 1708/19/1797
f 1709/19/3501 1791/19/1874 1661/19/1736
f 1683/19/3500 1834/19/2020 1709/19/3501
f 1711/19/1799 1920/19/1922 1737/19/1822
f 1795/19/1925 1717/19/1882 1712/19/1820
f 1795/19/1925 1765/19/1881 1717/19/1882
f 1797/19/1883 1739/19/1823 1796/19/1928
f 1764/19/1847 1798/19/1933 1762/19/1848
f 1802/19/1886 1766/19/1849 1768/19/1851
f 1802/19/1886 1800/19/1885 1766/19/1849
f 1842/19/1887 1768/19/1851 1799/19/1884
f 1803/19/1932 1801/19/1850 1797/19/1883
f 1801/19/1850 1804/19/1888 1763/19/1825
f 1804/19/1888 1805/19/1934 1764/19/1847
f 1740/19/1826 1845/19/1890 1806/19/1939
f 1771/19/1891 1689/19/3502 1743/19/1828
f 1808/19/1892 1809/19/1991 1722/19/1893
f 1773/19/1854 1810/19/1894 1668/19/1746
f 1817/19/2055 1815/19/1896 1692/19/1781 1750/19/3504
f 1813/19/1857 1851/19/1855 1648/19/1661
f 1747/19/1832 1775/19/1897 1812/19/1993
f 1852/19/1901 1649/19/1749 1774/19/1808
f 1828/19/1953 1757/19/1792 1732/19/1766 1827/19/1915
f 1752/19/1950 1725/19/1860 1818/19/1903
f 1754/19/1905 1728/19/1759 1622/19/1695
f 1821/19/1812 1623/19/1697 1728/19/1759
f 1780/19/1864 1626/19/1761 1676/19/1760
f 1862/19/1912 1630/19/1911 1730/19/1790
f 1964/19/2103 1782/19/1791 1655/19/1648
f 1731/19/1765 1784/19/1814 1864/19/2013
f 1826/19/1916 1732/19/1766 1731/19/1765
f 1601/19/1676 1830/19/1873 1831/19/1957 1787/19/1918
f 1857/19/2093 1856/19/1861 1673/19/1756 1819/19/1758
f 1832/19/1960 1703/19/1793 1789/19/1919
f 1832/19/1960 1705/19/1875 1703/19/1793
f 1791/19/1874 1968/19/1920 1758/19/1871
f 1704/19/1795 1792/19/1876 1790/19/1958
f 1708/19/1797 1833/19/1921 1870/19/1923
f 1834/19/2020 1791/19/1874 1709/19/3501
f 1870/19/1923 1711/19/1799 1708/19/1797
f 1835/19/1965 1735/19/1818 1736/19/1819
f 1710/19/1821 1759/19/1962 1794/19/1877
f 1760/19/1879 1736/19/1819 1684/19/1772
f 1795/19/1925 1838/19/1969 1765/19/1881
f 1839/19/1930 1767/19/1880 1800/19/1885
f 1798/19/1933 1764/19/1847 1805/19/1934
f 1846/19/1940 1743/19/1828 1807/19/1982
f 1807/19/1982 1743/19/1828 1744/19/1829
f 1770/19/3505 1745/19/1830 1847/19/1943
f 1744/19/1829 1721/19/1806 1895/19/1942
f 1848/19/1941 1691/19/1831 1720/19/1805
f 1850/19/1990 1723/19/1807 1809/19/1991
f 1747/19/1832 1849/19/1987 1772/19/1853
f 1852/19/1901 1774/19/1808 1814/19/1944
f 1854/19/2091 1651/19/1899 1852/19/1901
f 1694/19/1722 1855/19/1948 1816/19/1902
f 1651/19/1833 1854/19/2091 1776/19/1834
f 1683/19/3500 1638/19/1737 1873/19/1924 1834/19/2020
f 1676/19/1760 1781/19/1839 1780/19/1864
f 1697/19/1762 2019/19/2307 1824/19/1865
f 1862/19/1912 1964/19/2103 1655/19/1648
f 1784/19/1814 1965/19/1952 1864/19/2013
f 1731/19/1765 1915/19/2014 1826/19/1916
f 1829/19/1869 1865/19/1917 1679/19/1770
f 1830/19/1873 1788/19/1872 1866/19/1955
f 1788/19/1872 1702/19/1815 1970/19/1959
f 1735/19/1818 1871/19/1964 1792/19/1876
f 1890/19/1981 1892/19/2039 1771/19/1891 1846/19/1940
f 1874/19/2065 1835/19/1965 1760/19/1879
f 1795/19/1925 1794/19/1877 1875/19/1968
f 1738/19/1846 1877/19/1929 1836/19/1926
f 1837/19/1927 1762/19/1848 1798/19/1933
f 1838/19/1969 1879/19/1936 1799/19/1884
f 1843/19/1937 1797/19/1883 1840/19/1931
f 1878/19/1970 1798/19/1933 1841/19/1935
f 1839/19/1930 1800/19/1885 1844/19/1938
f 1844/19/1938 1802/19/1886 1882/19/1972
f 1881/19/1971 1805/19/1934 1804/19/1888
f 1934/19/2031 1885/19/1978 1930/19/2032
f 1884/19/1979 1885/19/1978 1934/19/2031
f 1890/19/1981 1887/19/1974 1886/19/1976
f 1888/19/1977 1889/19/1983 1885/19/1978
f 1891/19/1980 1887/19/1974 1890/19/1981
f 1806/19/1939 1845/19/1890 1888/19/1984
f 1772/19/1853 2065/19/1988 1946/19/2150 1847/19/1943
f 1896/19/2045 1848/19/1941 1769/19/1852
f 1809/19/1991 1808/19/1892 1894/19/1986 1897/19/1989
f 2021/19/2108 1831/19/1957 1830/19/1873 1866/19/1955
f 1773/19/1854 1851/19/1855 1810/19/1894
f 1898/19/1995 1849/19/1987 1747/19/1832
f 1747/19/1832 1812/19/1993 1898/19/1995
f 1899/19/1992 1814/19/1944 1723/19/1807
f 1948/19/1998 1748/19/1997 1811/19/1895
f 1813/19/1857 1749/19/1856 1902/19/2050
f 1903/19/1999 1669/19/1748 1748/19/1997
f 1900/19/1994 1775/19/1897 1815/19/1896
f 1816/19/1898 1902/19/2050 1749/19/1856
f 1853/19/1947 1669/19/1946 1903/19/3506
f 1853/19/1947 1904/19/2000 1724/19/1945
f 1590/19/1666 1670/19/1753 1905/19/2002
f 1908/19/2008 1727/19/1810 1595/19/1586
f 1858/19/1863 1910/19/1862 1695/19/1787
f 1779/19/1784 1911/19/2097 1959/19/1904
f 1728/19/1759 1754/19/1905 1912/19/2099
f 1821/19/1812 1728/19/1759 1912/19/2099
f 1820/19/1906 1696/19/1907 1729/19/3503
f 1782/19/1791 1964/19/2103 1913/19/2057
f 1865/19/1917 1916/19/2015 1701/19/1767
f 1923/19/2119 1981/19/2121 1879/19/1936 1838/19/1969
f 1967/19/2017 1971/19/2172 1833/19/1921
f 1790/19/1958 1869/19/1961 1970/19/1959
f 1971/19/2172 1972/19/2022 1833/19/1921
f 1918/19/1963 1793/19/1845 1868/19/1844
f 1972/19/2022 1870/19/1923 1833/19/1921
f 1872/19/1966 1759/19/1962 1918/19/1963
f 1836/19/1926 1873/19/1924 1713/19/1800
f 1760/19/1879 1921/19/2116 1874/19/2065
f 1921/19/2116 1760/19/1879 1837/19/1927
f 1922/19/2025 1923/19/2119 1838/19/1969
f 1925/19/2027 1979/19/2024 1877/19/1929
f 1924/19/2026 1840/19/1931 1796/19/1928
f 1756/19/1841 1824/19/1865 2018/19/2264 1962/19/2011
f 1880/19/2070 1843/19/1937 1840/19/1931
f 1927/19/2029 1803/19/1932 1843/19/1937
f 1929/19/2126 1882/19/1972 1883/19/1973
f 1936/19/2036 1995/19/2134 1930/19/2032
f 1935/19/2034 1887/19/1974 1939/19/2040
f 1994/19/2083 1886/19/1976 1931/19/1975
f 1937/19/2082 1892/19/2039 1994/19/2083
f 1994/19/2083 1892/19/2039 1886/19/1976
f 1936/19/2036 1885/19/1978 1889/19/1983
f 1891/19/1980 1940/19/2144 1939/19/2040
f 1889/19/1983 1742/19/1889 1942/19/2042
f 1941/19/2041 1741/19/1827 1888/19/1977
f 1945/19/2147 1942/19/2042 1742/19/1889
f 1944/19/2043 1771/19/1891 1892/19/2039
f 1891/19/1980 1744/19/1829 1940/19/2144
f 1945/19/2147 1742/19/1889 1770/19/3505
f 1895/19/1942 1940/19/2144 1744/19/1829
f 1770/19/3505 1847/19/1943 1945/19/2147
f 2064/19/2048 1948/19/1998 1811/19/1895
f 1851/19/1855 1813/19/1857 1949/19/2049
f 1950/19/2051 1852/19/1901 1814/19/1944
f 2009/19/2054 1670/19/1753 1650/19/2001
f 1854/19/2091 1852/19/1901 1951/19/2052
f 1670/19/1753 2009/19/2054 1905/19/2002
f 1907/19/1836 1856/19/1861 1857/19/2093
f 1858/19/1863 1859/19/1837 2014/19/3507
f 1960/19/2299 2014/19/3507 1859/19/1837
f 1960/19/2299 1859/19/1837 1820/19/1906
f 1912/19/2099 2083/19/2101 1821/19/1812
f 2008/19/3508 2073/19/2256 1902/19/2050 1816/19/1898
f 1963/19/2102 1862/19/1912 1823/19/1842
f 1697/19/1762 2085/19/2211 2019/19/2307
f 1697/19/1762 1783/19/1867 2085/19/2211
f 1966/19/2012 1699/19/1763 1914/19/1913
f 1829/19/1869 1968/19/1920 2089/19/2058
f 1868/19/1844 1832/19/1960 2023/19/2318
f 2137/19/2064 1871/19/1964 1835/19/1965
f 1873/19/1924 1974/19/2019 1834/19/2020
f 1976/19/2066 1920/19/1922 1919/19/2021
f 1836/19/1926 1979/19/2024 1977/19/2067
f 1982/19/2071 1980/19/2069 1878/19/1970
f 2036/19/2072 1879/19/1936 1981/19/2121
f 1983/19/2075 1984/19/2123 1844/19/1938
f 1987/19/2077 1988/19/2076 1881/19/1971
f 1882/19/1972 1929/19/2126 1983/19/2075
f 1992/19/2033 1930/19/2032 1995/19/2134
f 1994/19/2083 1931/19/1975 2049/19/2080
f 1992/19/2033 1991/19/2078 1934/19/2031
f 1932/19/2035 1935/19/2034 1997/19/2139
f 1997/19/2139 1935/19/2034 1999/19/2085
f 2000/19/2141 1938/19/2037 1933/19/2038
f 1942/19/2042 2002/19/3509 1936/19/2036
f 2000/19/2141 2003/19/2086 1938/19/2037
f 1894/19/1986 1944/19/2043 2005/19/2197
f 1896/19/2045 1893/19/1985 2118/19/2152
f 2118/19/2152 1848/19/1941 1896/19/2045
f 2005/19/2197 1897/19/1989 1894/19/1986
f 2064/19/2048 1848/19/1941 2118/19/2152
f 2006/19/2090 2119/19/2089 1898/19/1995
f 1949/19/2049 1902/19/2050 2073/19/2256
f 1898/19/1995 1900/19/1994 2006/19/2090
f 2007/19/2156 1903/19/1999 1901/19/1996
f 2016/19/2300 1820/19/1906 1729/19/3503 1780/19/1864
f 2008/19/2160 1816/19/1902 1855/19/1948
f 1776/19/1834 1854/19/2091 2011/19/2092
f 1953/19/2004 1776/19/1834 2011/19/2092
f 1959/19/1904 2015/19/2098 1754/19/1905
f 1820/19/1906 2016/19/2300 1960/19/2299
f 1925/19/2027 2034/19/3510 2031/19/2115 1979/19/2024
f 1822/19/1908 1861/19/1813 1962/19/2011
f 1824/19/1865 2019/19/2307 2018/19/2264
f 2129/19/2105 1785/19/1868 1825/19/1914
f 2020/19/2104 1827/19/1915 1826/19/1916
f 1967/19/2017 1828/19/1953 2088/19/2309
f 1866/19/1955 2091/19/2217 2093/19/2107
f 2022/19/2109 1867/19/1956 1831/19/1957
f 2135/19/2061 1868/19/1844 2023/19/2318
f 2026/19/2062 1791/19/1874 1974/19/2019
f 1975/19/2063 1972/19/2022 2097/19/2173
f 2029/19/2117 2027/19/2112 1874/19/2065
f 1922/19/2025 1875/19/1968 2030/19/2114
f 1978/19/2023 2032/19/2120 1924/19/2026
f 1883/19/1973 2044/19/2184 2043/19/2130 1929/19/2126
f 1980/19/2069 1921/19/2116 1837/19/1927
f 1926/19/2028 2034/19/3510 1925/19/2027
f 2036/19/2072 1990/19/2233 1883/19/1973
f 1926/19/2028 1844/19/1938 1984/19/2123
f 1986/19/2074 1927/19/2029 1880/19/2070
f 1990/19/2233 2038/19/2185 1883/19/1973
f 2037/19/2125 2039/19/2132 1985/19/2073
f 2040/19/2128 1984/19/2123 1983/19/2075
f 1987/19/2077 1985/19/2073 2039/19/2132
f 1988/19/2076 2042/19/2182 1928/19/2030
f 1945/19/2147 1847/19/1943 2062/19/2149 2060/19/2146
f 2039/19/2132 2045/19/2129 1987/19/2077
f 2047/19/2133 2041/19/2127 2043/19/2130
f 2046/19/2131 2048/19/3511 2045/19/2129
f 2048/19/3511 1992/19/2033 2045/19/2129
f 2051/19/2191 2047/19/2133 2049/19/2080
f 2050/19/3512 1991/19/2078 2048/19/3511
f 1993/19/2079 1991/19/2078 2050/19/3512
f 1992/19/2033 2048/19/3511 1991/19/2078
f 2051/19/2191 2049/19/2080 1932/19/2035
f 2051/19/2191 1932/19/2035 1997/19/2139
f 1997/19/2139 2111/19/2188 2051/19/2191
f 1996/19/2084 1994/19/2083 2053/19/2136
f 2002/19/3509 2056/19/2138 1995/19/2134
f 2002/19/3509 1995/19/2134 1936/19/2036
f 1943/19/2044 1892/19/2039 1937/19/2082
f 2003/19/2086 2059/19/2337 1941/19/2041
f 2059/19/2337 1893/19/1985 1941/19/2041
f 2117/19/2195 2004/19/2046 1947/19/2047 2067/19/2088
f 2059/19/2337 2063/19/2153 1893/19/1985
f 2061/19/2148 1895/19/1942 2004/19/2046
f 1944/19/2043 2116/19/2194 2005/19/2197
f 1946/19/2150 2065/19/1988 2168/19/2151
f 2066/19/2087 1897/19/1989 2005/19/2197
f 2232/19/2349 1970/19/1959 1869/19/1961 2024/19/2351
f 2070/19/2157 1901/19/1996 1948/19/1998
f 2071/19/3513 2069/19/2155 1949/19/2049
f 1949/19/2049 2073/19/2256 2071/19/3513
f 1950/19/2051 1899/19/1992 2072/19/2200
f 1903/19/1999 2007/19/2156 1853/19/3514
f 1815/19/1896 2215/19/2159 2074/19/2158
f 1951/19/2052 1950/19/2051 2075/19/2201
f 2076/19/2161 1907/19/1836 2012/19/2094
f 1819/19/1758 1957/19/2010 2125/19/2164
f 2013/19/2095 1908/19/2008 1653/19/1727
f 2079/19/3515 1727/19/1810 1908/19/2008
f 2078/19/1783 1909/19/1811 2126/19/2096
f 1727/19/1810 2079/19/3515 1958/19/1951
f 2079/19/3515 1911/19/2097 1958/19/1951
f 1910/19/1862 1858/19/1863 2080/19/2440
f 2080/19/2440 1858/19/1863 2014/19/3507
f 1911/19/2097 2175/19/2165 1959/19/1904
f 1780/19/1864 2082/19/2303 2016/19/2300
f 1780/19/1864 2084/19/2167 2082/19/2303
f 1823/19/1842 1961/19/1910 2176/19/2209
f 2129/19/2105 1914/19/1913 1785/19/1868
f 1916/19/2015 2087/19/2213 2129/19/2105
f 2088/19/2309 1828/19/1953 1827/19/1915
f 1967/19/2017 2088/19/2309 2130/19/2214
f 1968/19/1920 2090/19/2269 2089/19/2058
f 2091/19/2217 2132/19/2218 2093/19/2107
f 2022/19/2109 2021/19/2108 2133/19/2219
f 2095/19/2170 1969/19/1954 1970/19/1959
f 1968/19/1920 2025/19/2018 2090/19/2269
f 1984/19/2123 2040/19/2128 2107/19/2279 2148/19/2124
f 2023/19/2318 1832/19/1960 2183/19/2171
f 1973/19/2060 2096/19/2222 1869/19/1961
f 1974/19/2019 2098/19/2354 2026/19/2062
f 1975/19/2063 2097/19/2173 2099/19/2357
f 1978/19/2023 1976/19/2066 2101/19/2228
f 1977/19/2067 2140/19/2177 2139/19/2175
f 2032/19/2120 1978/19/2023 2101/19/2228
f 2030/19/2114 2033/19/2118 1922/19/2025
f 2103/19/2362 2034/19/3510 1926/19/2028
f 1880/19/2070 2035/19/2068 2105/19/2180
f 2039/19/2132 2037/19/2125 2110/19/2239 2046/19/2131
f 2038/19/2185 2044/19/2184 1883/19/1973
f 2042/19/2182 1988/19/2076 2045/19/2129
f 1853/19/1947 2170/19/2255 2122/19/2293 1904/19/2000
f 2152/19/2187 2040/19/2128 2047/19/2133
f 2110/19/2239 2050/19/3512 2046/19/2131
f 2050/19/3512 2048/19/3511 2046/19/2131
f 2042/19/2182 2045/19/2129 1992/19/2033
f 2052/19/2135 2042/19/2182 1992/19/2033
f 2049/19/2080 2044/19/2184 2053/19/2136
f 2054/19/2193 1993/19/2079 2050/19/3512
f 1999/19/2085 2113/19/2143 2057/19/2140
f 1998/19/2081 2114/19/2282 2000/19/2141
f 2161/19/2371 1943/19/2044 2001/19/2142
f 2000/19/2141 2114/19/2282 2003/19/2086
f 1942/19/2042 2160/19/2247 2002/19/3509
f 1940/19/2144 2115/19/2248 2058/19/2145
f 2115/19/2248 1940/19/2144 2061/19/2148
f 2167/19/2196 2066/19/2087 2005/19/2197
f 2070/19/2157 1948/19/1998 2068/19/2154
f 2006/19/2090 2252/19/2253 2119/19/2089
f 2072/19/2200 1899/19/1992 2120/19/2198
f 2170/19/2255 1853/19/3514 2007/19/2156
f 2073/19/2256 2008/19/3508 2121/19/2257
f 2123/19/3516 2121/19/2346 2008/19/2160 1954/19/2006
f 2011/19/2092 1951/19/2052 2075/19/2201
f 2174/19/2205 2077/19/2163 1957/19/2010 2078/19/1783
f 2009/19/2054 1904/19/2000 2122/19/2293
f 1905/19/2002 2171/19/2202 2010/19/2003
f 1953/19/2004 2124/19/2203 1952/19/2053
f 1818/19/1903 1777/19/1859 2220/19/2261
f 1857/19/2093 1819/19/1758 2355/19/2162
f 2083/19/2101 1912/19/2099 2081/19/2206 2261/19/2166
f 1926/19/2028 2148/19/2124 2280/19/2329 2103/19/2362
f 2303/19/2305 1822/19/1908 1962/19/2011
f 2263/19/2208 1963/19/2102 1823/19/1842
f 2128/19/2476 2018/19/2264 2019/19/2307
f 1864/19/2013 1965/19/1952 2086/19/2169
f 2088/19/2309 1827/19/1915 2228/19/2212
f 2090/19/2269 2309/19/2400 2089/19/2058
f 2022/19/2109 2361/19/2220 2134/19/2221
f 2100/19/2111 1918/19/1963 2136/19/2224
f 1974/19/2019 2139/19/2175 2098/19/2354
f 2143/19/2230 2102/19/2178 1921/19/2116
f 2144/19/2231 1923/19/2119 2033/19/2118
f 2035/19/2068 2032/19/2120 2188/19/2229
f 2034/19/3510 2145/19/2324 2031/19/2115
f 2103/19/2362 2145/19/2324 2034/19/3510
f 2147/19/2235 1986/19/2074 2105/19/2180
f 2063/19/2153 2287/19/2427 2210/19/2377 2118/19/2152
f 2106/19/2181 1986/19/2074 2194/19/2234
f 2149/19/2237 2104/19/2179 1989/19/2122
f 2150/19/2236 2038/19/2185 1990/19/2233
f 2106/19/2181 2151/19/2238 2037/19/2125
f 2153/19/2189 2108/19/2183 2042/19/2182
f 2156/19/2241 2053/19/2136 2154/19/2190
f 2054/19/2193 2050/19/3512 2110/19/2239
f 2155/19/2240 2052/19/2135 2056/19/2138
f 2156/19/2241 2198/19/2280 1996/19/2084
f 2198/19/2280 2158/19/2244 1996/19/2084
f 2157/19/2425 2057/19/2140 2113/19/2143
f 2199/19/2243 2159/19/2283 1998/19/2081
f 2200/19/2242 2056/19/2138 2002/19/3509
f 2002/19/3509 2160/19/2247 2200/19/2242
f 2158/19/2244 2161/19/2371 2001/19/2142
f 2114/19/2282 1998/19/2081 2159/19/2283
f 2114/19/2282 2162/19/2285 2003/19/2086
f 2116/19/2194 1943/19/2044 2165/19/2287
f 2117/19/2195 2166/19/3517 2061/19/2148
f 2068/19/2154 2064/19/2048 2118/19/2152
f 2117/19/2195 2067/19/2088 2069/19/2155
f 2073/19/2256 2213/19/2258 2071/19/3513
f 2074/19/2158 2215/19/2159 2169/19/2199
f 2009/19/2054 2122/19/2293 2171/19/2202
f 2010/19/2003 2172/19/2259 2215/19/2159
f 2124/19/2203 2011/19/2092 2218/19/2260
f 2123/19/3518 1954/19/2006 1952/19/2053
f 1906/19/2007 1818/19/1903 2221/19/2262
f 1956/19/1949 1906/19/2007 2173/19/2297
f 2222/19/2392 2079/19/3515 1908/19/2008
f 1910/19/1862 2080/19/2440 2126/19/2096
f 1961/19/1910 1860/19/1909 2017/19/2100
f 2129/19/2105 2227/19/2397 1914/19/1913
f 2020/19/2104 1915/19/2014 2179/19/2266
f 2094/19/2110 2134/19/2221 2182/19/2314
f 2181/19/2216 2092/19/2106 2095/19/2170
f 2183/19/2171 1917/19/2016 2094/19/2110
f 2095/19/2170 1970/19/1959 2232/19/2349
f 2184/19/2267 1971/19/2172 1967/19/2017
f 1869/19/1961 2186/19/2223 2024/19/2351
f 2097/19/2173 1971/19/2172 2184/19/2267
f 2137/19/2064 2096/19/2222 1871/19/1964
f 2237/19/2225 1975/19/2063 2099/19/2357
f 2139/19/2175 2236/19/2322 2098/19/2354
f 2237/19/2225 2101/19/2228 1976/19/2066
f 2191/19/2274 2150/19/2236 2146/19/2232
f 2193/19/2278 2280/19/2329 2148/19/2124
f 2150/19/2236 2192/19/2277 2109/19/2186
f 2193/19/2278 2107/19/2279 2040/19/2128
f 2151/19/2238 2106/19/2181 2194/19/2234
f 2153/19/2189 2195/19/2331 2108/19/2183
f 2152/19/2187 2196/19/2367 2193/19/2278
f 2197/19/2333 2054/19/2193 2151/19/2238
f 2195/19/2331 2153/19/2189 2155/19/2240
f 2112/19/2192 2196/19/2367 2152/19/2187
f 2248/19/2281 2156/19/2241 2154/19/2190
f 2197/19/2333 2199/19/2243 2054/19/2193
f 2202/19/2426 2057/19/2140 2157/19/2425
f 2158/19/2244 2198/19/2280 2201/19/2372
f 2158/19/2244 2201/19/2372 2161/19/2371
f 2204/19/2286 2336/19/2336 2160/19/2247
f 2205/19/2288 1943/19/2044 2161/19/2371
f 2003/19/2086 2162/19/2285 2059/19/2337
f 2206/19/2250 2163/19/2246 2060/19/2146
f 2250/19/2289 2116/19/2194 2165/19/2287
f 2166/19/3517 2115/19/2248 2061/19/2148
f 2285/19/2374 2063/19/2153 2059/19/2337
f 2117/19/2195 2209/19/2252 2166/19/3517
f 2066/19/2087 2167/19/2196 2211/19/2291 2120/19/3519
f 2210/19/2377 2068/19/2154 2118/19/2152
f 2168/19/2151 2119/19/2089 2208/19/2290
f 2240/19/2495 2243/19/2359 2033/19/2118 2030/19/2114
f 2072/19/2200 2120/19/2198 2211/19/2291
f 2071/19/3513 2213/19/2258 2069/19/2155
f 2075/19/2201 2072/19/2200 2214/19/2292
f 2214/19/2292 2218/19/2260 2075/19/2201
f 2122/19/2293 2216/19/2294 2217/19/2295
f 2123/19/3518 1952/19/2053 2219/19/2296
f 2123/19/3516 2219/19/2344 2121/19/2346
f 2220/19/2204 1955/19/2056 2076/19/2161
f 2013/19/2095 1956/19/1949 2173/19/2297
f 2260/19/2523 1911/19/2097 2079/19/3515
f 2126/19/2096 2080/19/2440 2300/19/2438
f 2014/19/3507 1960/19/2299 2301/19/2301
f 2303/19/2305 2127/19/2207 1822/19/1908
f 2264/19/2265 1964/19/2103 1963/19/2102
f 2265/19/2347 1913/19/2057 1964/19/2103
f 2178/19/2210 2224/19/2306 2085/19/2211
f 2226/19/2394 1965/19/1952 2225/19/2168
f 2180/19/2398 2227/19/2397 2129/19/2105
f 2180/19/2398 2129/19/2105 2087/19/2213
f 2309/19/2400 2229/19/2317 2268/19/3520
f 2090/19/2269 2229/19/2317 2309/19/2400
f 2093/19/2107 2271/19/2311 2230/19/2312
f 2094/19/2110 2311/19/2315 2183/19/2171
f 2135/19/2061 2023/19/2318 2314/19/2319
f 2234/19/2174 2135/19/2061 2316/19/2320
f 2099/19/2357 2097/19/2173 2184/19/2267
f 2324/19/2271 2137/19/2064 2027/19/2112
f 2239/19/2418 2325/19/2323 2140/19/2177
f 2140/19/2177 2241/19/2273 2239/19/2418
f 2240/19/2495 2030/19/2114 2141/19/2226
f 2242/19/2361 2188/19/2229 2187/19/2270
f 2251/19/2339 2069/19/2155 2213/19/2258 2254/19/2383
f 2243/19/2359 2144/19/2231 2033/19/2118
f 2277/19/2360 2244/19/2327 2144/19/2231
f 2189/19/2275 2146/19/2232 2244/19/2327
f 2190/19/2276 2245/19/2326 2104/19/2179
f 2281/19/2364 2194/19/2234 2147/19/2235
f 2248/19/2281 2154/19/2190 2109/19/2186
f 2194/19/2234 2249/19/2332 2151/19/2238
f 2112/19/2192 2057/19/2140 2196/19/2367
f 2113/19/2143 2433/19/2245 2157/19/2425
f 2338/19/2509 2336/19/2336 2204/19/2286
f 2164/19/2249 2433/19/2245 2058/19/2145
f 2285/19/2374 2287/19/2427 2063/19/2153
f 2207/19/2251 2290/19/2464 2167/19/2196
f 2209/19/2252 2069/19/2155 2294/19/2340
f 2255/19/2342 2170/19/2255 2212/19/2254 2253/19/2341
f 2256/19/2386 2169/19/2199 2215/19/2159 2172/19/2259
f 2227/19/2397 2305/19/2528 1966/19/2012 1914/19/1913
f 2218/19/2260 2214/19/2292 2257/19/2388
f 2216/19/2294 2255/19/2342 2217/19/2295
f 2217/19/2295 2256/19/2386 2172/19/2259
f 2219/19/2344 2218/19/2260 2257/19/2388
f 2221/19/2262 2220/19/2261 2259/19/3521
f 2223/19/2302 2301/19/2301 2016/19/2300
f 2017/19/2100 2261/19/2166 2262/19/2472
f 2018/19/2264 2128/19/2476 2177/19/2263
f 2266/19/2308 1965/19/1952 2226/19/2394
f 2267/19/2348 2086/19/2169 2266/19/2308
f 2184/19/2267 2131/19/2215 2269/19/2408 2272/19/2407
f 2089/19/2058 2309/19/2400 2087/19/2213
f 2132/19/2218 2181/19/2216 2360/19/2401
f 2130/19/2214 2308/19/2310 2269/19/2408
f 2181/19/2216 2095/19/2170 2270/19/2350
f 2269/19/2408 2131/19/2215 2130/19/2214
f 2133/19/2219 2021/19/2108 2231/19/2313
f 2273/19/2409 2185/19/2268 2026/19/2062 2274/19/2355
f 2185/19/2268 2273/19/2409 2233/19/2316
f 2186/19/2223 2364/19/2535 2024/19/2351
f 2249/19/2332 2383/19/2370 2199/19/2243 2197/19/2333
f 2099/19/2357 2184/19/2267 2275/19/2356
f 2276/19/2358 2142/19/2227 2102/19/2178
f 2145/19/2324 2328/19/2417 2241/19/2273
f 2103/19/2362 2280/19/2329 2279/19/2363
f 2147/19/2235 2105/19/2180 2278/19/2325
f 2149/19/2237 2283/19/2366 2190/19/2276
f 2252/19/2253 2169/19/2199 2256/19/2386 2295/19/2385
f 2057/19/2140 2202/19/2426 2196/19/2367
f 2337/19/2373 2205/19/2288 2161/19/2371
f 2164/19/2249 2339/19/2510 2433/19/2245
f 2204/19/2286 2163/19/2246 2206/19/2250
f 2286/19/2565 2115/19/2248 2166/19/3517
f 2209/19/2252 2288/19/2465 2166/19/3517
f 2209/19/2252 2291/19/2430 2288/19/2465
f 2342/19/2378 2210/19/2377 2287/19/2427
f 2209/19/2252 2294/19/2340 2291/19/2430
f 2293/19/2432 2167/19/2196 2290/19/2464
f 2208/19/2290 2252/19/2253 2349/19/2379
f 2293/19/2432 2211/19/2291 2167/19/2196
f 2253/19/2341 2298/19/2381 2255/19/2342
f 2257/19/2388 2214/19/2292 2211/19/2291 2296/19/2389
f 2236/19/2322 2323/19/2493 2320/19/2490 2274/19/2355
f 2254/19/2383 2213/19/2343 2299/19/2390
f 2255/19/2342 2298/19/2381 2256/19/2386
f 2258/19/2345 2257/19/2388 2299/19/2390
f 2258/19/2345 2299/19/2390 2213/19/2343
f 2217/19/2295 2255/19/2342 2256/19/2386
f 2079/19/3515 2394/19/2605 2260/19/2523
f 1911/19/2097 2260/19/2523 2175/19/2165
f 2015/19/2098 2175/19/2165 2302/19/2298
f 2080/19/2440 2014/19/3507 2301/19/2301
f 2176/19/2209 1961/19/1910 2358/19/2304
f 2019/19/2307 2529/19/2393 2128/19/2476
f 2305/19/2528 2304/19/2395 1966/19/2012
f 2232/19/2349 2313/19/2352 2270/19/2350
f 2274/19/2355 2317/19/2539 2273/19/2409
f 2272/19/2407 2318/19/2487 2184/19/2267
f 2275/19/2356 2184/19/2267 2318/19/2487
f 2274/19/2355 2320/19/2490 2317/19/2539
f 2342/19/2378 2343/19/2468 2346/19/2431 2292/19/2376
f 2237/19/2225 2275/19/2356 2322/19/2413
f 2321/19/2412 2238/19/2272 2138/19/2176
f 2236/19/2322 2325/19/2323 2323/19/2493
f 2369/19/2414 2240/19/2495 2141/19/2226
f 2326/19/2415 2242/19/2361 2187/19/2270
f 2143/19/2230 2329/19/3522 2276/19/2358
f 2279/19/2363 2328/19/2417 2145/19/2324
f 2329/19/3522 2143/19/2230 2245/19/2326
f 2280/19/2329 2379/19/2420 2279/19/2363
f 2249/19/2332 2281/19/2364 2331/19/2458
f 2202/19/2426 2246/19/2328 2196/19/2367
f 2429/19/2334 2475/19/2553 2155/19/2240
f 2201/19/2372 2198/19/2280 2334/19/2423
f 2159/19/2283 2383/19/2370 2203/19/2284
f 2284/19/2335 2336/19/2336 2335/19/2460
f 2338/19/2509 2385/19/2505 2336/19/2336
f 2164/19/2249 2341/19/3523 2339/19/2510
f 2341/19/3523 2164/19/2249 2115/19/2248
f 2115/19/2248 2286/19/2565 2341/19/3523
f 2166/19/3524 2288/19/2465 2286/19/2565
f 2293/19/2432 2290/19/2464 2344/19/2516 2347/19/2433
f 2394/19/2605 2079/19/3515 2222/19/2392 2445/19/2391
f 2291/19/2430 2348/19/2429 2345/19/2466
f 2350/19/2384 2348/19/2429 2251/19/2339
f 2296/19/2389 2211/19/2291 2293/19/2432
f 2350/19/2384 2254/19/2383 2299/19/2390
f 2259/19/2517 2220/19/2204 2353/19/2435
f 2173/19/2297 2221/19/2262 2354/19/2520
f 2076/19/2161 2355/19/2162 2391/19/2470
f 1908/19/2008 2013/19/2095 2445/19/2391
f 2525/19/2439 2446/19/2437 2174/19/2205 2126/19/2096
f 2371/19/3525 2370/19/2586 2142/19/2227 2276/19/2358
f 2300/19/2438 2080/19/2440 2395/19/2522
f 2356/19/2442 2261/19/2166 2081/19/2206
f 2357/19/2473 2223/19/2302 2084/19/2167
f 2489/19/2662 2529/19/2393 2224/19/2306
f 2398/19/2571 2224/19/2306 2178/19/2210
f 2304/19/2395 2398/19/2571 2178/19/2210
f 2306/19/2396 2359/19/2611 2227/19/2397
f 2308/19/2310 2228/19/2212 2401/19/2529
f 2269/19/2408 2308/19/2310 2449/19/2530
f 2314/19/2319 2311/19/2315 2403/19/2478
f 2312/19/2403 2315/19/2405 2495/19/2671
f 2024/19/2351 2364/19/2535 2406/19/2404
f 2273/19/2409 2317/19/2539 2315/19/2405
f 2186/19/2223 2365/19/2411 2364/19/2535
f 2235/19/2321 2414/19/2446 2365/19/2411
f 2323/19/2493 2367/19/2488 2320/19/2490
f 2370/19/2586 2368/19/2447 2142/19/2227
f 2372/19/2494 2374/19/2450 2277/19/2360 2243/19/2359
f 2372/19/2494 2243/19/2359 2240/19/2495
f 2276/19/2358 2329/19/3522 2371/19/3525
f 2435/19/2562 2387/19/2428 2285/19/2374 2340/19/2338
f 2278/19/2325 2242/19/2361 2375/19/2449
f 2244/19/2327 2277/19/2360 2374/19/2450
f 2376/19/2499 2329/19/3522 2245/19/2326
f 2375/19/2449 2377/19/2419 2278/19/2325
f 2189/19/2275 2244/19/2327 2378/19/2501
f 2470/19/2452 2421/19/2498 2245/19/2326
f 2191/19/2274 2189/19/2275 2378/19/2501
f 2426/19/2456 2379/19/2420 2282/19/2365
f 2330/19/2422 2192/19/2277 2423/19/2421
f 2380/19/2453 2331/19/2458 2281/19/2364
f 2333/19/2369 2248/19/2281 2330/19/2422
f 2246/19/2328 2381/19/2457 2426/19/2456
f 2155/19/2240 2475/19/2553 2332/19/2368
f 2430/19/2459 2381/19/2457 2202/19/2426
f 2386/19/2504 2203/19/2284 2383/19/2370
f 2336/19/2336 2385/19/2505 2335/19/2460
f 2340/19/2338 2203/19/2284 2386/19/2504
f 2388/19/2463 2390/19/2515 2344/19/2516 2290/19/2464
f 2204/19/2286 2206/19/2250 2436/19/2513
f 2434/19/2512 2250/19/2289 2205/19/2288
f 2388/19/2463 2207/19/2251 2250/19/2289
f 2399/19/2723 2401/19/2529 2228/19/2212 2179/19/2266
f 2347/19/2433 2344/19/2516 2345/19/2466
f 2351/19/2382 2346/19/2431 2349/19/2379
f 2350/19/2384 2352/19/2434 2348/19/2429
f 2352/19/2434 2296/19/2389 2347/19/2433
f 2298/19/2381 2351/19/2382 2297/19/2387
f 2392/19/2519 2013/19/2095 2173/19/2297
f 2355/19/2162 2443/19/2436 2442/19/2521
f 2395/19/2522 2080/19/2440 2447/19/2441
f 2175/19/2165 2484/19/2524 2302/19/2298
f 2262/19/2472 2261/19/2166 2356/19/2442
f 2265/19/2347 2264/19/2265 2448/19/2526
f 2398/19/2571 2489/19/2662 2224/19/2306
f 2267/19/2348 2399/19/2723 2179/19/2266
f 2180/19/2398 2400/19/2573 2306/19/2396
f 2087/19/2213 2307/19/2399 2400/19/2573 2180/19/2398
f 2369/19/2414 2462/19/2543 2418/19/2496 2240/19/2495
f 2360/19/2401 2270/19/2350 2402/19/2613
f 2132/19/2218 2360/19/2401 2586/19/2726
f 2587/19/2531 2361/19/2220 2133/19/2219
f 2361/19/2220 2587/19/2531 2310/19/2402
f 2449/19/2530 2534/19/2480 2269/19/2408
f 2270/19/2350 2313/19/2352 2402/19/2613
f 2271/19/2311 2132/19/2218 2589/19/2725
f 2403/19/2478 2407/19/2578 2314/19/2319
f 2319/19/2353 2366/19/2410 2410/19/2485
f 2409/19/2540 2317/19/2539 2320/19/2490
f 2365/19/2411 2414/19/2446 2459/19/2541
f 2320/19/2490 2413/19/2489 2409/19/2540
f 2322/19/2413 2275/19/2356 2411/19/2486
f 2369/19/2414 2321/19/2412 2412/19/2484
f 2415/19/2491 2416/19/2628 2322/19/2413
f 2318/19/2487 2272/19/2407 2541/19/2582 2458/19/2620
f 2329/19/3522 2464/19/3526 2371/19/3525
f 2372/19/2494 2419/19/2547 2374/19/2450
f 2329/19/3522 2376/19/2499 2464/19/3526
f 2419/19/2547 2420/19/2451 2374/19/2450
f 2328/19/2417 2467/19/2497 2373/19/2448
f 2470/19/2452 2190/19/2276 2424/19/2454
f 2423/19/2421 2425/19/2595 2330/19/2422
f 2333/19/2369 2330/19/2422 2425/19/2595
f 2331/19/2458 2380/19/2453 2471/19/2502
f 2382/19/2424 2333/19/2369 2476/19/2594
f 2428/19/2503 2383/19/2370 2331/19/2458
f 2205/19/2288 2337/19/2373 2434/19/2512
f 2341/19/3523 2437/19/2561 2339/19/2510
f 2206/19/2250 2438/19/2375 2436/19/2513
f 2437/19/2561 2341/19/3523 2286/19/2565
f 2389/19/2469 2343/19/2468 2439/19/2652
f 2389/19/2462 2482/19/2600 2438/19/2375
f 2221/19/2262 2259/19/3521 2441/19/2567
f 2393/19/2568 2445/19/2391 2013/19/2095
f 2127/19/2207 2396/19/2444 2357/19/2473
f 2267/19/2348 2266/19/2308 2582/19/2609
f 2532/19/2721 2227/19/2397 2359/19/2611
f 2229/19/2317 2493/19/2479 2268/19/3520
f 2451/19/2533 2403/19/2478 2310/19/2402
f 2453/19/2536 2313/19/2352 2406/19/2404
f 2407/19/2578 2403/19/2478 2452/19/2534
f 2495/19/2671 2315/19/2405 2454/19/2677
f 2408/19/2483 2314/19/2319 2407/19/2578
f 2541/19/2582 2272/19/2407 2363/19/2445
f 2456/19/2542 2366/19/2410 2408/19/2483
f 2586/19/2726 2360/19/2401 2402/19/2613 2585/19/2615
f 2411/19/2486 2318/19/2487 2458/19/2620
f 2410/19/2485 2500/19/2585 2412/19/2484
f 2459/19/2541 2414/19/2446 2499/19/2583
f 2414/19/2446 2460/19/3527 2499/19/2583
f 2460/19/3527 2414/19/2446 2368/19/2447
f 2368/19/2447 2461/19/2588 2460/19/3527
f 2367/19/2488 2323/19/2493 2505/19/2544
f 2368/19/2447 2370/19/2586 2461/19/2588
f 2463/19/2545 2322/19/2413 2416/19/2628
f 2326/19/2415 2463/19/2545 2509/19/3528
f 2417/19/2492 2373/19/2448 2511/19/2592
f 2509/19/3528 2327/19/2416 2326/19/2415
f 2371/19/3525 2464/19/3526 2370/19/2586
f 2418/19/2496 2419/19/2547 2372/19/2494
f 2509/19/3528 2466/19/2546 2327/19/2416
f 2465/19/2549 2464/19/3526 2376/19/2499
f 2373/19/2448 2467/19/2497 2511/19/2592
f 2466/19/2546 2469/19/2551 2375/19/2449
f 2422/19/2500 2379/19/2420 2515/19/2642
f 2379/19/2420 2474/19/2552 2515/19/2642
f 2471/19/2502 2380/19/2453 2377/19/2419
f 2425/19/2595 2423/19/2421 2473/19/2596
f 2472/19/2593 2424/19/2454 2427/19/2455
f 2333/19/2369 2425/19/2595 2476/19/2594
f 2426/19/2456 2381/19/2457 2474/19/2552
f 2381/19/2457 2430/19/2459 2477/19/2554
f 2432/19/2508 2384/19/2461 2519/19/2557
f 2338/19/2509 2436/19/2513 2480/19/2558
f 2435/19/2562 2340/19/2338 2630/19/2559
f 2483/19/2566 2286/19/2565 2288/19/2465
f 2633/19/2651 2389/19/2469 2439/19/2652
f 2482/19/2600 2389/19/2462 2633/19/2651
f 2442/19/2521 2443/19/2436 2524/19/2603
f 2578/19/2656 2260/19/2523 2394/19/2605
f 2260/19/2523 2578/19/2656 2484/19/2524
f 2527/19/2606 2356/19/2442 2302/19/2298
f 2301/19/2301 2223/19/2302 2526/19/2659
f 2684/19/2785 2223/19/2302 2357/19/2473
f 2487/19/2474 2396/19/2444 2303/19/2305
f 2486/19/2525 2397/19/2477 2263/19/2208
f 2177/19/2263 2721/19/2569 2487/19/2474
f 2490/19/2527 2304/19/2395 2305/19/2528
f 2227/19/2397 2532/19/2721 2490/19/2527
f 2399/19/2723 2267/19/2348 2531/19/2610
f 2401/19/2529 2399/19/2723 2692/19/2722
f 2492/19/2575 2307/19/2399 2309/19/2400
f 2492/19/2575 2309/19/2400 2268/19/3520
f 2268/19/3520 2493/19/2479 2492/19/2575
f 2557/19/2693 2370/19/2586 2464/19/3526 2465/19/2549
f 2589/19/2725 2132/19/2218 2586/19/2726
f 2494/19/2668 2313/19/2352 2453/19/2536
f 2407/19/2578 2452/19/2534 2535/19/2617
f 2496/19/2616 2363/19/2445 2405/19/2481
f 2454/19/2677 2315/19/2405 2538/19/2580
f 2500/19/2585 2410/19/2485 2456/19/2542
f 2501/19/2621 2504/19/2629 2411/19/2486
f 2413/19/2489 2505/19/2544 2503/19/2622
f 2415/19/2491 2411/19/2486 2504/19/2629
f 2504/19/2629 2416/19/2628 2415/19/2491
f 2557/19/2693 2555/19/2587 2370/19/2586
f 2508/19/2591 2510/19/2548 2419/19/2547 2418/19/2496
f 2460/19/3527 2461/19/2588 2548/19/2634 2546/19/2685
f 2616/19/2701 2514/19/2646 2469/19/2551
f 2378/19/2501 2473/19/2596 2423/19/2421
f 2469/19/2551 2516/19/2599 2471/19/2502
f 2427/19/2455 2475/19/2553 2472/19/2593
f 2428/19/2503 2471/19/2502 2516/19/2599
f 2517/19/2555 2382/19/2424 2476/19/2594
f 2520/19/2556 2566/19/2597 2429/19/2334
f 2518/19/2598 2386/19/2504 2428/19/2503
f 2477/19/2554 2478/19/2507 2521/19/2648
f 2571/19/2710 2436/19/2513 2481/19/2563
f 2523/19/2602 2393/19/2568 2392/19/2519
f 2579/19/3529 2484/19/2524 2578/19/2656
f 2636/19/2607 2302/19/2298 2484/19/2524
f 2447/19/2441 2301/19/2301 2526/19/2659
f 2526/19/2659 2223/19/2302 2684/19/2785
f 2528/19/2786 2684/19/2785 2357/19/2473
f 2751/19/2717 2264/19/2265 2397/19/2477
f 2751/19/2717 2448/19/2526 2264/19/2265
f 2690/19/2608 2226/19/2394 2448/19/2526
f 2231/19/2313 2702/19/2675 2404/19/2482
f 2493/19/2479 2312/19/2403 2495/19/2671
f 2453/19/2536 2536/19/2618 2494/19/2668
f 2230/19/2312 2271/19/2311 2651/19/2735
f 2231/19/2313 2230/19/2312 2595/19/2676
f 2496/19/2616 2598/19/2581 2363/19/2445
f 2539/19/2682 2456/19/2542 2498/19/2577
f 2455/19/2537 2499/19/2583 2540/19/2619
f 2539/19/2682 2500/19/2585 2456/19/2542
f 2499/19/2583 2542/19/2684 2540/19/2619
f 2539/19/2682 2543/19/2624 2500/19/2585
f 2413/19/2489 2503/19/2622 2409/19/2540
f 2499/19/2583 2460/19/3527 2542/19/2684
f 2544/19/2625 2502/19/2584 2500/19/2585
f 2603/19/3530 2504/19/2629 2501/19/2621
f 2542/19/2684 2460/19/3527 2546/19/2685
f 2507/19/2590 2610/19/2692 2552/19/2632 2505/19/2544
f 2605/19/2742 2607/19/2631 2504/19/2629
f 2604/19/2627 2550/19/2637 2462/19/2543
f 2551/19/2743 2550/19/2637 2604/19/2627
f 2505/19/2544 2552/19/2632 2545/19/2626
f 2461/19/2588 2553/19/2635 2548/19/2634
f 2549/19/2630 2556/19/2688 2416/19/2628
f 2416/19/2628 2556/19/2688 2463/19/2545
f 2509/19/3528 2463/19/2545 2556/19/2688 2558/19/2745
f 2466/19/2546 2512/19/2747 2616/19/2701 2469/19/2551
f 2558/19/2745 2466/19/2546 2509/19/3528
f 2465/19/2549 2559/19/2640 2557/19/2693
f 2511/19/2592 2467/19/2497 2660/19/2639
f 2512/19/2747 2466/19/2546 2558/19/2745
f 2513/19/2638 2467/19/2497 2619/19/2644
f 2468/19/2550 2560/19/2641 2562/19/3531 2378/19/2501
f 2421/19/2498 2561/19/2697 2559/19/2640
f 2467/19/2497 2422/19/2500 2619/19/2644
f 2563/19/2645 2561/19/2697 2421/19/2498 2470/19/2452
f 2551/19/2743 2552/19/2632 2610/19/2692 2609/19/2744
f 2422/19/2500 2515/19/2642 2619/19/2644
f 2562/19/3531 2473/19/2596 2378/19/2501
f 2566/19/2597 2472/19/2593 2475/19/2553
f 2473/19/2596 2517/19/2555 2476/19/2594
f 2567/19/2704 2474/19/2552 2477/19/2554
f 2674/19/2709 2567/19/2704 2477/19/2554
f 2569/19/2649 2432/19/2508 2519/19/2557
f 2629/19/2766 2479/19/2511 2518/19/2598
f 2431/19/2506 2480/19/2558 2568/19/2647
f 2569/19/2649 2434/19/2512 2432/19/2508
f 2436/19/2513 2571/19/2710 2480/19/2558
f 2437/19/2561 2483/19/2566 2570/19/2560
f 2481/19/2563 2633/19/2651 2571/19/2710
f 2439/19/2514 2435/19/2562 2573/19/2650
f 2522/19/2601 2440/19/2467 2390/19/2515
f 2440/19/2467 2522/19/2601 2574/19/2773
f 2440/19/2467 2574/19/2773 2483/19/2566
f 2634/19/2779 2523/19/2602 2354/19/2520
f 2445/19/2391 2393/19/2568 2577/19/2604
f 2525/19/2439 2395/19/2522 2747/19/2842
f 2580/19/2865 2484/19/2524 2579/19/3529
f 2581/19/2657 2395/19/2522 2447/19/2441
f 2262/19/2472 2356/19/2442 2685/19/2715
f 2485/19/2443 2262/19/2472 2720/19/2714
f 2396/19/2444 2487/19/2474 2687/19/2855
f 2397/19/2477 2486/19/2525 2688/19/3532
f 2128/19/2476 2734/19/2660 2488/19/2475
f 2591/19/2673 2534/19/2480 2584/19/2667
f 2591/19/2673 2496/19/2616 2534/19/2480
f 2592/19/2731 2494/19/2668 2594/19/2674
f 2536/19/2618 2652/19/2680 2594/19/2674
f 2496/19/2616 2537/19/2672 2598/19/2581
f 2597/19/2679 2601/19/2740 2539/19/2682
f 2497/19/2576 2540/19/2619 2599/19/2681
f 2540/19/2619 2542/19/2684 2599/19/2681
f 2602/19/2623 2457/19/2538 2409/19/2540
f 2657/19/3533 2603/19/3530 2541/19/2582
f 2603/19/3530 2501/19/2621 2541/19/2582
f 2604/19/2627 2658/19/2741 2606/19/2687
f 2545/19/2626 2602/19/2623 2503/19/2622
f 2604/19/2627 2502/19/2584 2544/19/2625
f 2605/19/2742 2504/19/2629 2603/19/3530
f 2607/19/2631 2605/19/2742 2546/19/2685
f 2547/19/2633 2551/19/2743 2604/19/2627
f 2554/19/2636 2607/19/2631 2548/19/2634
f 2552/19/2632 2551/19/2743 2547/19/2633
f 2549/19/2630 2607/19/2631 2554/19/2636
f 2613/19/2695 2553/19/2635 2555/19/2587 2557/19/2693
f 2506/19/2589 2612/19/2691 2614/19/2696 2508/19/2591
f 2562/19/3531 2622/19/2756 2623/19/2706 2473/19/2596
f 2511/19/2592 2660/19/2639 2610/19/2692
f 2618/19/2749 2562/19/3531 2560/19/2641
f 2561/19/2697 2563/19/2645 2617/19/2699
f 2562/19/3531 2618/19/2749 2622/19/2756
f 2575/19/2777 2634/19/2779 2354/19/2520 2441/19/2567
f 2514/19/2646 2565/19/2758 2516/19/2599
f 2624/19/2703 2669/19/2702 2472/19/2593
f 2474/19/2552 2625/19/2705 2564/19/2643
f 2565/19/2758 2626/19/2707 2516/19/2599
f 2627/19/2708 2624/19/2703 2566/19/2597
f 2628/19/2762 2519/19/2557 2517/19/2555
f 2630/19/2559 2479/19/2511 2629/19/2766
f 2569/19/2649 2676/19/2769 2572/19/2564
f 2699/19/2733 2697/19/2795 2644/19/2728 2648/19/2678
f 2391/19/2470 2576/19/2775 2575/19/2654
f 2577/19/2604 2393/19/2568 2716/19/2783
f 2523/19/2602 2716/19/2783 2393/19/2568
f 2635/19/2712 2443/19/2436 2444/19/2471
f 2578/19/2656 2782/19/2917 2579/19/3529
f 2580/19/2865 2636/19/2607 2484/19/2524
f 2685/19/2715 2356/19/2442 2527/19/2606
f 2637/19/2663 2752/19/2661 2489/19/2662
f 2582/19/2609 2266/19/2308 2766/19/2719
f 2583/19/2612 2401/19/2529 2694/19/2822
f 2640/19/2724 2493/19/2479 2641/19/2666
f 2590/19/2669 2451/19/2533 2588/19/2664
f 2533/19/2614 2494/19/2668 2592/19/2731
f 2698/19/3534 2645/19/3535 2591/19/2673
f 2649/19/3536 2645/19/3535 2698/19/3534 2646/19/2730
f 2572/19/2564 2676/19/2769 2712/19/2817 2678/19/3537
f 2589/19/2725 2701/19/2734 2271/19/2311
f 2645/19/3535 2537/19/2672 2591/19/2673
f 2649/19/3536 2646/19/2730 2594/19/2674
f 2647/19/2732 2535/19/2617 2593/19/2670
f 2652/19/2680 2649/19/3536 2594/19/2674
f 2653/19/2737 2597/19/2679 2647/19/2732
f 2650/19/2683 2653/19/2737 2647/19/2732
f 2537/19/2672 2645/19/3535 2649/19/3536
f 2652/19/2680 2656/19/2739 2649/19/3536
f 2600/19/2579 2655/19/2738 2650/19/2683
f 2654/19/2736 2601/19/2740 2597/19/2679
f 2649/19/3536 2657/19/3533 2537/19/2672
f 2652/19/2680 2599/19/2681 2656/19/2739
f 2537/19/2672 2657/19/3533 2598/19/2581
f 2543/19/2624 2539/19/2682 2601/19/2740
f 2600/19/2579 2602/19/2623 2655/19/2738
f 2657/19/3533 2541/19/2582 2598/19/2581
f 2658/19/2741 2544/19/2625 2601/19/2740
f 2656/19/2739 2603/19/3530 2657/19/3533
f 2602/19/2623 2658/19/2741 2654/19/2736
f 2658/19/2741 2604/19/2627 2544/19/2625
f 2605/19/2742 2603/19/3530 2659/19/2686
f 2545/19/2626 2606/19/2687 2658/19/2741
f 2609/19/2744 2612/19/2691 2551/19/2743
f 2558/19/2745 2556/19/2688 2608/19/2689
f 2660/19/2639 2662/19/2748 2609/19/2744
f 2615/19/2694 2663/19/2750 2611/19/2690
f 2612/19/2691 2662/19/2748 2614/19/2696
f 2618/19/2749 2560/19/2641 2614/19/2696
f 2617/19/2699 2661/19/2746 2663/19/2750
f 2617/19/2699 2663/19/2750 2561/19/2697
f 2513/19/2638 2664/19/2753 2662/19/2748
f 2513/19/2638 2619/19/2644 2664/19/2753
f 2665/19/2752 2621/19/2700 2616/19/2701
f 2666/19/2754 2664/19/2753 2564/19/2643
f 2666/19/2754 2622/19/2756 2618/19/2749
f 2665/19/2752 2668/19/2757 2621/19/2700
f 2668/19/2757 2665/19/2752 2620/19/2698
f 2621/19/2700 2565/19/2758 2514/19/2646
f 2667/19/2755 2666/19/2754 2625/19/2705
f 2564/19/2643 2625/19/2705 2666/19/2754
f 2675/19/2768 2519/19/2557 2628/19/2762
f 2627/19/2708 2520/19/2556 2710/19/2764
f 2673/19/2763 2629/19/2766 2518/19/2598
f 2675/19/2768 2569/19/2649 2519/19/2557
f 2480/19/2558 2713/19/2801 2568/19/2647
f 2480/19/2558 2631/19/2711 2713/19/2801
f 2696/19/2793 2644/19/2728 2697/19/2795 2738/19/2837
f 2483/19/2566 2714/19/2774 2570/19/2560
f 2678/19/3537 2522/19/2601 2572/19/2564
f 2633/19/2651 2573/19/2653 2679/19/2772
f 2522/19/2601 2678/19/3537 2574/19/2773
f 2681/19/2780 2523/19/2602 2634/19/2779
f 2747/19/2842 2395/19/2522 2748/19/2658
f 2761/19/2922 2527/19/2606 2636/19/2607
f 2687/19/2855 2762/19/2716 2396/19/2444
f 2688/19/3532 2689/19/2718 2397/19/2477
f 2304/19/2395 2639/19/2720 2638/19/2570
f 2532/19/2721 2776/19/2790 2639/19/2720
f 2693/19/2834 2400/19/2573 2491/19/2574
f 2401/19/2529 2692/19/2722 2694/19/2822
f 2584/19/2667 2583/19/2612 2695/19/2824
f 2725/19/2808 2591/19/2673 2724/19/2792
f 2596/19/2665 2696/19/2793 2641/19/2666
f 2591/19/2673 2725/19/2808 2698/19/3534
f 2533/19/2614 2592/19/2731 2642/19/3538
f 2586/19/2726 2585/19/2615 2727/19/2810
f 2741/19/2794 2593/19/2670 2588/19/2664
f 2646/19/2730 2698/19/3534 2592/19/2731
f 2643/19/2727 2586/19/2726 2727/19/2810
f 2699/19/2733 2593/19/2670 2741/19/2794
f 2587/19/2531 2404/19/2482 2700/19/2933
f 2701/19/2734 2589/19/2725 2870/19/2729
f 2657/19/3533 2649/19/3536 2656/19/2739
f 2654/19/2736 2658/19/2741 2601/19/2740
f 2603/19/3530 2656/19/2739 2659/19/2686
f 2611/19/2690 2661/19/2746 2608/19/2689
f 2667/19/2755 2670/19/2759 2622/19/2756
f 2703/19/2798 2565/19/2758 2668/19/2757
f 2704/19/2796 2705/19/2797 2667/19/2755
f 2703/19/2798 2626/19/2707 2565/19/2758
f 2671/19/2760 2674/19/2709 2708/19/2814
f 2674/19/2709 2711/19/2767 2708/19/2814
f 2712/19/2817 2676/19/2769 2675/19/2768
f 2632/19/2771 2630/19/2559 2709/19/2765
f 2711/19/2767 2570/19/2560 2714/19/2774
f 2677/19/2770 2713/19/2801 2631/19/2711
f 2714/19/2774 2678/19/3537 2712/19/2817
f 2714/19/2774 2574/19/2773 2678/19/3537
f 2577/19/2604 2716/19/2783 2717/19/2876
f 2577/19/2604 2717/19/2876 2718/19/2878
f 2577/19/2604 2718/19/2878 2578/19/2656
f 2761/19/2922 2719/19/2803 2527/19/2606
f 2487/19/2474 2721/19/2569 2687/19/2855
f 2359/19/2611 2723/19/2807 2532/19/2721
f 2400/19/2573 2693/19/2834 2723/19/2807
f 2694/19/2822 2692/19/2722 2722/19/2806
f 2695/19/2824 2724/19/2792 2584/19/2667
f 2742/19/3539 2726/19/2811 2533/19/2614 2642/19/3538
f 2698/19/3534 2725/19/2808 2642/19/3538
f 2680/19/2776 2733/19/3540 2732/19/2840 2715/19/2802
f 2585/19/2615 2533/19/2614 2726/19/2811
f 2588/19/2664 2744/19/2828 2741/19/2794
f 2592/19/2731 2698/19/3534 2642/19/3538
f 2587/19/2531 2743/19/2848 2450/19/2532
f 2706/19/2799 2703/19/2798 2668/19/2757
f 2704/19/2796 2707/19/2800 2705/19/2797
f 2729/19/2813 2668/19/2757 2672/19/2761
f 2730/19/2815 2706/19/2799 2729/19/2813
f 2713/19/2801 2729/19/2813 2710/19/2764
f 2730/19/2815 2729/19/2813 2713/19/2801
f 2731/19/2816 2675/19/2768 2707/19/2800
f 2711/19/2767 2731/19/2816 2708/19/2814
f 2731/19/2816 2712/19/2817 2675/19/2768
f 2632/19/2771 2709/19/2765 2730/19/2815
f 2677/19/2770 2730/19/2815 2713/19/2801
f 2768/19/2859 2737/19/2809 2724/19/2792 2695/19/2824
f 2733/19/3541 2680/19/2781 2682/19/2782
f 2635/19/2712 2444/19/2471 2683/19/2713
f 2486/19/2525 2686/19/2787 2688/19/3532
f 2789/19/2791 2532/19/2721 2723/19/2807
f 2694/19/2822 2722/19/2806 2777/19/2858
f 2695/19/2824 2736/19/2823 2768/19/2859
f 2756/19/2835 2641/19/2666 2696/19/2793
f 2697/19/2795 2757/19/2827 2738/19/2837
f 2740/19/2826 2642/19/3538 2725/19/2808
f 2728/19/2812 2450/19/2532 2743/19/2848
f 2404/19/2482 2702/19/2675 2700/19/2933
f 2681/19/2780 2732/19/2818 2759/19/2839
f 2733/19/3540 2745/19/2829 2732/19/2840
f 2745/19/2829 2733/19/3541 2682/19/2782
f 2716/19/2783 2681/19/2780 2759/19/2839
f 2746/19/2830 2682/19/2782 2635/19/2712
f 2580/19/2865 2579/19/3529 2782/19/2917
f 2762/19/2716 2687/19/2855 2800/19/2854
f 2721/19/2569 2772/19/2853 2687/19/2855
f 2688/19/3532 2750/19/2831 2689/19/2718
f 2787/19/2821 2690/19/2608 2753/19/2788
f 2638/19/2570 2765/19/2832 2775/19/2820
f 2582/19/2609 2691/19/2789 2754/19/2805
f 2777/19/2858 2736/19/2823 2694/19/2822
f 2491/19/2574 2756/19/2835 2755/19/2833
f 2764/19/2857 2763/19/2845 2734/19/2660 2752/19/2661
f 2696/19/2793 2738/19/2837 2756/19/2835
f 2640/19/2724 2641/19/2666 2756/19/2835
f 2739/19/2825 2725/19/2808 2737/19/2809
f 2741/19/2794 2758/19/2838 2757/19/2827
f 2740/19/2826 2742/19/3539 2642/19/3538
f 2717/19/2876 2716/19/2783 2760/19/2851
f 2790/19/2861 2803/19/3542 2767/19/2846 2755/19/2833
f 2752/19/2661 2637/19/2663 2764/19/2857
f 2693/19/2834 2767/19/2846 2723/19/2807
f 2769/19/2847 2737/19/2809 2792/19/2860
f 2758/19/2838 2744/19/2828 2770/19/2849
f 2778/19/2862 2727/19/2810 2726/19/2811
f 2744/19/2828 2728/19/2812 2770/19/2849
f 2743/19/2848 2587/19/2531 2700/19/2933
f 2759/19/2839 2745/19/2829 2797/19/2863
f 2797/19/2863 2745/19/2829 2746/19/2830
f 2578/19/2656 2718/19/2878 2781/19/2877
f 2747/19/2842 2748/19/2658 2894/19/2843
f 2636/19/2607 2771/19/2896 2761/19/2922
f 2773/19/2883 2688/19/3532 2686/19/2787
f 2763/19/2845 2772/19/2853 2721/19/2569
f 2773/19/2883 2750/19/2831 2688/19/3532
f 2754/19/2805 2691/19/2789 2788/19/2870
f 2756/19/2835 2790/19/2861 2755/19/2833
f 2778/19/2862 2742/19/3539 2740/19/2826
f 2778/19/2862 2726/19/2811 2742/19/3539
f 2770/19/2849 2743/19/2848 2779/19/2873
f 2643/19/2727 2727/19/2810 2778/19/2862
f 2806/19/2864 2635/19/2712 2683/19/2713
f 2782/19/2917 2578/19/2656 2781/19/2877
f 2894/19/2843 2581/19/2657 2835/19/2881
f 2785/19/2844 2720/19/2714 2784/19/2852
f 2639/19/2720 2776/19/2790 2765/19/2832
f 2723/19/2807 2767/19/2846 2789/19/2791
f 2790/19/2861 2793/19/2836 2794/19/2909
f 2795/19/3543 2739/19/2825 2769/19/2847
f 2793/19/2836 2758/19/2838 2796/19/2874
f 2795/19/3543 2778/19/2862 2739/19/2825
f 2758/19/2838 2770/19/2849 2796/19/2874
f 2798/19/2940 2797/19/2863 2746/19/2830
f 2581/19/2657 2783/19/2819 2863/19/2880
f 2807/19/2897 2719/19/2803 2761/19/2922
f 2851/19/2898 2528/19/2786 2799/19/2899
f 2762/19/2716 2799/19/2899 2528/19/2786
f 2786/19/2869 2773/19/2883 2686/19/2787
f 2764/19/2857 2801/19/2901 2763/19/2845
f 2735/19/2804 2787/19/2821 2839/19/2903
f 2827/19/2905 2775/19/2820 2765/19/2832
f 2765/19/2832 2776/19/2790 2816/19/2904
f 2788/19/2870 2766/19/2719 2815/19/3544
f 2791/19/2872 2802/19/2871 2829/19/2918 2804/19/3545
f 2804/19/3545 2792/19/2860 2791/19/2872
f 2794/19/2909 2793/19/2836 2820/19/2910
f 2769/19/2847 2792/19/2860 2804/19/3545
f 2804/19/3545 2795/19/3543 2769/19/2847
f 2793/19/2836 2796/19/2874 2820/19/2910
f 2778/19/2862 2795/19/3543 2847/19/2890
f 2651/19/2735 2701/19/2734 2821/19/2915
f 2831/19/2914 2702/19/2675 2595/19/2676
f 2746/19/2830 2806/19/2864 2798/19/2940
f 2782/19/2917 2834/19/2920 2580/19/2865
f 2749/19/2784 2528/19/2786 2851/19/2898
f 2800/19/2854 2772/19/2853 2810/19/2900
f 2812/19/2902 2839/19/2903 2787/19/2821
f 2775/19/2820 2827/19/2905 2813/19/2886
f 2815/19/3544 2766/19/2719 2814/19/2887
f 2815/19/3544 2842/19/2907 2788/19/2870
f 2776/19/2790 2817/19/2906 2816/19/2904
f 2788/19/2870 2842/19/2907 2754/19/2805
f 2819/19/2888 2767/19/2846 2803/19/3542
f 2828/19/2911 2803/19/3542 2790/19/2861 2794/19/2909
f 2844/19/2945 2846/19/2932 2829/19/2918 2818/19/2908
f 2847/19/2890 2795/19/3543 2804/19/3545
f 2820/19/2910 2796/19/2874 2805/19/2889
f 2832/19/2875 2780/19/2850 2850/19/2957
f 2780/19/2850 2823/19/2895 2850/19/2957
f 2823/19/2895 2797/19/2863 2798/19/2940
f 2580/19/2865 2834/19/2920 2836/19/2866
f 2826/19/2884 2773/19/2883 2786/19/2869
f 2819/19/2888 2803/19/3542 2828/19/2911
f 2830/19/2931 2804/19/3545 2829/19/2918
f 2847/19/2890 2804/19/3545 2830/19/2931
f 2743/19/2848 2700/19/2933 2805/19/2889
f 2781/19/2877 2872/19/2919 2825/19/2916
f 2863/19/2880 2783/19/2819 2884/19/2975
f 2827/19/2905 2816/19/2904 2841/19/2927
f 2814/19/2887 2856/19/2926 2815/19/3544
f 2816/19/2904 2843/19/2928 2841/19/2927
f 2844/19/2945 2818/19/2908 2842/19/2907
f 2817/19/2906 2819/19/2888 2843/19/2928
f 2845/19/2929 2843/19/2928 2819/19/2888
f 2845/19/2929 2819/19/2888 2828/19/2911
f 2865/19/2942 2867/19/2949 2811/19/2885 2826/19/2884
f 2821/19/2915 2701/19/2734 2848/19/2913
f 2832/19/2875 2872/19/2919 2717/19/2876
f 2806/19/2864 2824/19/2841 2833/19/2879
f 2801/19/2901 2855/19/2938 2854/19/2937
f 2857/19/2953 2815/19/3544 2856/19/2926
f 2857/19/2953 2842/19/2907 2815/19/3544
f 2845/19/2929 2858/19/3546 2843/19/2928
f 2859/19/2955 2846/19/2932 2844/19/2945
f 2820/19/2910 2805/19/2889 2861/19/2968
f 2853/19/2936 2785/19/2844 2784/19/2852
f 2963/19/3027 3003/19/3103 3002/19/3077 2962/19/3036
f 2841/19/2927 2899/19/2980 2840/19/2925
f 2843/19/2928 2899/19/2980 2841/19/2927
f 2909/19/2946 2842/19/2907 2857/19/2953
f 2847/19/2890 2830/19/2931 2882/19/2967
f 2901/19/2990 2875/19/2912 2847/19/2890
f 2848/19/2913 2870/19/2729 2875/19/2912
f 2850/19/2957 2823/19/2895 2878/19/2959
f 2871/19/2961 2798/19/2940 2862/19/2941
f 2807/19/2897 2761/19/2922 2885/19/2921
f 2808/19/2867 2887/19/2977 2784/19/2852
f 2837/19/2923 2917/19/2963 2852/19/2935
f 2866/19/2943 2897/19/2964 2837/19/2923
f 2855/19/2938 2873/19/2952 2854/19/2937
f 2868/19/2944 2811/19/2885 2920/19/2950
f 2898/19/2939 2868/19/2944 2874/19/3008
f 2856/19/2926 2928/19/2954 2857/19/2953
f 2862/19/2941 2806/19/2864 2833/19/2879
f 2879/19/2962 2771/19/2896 2836/19/2866
f 2928/19/2954 2856/19/2926 2881/19/2966
f 2899/19/2980 2843/19/2928 2900/19/3010
f 2858/19/3546 2900/19/3010 2843/19/2928
f 2902/19/3013 2700/19/2933 2883/19/2947
f 2884/19/2975 2783/19/2819 2903/19/2993
f 2783/19/2819 2864/19/2882 2903/19/2993
f 2888/19/2972 2865/19/2942 2838/19/2924
f 2901/19/2990 2847/19/2890 2882/19/2967
f 2890/19/3034 2805/19/2889 2700/19/2933
f 2822/19/2894 2821/19/2915 2932/19/2984
f 2876/19/2958 2850/19/2957 2877/19/2960
f 2878/19/2959 2823/19/2895 2871/19/2961
f 2872/19/2919 2832/19/2875 2891/19/2973
f 2862/19/2941 2833/19/2879 2893/19/2969
f 2879/19/2962 2834/19/2920 2825/19/2916
f 2771/19/2896 2879/19/2962 2885/19/2921
f 2864/19/2882 2851/19/2898 2905/19/2987
f 2808/19/2867 2895/19/2976 2887/19/2977
f 2851/19/2898 2799/19/2899 2905/19/2987
f 2896/19/2978 2905/19/2987 2799/19/2899
f 2907/19/2996 2867/19/2949 2865/19/2942
f 2805/19/2889 2890/19/3034 2889/19/2983
f 2822/19/2894 2943/19/2985 2831/19/2914
f 2895/19/2976 2807/19/2897 2886/19/2970
f 2915/19/2992 2864/19/2882 2904/19/2988
f 2909/19/2946 2937/19/3033 2859/19/2955
f 2858/19/3546 2845/19/2929 2938/19/2982
f 2938/19/2982 2860/19/2930 2911/19/2999
f 2700/19/2933 2902/19/3013 2890/19/3034
f 2893/19/2969 2894/19/2843 2914/19/2991
f 2887/19/2977 2916/19/3029 2853/19/2936
f 2925/19/3030 2906/19/2971 2853/19/2936
f 2919/19/3022 2897/19/2964 2866/19/2943
f 2880/19/2965 2919/19/3022 2866/19/2943
f 2927/19/2997 2920/19/2950 2867/19/2949
f 2859/19/2955 2937/19/3033 2910/19/2981
f 2938/19/2982 2921/19/3082 2858/19/3546
f 2922/19/2998 2846/19/2932 2910/19/2981
f 2848/19/2913 2875/19/2912 2942/19/3017
f 2966/19/3011 2902/19/3013 2883/19/2947
f 2876/19/2958 2877/19/2960 2944/19/3003
f 2923/19/3004 2878/19/2959 2871/19/2961
f 2925/19/3030 2853/19/2936 2916/19/3029
f 2942/19/3017 2955/19/3042 2848/19/2913
f 2848/19/2913 2955/19/3042 2912/19/2956
f 2891/19/2973 2876/19/2958 2944/19/3003
f 2923/19/3004 2871/19/2961 2924/19/3001
f 2924/19/3001 2862/19/2941 2893/19/2969
f 2906/19/2971 2925/19/3030 2888/19/2972
f 2882/19/2967 2922/19/2998 2939/19/2989
f 2902/19/3013 2941/19/3012 2890/19/3034
f 2914/19/2991 2933/19/2948 2957/19/3037
f 2903/19/2993 2915/19/2992 2968/19/3005
f 2916/19/3029 2993/19/3072 2925/19/3030
f 2926/19/2994 2935/19/3020 2896/19/2978
f 2897/19/2964 2972/19/3023 2917/19/2963
f 2918/19/2995 2888/19/2972 2948/19/3031
f 2949/19/3002 2854/19/2937 2873/19/2952
f 2869/19/2951 3010/19/3081 2873/19/2952
f 2858/19/3546 2950/19/3009 2900/19/3010
f 2910/19/2981 2929/19/3032 2922/19/2998
f 2861/19/2968 2889/19/2983 2940/19/3016
f 2893/19/2969 2914/19/2991 2963/19/3027
f 2913/19/2986 2956/19/3041 2879/19/2962
f 2879/19/2962 2958/19/3050 2885/19/2921
f 2993/19/3072 2947/19/3547 2925/19/3030
f 2917/19/2963 2972/19/3023 2965/19/3021
f 2880/19/2965 2949/19/3002 2960/19/3039
f 2984/19/3058 2928/19/2954 2881/19/2966
f 2928/19/2954 2984/19/3058 2951/19/3025
f 2909/19/2946 2951/19/3025 2937/19/3033
f 2849/19/2934 2831/19/2914 2994/19/3014
f 2944/19/3003 2930/19/3000 2952/19/3074
f 2968/19/3005 2964/19/3038 2884/19/2975
f 2968/19/3005 2915/19/2992 2953/19/3052
f 2895/19/2976 2954/19/3028 2887/19/2977
f 2907/19/2996 2969/19/3087 2927/19/2997
f 2868/19/2944 2920/19/2950 2927/19/2997
f 2921/19/3082 2950/19/3009 2858/19/3546
f 2985/19/3040 2990/19/3061 2901/19/2990
f 2942/19/3017 2901/19/2990 2990/19/3061
f 2891/19/2973 2944/19/3003 2961/19/3047
f 2946/19/3018 2891/19/2973 2980/19/3048
f 2946/19/3018 2913/19/2986 2892/19/2974
f 2879/19/2962 2956/19/3041 2958/19/3050
f 2981/19/3049 2934/19/3007 2931/19/3006
f 2904/19/2988 2905/19/2987 2959/19/3019
f 2957/19/3037 2933/19/2948 2964/19/3038
f 2889/19/2983 2976/19/3060 2940/19/3016
f 2955/19/3042 2942/19/3017 3014/19/3063
f 2943/19/2985 2978/19/3045 2994/19/3014
f 2962/19/3036 2924/19/3001 2963/19/3027
f 2885/19/2921 2958/19/3050 2931/19/3006
f 2965/19/3021 2935/19/3020 2926/19/2994
f 2973/19/3094 2949/19/3002 2873/19/2952
f 2874/19/3008 2987/19/3015 2974/19/3067
f 2997/19/3097 2939/19/2989 2922/19/2998
f 3025/19/3070 2883/19/2947 2849/19/2934
f 2943/19/2985 2932/19/2984 3000/19/3046
f 2961/19/3047 2944/19/3003 2952/19/3074
f 2952/19/3074 2930/19/3000 2979/19/3102
f 2945/19/3026 2979/19/3102 2930/19/3000
f 2964/19/3038 2968/19/3005 2953/19/3052
f 2904/19/2988 2992/19/3051 2915/19/2992
f 2983/19/3054 2925/19/3030 2947/19/3547
f 2918/19/2995 2969/19/3087 2907/19/2996
f 2908/19/2979 2936/19/3024 2988/19/3055
f 2997/19/3097 2985/19/3040 2939/19/2989
f 2956/19/3041 2967/19/3091 2958/19/3050
f 2988/19/3055 3010/19/3081 2869/19/2951
f 2975/19/3057 2881/19/2966 2989/19/3056
f 2997/19/3097 2922/19/2998 2929/19/3032
f 2941/19/3012 2966/19/3011 2991/19/3548
f 2966/19/3011 2883/19/2947 3025/19/3070
f 2932/19/2984 2955/19/3042 3079/19/3073
f 2956/19/3041 2946/19/3018 2967/19/3091
f 2986/19/3066 2904/19/2988 2959/19/3019
f 2873/19/2952 3010/19/3081 2973/19/3094
f 3012/19/3106 2937/19/3033 2951/19/3025
f 2921/19/3082 2938/19/2982 2998/19/3069
f 2889/19/2983 2977/19/3035 2976/19/3060
f 2849/19/2934 2994/19/3014 3025/19/3070
f 2937/19/3033 3012/19/3106 2970/19/3044
f 2997/19/3097 2929/19/3032 2970/19/3044
f 2999/19/3059 2998/19/3069 2911/19/2999
f 3058/19/3062 3021/19/3064 2942/19/3017
f 2952/19/3074 2979/19/3102 2995/19/3075
f 3001/19/3076 2979/19/3102 2945/19/3026
f 3002/19/3077 2945/19/3026 2962/19/3036
f 2967/19/3091 2946/19/3018 2980/19/3048
f 3003/19/3103 2963/19/3027 2971/19/3043
f 2959/19/3019 2935/19/3020 3006/19/3079
f 2919/19/3022 2960/19/3039 2972/19/3023
f 2949/19/3002 3063/19/3095 2960/19/3039
f 2985/19/3040 2997/19/3097 3024/19/3116
f 2979/19/3102 3027/19/3101 3026/19/3100 2995/19/3075
f 2980/19/3048 3015/19/3092 2967/19/3091
f 3007/19/3084 2957/19/3037 2964/19/3038
f 2967/19/3091 3023/19/3085 2958/19/3050
f 2934/19/3007 2981/19/3049 3004/19/3149
f 3005/19/3086 2954/19/3028 2982/19/3053
f 3009/19/3145 2947/19/3547 2993/19/3072
f 2970/19/3044 3012/19/3106 3032/19/3098
f 3018/19/3083 3017/19/3090 2921/19/3082
f 2981/19/3049 3023/19/3085 3004/19/3149
f 2918/19/2995 2948/19/3031 3034/19/3111
f 3016/19/3088 3031/19/3089 2927/19/2997
f 3019/19/3117 2999/19/3059 2976/19/3060
f 2990/19/3061 2985/19/3040 3020/19/3172
f 2976/19/3060 2977/19/3035 3013/19/3118
f 2966/19/3011 3047/19/3071 2991/19/3548
f 2978/19/3045 3038/19/3107 2994/19/3014
f 3015/19/3092 2980/19/3048 3028/19/3105
f 2964/19/3038 2953/19/3052 3007/19/3084
f 2982/19/3053 2934/19/3007 3004/19/3149
f 2969/19/3087 2918/19/2995 3034/19/3111
f 3017/19/3090 3036/19/3096 2950/19/3009
f 3020/19/3172 2985/19/3040 3024/19/3116
f 2984/19/3058 3046/19/3168 3054/19/3150 3012/19/3106
f 3042/19/3093 3029/19/3140 2967/19/3091
f 3023/19/3085 2967/19/3091 3029/19/3140
f 3004/19/3149 3023/19/3085 3030/19/3120
f 2941/19/3012 2991/19/3548 3057/19/3099
f 3037/19/3549 3000/19/3046 3079/19/3073
f 3033/19/3138 3003/19/3103 3022/19/3078
f 3050/19/3104 3075/19/3550 3008/19/3065
f 3004/19/3149 3076/19/3148 2982/19/3053
f 2983/19/3054 3034/19/3111 2948/19/3031
f 3016/19/3088 2969/19/3087 3035/19/3112
f 3058/19/3062 2990/19/3061 3020/19/3172
f 3039/19/3109 3002/19/3077 3003/19/3103
f 3051/19/3127 2974/19/3067 2987/19/3015
f 3011/19/3080 3044/19/3158 3010/19/3081
f 2989/19/3056 2974/19/3067 3051/19/3127
f 3025/19/3070 2994/19/3014 3067/19/3108
f 3027/19/3101 3001/19/3076 3048/19/3121
f 3049/19/3124 3007/19/3084 3008/19/3065
f 2982/19/3053 3076/19/3148 3005/19/3086
f 2947/19/3547 3009/19/3145 2983/19/3054
f 2973/19/3094 3044/19/3158 3063/19/3095
f 3010/19/3081 3044/19/3158 2973/19/3094
f 2988/19/3055 3045/19/3129 3011/19/3080
f 3056/19/3134 3019/19/3117 3013/19/3118
f 3026/19/3100 3027/19/3101 3082/19/3122
f 3048/19/3121 3001/19/3076 3039/19/3109
f 3042/19/3093 3015/19/3092 3028/19/3105
f 3049/19/3124 3022/19/3078 3007/19/3084
f 3046/19/3168 2975/19/3057 3052/19/3128
f 2984/19/3058 2975/19/3057 3046/19/3168
f 3116/19/3183 3059/19/3125 3076/19/3148 3130/19/3281
f 3032/19/3098 3012/19/3106 3054/19/3150
f 3055/19/3114 3018/19/3083 2998/19/3069
f 3003/19/3103 3033/19/3138 3039/19/3109
f 3043/19/3123 3033/19/3138 3022/19/3078
f 3060/19/3144 2986/19/3066 2959/19/3019
f 2996/19/3068 3041/19/3141 2965/19/3021
f 3045/19/3129 2936/19/3024 3036/19/3096
f 3032/19/3098 3054/19/3150 3064/19/3132
f 2999/19/3059 3019/19/3117 3066/19/3133
f 3040/19/3110 2986/19/3066 3060/19/3144
f 3031/19/3089 3051/19/3127 2987/19/3015
f 3053/19/3130 3018/19/3083 3071/19/3131
f 3057/19/3099 2991/19/3548 3072/19/3551
f 3000/19/3046 3037/19/3549 3081/19/3184
f 3038/19/3107 3000/19/3046 3081/19/3184
f 3069/19/3137 3048/19/3121 3033/19/3138
f 3083/19/3177 3043/19/3123 3049/19/3124
f 3070/19/3217 3049/19/3124 3008/19/3065
f 3070/19/3217 3008/19/3065 3075/19/3550
f 2965/19/3021 3100/19/3154 3006/19/3079
f 3089/19/3155 2965/19/3021 3041/19/3141
f 2991/19/3548 3047/19/3071 3072/19/3551
f 3072/19/3551 3047/19/3071 3080/19/3135
f 3079/19/3073 3135/19/3174 3037/19/3549
f 3106/19/3143 3042/19/3093 3073/19/3139
f 3083/19/3177 3049/19/3124 3070/19/3217
f 3059/19/3125 3005/19/3086 3076/19/3148
f 3009/19/3145 3085/19/3205 2983/19/3054
f 3061/19/3126 2983/19/3054 3085/19/3205
f 3035/19/3112 3091/19/3156 3016/19/3088
f 3090/19/3196 3062/19/3113 3063/19/3095
f 3086/19/3152 2997/19/3097 3064/19/3132
f 3078/19/3146 2999/19/3059 3066/19/3133
f 3020/19/3172 3024/19/3116 3087/19/3153
f 3030/19/3120 3088/19/3188 3004/19/3149
f 3062/19/3113 3090/19/3196 3041/19/3141
f 3063/19/3095 3093/19/3159 3090/19/3196
f 3031/19/3089 3016/19/3088 3092/19/3157
f 3036/19/3096 3118/19/3170 3045/19/3129
f 3068/19/3136 3082/19/3122 3105/19/3176
f 3033/19/3138 3097/19/3164 3069/19/3137
f 3114/19/3165 3033/19/3138 3043/19/3123
f 3114/19/3165 3043/19/3123 3083/19/3177
f 3099/19/3166 3085/19/3205 3009/19/3145
f 3061/19/3126 3091/19/3156 3035/19/3112
f 3101/19/3167 3031/19/3089 3092/19/3157
f 3101/19/3167 3051/19/3127 3031/19/3089
f 3053/19/3130 3103/19/3169 3036/19/3096
f 3021/19/3064 3058/19/3062 3104/19/3173
f 3073/19/3139 3098/19/3181 3106/19/3143
f 3070/19/3217 3115/19/3178 3083/19/3177
f 3074/19/3119 3088/19/3188 3030/19/3120
f 3118/19/3170 3102/19/3160 3045/19/3129
f 3126/19/3171 3107/19/3151 3046/19/3168
f 3103/19/3169 3053/19/3130 3109/19/3180
f 3054/19/3150 3046/19/3168 3107/19/3151
f 3079/19/3073 3014/19/3063 3128/19/3175
f 3104/19/3173 3020/19/3172 3087/19/3153
f 3104/19/3173 3128/19/3175 3014/19/3063
f 3112/19/3218 3070/19/3217 3075/19/3550
f 3013/19/3118 3057/19/3099 3113/19/3214
f 3057/19/3099 3072/19/3551 3113/19/3214
f 3081/19/3184 3037/19/3549 3135/19/3174
f 3080/19/3135 3067/19/3108 3150/19/3186
f 3124/19/3194 3091/19/3156 3061/19/3126
f 3041/19/3141 3090/19/3196 3131/19/3222
f 3124/19/3194 3117/19/3200 3091/19/3156
f 3092/19/3157 3091/19/3156 3117/19/3200
f 3101/19/3167 3092/19/3157 3132/19/3201
f 3120/19/3225 3078/19/3146 3066/19/3133
f 3122/19/3192 3068/19/3136 3162/19/3190
f 3100/19/3154 3136/19/3220 3060/19/3144
f 3089/19/3155 3041/19/3141 3131/19/3222
f 3090/19/3196 3125/19/3195 3131/19/3222
f 3093/19/3159 3137/19/3197 3125/19/3195
f 3094/19/3161 3101/19/3167 3138/19/3206
f 3119/19/3189 3077/19/3115 3170/19/3213
f 3081/19/3184 3184/19/3266 3159/19/3275 3110/19/3185
f 3085/19/3205 3156/19/3234 3061/19/3126
f 3094/19/3161 3168/19/3202 3095/19/3162
f 3126/19/3171 3095/19/3162 3133/19/3203
f 3134/19/3210 3064/19/3132 3107/19/3151
f 3109/19/3180 3071/19/3131 3145/19/3212
f 3113/19/3214 3127/19/3199 3056/19/3134
f 3040/19/3110 3153/19/3240 3050/19/3104
f 3102/19/3160 3140/19/3208 3139/19/3207
f 3141/19/3204 3140/19/3208 3118/19/3170
f 3142/19/3209 3144/19/3211 3107/19/3151
f 3109/19/3180 3145/19/3212 3143/19/3223
f 3071/19/3131 3055/19/3114 3145/19/3212
f 3097/19/3164 3174/19/3228 3121/19/3191
f 3122/19/3192 3151/19/3239 3098/19/3181
f 3075/19/3550 3050/19/3104 3153/19/3240
f 3004/19/3149 3088/19/3188 3084/19/3147
f 3155/19/3231 3100/19/3154 3089/19/3155
f 3061/19/3126 3156/19/3234 3123/19/3193
f 3131/19/3222 3157/19/3552 3089/19/3155
f 3064/19/3132 3134/19/3210 3086/19/3152
f 3120/19/3225 3066/19/3133 3127/19/3199
f 3148/19/3226 3087/19/3153 3065/19/3142
f 3135/19/3174 3183/19/3236 3081/19/3184
f 3110/19/3185 3159/19/3275 3150/19/3186
f 3174/19/3228 3097/19/3164 3114/19/3165
f 3114/19/3165 3111/19/3179 3163/19/3227
f 3098/19/3181 3151/19/3239 3152/19/3229
f 3147/19/3216 3115/19/3178 3070/19/3217
f 3112/19/3218 3075/19/3550 3153/19/3240
f 3126/19/3171 3133/19/3203 3142/19/3209
f 3177/19/3263 3072/19/3551 3080/19/3135
f 3135/19/3174 3128/19/3175 3183/19/3236
f 3184/19/3266 3081/19/3184 3183/19/3236
f 3084/19/3147 3088/19/3188 3217/19/3553 3179/19/3246
f 3080/19/3135 3150/19/3186 3161/19/3261
f 3160/19/3232 3089/19/3155 3157/19/3552
f 3175/19/3221 3157/19/3552 3131/19/3222
f 3149/19/3258 3072/19/3551 3177/19/3263
f 3080/19/3135 3161/19/3261 3177/19/3263
f 3121/19/3191 3174/19/3228 3193/19/3267
f 3156/19/3234 3116/19/3183 3165/19/3256
f 3137/19/3197 3167/19/3235 3125/19/3195
f 3169/19/3286 3133/19/3203 3168/19/3202
f 3172/19/3233 3104/19/3173 3171/19/3215
f 3113/19/3214 3072/19/3551 3149/19/3258
f 3161/19/3261 3150/19/3186 3159/19/3275
f 3076/19/3148 3179/19/3246 3130/19/3281
f 3132/19/3201 3166/19/3242 3138/19/3206
f 3147/19/3216 3112/19/3218 3178/19/3245
f 3180/19/3283 3154/19/3230 3155/19/3231
f 3123/19/3193 3156/19/3234 3181/19/3253
f 3123/19/3193 3186/19/3254 3124/19/3194
f 3214/19/3251 3142/19/3209 3133/19/3203
f 3180/19/3283 3155/19/3231 3185/19/3284
f 3185/19/3284 3155/19/3231 3160/19/3232
f 3167/19/3235 3195/19/3269 3125/19/3195
f 3214/19/3251 3133/19/3203 3169/19/3286
f 3141/19/3204 3143/19/3223 3176/19/3247
f 3182/19/3252 3158/19/3198 3134/19/3210
f 3196/19/3554 3148/19/3226 3119/19/3189
f 3148/19/3226 3196/19/3554 3171/19/3215
f 3183/19/3236 3210/19/3260 3184/19/3266
f 3125/19/3195 3195/19/3269 3175/19/3221
f 3201/19/3270 3168/19/3202 3138/19/3206
f 3206/19/3271 3169/19/3286 3168/19/3202
f 3176/19/3247 3189/19/3301 3140/19/3208
f 3197/19/3249 3113/19/3214 3190/19/3259
f 3159/19/3275 3184/19/3266 3203/19/3265
f 3258/19/3555 3121/19/3191 3193/19/3267 3313/19/3556
f 3215/19/3257 3200/19/3268 3167/19/3235
f 3198/19/3219 3217/19/3553 3088/19/3188
f 3209/19/3273 3172/19/3233 3171/19/3215 3202/19/3279
f 3204/19/3255 3116/19/3183 3130/19/3281
f 3136/19/3220 3154/19/3230 3180/19/3283
f 3266/19/3293 3335/19/3557 3203/19/3265 3210/19/3260
f 3149/19/3258 3177/19/3263 3211/19/3272
f 3157/19/3552 3216/19/3558 3160/19/3232
f 3182/19/3252 3144/19/3211 3207/19/3559
f 3300/19/3560 3146/19/3224 3120/19/3225 3259/19/3561
f 3208/19/3280 3171/19/3215 3196/19/3554
f 3185/19/3284 3160/19/3232 3216/19/3558
f 3239/19/3562 3143/19/3223 3282/19/3563
f 3286/19/3564 3163/19/3227 3194/19/3243 3321/19/3309
f 3199/19/3244 3153/19/3240 3213/19/3241
f 3292/19/3565 3173/19/3237 3293/19/3566
f 3250/19/3567 3187/19/3250 3273/19/3568
f 3207/19/3559 3144/19/3211 3272/19/3569
f 3287/19/3570 3202/19/3279 3208/19/3280 3327/19/3571
f 3293/19/3566 3173/19/3237 3314/19/3572
f 3285/19/3285 3185/19/3284 3241/19/3573
f 3297/19/3574 3186/19/3254 3181/19/3253 3309/19/3575
f 3260/19/3576 3197/19/3249 3244/19/3577
f 3263/19/3578 3190/19/3259 3268/19/3579
f 3288/19/3294 3210/19/3260 3209/19/3273 3277/19/3580
f 3309/19/3575 3181/19/3253 3271/19/3581
f 3310/19/3582 3201/19/3270 3251/19/3583
f 3200/19/3268 3215/19/3257 3331/19/3292
f 3311/19/3584 3196/19/3554 3246/19/3585
f 3298/19/3586 3209/19/3273 3242/19/3587
f 3313/19/3556 3193/19/3267 3245/19/3588
f 3329/19/3589 3192/19/3274 3265/19/3590
f 3312/19/3296 3186/19/3254 3297/19/3574
f 3345/19/3591 3317/19/3592 3188/19/3248
f 3340/19/3593 3213/19/3241 3324/19/3594
f 3345/19/3591 3188/19/3248 3269/19/3595
f 3262/19/3596 3205/19/3264 3346/19/3597
f 3304/19/3598 3180/19/3283 3343/19/3282
f 3245/19/3588 3193/19/3267 3257/19/3599
f 3303/19/3600 3178/19/3245 3291/19/3601
f 3306/19/3602 3199/19/3244 3270/19/3603
f 3280/19/3310 3194/19/3243 3339/19/3604
f 3199/19/3244 3213/19/3241 3340/19/3593 3342/19/3605
f 3179/19/3246 3337/19/3606 3341/19/3607
f 3211/19/3272 3332/19/3608 3333/19/3609
f 3191/19/3262 3192/19/3274 3329/19/3589 3334/19/3610
f 3197/19/3249 3328/19/3611 3338/19/3612
f 3189/19/3301 3320/19/3300 3319/19/3613 3140/19/3208
f 3188/19/3248 3317/19/3592 3316/19/3614 3145/19/3212
f 3178/19/3245 3199/19/3244 3306/19/3602 3348/19/3615
f 3136/19/3220 3180/19/3283 3304/19/3598 3322/19/3616
f 3157/19/3552 3175/19/3221 3301/19/3617 3325/19/3618
f 3182/19/3252 3344/19/3619 3299/19/3620
f 3205/19/3264 3182/19/3252 3299/19/3620 3346/19/3597
f 3151/19/3239 3305/19/3621 3296/19/3622
f 3164/19/3238 3295/19/3623 3305/19/3621 3151/19/3239
f 3162/19/3190 3173/19/3237 3292/19/3565 3294/19/3288
f 3178/19/3245 3348/19/3615 3291/19/3601
f 3178/19/3245 3303/19/3600 3289/19/3624 3147/19/3216
f 3194/19/3243 3147/19/3216 3289/19/3624 3339/19/3604
f 3193/19/3267 3163/19/3227 3286/19/3564 3323/19/3625
f 3140/19/3208 3319/19/3613 3283/19/3291 3215/19/3257
f 3145/19/3212 3316/19/3614 3282/19/3563 3143/19/3223
f 3213/19/3241 3136/19/3220 3281/19/3626 3324/19/3594
f 3136/19/3220 3322/19/3616 3281/19/3626
f 3164/19/3238 3279/19/3308 3295/19/3623
f 3204/19/3255 3179/19/3246 3341/19/3607 3278/19/3627
f 3209/19/3273 3298/19/3586 3277/19/3580
f 3196/19/3554 3311/19/3584 3276/19/3628 3208/19/3280
f 3208/19/3280 3276/19/3628 3327/19/3571
f 3206/19/3271 3201/19/3270 3310/19/3582 3275/19/3298
f 3182/19/3252 3207/19/3559 3344/19/3619
f 3144/19/3211 3214/19/3251 3308/19/3302 3272/19/3569
f 3199/19/3244 3342/19/3605 3270/19/3603
f 3188/19/3248 3146/19/3224 3300/19/3560 3269/19/3595
f 3190/19/3259 3211/19/3272 3333/19/3609 3268/19/3579
f 3189/19/3301 3176/19/3247 3267/19/3305 3290/19/3299
f 3192/19/3274 3212/19/3276 3336/19/3629 3265/19/3590
f 3203/19/3265 3335/19/3557 3264/19/3630 3212/19/3276
f 3212/19/3276 3264/19/3630 3336/19/3629
f 3197/19/3249 3190/19/3259 3263/19/3578 3328/19/3611
f 3170/19/3213 3205/19/3264 3262/19/3596 3307/19/3278
f 3120/19/3225 3197/19/3249 3260/19/3576 3259/19/3561
f 3173/19/3237 3121/19/3191 3258/19/3555 3314/19/3572
f 3193/19/3267 3323/19/3625 3257/19/3599
f 3165/19/3256 3204/19/3255 3278/19/3627 3256/19/3306
f 3151/19/3239 3296/19/3622 3255/19/3631 3152/19/3229
f 3152/19/3229 3255/19/3631 3284/19/3632
f 3214/19/3251 3254/19/3633 3347/19/3303
f 3214/19/3251 3206/19/3271 3253/19/3297 3254/19/3633
f 3191/19/3262 3334/19/3610 3252/19/3634
f 3211/19/3272 3191/19/3262 3252/19/3634 3332/19/3608
f 3201/19/3270 3166/19/3242 3274/19/3289 3251/19/3583
f 3166/19/3242 3187/19/3250 3250/19/3567 3326/19/3290
f 3186/19/3254 3249/19/3295 3273/19/3568 3187/19/3250
f 3156/19/3234 3165/19/3256 3315/19/3307 3248/19/3635
f 3156/19/3234 3248/19/3635 3271/19/3581 3181/19/3253
f 3152/19/3229 3284/19/3632 3247/19/3636 3198/19/3219
f 3196/19/3554 3119/19/3189 3318/19/3277 3246/19/3585
f 3198/19/3219 3247/19/3636 3217/19/3553
f 3179/19/3246 3217/19/3553 3337/19/3606
f 3197/19/3249 3338/19/3612 3244/19/3577
f 3195/19/3269 3243/19/3637 3261/19/3638
f 3195/19/3269 3200/19/3268 3243/19/3637
f 3157/19/3552 3325/19/3618 3216/19/3558
f 3202/19/3279 3287/19/3570 3242/19/3587 3209/19/3273
f 3185/19/3284 3216/19/3558 3241/19/3573
f 3175/19/3221 3195/19/3269 3261/19/3638 3240/19/3639
f 3175/19/3221 3240/19/3639 3301/19/3617
f 3143/19/3223 3239/19/3562 3302/19/3304 3176/19/3247
f 22/14/3640 24/14/3640 3238/13/3640 3236/13/3640
f 16/7/4 3231/20/4 3232/21/4 18/4/4
f 18/4/4 3232/21/4 3230/22/4 17/3/4
f 11/2/3640 17/3/3640 3230/23/3640 3229/24/3640
f 7/14/3640 3224/13/3640 3226/13/3640 9/14/3640
f 1/7/3 3/4/3 3220/21/3 3219/20/3
f 3/4/3 2/3/3 3218/22/3 3220/21/3
f 11/2/3640 3229/24/3640 3218/23/3640 2/3/3640
f 3360/1/3641 3351/4/3641 3350/3/3641 3359/2/3641
f 3228/5/2 3219/8/2 3349/7/2 3358/6/2
f 3358/6/3641 3349/7/3641 3351/4/3641 3360/1/3641
f 3223/9/3 3222/12/3 3353/11/3 3354/10/3
f 3224/13/3 3223/9/3 3354/10/3 3355/14/3
f 3221/15/2 3225/15/2 3356/16/2 3352/16/2
f 3225/17/3 3226/13/3 3357/14/3 3356/16/3
f 3352/16/3641 3356/16/3641 3357/14/3641 3355/14/3641
f 3355/14/3641 3354/10/3641 3362/1/3641 3363/18/3641
f 3352/16/3641 3355/14/3641 3363/18/3641 3361/6/3641
f 3221/15/2 3352/16/2 3361/6/2 3227/5/2
f 3360/1/3641 3359/2/3641 3365/3/3641 3366/4/3641
f 3228/5/2 3358/6/2 3364/7/2 3231/8/2
f 3358/6/3641 3360/1/3641 3366/4/3641 3364/7/3641
f 3235/9/4 3369/10/4 3368/11/4 3234/12/4
f 3236/13/4 3370/14/4 3369/10/4 3235/9/4
f 3233/15/2 3367/16/2 3371/16/2 3237/15/2
f 3237/17/4 3371/16/4 3372/14/4 3238/13/4
f 3367/16/3641 3370/14/3641 3372/14/3641 3371/16/3641
f 3370/14/3641 3363/18/3641 3362/1/3641 3369/10/3641
f 3367/16/3641 3361/6/3641 3363/18/3641 3370/14/3641
f 3233/15/2 3227/5/2 3361/6/2 3367/16/2
f 3374/19/3642 3373/19/3643 3387/19/3644
f 3377/19/3645 3376/19/3646 3374/19/3642
f 3384/19/3647 3375/19/3648 3376/19/3646
f 3378/19/3649 3385/19/3650 3382/19/3651
f 3378/19/3649 3375/19/3648 3393/19/3652
f 3380/19/3653 3396/19/3654 3379/19/3655
f 3389/19/3656 3378/19/3649 3405/19/3657
f 3379/19/3655 3377/19/3645 3388/19/3658
f 3381/19/3659 3383/19/3660 3380/19/3661
f 3385/19/3650 3406/19/3662 3382/19/3651
f 3379/19/3655 3395/19/3663 3377/19/3645
f 3383/19/3660 3392/19/3664 3396/19/3665
f 3394/19/3666 3375/19/3648 3384/19/3647
f 3384/19/3647 3386/19/3667 3394/19/3666
f 3393/19/3652 3394/19/3666 3397/19/3668
f 3387/19/3644 3401/19/3669 3374/19/3642
f 3388/19/3658 3402/19/3670 3390/19/3671
f 3404/19/3672 3381/19/3659 3390/19/3671
f 3404/19/3672 3383/19/3660 3381/19/3659
f 3382/19/3651 3406/19/3662 3405/19/3673
f 3392/19/3664 3383/19/3660 3404/19/3672
f 3407/19/3674 3396/19/3665 3392/19/3664
f 3394/19/3666 3386/19/3667 3398/19/3675
f 3398/19/3675 3400/19/3676 3410/19/3677
f 3401/19/3669 3387/19/3644 3429/19/3678
f 3413/19/3679 3404/19/3672 3390/19/3671
f 3392/19/3664 3404/19/3672 3415/19/3680
f 3392/19/3681 3425/19/3682 3407/19/3683
f 3417/19/3684 3396/19/3665 3407/19/3674
f 3399/19/3685 3408/19/3686 3400/19/3676
f 3391/19/3687 3422/19/3688 3429/19/3678
f 3412/19/3689 3413/19/3679 3390/19/3671
f 3416/19/3690 3424/19/3691 3406/19/3692
f 3409/19/3693 3426/19/3694 3397/19/3668
f 3419/19/3695 3400/19/3676 3408/19/3686
f 3427/19/3696 3418/19/3697 3410/19/3677
f 3414/19/3698 3432/19/3699 3403/19/3700
f 3414/19/3701 3424/19/3702 3439/19/3703
f 3413/19/3704 3425/19/3705 3415/19/3706
f 3407/19/3707 3425/19/3708 3433/19/3709
f 3436/19/3710 3417/19/3684 3407/19/3674
f 3426/19/3694 3435/19/3711 3397/19/3712
f 3437/19/3713 3419/19/3695 3417/19/3714
f 3419/19/3695 3444/19/3715 3400/19/3676
f 3430/19/3716 3446/19/3717 3429/19/3678
f 3422/19/3688 3430/19/3716 3429/19/3678
f 3421/19/3718 3438/19/3719 3423/19/3720
f 3412/19/3689 3449/19/3721 3413/19/3679
f 3440/19/3722 3425/19/3705 3413/19/3704
f 3440/19/3722 3433/19/3709 3425/19/3705
f 3434/19/3723 3439/19/3703 3424/19/3702
f 3452/19/3724 3407/19/3707 3433/19/3709
f 3441/19/3725 3417/19/3684 3436/19/3710
f 3435/19/3711 3426/19/3694 3453/19/3726
f 3441/19/3725 3437/19/3713 3417/19/3684
f 3444/19/3715 3419/19/3695 3443/19/3727
f 3419/19/3695 3454/19/3728 3443/19/3729
f 3444/19/3715 3445/19/3730 3427/19/3696
f 3420/19/3731 3431/19/3732 3421/19/3718
f 3440/19/3733 3413/19/3679 3449/19/3721
f 3451/19/3734 3435/19/3711 3465/19/3735
f 3464/19/3736 3436/19/3710 3452/19/3737
f 3453/19/3726 3465/19/3735 3435/19/3711
f 3454/19/3728 3437/19/3713 3441/19/3725
f 3454/19/3738 3456/19/3739 3443/19/3740
f 3444/19/3715 3443/19/3727 3445/19/3730
f 3420/19/3731 3457/19/3741 3431/19/3732
f 3458/19/3742 3430/19/3716 3422/19/3688
f 3449/19/3721 3448/19/3743 3461/19/3744
f 3463/19/3745 3452/19/3737 3440/19/3733
f 3452/19/3737 3463/19/3745 3464/19/3736
f 3474/19/3746 3465/19/3747 3453/19/3726
f 3442/19/3748 3467/19/3749 3455/19/3750
f 3456/19/3739 3454/19/3738 3468/19/3751
f 3442/19/3752 3445/19/3730 3469/19/3753
f 3445/19/3730 3443/19/3727 3470/19/3754
f 3472/19/3755 3460/19/3756 3450/19/3757
f 3474/19/3746 3473/19/3758 3465/19/3747
f 3474/19/3746 3455/19/3750 3476/19/3759
f 3442/19/3752 3477/19/3760 3467/19/3761
f 3456/19/3762 3468/19/3763 3478/19/3764
f 3456/19/3762 3478/19/3764 3470/19/3765
f 3457/19/3741 3479/19/3766 3431/19/3732
f 3507/19/3767 3472/19/3755 3462/19/3768
f 3473/19/3758 3507/19/3767 3462/19/3768
f 3482/19/3769 3473/19/3758 3474/19/3746
f 3485/19/3770 3484/19/3771 3477/19/3772
f 3485/19/3770 3477/19/3772 3469/19/3753
f 3468/19/3751 3497/19/3773 3486/19/3774
f 3469/19/3753 3495/19/3775 3485/19/3770
f 3487/19/3776 3489/19/3777 3420/19/3731
f 3438/19/3719 3498/19/3778 3459/19/3779
f 3463/19/3745 3461/19/3744 3512/19/3780
f 3481/19/3781 3463/19/3745 3512/19/3780
f 3490/19/3782 3482/19/3769 3474/19/3746
f 3467/19/3749 3492/19/3783 3476/19/3759
f 3484/19/3784 3503/19/3785 3467/19/3749
f 3468/19/3751 3494/19/3786 3497/19/3773
f 3499/19/3787 3458/19/3742 3480/19/3788
f 3472/19/3755 3507/19/3767 3460/19/3756
f 3481/19/3781 3512/19/3780 3508/19/3789
f 3473/19/3758 3514/19/3790 3507/19/3767
f 3501/19/3791 3482/19/3769 3490/19/3782
f 3491/19/3792 3483/19/3793 3502/19/3794
f 3495/19/3795 3505/19/3796 3504/19/3797
f 3495/19/3795 3496/19/3798 3505/19/3796
f 3492/19/3783 3503/19/3785 3515/19/3799
f 3484/19/3800 3509/19/3801 3503/19/3785
f 3494/19/3786 3511/19/3802 3497/19/3803
f 3519/19/3804 3489/19/3777 3487/19/3776
f 3489/19/3777 3520/19/3805 3457/19/3741
f 3479/19/3766 3524/19/3806 3498/19/3778
f 3471/19/3807 3460/19/3756 3567/19/3808
f 3508/19/3789 3502/19/3794 3483/19/3793
f 3527/19/3809 3494/19/3786 3516/19/3810
f 3510/19/3811 3505/19/3812 3518/19/3813
f 3505/19/3812 3511/19/3814 3518/19/3813
f 3488/19/3815 3522/19/3816 3519/19/3804
f 3520/19/3805 3523/19/3817 3479/19/3766
f 3499/19/3787 3480/19/3788 3567/19/3808
f 3514/19/3790 3525/19/3818 3460/19/3756
f 3551/19/3819 3508/19/3789 3512/19/3780
f 3551/19/3819 3502/19/3794 3508/19/3789
f 3515/19/3799 3526/19/3820 3490/19/3782
f 3517/19/3821 3509/19/3822 3531/19/3823
f 3530/19/3824 3511/19/3825 3527/19/3826
f 3509/19/3822 3532/19/3827 3531/19/3823
f 3534/19/3828 3511/19/3825 3530/19/3824
f 3545/19/3829 3502/19/3794 3551/19/3819
f 3490/19/3782 3547/19/3830 3501/19/3791
f 3491/19/3792 3502/19/3794 3528/19/3831
f 3490/19/3782 3526/19/3820 3547/19/3830
f 3510/19/3811 3518/19/3813 3533/19/3832
f 3518/19/3813 3534/19/3833 3533/19/3832
f 3565/19/3834 3506/19/3835 3499/19/3787
f 3550/19/3836 3500/19/3837 3498/19/3778
f 3501/19/3791 3547/19/3830 3537/19/3838
f 3529/19/3839 3516/19/3810 3538/19/3840
f 3530/19/3841 3529/19/3839 3554/19/3842
f 3532/19/3827 3533/19/3832 3539/19/3843
f 3543/19/3844 3498/19/3778 3524/19/3806
f 3531/19/3823 3571/19/3845 3553/19/3846
f 3550/19/3836 3498/19/3778 3543/19/3844
f 3499/19/3787 3544/19/3847 3565/19/3834
f 3577/19/3848 3536/19/3849 3500/19/3837
f 3588/19/3850 3554/19/3842 3529/19/3839
f 3556/19/3851 3571/19/3845 3532/19/3827
f 3557/19/3852 3556/19/3851 3532/19/3827
f 3540/19/3853 3541/19/3854 3573/19/3855
f 3535/19/3856 3561/19/3857 3521/19/3858
f 3522/19/3816 3562/19/3859 3560/19/3860
f 3521/19/3858 3563/19/3861 3523/19/3817
f 3563/19/3861 3564/19/3862 3523/19/3817
f 3542/19/3863 3562/19/3859 3522/19/3816
f 3523/19/3817 3564/19/3862 3524/19/3806
f 3551/19/3819 3512/19/3780 3568/19/3864
f 3546/19/3865 3545/19/3829 3579/19/3866
f 3548/19/3867 3580/19/3868 3552/19/3869
f 3554/19/3842 3570/19/3870 3555/19/3871
f 3555/19/3871 3558/19/3872 3549/19/3873
f 3559/19/3874 3561/19/3857 3535/19/3856
f 3559/19/3874 3535/19/3856 3522/19/3816
f 3576/19/3875 3506/19/3835 3565/19/3834
f 3628/19/3876 3577/19/3848 3550/19/3836
f 3566/19/3877 3565/19/3834 3544/19/3847
f 3536/19/3849 3577/19/3848 3592/19/3878
f 3567/19/3808 3585/19/3879 3544/19/3847
f 3545/19/3829 3551/19/3819 3568/19/3864
f 3546/19/3865 3587/19/3880 3528/19/3831
f 3538/19/3840 3528/19/3831 3587/19/3880
f 3601/19/3881 3590/19/3882 3581/19/3883
f 3582/19/3884 3601/19/3881 3581/19/3883
f 3556/19/3885 3574/19/3886 3572/19/3887
f 3574/19/3886 3581/19/3883 3572/19/3887
f 3574/19/3886 3573/19/3888 3581/19/3883
f 3573/19/3888 3582/19/3884 3581/19/3883
f 3555/19/3871 3570/19/3870 3583/19/3889
f 3558/19/3872 3555/19/3871 3583/19/3889
f 3542/19/3863 3584/19/3890 3562/19/3859
f 3513/19/3891 3620/19/3892 3585/19/3879
f 3525/19/3818 3593/19/3893 3578/19/3894
f 3582/19/3884 3589/19/3895 3601/19/3881
f 3572/19/3887 3581/19/3883 3590/19/3882
f 3583/19/3889 3589/19/3895 3582/19/3884
f 3583/19/3889 3570/19/3870 3589/19/3895
f 3562/19/3859 3591/19/3896 3560/19/3860
f 3550/19/3836 3543/19/3844 3598/19/3897
f 3606/19/3898 3565/19/3834 3566/19/3877
f 3566/19/3877 3544/19/3847 3585/19/3879
f 3561/19/3857 3597/19/3899 3563/19/3861
f 3598/19/3897 3628/19/3876 3550/19/3836
f 3552/19/3869 3611/19/3900 3594/19/3901
f 3601/19/3881 3589/19/3895 3600/19/3902
f 3591/19/3903 3617/19/3904 3602/19/3905
f 3591/19/3896 3602/19/3906 3560/19/3860
f 3563/19/3861 3604/19/3907 3564/19/3862
f 3576/19/3875 3605/19/3908 3542/19/3863
f 3598/19/3897 3543/19/3844 3575/19/3909
f 3610/19/3910 3566/19/3877 3585/19/3879
f 3586/19/3911 3621/19/3912 3568/19/3864
f 3588/19/3850 3624/19/3913 3596/19/3914
f 3600/19/3902 3663/19/3915 3601/19/3881
f 3603/19/3916 3607/19/3917 3561/19/3857
f 3561/19/3857 3607/19/3917 3597/19/3899
f 3608/19/3918 3575/19/3909 3564/19/3862
f 3638/19/3919 3606/19/3898 3566/19/3877
f 3596/19/3914 3613/19/3920 3600/19/3902
f 3596/19/3914 3624/19/3913 3613/19/3920
f 3611/19/3900 3595/19/3921 3625/19/3922
f 3595/19/3921 3601/19/3881 3614/19/3923
f 3616/19/3924 3559/19/3874 3602/19/3906
f 3631/19/3925 3559/19/3874 3616/19/3924
f 3619/19/3926 3628/19/3876 3598/19/3897
f 3599/19/3927 3623/19/3928 3640/19/3929
f 3594/19/3901 3642/19/3930 3623/19/3928
f 3594/19/3901 3611/19/3900 3642/19/3930
f 3612/19/3931 3642/19/3930 3611/19/3900
f 3617/19/3932 3626/19/3933 3602/19/3906
f 3597/19/3899 3632/19/3934 3635/19/3935
f 3604/19/3907 3597/19/3899 3635/19/3935
f 3605/19/3908 3627/19/3936 3584/19/3890
f 3610/19/3910 3638/19/3919 3566/19/3877
f 3639/19/3937 3592/19/3878 3628/19/3876
f 3585/19/3879 3620/19/3892 3630/19/3938
f 3621/19/3912 3586/19/3911 3675/19/3939
f 3614/19/3923 3691/19/3940 3625/19/3922
f 3600/19/3902 3692/19/3941 3663/19/3915
f 3607/19/3942 3647/19/3943 3632/19/3944
f 3635/19/3935 3648/19/3945 3636/19/3946
f 3636/19/3946 3608/19/3918 3635/19/3935
f 3639/19/3937 3628/19/3876 3629/19/3947
f 3630/19/3938 3620/19/3892 3687/19/3948
f 3640/19/3929 3687/19/3948 3620/19/3892
f 3641/19/3949 3622/19/3950 3621/19/3912
f 3622/19/3950 3643/19/3951 3624/19/3913
f 3631/19/3925 3655/19/3952 3603/19/3916
f 3644/19/3953 3645/19/3954 3634/19/3955
f 3618/19/3956 3644/19/3953 3633/19/3957
f 3651/19/3958 3650/19/3959 3627/19/3936
f 3661/19/3960 3609/19/3961 3636/19/3946
f 3627/19/3936 3637/19/3962 3651/19/3958
f 3652/19/3963 3619/19/3926 3609/19/3961
f 3638/19/3919 3685/19/3964 3637/19/3962
f 3631/19/3925 3678/19/3965 3655/19/3952
f 3626/19/3933 3634/19/3955 3645/19/3954
f 3659/19/3966 3636/19/3946 3648/19/3945
f 3661/19/3960 3636/19/3946 3660/19/3967
f 3630/19/3938 3674/19/3968 3610/19/3910
f 3662/19/3969 3613/19/3920 3643/19/3951
f 3615/19/3970 3663/19/3915 3614/19/3923
f 3616/19/3924 3678/19/3965 3631/19/3925
f 3626/19/3933 3664/19/3971 3665/19/3972
f 3656/19/3973 3607/19/3917 3655/19/3952
f 3666/19/3974 3667/19/3975 3632/19/3934
f 3679/19/3976 3648/19/3945 3649/19/3977
f 3671/19/3978 3659/19/3966 3657/19/3979
f 3672/19/3980 3658/19/3981 3650/19/3959
f 3673/19/3982 3660/19/3967 3659/19/3983
f 3651/19/3958 3672/19/3980 3650/19/3959
f 3683/19/3984 3652/19/3963 3661/19/3960
f 3686/19/3985 3629/19/3947 3652/19/3963
f 3705/19/3986 3639/19/3937 3686/19/3985
f 3707/19/3987 3688/19/3988 3640/19/3929
f 3656/19/3973 3666/19/3974 3647/19/3989
f 3664/19/3971 3626/19/3933 3668/19/3990
f 3672/19/3991 3670/19/3992 3658/19/3993
f 3681/19/3994 3659/19/3983 3671/19/3978
f 3672/19/3991 3651/19/3958 3682/19/3995
f 3716/19/3996 3685/19/3964 3638/19/3919
f 3653/19/3997 3689/19/3998 3675/19/3939
f 3623/19/3928 3708/19/3999 3640/19/3929
f 3665/19/3972 3710/19/4000 3646/19/4001
f 3645/19/3954 3695/19/4002 3668/19/3990
f 3696/19/4003 3645/19/3954 3669/19/4004
f 3698/19/4005 3669/19/4004 3670/19/4006
f 3672/19/3991 3699/19/4007 3670/19/3992
f 3682/19/3995 3699/19/4007 3672/19/3991
f 3684/19/4008 3685/19/3964 3716/19/3996
f 3638/19/3919 3674/19/3968 3716/19/3996
f 3740/19/4009 3653/19/3997 3706/19/4010
f 3640/19/3929 3708/19/3999 3741/19/4011
f 3654/19/4012 3701/19/4013 3719/19/4014
f 3761/19/4015 3693/19/4016 3655/19/3952
f 3679/19/3976 3649/19/3977 3703/19/4017
f 3697/19/4018 3679/19/3976 3711/19/4019
f 3680/19/4020 3681/19/3994 3671/19/3978
f 3704/19/4021 3670/19/4006 3699/19/4022
f 3699/19/4007 3682/19/3995 3704/19/4021
f 3767/19/4023 3683/19/3984 3700/19/4024
f 3705/19/3986 3652/19/3963 3683/19/3984
f 3705/19/3986 3686/19/3985 3652/19/3963
f 3630/19/3938 3687/19/3948 3674/19/3968
f 3691/19/3940 3614/19/3923 3743/19/4025
f 3614/19/3923 3663/19/3915 3709/19/4026
f 3678/19/3965 3702/19/4027 3761/19/4015
f 3693/19/4016 3694/19/4028 3666/19/3974
f 3703/19/4017 3649/19/3977 3694/19/4028
f 3711/19/4019 3679/19/3976 3703/19/4017
f 3698/19/4005 3713/19/4029 3696/19/4003
f 3670/19/4006 3714/19/4030 3713/19/4029
f 3737/19/4031 3700/19/4024 3680/19/4032
f 3684/19/4008 3716/19/3996 3738/19/4033
f 3715/19/4034 3705/19/3986 3683/19/3984
f 3768/19/4035 3687/19/3948 3688/19/3988
f 3718/19/4036 3688/19/3988 3707/19/3987
f 3677/19/4037 3742/19/4038 3642/19/3930
f 3662/19/3969 3719/19/4014 3720/19/4039
f 3662/19/3969 3720/19/4039 3692/19/3941
f 3722/19/4040 3726/19/4041 3721/19/4042
f 3729/19/4043 3727/19/4044 3723/19/4045
f 3723/19/4045 3724/19/4046 3729/19/4043
f 3728/19/4047 3721/19/4048 3726/19/4049
f 3729/19/4043 3730/19/4050 3727/19/4044
f 3761/19/4015 3731/19/4051 3693/19/4016
f 3734/19/4052 3703/19/4017 3694/19/4028
f 3664/19/3971 3668/19/3990 3735/19/4053
f 3668/19/3990 3764/19/4054 3735/19/4053
f 3668/19/3990 3695/19/4002 3764/19/4054
f 3696/19/4003 3736/19/4055 3695/19/4002
f 3676/19/4056 3689/19/3998 3769/19/4057
f 3709/19/4026 3743/19/4025 3614/19/3923
f 3725/19/4058 3744/19/4059 3722/19/4060
f 3723/19/4061 3746/19/4062 3745/19/4063
f 3745/19/4064 3747/19/4065 3724/19/4066
f 3722/19/4040 3748/19/4067 3726/19/4041
f 3746/19/4062 3723/19/4061 3727/19/4068
f 3747/19/4069 3749/19/4070 3724/19/4071
f 3724/19/4046 3749/19/4072 3729/19/4043
f 3728/19/4073 3751/19/4074 3725/19/4075
f 3730/19/4076 3753/19/4077 3727/19/4078
f 3728/19/4047 3726/19/4049 3752/19/4079
f 3730/19/4080 3754/19/4081 3753/19/4082
f 3760/19/4083 3702/19/4027 3732/19/4084
f 3735/19/4053 3762/19/4085 3664/19/3971
f 3763/19/4086 3711/19/4019 3703/19/4017
f 3766/19/4087 3680/19/4032 3712/19/4088
f 3714/19/4030 3765/19/4089 3713/19/4029
f 3680/19/4032 3766/19/4087 3737/19/4031
f 3779/19/4090 3700/19/4024 3737/19/4031
f 3833/19/4091 3704/19/4021 3684/19/4008
f 3780/19/4092 3689/19/3998 3740/19/4009
f 3770/19/4093 3676/19/4056 3769/19/4057
f 3692/19/3941 3771/19/4094 3709/19/4026
f 3746/19/4062 3773/19/4095 3745/19/4063
f 3746/19/4062 3727/19/4068 3753/19/4096
f 3729/19/4043 3783/19/4097 3730/19/4098
f 3729/19/4043 3784/19/4099 3783/19/4097
f 3755/19/4100 3751/19/4074 3728/19/4073
f 3730/19/4098 3783/19/4097 3759/19/4101
f 3695/19/4002 3736/19/4055 3764/19/4054
f 3765/19/4089 3714/19/4030 3778/19/4102
f 3779/19/4090 3737/19/4031 3766/19/4087
f 3714/19/4030 3704/19/4021 3778/19/4102
f 3833/19/4091 3778/19/4102 3704/19/4021
f 3835/19/4103 3833/19/4091 3684/19/4008
f 3706/19/4010 3739/19/4104 3816/19/4105
f 3781/19/4106 3747/19/4107 3745/19/4063
f 3784/19/4099 3749/19/4072 3782/19/4108
f 3774/19/4109 3785/19/4110 3776/19/4111
f 3776/19/4111 3786/19/4112 3756/19/4113
f 3758/19/4114 3787/19/4115 3775/19/4116
f 3734/19/4052 3733/19/4117 3789/19/4118
f 3735/19/4053 3790/19/4119 3762/19/4085
f 3735/19/4053 3764/19/4054 3790/19/4119
f 3777/19/4120 3711/19/4019 3813/19/4121
f 3744/19/4122 3793/19/4123 3794/19/4124
f 3772/19/4125 3744/19/4122 3794/19/4124
f 3781/19/4126 3795/19/4127 3747/19/4128
f 3795/19/4129 3782/19/4130 3747/19/4069
f 3748/19/4067 3797/19/4131 3774/19/4109
f 3796/19/4132 3746/19/4062 3753/19/4096
f 3751/19/4074 3844/19/4133 3750/19/4134
f 3800/19/4135 3751/19/4074 3755/19/4100
f 3785/19/4110 3774/19/4109 3797/19/4131
f 3801/19/4136 3753/19/4137 3775/19/4116
f 3757/19/4138 3803/19/4139 3755/19/4100
f 3801/19/4136 3775/19/4116 3787/19/4115
f 3803/19/4139 3757/19/4138 3756/19/4140
f 3803/19/4141 3756/19/4142 3786/19/4143
f 3805/19/4144 3803/19/4145 3786/19/4146
f 3785/19/4110 3806/19/4147 3786/19/4112
f 3787/19/4115 3807/19/4148 3801/19/4136
f 3786/19/4112 3809/19/4149 3805/19/4150
f 3808/19/4151 3855/19/4152 3787/19/4115
f 3763/19/4086 3829/19/4153 3813/19/4121
f 3830/19/4154 3764/19/4054 3791/19/4155
f 3766/19/4087 3777/19/4120 3894/19/4156
f 3814/19/4157 3767/19/4023 3779/19/4090
f 3715/19/4034 3767/19/4023 3814/19/4157
f 3738/19/4033 3815/19/4158 3835/19/4103
f 3739/19/4104 3715/19/4034 3933/19/4159
f 3815/19/4158 3738/19/4033 3717/19/4160
f 3768/19/4035 3718/19/4036 3837/19/4161
f 3792/19/4162 3837/19/4161 3718/19/4036
f 3741/19/4011 3817/19/4163 3792/19/4162
f 3770/19/4093 3719/19/4014 3701/19/4013
f 3818/19/4164 3838/19/4165 3742/19/4038
f 3750/19/4166 3821/19/4167 3793/19/4168
f 3799/19/4169 3795/19/4170 3820/19/4171
f 3844/19/4133 3751/19/4074 3800/19/4135
f 3822/19/4172 3753/19/4137 3801/19/4136
f 3784/19/4099 3802/19/4173 3783/19/4097
f 3807/19/4148 3851/19/4174 3801/19/4136
f 3824/19/4175 3803/19/4176 3805/19/4177
f 3805/19/4177 3825/19/4178 3824/19/4175
f 3825/19/4179 3805/19/4150 3809/19/4149
f 3810/19/4180 3826/19/4181 3760/19/4083
f 3827/19/4182 3762/19/4085 3790/19/4119
f 3894/19/4156 3777/19/4120 3868/19/4183
f 3736/19/4055 3931/19/4184 3791/19/4155
f 3833/19/4091 3835/19/4103 3834/19/4185
f 3719/19/4014 3872/19/4186 3873/19/4187
f 3773/19/4095 3913/19/4188 3841/19/4189
f 3796/19/4132 3840/19/4190 3773/19/4095
f 3840/19/4190 3796/19/4132 3822/19/4172
f 3798/19/4191 3842/19/4192 3821/19/4167
f 3843/19/4193 3842/19/4192 3798/19/4191
f 3846/19/4194 3782/19/4195 3799/19/4196
f 3852/19/4197 3808/19/4198 3804/19/4199
f 3825/19/4178 3854/19/4200 3824/19/4175
f 3855/19/4201 3851/19/4202 3807/19/4203
f 3808/19/4198 3853/19/4204 3856/19/4205
f 3859/19/4206 3857/19/4207 3809/19/4149
f 3810/19/4180 3860/19/4208 3826/19/4181
f 3856/19/4209 3812/19/4210 3855/19/4211
f 3731/19/4051 3861/19/4212 3733/19/4117
f 3812/19/4210 3856/19/4209 3862/19/4213
f 3812/19/4214 3862/19/4213 3789/19/4118
f 3789/19/4118 3864/19/4215 3828/19/4216
f 3790/19/4119 3865/19/4217 3827/19/4182
f 3790/19/4119 3830/19/4154 3867/19/4218
f 3813/19/4121 3829/19/4153 3832/19/4219
f 3831/19/4220 3867/19/4218 3830/19/4154
f 3765/19/4089 3983/19/4221 3931/19/4184
f 3815/19/4158 3834/19/4185 3835/19/4103
f 3769/19/4057 3780/19/4092 3870/19/4222
f 3870/19/4222 3770/19/4093 3769/19/4057
f 3770/19/4093 3870/19/4222 3872/19/4186
f 3838/19/4165 3871/19/4223 3817/19/4163
f 3974/19/4224 3690/19/4225 3874/19/4226
f 3743/19/4025 3875/19/4227 3874/19/4226
f 3771/19/4094 3876/19/4228 3709/19/4026
f 3794/19/4124 3793/19/4123 3821/19/4229
f 3846/19/4230 3883/19/4231 3845/19/4232
f 3885/19/4233 3842/19/4192 3843/19/4193
f 3822/19/4172 3801/19/4136 3851/19/4174
f 3889/19/4234 3848/19/4235 3887/19/4236
f 3860/19/4237 3809/19/4238 3886/19/4239
f 3864/19/4215 3789/19/4118 3862/19/4213
f 3864/19/4215 3892/19/4240 3828/19/4216
f 3829/19/4153 3866/19/4241 3832/19/4219
f 3841/19/4189 3898/19/4242 3820/19/4171
f 3842/19/4192 3897/19/4243 3821/19/4229
f 3899/19/4244 3878/19/4245 3822/19/4172
f 3880/19/4246 3918/19/4247 3900/19/4248
f 3919/19/4249 3881/19/4250 3849/19/4251
f 3899/19/4244 3822/19/4172 3851/19/4174
f 3883/19/4231 3922/19/4252 3845/19/4232
f 3848/19/4253 3889/19/4254 3885/19/4255
f 3903/19/4256 3853/19/4204 3852/19/4197
f 3906/19/4257 3887/19/4258 3907/19/4259
f 3854/19/4260 3906/19/4261 3929/19/4262
f 3929/19/4262 3901/19/4263 3854/19/4260
f 3902/19/4264 3826/19/4181 3860/19/4208
f 3902/19/4264 3890/19/4265 3826/19/4181
f 3891/19/4266 3853/19/4267 3903/19/4268
f 3909/19/4269 3811/19/4270 3863/19/4271
f 3866/19/4241 3828/19/4216 3892/19/4240
f 3833/19/4091 3983/19/4221 3765/19/4089
f 3815/19/4158 3934/19/4272 3834/19/4185
f 3935/19/4273 3815/19/4158 3836/19/4274
f 3935/19/4273 3836/19/4274 3895/19/4275
f 3898/19/4242 3841/19/4189 3913/19/4188
f 3897/19/4243 3912/19/4276 3821/19/4229
f 3915/19/4277 3823/19/4278 3877/19/4279
f 3914/19/4280 3842/19/4192 3885/19/4233
f 3880/19/4281 3881/19/4250 3919/19/4282
f 3922/19/4252 3883/19/4231 3888/19/4283
f 3852/19/4197 3921/19/4284 3903/19/4256
f 3850/19/4285 3884/19/4286 3923/19/4287
f 3886/19/4239 3920/19/4288 3860/19/4237
f 3890/19/4289 3916/19/4290 3899/19/4244
f 3904/19/4291 3927/19/4292 3888/19/4283
f 3905/19/4293 3850/19/4285 3923/19/4287
f 3928/19/4294 3929/19/4262 3906/19/4261
f 3906/19/4295 3909/19/4269 3889/19/4234
f 3905/19/4293 3930/19/4296 3908/19/4297
f 3834/19/4185 3934/19/4272 3932/19/4298
f 3815/19/4158 3935/19/4273 3934/19/4272
f 3869/19/4299 3936/19/4300 3780/19/4092
f 3872/19/4186 3870/19/4222 3994/19/4301
f 3838/19/4165 3947/19/4302 3871/19/4223
f 3872/19/4186 3937/19/4303 3873/19/4187
f 3771/19/4094 3938/19/4304 3876/19/4228
f 3771/19/4094 3720/19/4039 4002/19/4305
f 3839/19/4306 3819/19/4307 3976/19/4308
f 3940/19/4309 3941/19/4310 3877/19/4279
f 3966/19/4311 3820/19/4171 3898/19/4242
f 3915/19/4277 3877/19/4279 3941/19/4310
f 3918/19/4312 3880/19/4281 3919/19/4282
f 3923/19/4287 3884/19/4286 3954/19/4313
f 3922/19/4252 3888/19/4283 3927/19/4292
f 3929/19/4314 3919/19/4249 3901/19/4263
f 3903/19/4315 3921/19/4316 3927/19/4317
f 3903/19/4318 3927/19/4319 3891/19/4320
f 3909/19/4269 3942/19/4321 3925/19/4322
f 3930/19/4296 3864/19/4215 3908/19/4297
f 3892/19/4240 3864/19/4215 3930/19/4296
f 3867/19/4218 3956/19/4323 3865/19/4217
f 3791/19/4155 3957/19/4324 3831/19/4220
f 3944/19/4325 3933/19/4159 3814/19/4157
f 3792/19/4162 3946/19/4326 3972/19/4327
f 3876/19/4228 3975/19/4328 3875/19/4227
f 3878/19/4245 3950/19/4329 3896/19/4330
f 3952/19/4331 3924/19/4332 3951/19/4333
f 3965/19/4334 3902/19/4264 3952/19/4331
f 3878/19/4245 3916/19/4335 3950/19/4329
f 3915/19/4277 3941/19/4310 3920/19/4336
f 3953/19/4337 3926/19/4338 3902/19/4264
f 3927/19/4339 3921/19/4340 3922/19/4341
f 3930/19/4296 3923/19/4287 3955/19/4342
f 3863/19/4271 3893/19/4343 3942/19/4321
f 3943/19/4344 3892/19/4240 3930/19/4296
f 3866/19/4241 3943/19/4344 3988/19/4345
f 3910/19/4346 3866/19/4241 3988/19/4345
f 3910/19/4346 3988/19/4345 3970/19/4347
f 3957/19/4324 3956/19/4323 3867/19/4218
f 3958/19/4348 3869/19/4299 3911/19/4349
f 3818/19/4164 3959/19/4350 3838/19/4165
f 3873/19/4187 3973/19/4351 3948/19/4352
f 3939/19/4353 3961/19/4354 4002/19/4305
f 3896/19/4330 3963/19/4355 3949/19/4356
f 3964/19/4357 3952/19/4331 3951/19/4333
f 3952/19/4331 3964/19/4357 3965/19/4334
f 3998/19/4358 3920/19/4359 3967/19/4360
f 3917/19/4361 3980/19/4362 3914/19/4280
f 3925/19/4322 3980/19/4362 3917/19/4361
f 3932/19/4298 3983/19/4221 3833/19/4091
f 3971/19/4363 3911/19/4349 3944/19/4325
f 3958/19/4348 3936/19/4300 3869/19/4299
f 3837/19/4161 3972/19/4327 3945/19/4364
f 3994/19/4301 3870/19/4222 3993/19/4365
f 3959/19/4350 3947/19/4302 3838/19/4165
f 3875/19/4227 3975/19/4328 3960/19/4366
f 3964/19/4357 3951/19/4333 3977/19/4367
f 3953/19/4337 3978/19/4368 3968/19/4369
f 3954/19/4313 4019/19/4370 3981/19/4371
f 3955/19/4342 3954/19/4313 3981/19/4371
f 3982/19/4372 3984/19/4373 3894/19/4156
f 3974/19/4224 3959/19/4350 3818/19/4164
f 3912/19/4276 3986/19/4374 3976/19/4308
f 3949/19/4356 4006/19/4375 3898/19/4242
f 3962/19/4376 3997/19/4377 3941/19/4310
f 4010/19/4378 3944/19/4325 3984/19/4373
f 3945/19/4364 4011/19/4379 3935/19/4273
f 3993/19/4365 3936/19/4300 3958/19/4348
f 3962/19/4376 3976/19/4308 3996/19/4380
f 3997/19/4381 3998/19/4358 3967/19/4360
f 3968/19/4369 3978/19/4368 4005/19/4382
f 3950/19/4383 4005/19/4382 3963/19/4384
f 3931/19/4184 4028/19/4385 3957/19/4324
f 4045/19/4386 3911/19/4349 3971/19/4363
f 3937/19/4303 4032/19/4387 3973/19/4351
f 3938/19/4304 3771/19/4094 4002/19/4305
f 3965/19/4334 4003/19/4388 3985/19/4389
f 3996/19/4390 3976/19/4308 3986/19/4374
f 3998/19/4358 3997/19/4381 4004/19/4391
f 3987/19/4392 3998/19/4393 4004/19/4391
f 3978/19/4368 4016/19/4394 4005/19/4382
f 3956/19/4323 4020/19/4395 3999/19/4396
f 3982/19/4372 3990/19/4397 4008/19/4398
f 3992/19/4399 3991/19/4400 3934/19/4272
f 4021/19/4401 4011/19/4379 3945/19/4364
f 3993/19/4365 3958/19/4348 4012/19/4402
f 4013/19/4403 3994/19/4301 3993/19/4365
f 3947/19/4302 3959/19/4350 4001/19/4404
f 4053/19/4405 3959/19/4350 3974/19/4224
f 4018/19/4406 3986/19/4374 3979/19/4407
f 3956/19/4323 4000/19/4408 4020/19/4395
f 3932/19/4298 4030/19/4409 3983/19/4221
f 3993/19/4365 4012/19/4402 4013/19/4403
f 4003/19/4388 4015/19/4410 4022/19/4411
f 4017/19/4412 4016/19/4394 4025/19/4413
f 4017/19/4412 4026/19/4414 4006/19/4375
f 4034/19/4415 3989/19/4416 3970/19/4347
f 4008/19/4398 3990/19/4397 3989/19/4416
f 4043/19/4417 3984/19/4373 3982/19/4372
f 4001/19/4404 4048/19/4418 3946/19/4326
f 4032/19/4387 3937/19/4303 4013/19/4403
f 3995/19/4419 3973/19/4351 4032/19/4387
f 3996/19/4390 4033/19/4420 4040/19/4421
f 4026/19/4414 4042/19/4422 4007/19/4423
f 3986/19/4374 4018/19/4406 4033/19/4420
f 4028/19/4385 4069/19/4424 4000/19/4408
f 4073/19/4425 3958/19/4348 4045/19/4386
f 3958/19/4348 4073/19/4425 4012/19/4402
f 4021/19/4401 4047/19/4426 4031/19/4427
f 4013/19/4403 4012/19/4402 4046/19/4428
f 3975/19/4328 3938/19/4304 4054/19/4429
f 4002/19/4305 4054/19/4429 3938/19/4304
f 4015/19/4430 4037/19/4431 4022/19/4432
f 4003/19/4388 4038/19/4433 3985/19/4389
f 4069/19/4424 4035/19/4434 4000/19/4408
f 4029/19/4435 4069/19/4424 4028/19/4385
f 4043/19/4417 3982/19/4372 4008/19/4398
f 4010/19/4378 4043/19/4417 4044/19/4436
f 4045/19/4386 3971/19/4363 4044/19/4436
f 4049/19/4437 4048/19/4418 4001/19/4404
f 3995/19/4419 4052/19/4438 4051/19/4439
f 3948/19/4352 4051/19/4439 3961/19/4354
f 3975/19/4328 4054/19/4429 4014/19/4440
f 4064/19/4441 4054/19/4429 4002/19/4305
f 3961/19/4354 4064/19/4441 4002/19/4305
f 4017/19/4412 4041/19/4442 4026/19/4414
f 4041/19/4442 4042/19/4422 4026/19/4414
f 4072/19/4443 4030/19/4409 3991/19/4400
f 4046/19/4428 4012/19/4402 4107/19/4444
f 4032/19/4387 4058/19/4445 4052/19/4438
f 4022/19/4432 4037/19/4431 4060/19/4446
f 4003/19/4388 4059/19/4447 4038/19/4433
f 4033/19/4420 4061/19/4448 4040/19/4421
f 4033/19/4420 4062/19/4449 4061/19/4448
f 4033/19/4420 4018/19/4406 4062/19/4449
f 4035/19/4434 4018/19/4406 4020/19/4395
f 4027/19/4450 4084/19/4451 4112/19/4452
f 4031/19/4427 4078/19/4453 4077/19/4454
f 4022/19/4411 4060/19/4455 4059/19/4456
f 4023/19/4457 4065/19/4458 4055/19/4459
f 4084/19/4451 4042/19/4422 4068/19/4460
f 4085/19/4461 4062/19/4449 4018/19/4406
f 4057/19/4462 4029/19/4435 4009/19/4463
f 4043/19/4417 4008/19/4398 4089/19/4464
f 4030/19/4409 4057/19/4462 3983/19/4221
f 4089/19/4464 4044/19/4436 4043/19/4417
f 4072/19/4443 4057/19/4462 4030/19/4409
f 4053/19/4405 4054/19/4429 4092/19/4465
f 4038/19/4433 4074/19/4466 4025/19/4413
f 4042/19/4422 4041/19/4442 4068/19/4460
f 4069/19/4424 4085/19/4461 4035/19/4434
f 4072/19/4443 4077/19/4454 4090/19/4467
f 4073/19/4425 4045/19/4386 4097/19/4468
f 4031/19/4427 4115/19/4469 4078/19/4453
f 4054/19/4429 4064/19/4441 4081/19/4470
f 4059/19/4447 4083/19/4471 4038/19/4433
f 4082/19/4472 4060/19/4446 4055/19/4459
f 4069/19/4424 4086/19/4473 4085/19/4461
f 4088/19/4474 4070/19/4475 4029/19/4435
f 4077/19/4454 4078/19/4453 4090/19/4467
f 4058/19/4445 4079/19/4476 4099/19/4477
f 4049/19/4437 4036/19/4478 4101/19/4479
f 4064/19/4441 4103/19/4480 4081/19/4470
f 4055/19/4459 4093/19/4481 4082/19/4472
f 4093/19/4481 4055/19/4459 4065/19/4458
f 4024/19/4482 4117/19/4483 4066/19/4484
f 4117/19/4483 4024/19/4482 4110/19/4485
f 4057/19/4462 4088/19/4474 4029/19/4435
f 4044/19/4436 4089/19/4464 4106/19/4486
f 4051/19/4439 4102/19/4487 4103/19/4480
f 4104/19/4488 4109/19/4489 4092/19/4465
f 4092/19/4465 4081/19/4470 4104/19/4488
f 4065/19/4458 4066/19/4484 4105/19/4490
f 4108/19/4491 4080/19/4492 4098/19/4493
f 4041/19/4442 4095/19/4494 4068/19/4460
f 4112/19/4452 4075/19/4495 4111/19/4496
f 4113/19/4497 4071/19/4498 4087/19/4499
f 4114/19/4500 4088/19/4474 4057/19/4462
f 4090/19/4467 4114/19/4500 4072/19/4443
f 4107/19/4444 4097/19/4468 4137/19/4501
f 4078/19/4453 4115/19/4469 4136/19/4502
f 4108/19/4491 4139/19/4503 4080/19/4492
f 4081/19/4470 4103/19/4480 4104/19/4488
f 4066/19/4484 4117/19/4483 4105/19/4490
f 4124/19/4504 4076/19/4505 4112/19/4452
f 4079/19/4476 4137/19/4501 4119/19/4506
f 4103/19/4480 4131/19/4507 4121/19/4508
f 4104/19/4488 4121/19/4508 4122/19/4509
f 4074/19/4466 4123/19/4510 4067/19/4511
f 4067/19/4511 4123/19/4510 4094/19/4512
f 4125/19/4513 4113/19/4497 4087/19/4499
f 4127/19/4514 4126/19/4515 4114/19/4500
f 4128/19/4516 4089/19/4464 4071/19/4498
f 4089/19/4464 4128/19/4516 4106/19/4486
f 4137/19/4501 4097/19/4468 4149/19/4517
f 4115/19/4469 4139/19/4503 4138/19/4518
f 4100/19/4519 4119/19/4506 4129/19/4520
f 4131/19/4507 4100/19/4519 4129/19/4520
f 4120/19/4521 4130/19/4522 4108/19/4491
f 4116/19/4523 4082/19/4472 4133/19/4524
f 4059/19/4447 4132/19/4525 4083/19/4471
f 4093/19/4481 4133/19/4524 4082/19/4472
f 4074/19/4466 4083/19/4471 4123/19/4510
f 4105/19/4490 4134/19/4526 4093/19/4481
f 4117/19/4483 4134/19/4526 4105/19/4490
f 4146/19/4527 4085/19/4461 4086/19/4473
f 4096/19/4528 4147/19/4529 4069/19/4424
f 4076/19/4505 4124/19/4504 4118/19/4530
f 4125/19/4513 4087/19/4499 4118/19/4530
f 4127/19/4514 4164/19/4531 4126/19/4515
f 4138/19/4518 4127/19/4514 4136/19/4502
f 4139/19/4503 4150/19/4532 4138/19/4518
f 4130/19/4522 4151/19/4533 4150/19/4532
f 4129/19/4520 4140/19/4534 4131/19/4507
f 4142/19/4535 4152/19/4536 4121/19/4537
f 4122/19/4538 4152/19/4536 4143/19/4539
f 4132/19/4525 4153/19/4540 4083/19/4471
f 4153/19/4540 4123/19/4510 4083/19/4471
f 4084/19/4451 4173/19/4541 4222/19/4542
f 4156/19/4543 4113/19/4497 4125/19/4513
f 4128/19/4516 4113/19/4497 4156/19/4543
f 4119/19/4506 4149/19/4517 4157/19/4544
f 4129/19/4520 4119/19/4506 4158/19/4545
f 4159/19/4546 4150/19/4547 4151/19/4533
f 4123/19/4510 4153/19/4540 4144/19/4548
f 4117/19/4483 4154/19/4549 4134/19/4526
f 4148/19/4550 4163/19/4551 4096/19/4528
f 4157/19/4544 4128/19/4516 4156/19/4543
f 4158/19/4545 4157/19/4544 4165/19/4552
f 4163/19/4551 4147/19/4529 4096/19/4528
f 4156/19/4543 4165/19/4552 4157/19/4544
f 4143/19/4539 4152/19/4536 4170/19/4553
f 4185/19/4554 4172/19/4555 4144/19/4548
f 4167/19/4556 4124/19/4504 4161/19/4557
f 4125/19/4513 4118/19/4530 4162/19/4558
f 4156/19/4543 4125/19/4513 4174/19/4559
f 4175/19/4560 4164/19/4531 4168/19/4561
f 4132/19/4525 4178/19/4562 4153/19/4540
f 4161/19/4557 4112/19/4452 4111/19/4496
f 4176/19/4563 4198/19/4564 4168/19/4561
f 4159/19/4546 4141/19/4565 4191/19/4566
f 4170/19/4553 4142/19/4535 4177/19/4567
f 4170/19/4553 4184/19/4568 4143/19/4539
f 4155/19/4569 4186/19/4570 4095/19/4494
f 4147/19/4529 4188/19/4571 4146/19/4527
f 4148/19/4550 4189/19/4572 4163/19/4551
f 4148/19/4550 4175/19/4560 4189/19/4572
f 4199/19/4573 4165/19/4552 4156/19/4543
f 4192/19/4574 4177/19/4567 4190/19/4575
f 4198/19/4564 4175/19/4560 4168/19/4561
f 4207/19/4576 4185/19/4554 4153/19/4540
f 4155/19/4569 4172/19/4555 4209/19/4577
f 4154/19/4549 4181/19/4578 4202/19/4579
f 4198/19/4564 4176/19/4563 4225/19/4580
f 4191/19/4566 4183/19/4581 4211/19/4582
f 4193/19/4583 4211/19/4582 4183/19/4581
f 4206/19/4584 4170/19/4553 4194/19/4585
f 4197/19/4586 4162/19/4558 4196/19/4587
f 4193/19/4583 4212/19/4588 4211/19/4582
f 4214/19/4589 4213/19/4590 4184/19/4568
f 4214/19/4589 4184/19/4568 4206/19/4584
f 4180/19/4591 4171/19/4592 4208/19/4593
f 4233/19/4594 4189/19/4572 4175/19/4560
f 4201/19/4595 4216/19/4596 4194/19/4585
f 4215/19/4597 4180/19/4591 4219/19/4598
f 4173/19/4541 4195/19/4599 4250/19/4600
f 4252/19/4601 4224/19/4602 4111/19/4496
f 4188/19/4571 4223/19/4603 4146/19/4527
f 4205/19/4604 4227/19/4605 4201/19/4595
f 4214/19/4589 4228/19/4606 4213/19/4590
f 4217/19/4607 4228/19/4606 4214/19/4589
f 4219/19/4608 4208/19/4593 4230/19/4609
f 4230/19/4609 4208/19/4593 4237/19/4610
f 4220/19/4611 4231/19/4612 4186/19/4570
f 4154/19/4549 4260/19/4613 4237/19/4610
f 4232/19/4614 4197/19/4586 4196/19/4587
f 4245/19/4615 4190/19/4575 4200/19/4616
f 4211/19/4582 4226/19/4617 4235/19/4618
f 4187/19/4619 4145/19/4620 4266/19/4621
f 4146/19/4527 4266/19/4621 4145/19/4620
f 4204/19/4622 4253/19/4623 4225/19/4580
f 4213/19/4590 4240/19/4624 4212/19/4588
f 4219/19/4608 4230/19/4609 4241/19/4625
f 4220/19/4626 4249/19/4627 4231/19/4628
f 4242/19/4629 4195/19/4599 4186/19/4570
f 4261/19/4630 4266/19/4621 4146/19/4527
f 4252/19/4601 4243/19/4631 4224/19/4602
f 4223/19/4603 4188/19/4571 4239/19/4632
f 4198/19/4564 4225/19/4580 4268/19/4633
f 4225/19/4580 4253/19/4623 4268/19/4633
f 4253/19/4623 4204/19/4622 4263/19/4634
f 4262/19/4635 4192/19/4574 4245/19/4615
f 4227/19/4605 4247/19/4636 4216/19/4596
f 4216/19/4596 4247/19/4636 4218/19/4637
f 4219/19/4598 4241/19/4625 4215/19/4597
f 4207/19/4576 4249/19/4627 4229/19/4638
f 4233/19/4594 4244/19/4639 4189/19/4572
f 4240/19/4624 4254/19/4640 4226/19/4617
f 4207/19/4576 4257/19/4641 4249/19/4627
f 4195/19/4599 4273/19/4642 4250/19/4600
f 4314/19/4643 4232/19/4614 4224/19/4602
f 4253/19/4623 4263/19/4634 4269/19/4644
f 4240/19/4624 4213/19/4590 4255/19/4645
f 4264/19/4646 4217/19/4607 4256/19/4647
f 4231/19/4628 4249/19/4627 4259/19/4648
f 4265/19/4649 4230/19/4609 4237/19/4610
f 4265/19/4649 4237/19/4610 4260/19/4613
f 4294/19/4650 4252/19/4601 4251/19/4651
f 4270/19/4652 4245/19/4615 4234/19/4653
f 4271/19/4654 4236/19/4655 4262/19/4635
f 4247/19/4636 4236/19/4655 4276/19/4656
f 4218/19/4637 4272/19/4657 4256/19/4647
f 4195/19/4599 4242/19/4629 4273/19/4642
f 4253/19/4623 4269/19/4644 4268/19/4633
f 4275/19/4658 4269/19/4644 4263/19/4634
f 4221/19/4659 4187/19/4619 4277/19/4660
f 4233/19/4594 4268/19/4633 4278/19/4661
f 4264/19/4646 4256/19/4647 4281/19/4662
f 4258/19/4663 4241/19/4625 4282/19/4664
f 4292/19/4665 4249/19/4627 4283/19/4666
f 4244/19/4639 4233/19/4594 4278/19/4661
f 4284/19/4667 4210/19/4668 4203/19/4669
f 4271/19/4654 4276/19/4656 4236/19/4655
f 4276/19/4656 4296/19/4670 4272/19/4657
f 4272/19/4657 4290/19/4671 4288/19/4672
f 4281/19/4662 4291/19/4673 4264/19/4646
f 4256/19/4647 4288/19/4672 4281/19/4662
f 4246/19/4674 4254/19/4640 4280/19/4675
f 4292/19/4665 4297/19/4676 4259/19/4648
f 4305/19/4677 4223/19/4603 4239/19/4632
f 4343/19/4678 4267/19/4679 4244/19/4639
f 4298/19/4680 4203/19/4669 4232/19/4614
f 4299/19/4681 4270/19/4652 4274/19/4682
f 4300/19/4683 4322/19/4684 4280/19/4675
f 4295/19/4685 4296/19/4670 4276/19/4656
f 4282/19/4664 4265/19/4649 4303/19/4686
f 4292/19/4665 4283/19/4666 4297/19/4676
f 4250/19/4600 4273/19/4642 4419/19/4687
f 4305/19/4677 4313/19/4688 4223/19/4603
f 4304/19/4689 4314/19/4643 4252/19/4601
f 4239/19/4632 4267/19/4679 4305/19/4677
f 4284/19/4667 4203/19/4669 4298/19/4680
f 4306/19/4690 4278/19/4661 4268/19/4633
f 4268/19/4633 4285/19/4691 4306/19/4690
f 4307/19/4692 4279/19/4693 4270/19/4652
f 4308/19/4694 4295/19/4685 4279/19/4693
f 4301/19/4695 4255/19/4645 4289/19/4696
f 4309/19/4697 4281/19/4662 4310/19/4698
f 4312/19/4699 4258/19/4663 4282/19/4664
f 4250/19/4600 4419/19/4687 4327/19/4700
f 4320/19/4701 4232/19/4614 4314/19/4643
f 4315/19/4702 4343/19/4678 4244/19/4639
f 4337/19/4703 4275/19/4658 4322/19/4684
f 4282/19/4664 4324/19/4704 4312/19/4699
f 4307/19/4692 4308/19/4694 4279/19/4693
f 4301/19/4695 4289/19/4696 4317/19/4705
f 4287/19/4706 4316/19/4707 4302/19/4708
f 4291/19/4673 4317/19/4705 4289/19/4696
f 4297/19/4676 4334/19/4709 4318/19/4710
f 4326/19/4711 4260/19/4613 4238/19/4712
f 4335/19/4713 4294/19/4650 4251/19/4651
f 4304/19/4689 4320/19/4701 4314/19/4643
f 4339/19/4714 4316/19/4707 4295/19/4685
f 4316/19/4707 4353/19/4715 4302/19/4708
f 4325/19/4716 4341/19/4717 4324/19/4704
f 4319/19/4718 4277/19/4660 4342/19/4719
f 4343/19/4678 4305/19/4677 4267/19/4679
f 4344/19/4720 4284/19/4667 4298/19/4680
f 4321/19/4721 4284/19/4667 4344/19/4720
f 4330/19/4722 4345/19/4723 4300/19/4683
f 4346/19/4724 4316/19/4707 4339/19/4714
f 4317/19/4705 4347/19/4725 4301/19/4695
f 4323/19/4726 4349/19/4727 4333/19/4728
f 4324/19/4704 4341/19/4717 4312/19/4699
f 4306/19/4690 4350/19/4729 4315/19/4702
f 4345/19/4723 4322/19/4684 4300/19/4683
f 4302/19/4708 4353/19/4715 4323/19/4726
f 4331/19/4730 4340/19/4731 4348/19/4732
f 4354/19/4733 4340/19/4731 4332/19/4734
f 4355/19/4735 4333/19/4728 4356/19/4736
f 4356/19/4736 4333/19/4728 4349/19/4727
f 4357/19/4737 4373/19/4738 4371/19/4739
f 4361/19/4740 4381/19/4741 4360/19/4742
f 4341/19/4717 4362/19/4743 4312/19/4699
f 4345/19/4723 4337/19/4703 4322/19/4684
f 4364/19/4744 4345/19/4723 4330/19/4722
f 4365/19/4745 4339/19/4714 4308/19/4694
f 4366/19/4746 4346/19/4724 4339/19/4714
f 4367/19/4747 4352/19/4748 4330/19/4722
f 4426/19/4749 4368/19/4750 4354/19/4733
f 4369/19/4751 4370/19/4752 4356/19/4736
f 4370/19/4752 4372/19/4753 4356/19/4736
f 4426/19/4749 4373/19/4738 4396/19/4754
f 4373/19/4738 4374/19/4755 4396/19/4754
f 4373/19/4738 4426/19/4749 4371/19/4739
f 4358/19/4756 4372/19/4753 4370/19/4752
f 4358/19/4756 4360/19/4742 4372/19/4753
f 4376/19/4757 4361/19/4740 4358/19/4756
f 4378/19/4758 4374/19/4755 4359/19/4759
f 4360/19/4742 4377/19/4760 4372/19/4753
f 4360/19/4742 4381/19/4741 4377/19/4760
f 4381/19/4741 4380/19/4761 4377/19/4760
f 4378/19/4758 4405/19/4762 4403/19/4763
f 4405/19/4762 4378/19/4758 4379/19/4764
f 4383/19/4765 4386/19/4766 4361/19/4740
f 4386/19/4766 4384/19/4767 4381/19/4741
f 4389/19/4768 4411/19/4769 4388/19/4770
f 4334/19/4709 4459/19/4771 4318/19/4710
f 4319/19/4718 4326/19/4711 4238/19/4712
f 4293/19/4772 4342/19/4719 4277/19/4660
f 4447/19/4773 4393/19/4774 4368/19/4750
f 4426/19/4749 4447/19/4773 4368/19/4750
f 4369/19/4751 4395/19/4775 4370/19/4752
f 4467/19/4776 4426/19/4749 4396/19/4754
f 4397/19/4777 4358/19/4756 4370/19/4752
f 4375/19/4778 4427/19/4779 4399/19/4780
f 4375/19/4778 4399/19/4780 4376/19/4757
f 4401/19/4781 4400/19/4782 4378/19/4758
f 4403/19/4763 4401/19/4781 4378/19/4758
f 4382/19/4783 4380/19/4761 4404/19/4784
f 4385/19/4785 4379/19/4764 4382/19/4783
f 4385/19/4785 4382/19/4783 4404/19/4784
f 4429/19/4786 4403/19/4763 4405/19/4762
f 4387/19/4787 4385/19/4785 4406/19/4788
f 4388/19/4770 4407/19/4789 4406/19/4788
f 4430/19/4790 4389/19/4768 4390/19/4791
f 4408/19/4792 4429/19/4786 4387/19/4787
f 4430/19/4790 4413/19/4793 4389/19/4768
f 4411/19/4769 4415/19/4794 4407/19/4789
f 4412/19/4795 4415/19/4794 4411/19/4769
f 4503/19/4796 4294/19/4650 4335/19/4713
f 4363/19/4797 4320/19/4701 4421/19/4798
f 4315/19/4702 4442/19/4799 4343/19/4678
f 4344/19/4720 4298/19/4680 4363/19/4797
f 4423/19/4800 4328/19/4801 4336/19/4802
f 4392/19/4803 4365/19/4745 4308/19/4694
f 4352/19/4748 4424/19/4804 4364/19/4744
f 4365/19/4745 4444/19/4805 4366/19/4746
f 4367/19/4747 4443/19/4806 4352/19/4748
f 4353/19/4715 4425/19/4807 4349/19/4727
f 4425/19/4807 4394/19/4808 4349/19/4727
f 4426/19/4749 4467/19/4776 4447/19/4773
f 4370/19/4752 4395/19/4775 4397/19/4777
f 4427/19/4779 4375/19/4778 4397/19/4777
f 4400/19/4782 4450/19/4809 4398/19/4810
f 4429/19/4786 4401/19/4781 4403/19/4763
f 4430/19/4790 4390/19/4791 4383/19/4765
f 4429/19/4786 4431/19/4811 4474/19/4812
f 4409/19/4813 4406/19/4788 4407/19/4789
f 4409/19/4813 4417/19/4814 4410/19/4815
f 4416/19/4816 4453/19/4817 4414/19/4818
f 4412/19/4795 4435/19/4819 4434/19/4820
f 4459/19/4771 4334/19/4709 4436/19/4821
f 4439/19/4822 4438/19/4823 4293/19/4772
f 4420/19/4824 4421/19/4798 4304/19/4689
f 4441/19/4825 4440/19/4826 4343/19/4678
f 4422/19/4827 4338/19/4828 4329/19/4829
f 4445/19/4830 4443/19/4806 4367/19/4747
f 4468/19/4831 4395/19/4775 4394/19/4808
f 4449/19/4832 4399/19/4780 4427/19/4779
f 4430/19/4790 4452/19/4833 4413/19/4793
f 4415/19/4794 4433/19/4834 4407/19/4789
f 4454/19/4835 4433/19/4834 4415/19/4794
f 4434/19/4820 4454/19/4835 4415/19/4794
f 4458/19/4836 4436/19/4821 4334/19/4709
f 4341/19/4717 4557/19/4837 4362/19/4743
f 4335/19/4713 4520/19/4838 4503/19/4796
f 4462/19/4839 4422/19/4827 4329/19/4829
f 4466/19/4840 4445/19/4830 4393/19/4774
f 4394/19/4808 4425/19/4807 4489/19/4841
f 4467/19/4776 4448/19/4842 4469/19/4843
f 4450/19/4809 4471/19/4844 4448/19/4842
f 4399/19/4780 4449/19/4832 4473/19/4845
f 4475/19/4846 4476/19/4847 4430/19/4790
f 4476/19/4847 4452/19/4833 4430/19/4790
f 4454/19/4835 4480/19/4848 4433/19/4834
f 4499/19/4849 4434/19/4820 4435/19/4819
f 4484/19/4850 4439/19/4822 4293/19/4772
f 4460/19/4851 4420/19/4824 4294/19/4650
f 4351/19/4852 4344/19/4720 4485/19/4853
f 4487/19/4854 4392/19/4803 4338/19/4828
f 4365/19/4745 4392/19/4803 4488/19/4855
f 4446/19/4856 4489/19/4841 4425/19/4807
f 4469/19/4843 4466/19/4840 4467/19/4776
f 4489/19/4841 4470/19/4857 4468/19/4831
f 4471/19/4844 4469/19/4843 4448/19/4842
f 4511/19/4858 4451/19/4859 4474/19/4812
f 4493/19/4860 4474/19/4812 4432/19/4861
f 4478/19/4862 4495/19/4863 4452/19/4833
f 4456/19/4864 4514/19/4865 4477/19/4866
f 4453/19/4817 4456/19/4864 4477/19/4866
f 4499/19/4849 4498/19/4867 4454/19/4835
f 4459/19/4771 4518/19/4868 4418/19/4869
f 4424/19/4804 4507/19/4870 4505/19/4871
f 4444/19/4805 4508/19/4872 4446/19/4856
f 4511/19/4858 4472/19/4873 4451/19/4859
f 4494/19/4874 4513/19/4875 4452/19/4833
f 4513/19/4875 4478/19/4862 4452/19/4833
f 4555/19/4876 4499/19/4849 4483/19/4877
f 4362/19/4743 4589/19/4878 4500/19/4879
f 4485/19/4853 4462/19/4839 4351/19/4852
f 4522/19/4880 4461/19/4881 4423/19/4800
f 4523/19/4882 4338/19/4828 4422/19/4827
f 4523/19/4882 4487/19/4854 4338/19/4828
f 4463/19/4883 4505/19/4871 4524/19/4884
f 4506/19/4885 4525/19/4886 4464/19/4887
f 4544/19/4888 4470/19/4857 4509/19/4889
f 4471/19/4844 4510/19/4890 4469/19/4843
f 4490/19/4891 4544/19/4888 4529/19/4892
f 4511/19/4858 4528/19/4893 4471/19/4844
f 4548/19/4894 4491/19/4895 4529/19/4892
f 4548/19/4894 4492/19/4896 4491/19/4895
f 4531/19/4897 4530/19/4898 4512/19/4899
f 4532/19/4900 4476/19/4847 4492/19/4896
f 4476/19/4847 4534/19/4901 4494/19/4874
f 4514/19/4865 4533/19/4902 4477/19/4866
f 4480/19/4848 4536/19/4903 4433/19/4834
f 4498/19/4867 4536/19/4903 4480/19/4848
f 4516/19/4904 4496/19/4905 4456/19/4864
f 4556/19/4906 4483/19/4877 4455/19/4907
f 4574/19/4908 4538/19/4909 4436/19/4821
f 4518/19/4868 4436/19/4821 4538/19/4909
f 4438/19/4823 4502/19/4910 4342/19/4719
f 4539/19/4911 4441/19/4825 4442/19/4799
f 4504/19/4912 4539/19/4911 4442/19/4799
f 4540/19/4913 4485/19/4853 4363/19/4797
f 4560/19/4914 4505/19/4871 4507/19/4870
f 4529/19/4892 4544/19/4888 4545/19/4915
f 4530/19/4898 4547/19/4916 4511/19/4858
f 4564/19/4917 4547/19/4916 4530/19/4898
f 4549/19/4918 4492/19/4896 4548/19/4894
f 4550/19/4919 4532/19/4900 4549/19/4918
f 4553/19/4920 4497/19/4921 4536/19/4903
f 4555/19/4876 4537/19/4922 4498/19/4867
f 4518/19/4868 4619/19/4923 4418/19/4869
f 4418/19/4869 4619/19/4923 4558/19/4924
f 4591/19/4925 4442/19/4799 4486/19/4926
f 4523/19/4882 4542/19/4927 4487/19/4854
f 4525/19/4886 4561/19/4928 4508/19/4872
f 4509/19/4889 4561/19/4928 4562/19/4929
f 4527/19/4930 4596/19/4931 4510/19/4890
f 4562/19/4929 4544/19/4888 4509/19/4889
f 4563/19/4932 4549/19/4918 4548/19/4894
f 4552/19/4933 4567/19/4934 4551/19/4935
f 4532/19/4900 4568/19/4936 4534/19/4901
f 4514/19/4865 4570/19/4937 4533/19/4902
f 4570/19/4937 4514/19/4865 4535/19/4938
f 4537/19/4922 4572/19/4939 4536/19/4903
f 4516/19/4904 4573/19/4940 4496/19/4905
f 4573/19/4940 4516/19/4904 4554/19/4941
f 4674/19/4942 4520/19/4838 4704/19/4943
f 4560/19/4914 4524/19/4884 4505/19/4871
f 4545/19/4915 4544/19/4888 4562/19/4929
f 4546/19/4944 4577/19/4945 4527/19/4930
f 4580/19/4946 4550/19/4919 4563/19/4932
f 4598/19/4947 4579/19/4948 4564/19/4917
f 4551/19/4935 4566/19/4949 4564/19/4917
f 4566/19/4949 4551/19/4935 4567/19/4934
f 4568/19/4936 4532/19/4900 4565/19/4950
f 4513/19/4875 4583/19/4951 4495/19/4863
f 4571/19/4952 4584/19/4953 4535/19/4938
f 4515/19/4954 4585/19/4955 4517/19/4956
f 4586/19/4957 4496/19/4905 4573/19/4940
f 4517/19/4956 4602/19/4958 4556/19/4906
f 4500/19/4879 4589/19/4878 4574/19/4959
f 4519/19/4960 4326/19/4711 4501/19/4961
f 4606/19/4962 4542/19/4927 4523/19/4882
f 4593/19/4963 4524/19/4884 4560/19/4914
f 4525/19/4886 4506/19/4885 4576/19/4964
f 4543/19/4965 4596/19/4931 4594/19/4966
f 4579/19/4948 4597/19/4967 4546/19/4944
f 4580/19/4946 4563/19/4932 4545/19/4915
f 4598/19/4947 4564/19/4917 4566/19/4949
f 4581/19/4968 4599/19/4969 4565/19/4950
f 4567/19/4934 4600/19/4970 4566/19/4949
f 4569/19/4971 4583/19/4951 4513/19/4875
f 4503/19/4796 4620/19/4972 4460/19/4851
f 4593/19/4963 4560/19/4914 4594/19/4966
f 4576/19/4964 4595/19/4973 4525/19/4886
f 4608/19/4974 4599/19/4969 4581/19/4968
f 4610/19/4975 4598/19/4947 4566/19/4949
f 4599/19/4969 4611/19/4976 4565/19/4950
f 4567/19/4934 4612/19/4977 4600/19/4970
f 4568/19/4936 4613/19/4978 4569/19/4971
f 4584/19/4953 4571/19/4952 4601/19/4979
f 4588/19/4980 4572/19/4939 4632/19/4981
f 4574/19/4959 4589/19/4878 4616/19/4982
f 4616/19/4982 4617/19/4983 4574/19/4959
f 4557/19/4837 4519/19/4960 4604/19/4984
f 4664/19/4985 4420/19/4824 4460/19/4851
f 4575/19/4986 4461/19/4881 4522/19/4880
f 4622/19/4987 4594/19/4966 4596/19/4931
f 4607/19/4988 4622/19/4987 4596/19/4931
f 4597/19/4967 4607/19/4988 4577/19/4945
f 4579/19/4948 4625/19/4989 4597/19/4967
f 4627/19/4990 4625/19/4989 4579/19/4948
f 4609/19/4991 4627/19/4990 4579/19/4948
f 4566/19/4949 4645/19/4992 4610/19/4975
f 4569/19/4971 4629/19/4993 4583/19/4951
f 4630/19/4994 4582/19/4995 4570/19/4937
f 4631/19/4996 4602/19/4958 4517/19/4956
f 4590/19/4997 4538/19/4909 4617/19/4998
f 4590/19/4997 4617/19/4998 4716/19/4999
f 4634/19/5000 4618/19/5001 4519/19/4960
f 4705/19/5002 4605/19/5003 4438/19/4823
f 4503/19/4796 4674/19/4942 4620/19/4972
f 4662/19/5004 4439/19/4822 4484/19/4850
f 4539/19/4911 4484/19/4850 4440/19/4826
f 4540/19/4913 4652/19/5005 4592/19/5006
f 4606/19/4962 4592/19/5006 4637/19/5007
f 4593/19/4963 4638/19/5008 4541/19/5009
f 4638/19/5008 4593/19/4963 4622/19/4987
f 4580/19/4946 4578/19/5010 4626/19/5011
f 4626/19/5011 4642/19/5012 4580/19/4946
f 4609/19/4991 4643/19/5013 4627/19/4990
f 4608/19/4974 4580/19/4946 4642/19/5012
f 4608/19/4974 4644/19/5014 4599/19/4969
f 4610/19/4975 4656/19/5015 4609/19/4991
f 4645/19/4992 4566/19/4949 4600/19/4970
f 4582/19/4995 4658/19/5016 4612/19/4977
f 4630/19/4994 4646/19/5017 4582/19/4995
f 4631/19/4996 4517/19/4956 4585/19/4955
f 4648/19/5018 4587/19/5019 4633/19/5020
f 4501/19/4961 4687/19/5021 4634/19/5000
f 4707/19/5022 4621/19/5023 4575/19/4986
f 4637/19/5007 4592/19/5006 4652/19/5005
f 4653/19/5024 4575/19/4986 4541/19/5009
f 4639/19/5025 4606/19/4962 4637/19/5007
f 4622/19/4987 4641/19/5026 4638/19/5008
f 4641/19/5026 4622/19/4987 4623/19/5027
f 4640/19/5028 4678/19/5029 4624/19/5030
f 4643/19/5013 4609/19/4991 4656/19/5015
f 4656/19/5015 4610/19/4975 4645/19/4992
f 4612/19/4977 4658/19/5016 4600/19/4970
f 4613/19/4978 4659/19/5031 4629/19/4993
f 4584/19/4953 4660/19/5032 4630/19/4994
f 4661/19/5033 4716/19/4999 4617/19/4998
f 4650/19/5034 4539/19/4911 4504/19/4912
f 4650/19/5034 4504/19/4912 4591/19/4925
f 4639/19/5025 4637/19/5007 4676/19/5035
f 4691/19/5036 4626/19/5011 4678/19/5029
f 4643/19/5013 4667/19/5037 4627/19/4990
f 4668/19/5038 4679/19/5039 4644/19/5014
f 4657/19/5040 4645/19/4992 4600/19/4970
f 4671/19/5041 4584/19/4953 4601/19/4979
f 4573/19/4940 4648/19/5018 4647/19/5042
f 4673/19/5043 4661/19/5044 4617/19/4983
f 4559/19/5045 4859/19/5046 4704/19/4943
f 4663/19/5047 4662/19/5004 4484/19/4850
f 4675/19/5048 4676/19/5035 4637/19/5007
f 4677/19/5049 4654/19/5050 4638/19/5008
f 4676/19/5035 4689/19/5051 4639/19/5025
f 4640/19/5028 4639/19/5025 4689/19/5051
f 4677/19/5049 4638/19/5008 4641/19/5026
f 4643/19/5013 4709/19/5052 4667/19/5037
f 4657/19/5040 4656/19/5015 4645/19/4992
f 4611/19/4976 4680/19/5053 4613/19/4978
f 4670/19/5054 4681/19/5055 4585/19/4955
f 4681/19/5055 4682/19/5056 4585/19/4955
f 4702/19/5057 4615/19/5058 4684/19/5059
f 4765/19/5060 4665/19/5061 4664/19/4985
f 4636/19/5062 4635/19/5063 4665/19/5061
f 4738/19/5064 4653/19/5024 4654/19/5050
f 4723/19/5065 4655/19/5066 4627/19/4990
f 4666/19/5067 4692/19/5068 4642/19/5012
f 4668/19/5038 4642/19/5012 4692/19/5068
f 4628/19/5069 4696/19/5070 4611/19/4976
f 4600/19/4970 4695/19/5071 4657/19/5040
f 4658/19/5016 4695/19/5071 4600/19/4970
f 4611/19/4976 4696/19/5070 4680/19/5053
f 4646/19/5017 4697/19/5072 4658/19/5016
f 4586/19/4957 4700/19/5073 4601/19/4979
f 4712/19/5074 4586/19/4957 4647/19/5042
f 4619/19/4923 4830/19/5075 4558/19/4924
f 4764/19/5076 4620/19/4972 4674/19/4942
f 4675/19/5048 4708/19/5077 4676/19/5035
f 4689/19/5051 4676/19/5035 4708/19/5077
f 4723/19/5065 4627/19/4990 4693/19/5078
f 4692/19/5068 4694/19/5079 4668/19/5038
f 4710/19/5080 4669/19/5081 4659/19/5031
f 4733/19/5082 4670/19/5054 4699/19/5083
f 4700/19/5073 4671/19/5041 4601/19/4979
f 4586/19/4957 4712/19/5074 4700/19/5073
f 4715/19/5084 4685/19/5085 4683/19/5086
f 4683/19/5086 4702/19/5057 4715/19/5084
f 4619/19/4923 4716/19/4999 4717/19/5087
f 4558/19/4924 4830/19/5075 4859/19/5046
f 4705/19/5002 4718/19/5088 4605/19/5003
f 4666/19/5067 4691/19/5036 4722/19/5089
f 4722/19/5089 4724/19/5090 4666/19/5067
f 4726/19/5091 4679/19/5039 4694/19/5079
f 4726/19/5091 4727/19/5092 4679/19/5039
f 4727/19/5092 4644/19/5014 4679/19/5039
f 4695/19/5071 4658/19/5016 4697/19/5072
f 4711/19/5093 4741/19/5094 4697/19/5072
f 4730/19/5095 4669/19/5081 4710/19/5080
f 4680/19/5053 4731/19/5096 4710/19/5080
f 4732/19/5097 4660/19/5032 4671/19/5041
f 4699/19/5083 4729/19/5098 4733/19/5082
f 4648/19/5018 4759/19/5099 4713/19/5100
f 4715/19/5084 4702/19/5057 4761/19/5101
f 4703/19/5102 4762/19/5103 4661/19/5044
f 4686/19/5104 4734/19/5105 4672/19/5106
f 4717/19/5087 4830/19/5075 4619/19/4923
f 4687/19/5021 4502/19/4910 4735/19/5107
f 4650/19/5034 4649/19/5108 4539/19/4911
f 4749/19/5109 4690/19/5110 4655/19/5066
f 4835/19/5111 4693/19/5078 4667/19/5037
f 4741/19/5094 4742/19/5112 4695/19/5071
f 4696/19/5070 4731/19/5096 4680/19/5053
f 4701/19/5113 4714/19/5114 4602/19/4958
f 4715/19/5084 4814/19/5115 4685/19/5085
f 4718/19/5088 4705/19/5002 4662/19/5004
f 4747/19/5116 4746/19/5117 4649/19/5108
f 4708/19/5077 4675/19/5048 4748/19/5118
f 4725/19/5119 4726/19/5091 4694/19/5079
f 4754/19/5120 4732/19/5097 4755/19/5121
f 4733/19/5082 4769/19/5122 4681/19/5055
f 4758/19/5123 4714/19/5114 4701/19/5113
f 4802/19/5124 4734/19/5105 4686/19/5104
f 4661/19/5033 4745/19/5125 4717/19/5087
f 4704/19/4943 4859/19/5046 4890/19/5126
f 4718/19/5088 4763/19/5127 4605/19/5003
f 4704/19/4943 4890/19/5126 4764/19/5076
f 4719/19/5128 4636/19/5062 4665/19/5061
f 4736/19/5129 4650/19/5034 4688/19/5130
f 4748/19/5118 4675/19/5048 4893/19/5131
f 4737/19/5132 4738/19/5064 4720/19/5133
f 4708/19/5077 4834/19/5134 4740/19/5135
f 4766/19/5136 4694/19/5079 4692/19/5068
f 4744/19/5137 4755/19/5121 4732/19/5097
f 4729/19/5098 4757/19/5138 4769/19/5122
f 4731/19/5096 4771/19/5139 4770/19/5140
f 4711/19/5093 4772/19/5141 4768/19/5142
f 4772/19/5141 4711/19/5093 4754/19/5120
f 4773/19/5143 4774/19/5144 4744/19/5137
f 4769/19/5122 4808/19/5145 4758/19/5123
f 4756/19/5146 4779/19/5147 4729/19/5098
f 4773/19/5143 4700/19/5073 4712/19/5074
f 4778/19/5148 4768/19/5142 4772/19/5141
f 4778/19/5148 4772/19/5141 4775/19/5149
f 4780/19/5150 4778/19/5148 4811/19/5151
f 4781/19/5152 4778/19/5148 4780/19/5150
f 4782/19/5153 4783/19/5154 4779/19/5147
f 4784/19/5155 4778/19/5148 4781/19/5152
f 4782/19/5153 4786/19/5156 4783/19/5154
f 4791/19/5157 4787/19/5158 4788/19/5159
f 4790/19/5160 4796/19/5161 4795/19/5162
f 4794/19/5163 4801/19/5164 4800/19/5165
f 4803/19/5166 4746/19/5117 4747/19/5116
f 4650/19/5034 4736/19/5129 4747/19/5116
f 4748/19/5118 4834/19/5134 4708/19/5077
f 4861/19/5167 4749/19/5109 4723/19/5065
f 4915/19/5168 4693/19/5078 4835/19/5111
f 4805/19/5169 4752/19/5170 4657/19/5040
f 4774/19/5144 4754/19/5120 4755/19/5121
f 4807/19/5171 4769/19/5122 4757/19/5138
f 4809/19/5172 4775/19/5149 4754/19/5120
f 4774/19/5144 4809/19/5172 4754/19/5120
f 4810/19/5173 4758/19/5123 4808/19/5145
f 4713/19/5100 4812/19/5174 4712/19/5074
f 4784/19/5155 4768/19/5142 4778/19/5148
f 4815/19/5175 4768/19/5142 4784/19/5155
f 4816/19/5176 4782/19/5153 4776/19/5177
f 4780/19/5150 4811/19/5151 4817/19/5178
f 4785/19/5179 4780/19/5150 4817/19/5178
f 4786/19/5156 4823/19/5180 4818/19/5181
f 4783/19/5154 4786/19/5156 4818/19/5181
f 4820/19/5182 4819/19/5183 4782/19/5153
f 4822/19/5184 4781/19/5152 4785/19/5179
f 4822/19/5184 4847/19/5185 4784/19/5155
f 4819/19/5183 4825/19/5186 4786/19/5156
f 4791/19/5187 4798/19/5188 4826/19/5189
f 4800/19/5165 4829/19/5190 4794/19/5163
f 4801/19/5164 4795/19/5191 4797/19/5192
f 4969/19/5193 4763/19/5127 4718/19/5088
f 4764/19/5076 4890/19/5126 4912/19/5194
f 4720/19/5133 4833/19/5195 4737/19/5132
f 4833/19/5195 4720/19/5133 4739/19/5196
f 4751/19/5197 4836/19/5198 4667/19/5037
f 4837/19/5199 4898/19/5200 4752/19/5170
f 4838/19/5201 4920/19/5202 4742/19/5112
f 4838/19/5201 4742/19/5112 4741/19/5094
f 4838/19/5201 4741/19/5094 4806/19/5203
f 4743/19/5204 4839/19/5205 4771/19/5139
f 4840/19/5206 4770/19/5140 4771/19/5139
f 4815/19/5175 4806/19/5203 4767/19/5207
f 4809/19/5172 4811/19/5151 4775/19/5149
f 4869/19/5208 4812/19/5174 4713/19/5100
f 4810/19/5173 4813/19/5209 4714/19/5114
f 4815/19/5175 4767/19/5207 4768/19/5142
f 4840/19/5206 4816/19/5176 4770/19/5140
f 4840/19/5206 4846/19/5210 4816/19/5176
f 4817/19/5178 4848/19/5211 4785/19/5179
f 4819/19/5183 4820/19/5182 4821/19/5212
f 4785/19/5179 4849/19/5213 4824/19/5214
f 4825/19/5186 4850/19/5215 4823/19/5180
f 4788/19/5159 4787/19/5158 4851/19/5216
f 4789/19/5217 4853/19/5218 4790/19/5160
f 4829/19/5190 4855/19/5219 4794/19/5163
f 4762/19/5103 4939/19/5220 4858/19/5221
f 4717/19/5087 4745/19/5125 4942/19/5222
f 4763/19/5127 4943/19/5223 4735/19/5107
f 4620/19/4972 4764/19/5076 4913/19/5224
f 4891/19/5225 4663/19/5047 4746/19/5117
f 4893/19/5131 4706/19/5226 4719/19/5128
f 4722/19/5089 4740/19/5135 4897/19/5227
f 4724/19/5090 4722/19/5089 4897/19/5227
f 4915/19/5168 4861/19/5167 4723/19/5065
f 4724/19/5090 4916/19/5228 4750/19/5229
f 4863/19/5230 4752/19/5170 4805/19/5169
f 4920/19/5202 4805/19/5169 4742/19/5112
f 4865/19/5231 4743/19/5204 4728/19/5232
f 4839/19/5205 4840/19/5206 4771/19/5139
f 4866/19/5233 4806/19/5203 4815/19/5175
f 4774/19/5144 4867/19/5234 4809/19/5172
f 4868/19/5235 4810/19/5173 4808/19/5145
f 4871/19/5236 4807/19/5171 4843/19/5237
f 4848/19/5211 4879/19/5238 4785/19/5179
f 4849/19/5213 4785/19/5179 4879/19/5238
f 4821/19/5212 4883/19/5239 4819/19/5183
f 4881/19/5240 4822/19/5184 4824/19/5214
f 4881/19/5240 4884/19/5241 4822/19/5184
f 4882/19/5242 4825/19/5186 4883/19/5239
f 4788/19/5159 4886/19/5243 4793/19/5244
f 4827/19/5245 4793/19/5244 4886/19/5243
f 4789/19/5217 4855/19/5246 4931/19/5247
f 4826/19/5248 4887/19/5249 4792/19/5250
f 4888/19/5251 4797/19/5252 4856/19/5253
f 4888/19/5254 4857/19/5255 4797/19/5192
f 4830/19/5075 5022/19/5256 5126/19/5257
f 4913/19/5224 4831/19/5258 4620/19/4972
f 4892/19/5259 4804/19/5260 4765/19/5060
f 4804/19/5260 4893/19/5131 4719/19/5128
f 4894/19/5261 4736/19/5129 4737/19/5132
f 4895/19/5262 4833/19/5195 4721/19/5263
f 4914/19/5264 4721/19/5263 4749/19/5109
f 4896/19/5265 4897/19/5227 4740/19/5135
f 4749/19/5109 4861/19/5167 4914/19/5264
f 4947/19/5266 4862/19/5267 4725/19/5119
f 4899/19/5268 4753/19/5269 4727/19/5092
f 4812/19/5174 4900/19/5270 4841/19/5271
f 4901/19/5272 4873/19/5273 4874/19/5274
f 4847/19/5185 4905/19/5275 4845/19/5276
f 4846/19/5210 4906/19/5277 4821/19/5212
f 4821/19/5212 4906/19/5277 4883/19/5239
f 4849/19/5213 4881/19/5240 4824/19/5214
f 4885/19/5278 4907/19/5279 4796/19/5161
f 4909/19/5280 4889/19/5281 4798/19/5188
f 4858/19/5282 4911/19/5283 4745/19/5125
f 4911/19/5283 4942/19/5222 4745/19/5125
f 4830/19/5075 4942/19/5222 5022/19/5256
f 4724/19/5090 4897/19/5227 4977/19/5284
f 4977/19/5284 4916/19/5228 4724/19/5090
f 5003/19/5285 4751/19/5197 4898/19/5200
f 4752/19/5170 4863/19/5230 4918/19/5286
f 4921/19/5287 4839/19/5205 4865/19/5231
f 4921/19/5287 4844/19/5288 4839/19/5205
f 4922/19/5289 4948/19/5290 4838/19/5201
f 4871/19/5236 4924/19/5291 4868/19/5235
f 4923/19/5292 4877/19/5293 4844/19/5288
f 4904/19/5294 4846/19/5210 4877/19/5293
f 4903/19/5295 4875/19/5296 4845/19/5276
f 4932/19/5297 4931/19/5247 4855/19/5246
f 4996/19/5298 4856/19/5253 4933/19/5299
f 4826/19/5248 4934/19/5300 4887/19/5249
f 4826/19/5189 4936/19/5301 4934/19/5302
f 4889/19/5281 4936/19/5301 4826/19/5189
f 4938/19/5303 4798/19/5188 4799/19/5304
f 4938/19/5303 4799/19/5304 4828/19/5305
f 4937/19/5306 4938/19/5303 4828/19/5305
f 4829/19/5307 4800/19/5308 4966/19/5309
f 4859/19/5046 5126/19/5257 4890/19/5126
f 4973/19/5310 4894/19/5261 4833/19/5195
f 4916/19/5228 5026/19/5311 4750/19/5229
f 5026/19/5311 4766/19/5136 4750/19/5229
f 4725/19/5119 4766/19/5136 4947/19/5266
f 4814/19/5115 4949/19/5312 4842/19/5313
f 4759/19/5099 4842/19/5313 5007/19/5314
f 4924/19/5315 4871/19/5236 4873/19/5273
f 4874/19/5274 4953/19/5316 4901/19/5272
f 4952/19/5317 4954/19/5318 4876/19/5319
f 4923/19/5292 4904/19/5294 4877/19/5293
f 4954/19/5318 4955/19/5320 4902/19/5321
f 4926/19/5322 4903/19/5295 4905/19/5275
f 4881/19/5240 4960/19/5323 4884/19/5241
f 4849/19/5213 4960/19/5324 4881/19/5240
f 4790/19/5160 4930/19/5325 4885/19/5278
f 4853/19/5218 4852/19/5326 4931/19/5247
f 4963/19/5327 4994/19/5328 4827/19/5245
f 4964/19/5329 4887/19/5249 4934/19/5300
f 4996/19/5298 4965/19/5330 4888/19/5251
f 4941/19/5331 4734/19/5105 4802/19/5124
f 4970/19/5332 4803/19/5166 4832/19/5333
f 4832/19/5333 4971/19/5334 4970/19/5332
f 4804/19/5260 4972/19/5335 4893/19/5131
f 4946/19/5336 4893/19/5131 4972/19/5335
f 4894/19/5261 4973/19/5310 4971/19/5334
f 4897/19/5227 4896/19/5265 4977/19/5284
f 4976/19/5337 4914/19/5264 4861/19/5167
f 4862/19/5267 4899/19/5268 4727/19/5092
f 4918/19/5286 4917/19/5338 4837/19/5199
f 5005/19/5339 4923/19/5292 4921/19/5287
f 4979/19/5340 5007/19/5314 4842/19/5313
f 4951/19/5341 4759/19/5099 5007/19/5314
f 4951/19/5341 4981/19/5342 4952/19/5317
f 4982/19/5343 4953/19/5316 4874/19/5274
f 4874/19/5274 4878/19/5344 4982/19/5343
f 4983/19/5345 4904/19/5294 4923/19/5292
f 4878/19/5344 4984/19/5346 4982/19/5343
f 4984/19/5346 4878/19/5344 4925/19/5347
f 4903/19/5295 4926/19/5322 5010/19/5348
f 4983/19/5345 4906/19/5277 4904/19/5294
f 4902/19/5321 4985/19/5349 4879/19/5238
f 4988/19/5350 4958/19/5351 4928/19/5352
f 4987/19/5353 4989/19/5354 4960/19/5324
f 4928/19/5352 4990/19/5355 4988/19/5350
f 4792/19/5250 4991/19/5356 4962/19/5357
f 4931/19/5247 4992/19/5358 4853/19/5218
f 4887/19/5249 4991/19/5356 4792/19/5250
f 5042/19/5359 4857/19/5255 4888/19/5254
f 4888/19/5254 4965/19/5360 5042/19/5359
f 4967/19/5361 4734/19/5105 5000/19/5362
f 4968/19/5363 4943/19/5223 5001/19/5364
f 4977/19/5284 4896/19/5265 4975/19/5365
f 4862/19/5267 4947/19/5266 5004/19/5366
f 5048/19/5367 4919/19/5368 4899/19/5268
f 4922/19/5289 5081/19/5369 4948/19/5290
f 4979/19/5340 4842/19/5313 4949/19/5312
f 4870/19/5370 5029/19/5371 4949/19/5312
f 4980/19/5372 4903/19/5295 5010/19/5348
f 5009/19/5373 4983/19/5345 4923/19/5292
f 4986/19/5374 4906/19/5277 4983/19/5345
f 4927/19/5375 5011/19/5376 4928/19/5352
f 4989/19/5377 4956/19/5378 4960/19/5323
f 4928/19/5352 5011/19/5376 4990/19/5355
f 5013/19/5379 4851/19/5216 4961/19/5380
f 4886/19/5243 4993/19/5381 5094/19/5382
f 5016/19/5383 4933/19/5299 4907/19/5279
f 4964/19/5329 5015/19/5384 4887/19/5249
f 4934/19/5300 5017/19/5385 4964/19/5329
f 4997/19/5386 4995/19/5387 4908/19/5388
f 5042/19/5359 5041/19/5389 4857/19/5255
f 5018/19/5390 4909/19/5280 4938/19/5303
f 4966/19/5309 4910/19/5391 5019/19/5392
f 4942/19/5222 5020/19/5393 5021/19/5394
f 5126/19/5257 5022/19/5256 5167/19/5395
f 4970/19/5332 4891/19/5225 4803/19/5166
f 4970/19/5332 4971/19/5334 5076/19/5396
f 4896/19/5265 4974/19/5397 5024/19/5398
f 5045/19/5399 4766/19/5136 5026/19/5311
f 4899/19/5268 4862/19/5267 5047/19/5400
f 4917/19/5338 5079/19/5401 5046/19/5402
f 4863/19/5230 4920/19/5202 5080/19/5403
f 5049/19/5404 4865/19/5231 4864/19/5405
f 5028/19/5406 4921/19/5287 5027/19/5407
f 5028/19/5406 5005/19/5339 4921/19/5287
f 4980/19/5372 5081/19/5369 4922/19/5289
f 4985/19/5349 5032/19/5408 4957/19/5409
f 5011/19/5376 5067/19/5410 4990/19/5355
f 5034/19/5411 4958/19/5351 4988/19/5350
f 5035/19/5412 5036/19/5413 5013/19/5379
f 4907/19/5279 5014/19/5414 5038/19/5415
f 4992/19/5358 4931/19/5247 4932/19/5297
f 4935/19/5416 5040/19/5417 4937/19/5418
f 4910/19/5391 4857/19/5255 5041/19/5389
f 5101/19/5419 5000/19/5362 4941/19/5331
f 4890/19/5126 5426/19/5420 4912/19/5194
f 5127/19/5421 4944/19/5422 4860/19/5423
f 5043/19/5424 5023/19/5425 4913/19/5224
f 4915/19/5168 5078/19/5426 5025/19/5427
f 5046/19/5402 5130/19/5428 5003/19/5285
f 5049/19/5404 4864/19/5405 4919/19/5368
f 5105/19/5429 5080/19/5403 4920/19/5202
f 4865/19/5231 5049/19/5404 5027/19/5407
f 5051/19/5430 5029/19/5371 4924/19/5291
f 5008/19/5431 4981/19/5342 5052/19/5432
f 5055/19/5433 4954/19/5318 5008/19/5431
f 5056/19/5434 5030/19/5435 5010/19/5348
f 5055/19/5433 4955/19/5320 4954/19/5318
f 4926/19/5322 4956/19/5378 5059/19/5436
f 5061/19/5437 5011/19/5376 4986/19/5374
f 4957/19/5409 5062/19/5438 5033/19/5439
f 5034/19/5411 5064/19/5440 4958/19/5351
f 4990/19/5355 5067/19/5410 5066/19/5441
f 4962/19/5357 5068/19/5442 5035/19/5412
f 4993/19/5381 5013/19/5379 5036/19/5413
f 5038/19/5415 5069/19/5443 4907/19/5279
f 5071/19/5444 4992/19/5358 4932/19/5297
f 4932/19/5297 4995/19/5387 5071/19/5444
f 4997/19/5386 5122/19/5445 4995/19/5387
f 5098/19/5446 4938/19/5303 4937/19/5306
f 5075/19/5447 4943/19/5223 4763/19/5127
f 4969/19/5193 5075/19/5447 4763/19/5127
f 4912/19/5194 5426/19/5420 5257/19/5448
f 4973/19/5310 5169/19/5449 4971/19/5334
f 4977/19/5284 4975/19/5365 5209/19/5450
f 5046/19/5402 5079/19/5401 5132/19/5451
f 4918/19/5286 4863/19/5230 5080/19/5403
f 5007/19/5314 4979/19/5340 5050/19/5452
f 5029/19/5371 5082/19/5453 4949/19/5312
f 5030/19/5435 5081/19/5369 4980/19/5372
f 5006/19/5454 5007/19/5314 5050/19/5452
f 5083/19/5455 4955/19/5320 5055/19/5433
f 5083/19/5455 4985/19/5349 4955/19/5320
f 4985/19/5349 5084/19/5456 5032/19/5408
f 5060/19/5457 5058/19/5458 4984/19/5346
f 4956/19/5378 4989/19/5377 5085/19/5459
f 5087/19/5460 4989/19/5354 5063/19/5461
f 5033/19/5439 5111/19/5462 5063/19/5461
f 5035/19/5412 5089/19/5463 5088/19/5464
f 5091/19/5465 5092/19/5466 5038/19/5415
f 5093/19/5467 4993/19/5381 5036/19/5413
f 5039/19/5468 5068/19/5442 4991/19/5356
f 5039/19/5468 4991/19/5356 5015/19/5384
f 4994/19/5328 5094/19/5382 5095/19/5469
f 4999/19/5470 4966/19/5309 5124/19/5471
f 4940/19/5472 5255/19/5473 5020/19/5393
f 5021/19/5394 5167/19/5395 5022/19/5256
f 5207/19/5474 5002/19/5475 5023/19/5425
f 5024/19/5398 5129/19/5476 4896/19/5265
f 5025/19/5427 5103/19/5477 4976/19/5337
f 5104/19/5478 4916/19/5228 4977/19/5284
f 5078/19/5426 5171/19/5479 5025/19/5427
f 5054/19/5480 5141/19/5481 5216/19/5482
f 5061/19/5437 5067/19/5410 5011/19/5376
f 5067/19/5410 5061/19/5437 5086/19/5483
f 5112/19/5484 5062/19/5438 5110/19/5485
f 5066/19/5441 5114/19/5486 5034/19/5411
f 5087/19/5460 5063/19/5461 5111/19/5462
f 5149/19/5487 5087/19/5460 5111/19/5462
f 5114/19/5486 5116/19/5488 5064/19/5440
f 5068/19/5442 5117/19/5489 5089/19/5463
f 5089/19/5463 5035/19/5412 5068/19/5442
f 5093/19/5467 5120/19/5490 4993/19/5381
f 5120/19/5490 5094/19/5382 4993/19/5381
f 5121/19/5491 5199/19/5492 5016/19/5383
f 5097/19/5493 4996/19/5298 5161/19/5494
f 4966/19/5309 5019/19/5392 5124/19/5471
f 4940/19/5495 5073/19/5496 5125/19/5497
f 5021/19/5394 5020/19/5393 5204/19/5498
f 5101/19/5419 4968/19/5363 5001/19/5364
f 5043/19/5424 4913/19/5224 5258/19/5499
f 5207/19/5474 5043/19/5424 5206/19/5500
f 5128/19/5501 4974/19/5397 4972/19/5335
f 5172/19/5502 5045/19/5399 5026/19/5311
f 5046/19/5402 5132/19/5451 5211/19/5503
f 5047/19/5400 5004/19/5366 5131/19/5504
f 5047/19/5400 5133/19/5505 5048/19/5367
f 5177/19/5506 5028/19/5406 5027/19/5407
f 5134/19/5507 5105/19/5429 5081/19/5369
f 5177/19/5506 5106/19/5508 5028/19/5406
f 5030/19/5435 5134/19/5507 5081/19/5369
f 4979/19/5340 5178/19/5509 5136/19/5510
f 5139/19/5511 5009/19/5373 5106/19/5508
f 5054/19/5480 5216/19/5482 5053/19/5512
f 5055/19/5433 5052/19/5432 5140/19/5513
f 5142/19/5514 5058/19/5458 5060/19/5457
f 5085/19/5459 4989/19/5377 5109/19/5515
f 5110/19/5485 5062/19/5438 5108/19/5516
f 5086/19/5483 5115/19/5517 5066/19/5441
f 5113/19/5518 5065/19/5519 5116/19/5488
f 5149/19/5487 5145/19/5520 5087/19/5460
f 5116/19/5488 5147/19/5521 5113/19/5518
f 5148/19/5522 5114/19/5486 5115/19/5517
f 5150/19/5523 5190/19/5524 5116/19/5488
f 5152/19/5525 5111/19/5462 5112/19/5484
f 5088/19/5464 5193/19/5526 5090/19/5527
f 5119/19/5528 5070/19/5529 5156/19/5530
f 5158/19/5531 5016/19/5383 5069/19/5443
f 5094/19/5382 5120/19/5490 5095/19/5469
f 5159/19/5532 5039/19/5468 5015/19/5384
f 5163/19/5533 5040/19/5417 5123/19/5534
f 5164/19/5535 4965/19/5330 5097/19/5493
f 4999/19/5536 5200/19/5537 4997/19/5538
f 5042/19/5359 4965/19/5360 5164/19/5539
f 5125/19/5497 5073/19/5496 5166/19/5540
f 4940/19/5495 5125/19/5497 5255/19/5473
f 4913/19/5224 4912/19/5194 5258/19/5499
f 5307/19/5541 5127/19/5421 5102/19/5542
f 5207/19/5474 5168/19/5543 5002/19/5475
f 5168/19/5543 5044/19/5544 5002/19/5475
f 5129/19/5476 5170/19/5545 4975/19/5365
f 4976/19/5337 5309/19/5546 5208/19/5547
f 5025/19/5427 5171/19/5479 5103/19/5477
f 5104/19/5478 4977/19/5284 5209/19/5450
f 4978/19/5548 5003/19/5285 5210/19/5549
f 5045/19/5399 5131/19/5504 5004/19/5366
f 5133/19/5505 5047/19/5400 5262/19/5550
f 5173/19/5551 5048/19/5367 5133/19/5505
f 5173/19/5551 5049/19/5404 5048/19/5367
f 5175/19/5552 5174/19/5553 5080/19/5403
f 5213/19/5554 5027/19/5407 5049/19/5404
f 5082/19/5453 5137/19/5555 5135/19/5556
f 5106/19/5508 5177/19/5506 5316/19/5557
f 5181/19/5558 5134/19/5507 5030/19/5435
f 5083/19/5455 5055/19/5433 5140/19/5513
f 5268/19/5559 5218/19/5560 5059/19/5436
f 5221/19/5561 5061/19/5437 4986/19/5374
f 5143/19/5562 5142/19/5514 5060/19/5457
f 5061/19/5437 5184/19/5563 5086/19/5483
f 5108/19/5516 5185/19/5564 5110/19/5485
f 5109/19/5515 5087/19/5460 5144/19/5565
f 5086/19/5483 5225/19/5566 5115/19/5517
f 5187/19/5567 5115/19/5517 5225/19/5566
f 5145/19/5520 5188/19/5568 5144/19/5565
f 5149/19/5487 5152/19/5525 5151/19/5569
f 5146/19/5570 5189/19/5571 5153/19/5572
f 5190/19/5524 5227/19/5573 5147/19/5521
f 5151/19/5569 5191/19/5574 5145/19/5520
f 5148/19/5522 5192/19/5575 5150/19/5523
f 5154/19/5576 5088/19/5464 5089/19/5463
f 5194/19/5577 5091/19/5465 5119/19/5528
f 5068/19/5442 5196/19/5578 5117/19/5489
f 5243/19/5579 5158/19/5531 5069/19/5443
f 5093/19/5467 5195/19/5580 5120/19/5490
f 5159/19/5532 5196/19/5578 5039/19/5468
f 5071/19/5444 5122/19/5445 5162/19/5581
f 5072/19/5582 5201/19/5583 5017/19/5584
f 5041/19/5389 5042/19/5359 5203/19/5585
f 5304/19/5586 5100/19/5587 5101/19/5419
f 5001/19/5364 5304/19/5586 5101/19/5419
f 5306/19/5588 5075/19/5447 4944/19/5422
f 5170/19/5545 5209/19/5450 4975/19/5365
f 4976/19/5337 5103/19/5477 5309/19/5546
f 5210/19/5549 5171/19/5479 5078/19/5426
f 5313/19/5589 5211/19/5503 5132/19/5451
f 5134/19/5507 5176/19/5590 5105/19/5429
f 5136/19/5510 5214/19/5591 5317/19/5592
f 5215/19/5593 5179/19/5594 5135/19/5556
f 5135/19/5556 5137/19/5555 5215/19/5593
f 5050/19/5452 5318/19/5595 5138/19/5596
f 5053/19/5512 5216/19/5482 5180/19/5597
f 5140/19/5513 5138/19/5596 5217/19/5598
f 5107/19/5599 5266/19/5600 5141/19/5481
f 5219/19/5601 5183/19/5602 5083/19/5455
f 5107/19/5599 5142/19/5514 5220/19/5603
f 5183/19/5602 5108/19/5516 5084/19/5456
f 5224/19/5604 5085/19/5459 5109/19/5515
f 5223/19/5605 5143/19/5562 5186/19/5606
f 5224/19/5604 5109/19/5515 5144/19/5565
f 5186/19/5606 5113/19/5518 5147/19/5521
f 5185/19/5564 5226/19/5607 5146/19/5570
f 5152/19/5525 5229/19/5608 5151/19/5569
f 5230/19/5609 5190/19/5524 5150/19/5523
f 5230/19/5609 5231/19/5610 5190/19/5524
f 5235/19/5611 5234/19/5612 5279/19/5613
f 5236/19/5614 5232/19/5615 5233/19/5616
f 5239/19/5617 5155/19/5618 5238/19/5619
f 5193/19/5526 5236/19/5620 5237/19/5621
f 5090/19/5527 5193/19/5526 5237/19/5621
f 5155/19/5618 5194/19/5577 5238/19/5619
f 5089/19/5463 5236/19/5620 5154/19/5576
f 5155/19/5618 5239/19/5617 5092/19/5466
f 5117/19/5489 5241/19/5622 5089/19/5463
f 5242/19/5623 5119/19/5528 5156/19/5530
f 5197/19/5624 5120/19/5490 5413/19/5625
f 5245/19/5626 5157/19/5627 5198/19/5628
f 5198/19/5628 5071/19/5444 5247/19/5629
f 5160/19/5630 5246/19/5631 5248/19/5632
f 5249/19/5633 5296/19/5634 5096/19/5635
f 5249/19/5633 5096/19/5635 5251/19/5636
f 5248/19/5632 5123/19/5534 5160/19/5630
f 5252/19/5637 5072/19/5582 4998/19/5638
f 4938/19/5303 5358/19/5639 5253/19/5640
f 5358/19/5639 4938/19/5303 5098/19/5446
f 5124/19/5471 5019/19/5392 5301/19/5641
f 5099/19/5642 5041/19/5389 5302/19/5643
f 5302/19/5643 5041/19/5389 5203/19/5585
f 5100/19/5587 5254/19/5644 5166/19/5540
f 5100/19/5587 5304/19/5586 5254/19/5644
f 5204/19/5498 5020/19/5393 5255/19/5473
f 5256/19/5645 5074/19/5646 4943/19/5223
f 5126/19/5257 5305/19/5647 5426/19/5420
f 5127/19/5421 5306/19/5588 4944/19/5422
f 4912/19/5194 5257/19/5448 5258/19/5499
f 5310/19/5648 5104/19/5478 5209/19/5450
f 5314/19/5649 5047/19/5400 5131/19/5504
f 5079/19/5401 5263/19/5650 5212/19/5651
f 5264/19/5652 5049/19/5404 5173/19/5551
f 5136/19/5510 5317/19/5592 5318/19/5595
f 5215/19/5593 5137/19/5555 5265/19/5653
f 5315/19/5654 5134/19/5507 5181/19/5558
f 5139/19/5511 5316/19/5557 5373/19/5655
f 5322/19/5656 5182/19/5657 5139/19/5511
f 5267/19/5658 5320/19/5659 5218/19/5560
f 5218/19/5560 5268/19/5559 5267/19/5658
f 5268/19/5559 5085/19/5459 5326/19/5660
f 5224/19/5604 5326/19/5660 5085/19/5459
f 5184/19/5563 5327/19/5661 5225/19/5566
f 5270/19/5662 5223/19/5605 5186/19/5606
f 5272/19/5663 5224/19/5604 5144/19/5565
f 5273/19/5664 5187/19/5567 5225/19/5566
f 5187/19/5567 5274/19/5665 5192/19/5575
f 5229/19/5608 5275/19/5666 5151/19/5569
f 5190/19/5524 5231/19/5610 5227/19/5573
f 5153/19/5572 5276/19/5667 5229/19/5608
f 5276/19/5667 5153/19/5572 5189/19/5571
f 5282/19/5668 5340/19/5669 5278/19/5670
f 5283/19/5671 5279/19/5613 5280/19/5672
f 5284/19/5673 5233/19/5616 5278/19/5670
f 5279/19/5613 5283/19/5671 5235/19/5611
f 5286/19/5674 5281/19/5675 5282/19/5668
f 5286/19/5674 5282/19/5668 5232/19/5615
f 5240/19/5676 5234/19/5612 5238/19/5619
f 5287/19/5677 5239/19/5617 5235/19/5611
f 5236/19/5614 5289/19/5678 5286/19/5674
f 5286/19/5674 5232/19/5615 5236/19/5614
f 5284/19/5673 5290/19/5679 5237/19/5621
f 5292/19/5680 5291/19/5681 5240/19/5676
f 5241/19/5622 5289/19/5678 5089/19/5463
f 5292/19/5680 5119/19/5528 5242/19/5623
f 5244/19/5682 5241/19/5622 5117/19/5489
f 5243/19/5579 5352/19/5683 5158/19/5531
f 5352/19/5683 5295/19/5684 5158/19/5531
f 5412/19/5685 5196/19/5578 5159/19/5532
f 5199/19/5492 5158/19/5531 5295/19/5684
f 5247/19/5629 5245/19/5626 5198/19/5628
f 5295/19/5684 5297/19/5686 5199/19/5492
f 5161/19/5494 5297/19/5686 5250/19/5687
f 5298/19/5688 5247/19/5629 5162/19/5581
f 5200/19/5537 5299/19/5689 5298/19/5688
f 5300/19/5690 5019/19/5392 5099/19/5642
f 5252/19/5637 4998/19/5638 5357/19/5691
f 5358/19/5639 5098/19/5446 5165/19/5692
f 5019/19/5392 5300/19/5690 5301/19/5641
f 5099/19/5642 5302/19/5643 5300/19/5690
f 5125/19/5497 5303/19/5693 5255/19/5473
f 5256/19/5645 5001/19/5364 5074/19/5646
f 5171/19/5479 5309/19/5546 5103/19/5477
f 5211/19/5503 5261/19/5694 5130/19/5428
f 5213/19/5554 5437/19/5695 5177/19/5506
f 5134/19/5507 5315/19/5654 5176/19/5590
f 5214/19/5591 5439/19/5696 5317/19/5592
f 5180/19/5597 5265/19/5653 5137/19/5555
f 5140/19/5513 5217/19/5598 5321/19/5697
f 5266/19/5600 5483/19/5698 5216/19/5482
f 5139/19/5511 5373/19/5655 5374/19/5699
f 5267/19/5658 5323/19/5700 5320/19/5659
f 5485/19/5701 5222/19/5702 5183/19/5602
f 5142/19/5514 5223/19/5605 5220/19/5603
f 5326/19/5660 5324/19/5703 5268/19/5559
f 5325/19/5704 5184/19/5563 5221/19/5561
f 5224/19/5604 5272/19/5663 5326/19/5660
f 5272/19/5663 5188/19/5568 5383/19/5705
f 5185/19/5564 5328/19/5706 5226/19/5607
f 5228/19/5707 5383/19/5705 5188/19/5568
f 5187/19/5567 5273/19/5664 5274/19/5665
f 5330/19/5708 5189/19/5571 5226/19/5607
f 5228/19/5707 5191/19/5574 5275/19/5666
f 5231/19/5610 5384/19/5709 5227/19/5573
f 5189/19/5571 5330/19/5708 5276/19/5667
f 5333/19/5710 5334/19/5711 5275/19/5666
f 5229/19/5608 5333/19/5710 5275/19/5666
f 5230/19/5609 5192/19/5575 5331/19/5712
f 5336/19/5713 5229/19/5608 5276/19/5667
f 5333/19/5710 5229/19/5608 5335/19/5714
f 5282/19/5668 5341/19/5715 5339/19/5716
f 5279/19/5613 5397/19/5717 5280/19/5672
f 5281/19/5675 5346/19/5718 5341/19/5715
f 5281/19/5675 5341/19/5715 5282/19/5668
f 5285/19/5719 5344/19/5720 5342/19/5721
f 5347/19/5722 5287/19/5677 5283/19/5671
f 5351/19/5723 5286/19/5674 5289/19/5678
f 5247/19/5629 5414/19/5724 5245/19/5626
f 5297/19/5686 5295/19/5684 5415/19/5725
f 5246/19/5631 5197/19/5624 5467/19/5726
f 5248/19/5632 5354/19/5727 5163/19/5533
f 5163/19/5533 5358/19/5639 5165/19/5692
f 5202/19/5728 5359/19/5729 5299/19/5689
f 5255/19/5473 5360/19/5730 5205/19/5731
f 5361/19/5732 5304/19/5586 5001/19/5364
f 5474/19/5733 5258/19/5499 5257/19/5448
f 5259/19/5734 5306/19/5588 5127/19/5421
f 5363/19/5735 5102/19/5542 5260/19/5736
f 5365/19/5737 5431/19/5738 5208/19/5547
f 5210/19/5549 5312/19/5739 5311/19/5740
f 5174/19/5553 5368/19/5741 5263/19/5650
f 5264/19/5652 5173/19/5551 5477/19/5742
f 5317/19/5592 5439/19/5696 5440/19/5743
f 5214/19/5591 5369/19/5744 5441/19/5745
f 5179/19/5594 5370/19/5746 5369/19/5744
f 5442/19/5747 5370/19/5746 5215/19/5593
f 5321/19/5697 5219/19/5601 5140/19/5513
f 5266/19/5600 5220/19/5603 5448/19/5748
f 5324/19/5703 5323/19/5700 5267/19/5658
f 5375/19/5749 5222/19/5702 5485/19/5701
f 5220/19/5603 5223/19/5605 5376/19/5750
f 5378/19/5751 5376/19/5750 5223/19/5605
f 5325/19/5704 5379/19/5752 5327/19/5661
f 5269/19/5753 5222/19/5702 5377/19/5754
f 5381/19/5755 5270/19/5662 5271/19/5756
f 5272/19/5663 5383/19/5705 5380/19/5757
f 5384/19/5709 5271/19/5756 5329/19/5758
f 5276/19/5667 5330/19/5708 5337/19/5759
f 5274/19/5665 5496/19/5760 5332/19/5761
f 5385/19/5762 5334/19/5711 5333/19/5710
f 5277/19/5763 5331/19/5712 5389/19/5764
f 5388/19/5765 5389/19/5764 5331/19/5712
f 5393/19/5766 5335/19/5714 5336/19/5713
f 5389/19/5764 5391/19/5767 5277/19/5763
f 5394/19/5768 5387/19/5769 5393/19/5766
f 5395/19/5770 5397/19/5717 5391/19/5767
f 5340/19/5669 5400/19/5771 5343/19/5772
f 5342/19/5721 5401/19/5773 5397/19/5717
f 5346/19/5718 5403/19/5774 5341/19/5715
f 5400/19/5771 5404/19/5775 5343/19/5772
f 5345/19/5776 5405/19/5777 5347/19/5722
f 5348/19/5778 5346/19/5718 5281/19/5675
f 5344/19/5720 5285/19/5719 5349/19/5779
f 5461/19/5780 5287/19/5677 5347/19/5722
f 5291/19/5681 5349/19/5779 5285/19/5719
f 5288/19/5781 5287/19/5677 5406/19/5782
f 5408/19/5783 5293/19/5784 5290/19/5679
f 5409/19/5785 5243/19/5579 5288/19/5781
f 5410/19/5786 5294/19/5787 5195/19/5580
f 5294/19/5787 5410/19/5786 5516/19/5788
f 5466/19/5789 5411/19/5790 5241/19/5622
f 5296/19/5634 5416/19/5791 5412/19/5685
f 5467/19/5726 5197/19/5624 5413/19/5625
f 5417/19/5792 5297/19/5686 5415/19/5725
f 5355/19/5793 5418/19/5794 5249/19/5633
f 5163/19/5533 5354/19/5727 5422/19/5795
f 5358/19/5639 5163/19/5533 5563/19/5796
f 5302/19/5643 5203/19/5585 5356/19/5797
f 5303/19/5693 5424/19/5798 5255/19/5473
f 5205/19/5731 5360/19/5730 5703/19/5799
f 5305/19/5647 5473/19/5800 5425/19/5801
f 5523/19/5802 5307/19/5541 5363/19/5735
f 5609/19/5803 5431/19/5738 5365/19/5737
f 5432/19/5804 5129/19/5476 5128/19/5501
f 5313/19/5589 5573/19/5805 5211/19/5503
f 5263/19/5650 5434/19/5806 5212/19/5651
f 5437/19/5695 5213/19/5554 5264/19/5652
f 5317/19/5592 5440/19/5743 5443/19/5807
f 5265/19/5653 5442/19/5747 5215/19/5593
f 5180/19/5597 5531/19/5808 5265/19/5653
f 5320/19/5659 5445/19/5809 5319/19/5810
f 5582/19/5811 5483/19/5698 5266/19/5600
f 5487/19/5812 5221/19/5561 5322/19/5656
f 5376/19/5750 5486/19/5813 5220/19/5603
f 5487/19/5812 5325/19/5704 5221/19/5561
f 5379/19/5752 5325/19/5704 5488/19/5814
f 5450/19/5815 5269/19/5753 5377/19/5754
f 5452/19/5816 5330/19/5708 5328/19/5706
f 5228/19/5707 5334/19/5711 5453/19/5817
f 5454/19/5818 5334/19/5711 5385/19/5762
f 5337/19/5759 5390/19/5819 5276/19/5667
f 5337/19/5759 5456/19/5820 5390/19/5819
f 5392/19/5821 5457/19/5822 5386/19/5823
f 5388/19/5765 5395/19/5770 5389/19/5764
f 5392/19/5821 5391/19/5767 5397/19/5717
f 5500/19/5824 5459/19/5825 5395/19/5770
f 5390/19/5819 5501/19/5826 5400/19/5771
f 5401/19/5773 5502/19/5827 5392/19/5821
f 5459/19/5825 5399/19/5828 5395/19/5770
f 5459/19/5825 5460/19/5829 5345/19/5776
f 5341/19/5715 5403/19/5774 5402/19/5830
f 5461/19/5780 5406/19/5782 5287/19/5677
f 5292/19/5680 5464/19/5831 5291/19/5681
f 5352/19/5683 5409/19/5785 5465/19/5832
f 5515/19/5833 5464/19/5831 5353/19/5834
f 5413/19/5625 5516/19/5788 5467/19/5726
f 5247/19/5629 5468/19/5835 5414/19/5724
f 5422/19/5795 5354/19/5727 5517/19/5836
f 5420/19/5837 5298/19/5688 5423/19/5838
f 5357/19/5691 5253/19/5640 5519/19/5839
f 5301/19/5641 5472/19/5840 5359/19/5729
f 5125/19/5497 5568/19/5841 5303/19/5693
f 5167/19/5395 5703/19/5799 5473/19/5800
f 5426/19/5420 5522/19/5842 5474/19/5733
f 5429/19/5843 5363/19/5735 5260/19/5736
f 5432/19/5804 5475/19/5844 5129/19/5476
f 5170/19/5545 5129/19/5476 5475/19/5844
f 5611/19/5845 5524/19/5846 5171/19/5479
f 5573/19/5805 5261/19/5694 5211/19/5503
f 5526/19/5847 5131/19/5504 5433/19/5848
f 5526/19/5847 5314/19/5649 5131/19/5504
f 5175/19/5552 5576/19/5849 5368/19/5741
f 5437/19/5695 5264/19/5652 5435/19/5850
f 5315/19/5654 5479/19/5851 5478/19/5852
f 5439/19/5696 5529/19/5853 5440/19/5743
f 5439/19/5854 5480/19/5855 5529/19/5853
f 5370/19/5746 5709/19/5856 5481/19/5857
f 5442/19/5747 5482/19/5858 5370/19/5746
f 5444/19/5859 5217/19/5598 5534/19/5860
f 5484/19/5861 5582/19/5811 5266/19/5600
f 5219/19/5601 5321/19/5697 5444/19/5859
f 5486/19/5813 5448/19/5748 5220/19/5603
f 5324/19/5703 5585/19/5862 5323/19/5700
f 5376/19/5750 5378/19/5751 5489/19/5863
f 5490/19/5864 5450/19/5815 5377/19/5754
f 5380/19/5757 5536/19/5865 5449/19/5866
f 5491/19/5867 5328/19/5706 5269/19/5753
f 5453/19/5817 5536/19/5865 5383/19/5705
f 5271/19/5756 5384/19/5709 5492/19/5868
f 5494/19/5869 5492/19/5868 5384/19/5709
f 5384/19/5709 5338/19/5870 5494/19/5869
f 5542/19/5871 5495/19/5872 5334/19/5711
f 5452/19/5816 5337/19/5759 5330/19/5708
f 5498/19/5873 5494/19/5869 5338/19/5870
f 5497/19/5874 5456/19/5820 5337/19/5759
f 5457/19/5822 5498/19/5873 5386/19/5823
f 5499/19/5875 5385/19/5762 5458/19/5876
f 5502/19/5827 5457/19/5822 5392/19/5821
f 5402/19/5830 5499/19/5875 5458/19/5876
f 5501/19/5826 5503/19/5877 5400/19/5771
f 5460/19/5829 5459/19/5825 5500/19/5824
f 5460/19/5829 5405/19/5777 5345/19/5776
f 5504/19/5878 5401/19/5773 5344/19/5720
f 5503/19/5877 5548/19/5879 5404/19/5775
f 5547/19/5880 5403/19/5774 5346/19/5718
f 5506/19/5881 5344/19/5720 5349/19/5779
f 5406/19/5782 5461/19/5780 5781/19/5882
f 5511/19/5883 5290/19/5679 5508/19/5884
f 5511/19/5883 5408/19/5783 5290/19/5679
f 5463/19/5885 5406/19/5782 5512/19/5886
f 5410/19/5786 5408/19/5783 5554/19/5887
f 5515/19/5833 5555/19/5888 5464/19/5831
f 5465/19/5832 5557/19/5889 5417/19/5792
f 5600/19/5890 5517/19/5836 5354/19/5727
f 5355/19/5793 5560/19/5891 5418/19/5794
f 5518/19/5892 5560/19/5891 5355/19/5793
f 5421/19/5893 5561/19/5894 5469/19/5895
f 5519/19/5839 5358/19/5639 5520/19/5896
f 5566/19/5897 5423/19/5838 5359/19/5729
f 5166/19/5540 5569/19/5898 5568/19/5899
f 5525/19/5900 5366/19/5901 5310/19/5648
f 5311/19/5740 5612/19/5902 5611/19/5845
f 5434/19/5806 5263/19/5650 5527/19/5903
f 5532/19/5904 5479/19/5851 5315/19/5654
f 5373/19/5655 5438/19/5905 5533/19/5906
f 5374/19/5699 5373/19/5655 5533/19/5906
f 5449/19/5866 5535/19/5907 5585/19/5862
f 5672/19/5908 5377/19/5754 5375/19/5749
f 5489/19/5863 5586/19/5909 5376/19/5750
f 5449/19/5866 5536/19/5865 5535/19/5907
f 5379/19/5752 5488/19/5814 5589/19/5910
f 5491/19/5867 5452/19/5816 5328/19/5706
f 5539/19/5911 5537/19/5912 5494/19/5869
f 5538/19/5913 5497/19/5874 5452/19/5816
f 5540/19/5914 5539/19/5911 5498/19/5873
f 5541/19/5915 5455/19/5916 5496/19/5760
f 5500/19/5824 5388/19/5765 5541/19/5915
f 5546/19/5917 5596/19/5918 5504/19/5878
f 5547/19/5880 5402/19/5830 5403/19/5774
f 5462/19/5919 5551/19/5920 5507/19/5921
f 5510/19/5922 5551/19/5920 5462/19/5919
f 5552/19/5923 5511/19/5883 5508/19/5884
f 5513/19/5924 5553/19/5925 5291/19/5681
f 5555/19/5888 5598/19/5926 5464/19/5831
f 5556/19/5927 5410/19/5786 5554/19/5887
f 5556/19/5927 5516/19/5788 5410/19/5786
f 5467/19/5726 5556/19/5927 5600/19/5890
f 5418/19/5794 5560/19/5891 5416/19/5791
f 5420/19/5837 5562/19/5928 5559/19/5929
f 5470/19/5930 5564/19/5931 5518/19/5892
f 5470/19/5930 5519/19/5839 5565/19/5932
f 5519/19/5839 5520/19/5896 5565/19/5932
f 5472/19/5840 5300/19/5690 5566/19/5897
f 5300/19/5690 5567/19/5933 5566/19/5897
f 5521/19/5934 5569/19/5898 5254/19/5644
f 5360/19/5730 5424/19/5798 5703/19/5799
f 5429/19/5843 5650/19/5935 5363/19/5735
f 5308/19/5936 5649/19/5937 5364/19/5938
f 5571/19/5939 5430/19/5940 5364/19/5938
f 5365/19/5737 5309/19/5546 5706/19/5941
f 5310/19/5648 5651/19/5942 5525/19/5900
f 5572/19/5943 5433/19/5848 5367/19/5944
f 5313/19/5589 5434/19/5806 5614/19/5945
f 5368/19/5741 5576/19/5849 5527/19/5903
f 5478/19/5852 5656/19/5946 5436/19/5947
f 5480/19/5855 5441/19/5745 5619/19/5948
f 5441/19/5745 5369/19/5744 5578/19/5949
f 5369/19/5744 5579/19/5950 5578/19/5949
f 5442/19/5747 5659/19/5951 5530/19/5952
f 5438/19/5905 5577/19/5953 5581/19/5954
f 5371/19/5955 5662/19/5956 5531/19/5808
f 5581/19/5954 5533/19/5906 5438/19/5905
f 5662/19/5956 5483/19/5698 5664/19/5957
f 5448/19/5748 5486/19/5813 5484/19/5861
f 5583/19/5958 5485/19/5701 5444/19/5859
f 5586/19/5909 5486/19/5813 5376/19/5750
f 5488/19/5814 5487/19/5812 5584/19/5959
f 5584/19/5959 5673/19/5960 5488/19/5814
f 5493/19/5961 5379/19/5752 5589/19/5910
f 5626/19/5962 5536/19/5865 5453/19/5817
f 5491/19/5867 5593/19/5963 5452/19/5816
f 5592/19/5964 5492/19/5868 5494/19/5869
f 5594/19/5965 5541/19/5915 5628/19/5966
f 5596/19/5918 5540/19/5914 5457/19/5822
f 5595/19/5967 5456/19/5820 5497/19/5874
f 5543/19/5968 5456/19/5820 5595/19/5967
f 5597/19/5969 5499/19/5875 5545/19/5970
f 5548/19/5879 5503/19/5877 5777/19/5971
f 5508/19/5884 5548/19/5879 5632/19/5972
f 5684/19/5973 5508/19/5884 5632/19/5972
f 5407/19/5974 5688/19/5975 5510/19/5922
f 5598/19/5926 5553/19/5925 5513/19/5924
f 5417/19/5792 5642/19/5976 5599/19/5977
f 5601/19/5978 5416/19/5791 5560/19/5891
f 5564/19/5931 5603/19/5979 5518/19/5892
f 5561/19/5980 5606/19/5981 5567/19/5982
f 5567/19/5982 5469/19/5983 5561/19/5980
f 5613/19/5984 5612/19/5902 5312/19/5739
f 5573/19/5805 5613/19/5984 5261/19/5694
f 5527/19/5903 5615/19/5985 5434/19/5806
f 5580/19/5986 5443/19/5807 5618/19/5987
f 5372/19/5988 5580/19/5986 5661/19/5989
f 5484/19/5861 5667/19/5990 5582/19/5811
f 5446/19/5991 5374/19/5699 5622/19/5992
f 5484/19/5861 5486/19/5813 5667/19/5990
f 5584/19/5959 5446/19/5991 5622/19/5992
f 5623/19/5993 5447/19/5994 5585/19/5862
f 5583/19/5958 5672/19/5908 5485/19/5701
f 5490/19/5864 5377/19/5754 5672/19/5908
f 5491/19/5867 5450/19/5815 5624/19/5995
f 5492/19/5868 5625/19/5996 5591/19/5997
f 5536/19/5865 5626/19/5962 5590/19/5998
f 5451/19/5999 5493/19/5961 5627/19/6000
f 5495/19/5872 5629/19/6001 5626/19/5962
f 5630/19/6002 5594/19/5965 5628/19/5966
f 5497/19/5874 5631/19/6003 5595/19/5967
f 5629/19/6001 5542/19/5871 5597/19/5969
f 5544/19/6004 5541/19/5915 5594/19/5965
f 5543/19/5968 5595/19/5967 5680/19/6005
f 5680/19/6005 5503/19/5877 5543/19/5968
f 5681/19/6006 5596/19/5918 5546/19/5917
f 5777/19/5971 5632/19/5972 5548/19/5879
f 5507/19/5921 5731/19/6007 5547/19/5880
f 5509/19/6008 5685/19/6009 5549/19/6010
f 5407/19/5974 5633/19/6011 5688/19/5975
f 5556/19/5927 5554/19/5887 5786/19/6012
f 5640/19/6013 5690/19/6014 5558/19/6015
f 5556/19/5927 5637/19/6016 5697/19/6017
f 5416/19/5791 5601/19/5978 5558/19/6015
f 5640/19/6013 5558/19/6015 5601/19/5978
f 5646/19/6018 5699/19/6019 5601/19/5978
f 5599/19/5977 5698/19/6020 5602/19/6021
f 5643/19/6022 5645/19/6023 5604/19/6024
f 5605/19/6025 5647/19/6026 5644/19/6027
f 5567/19/5982 5606/19/5981 5605/19/6025
f 5793/19/6028 5256/19/5645 5570/19/6029
f 5571/19/5939 5432/19/5804 5430/19/5940
f 5572/19/5943 5367/19/5944 5877/19/6030
f 5573/19/5805 5574/19/6031 5613/19/5984
f 5652/19/6032 5314/19/5649 5526/19/5847
f 5654/19/6033 5528/19/6034 5575/19/6035
f 5436/19/5947 5656/19/5946 5576/19/5849
f 5655/19/6036 5657/19/6037 5435/19/5850
f 5529/19/5853 5708/19/6038 5618/19/5987
f 5709/19/5856 5482/19/5858 5658/19/6039
f 5530/19/5952 5658/19/6039 5482/19/5858
f 5531/19/5808 5662/19/5956 5659/19/5951
f 5581/19/5954 5577/19/5953 5660/19/6040
f 5661/19/5989 5754/19/6041 5372/19/5988
f 5660/19/6040 5663/19/6042 5581/19/5954
f 5710/19/6043 5617/19/6044 5620/19/6045
f 5621/19/6046 5581/19/5954 5663/19/6042
f 5582/19/5811 5714/19/6047 5664/19/5957
f 5582/19/5811 5667/19/5990 5714/19/6047
f 5444/19/5859 5534/19/5860 5713/19/6048
f 5583/19/5958 5444/19/5859 5713/19/6048
f 5486/19/5813 5669/19/6049 5667/19/5990
f 5670/19/6050 5585/19/5862 5535/19/5907
f 5489/19/5863 5717/19/6051 5586/19/5909
f 5535/19/5907 5674/19/6052 5670/19/6050
f 5675/19/6053 5674/19/6052 5590/19/5998
f 5676/19/6054 5589/19/5910 5587/19/6055
f 5629/19/6001 5725/19/6056 5626/19/5962
f 5630/19/6002 5628/19/5966 5727/19/6057
f 5540/19/5914 5771/19/6058 5539/19/5911
f 5678/19/6059 5540/19/5914 5596/19/5918
f 5631/19/6003 5680/19/6005 5595/19/5967
f 5682/19/6060 5730/19/6061 5546/19/5917
f 5505/19/6062 5550/19/6063 5781/19/5882
f 5549/19/6010 5685/19/6009 5682/19/6060
f 5510/19/5922 5688/19/5975 5551/19/5920
f 5635/19/6064 5735/19/6065 5633/19/6011
f 5635/19/6064 5690/19/6014 5735/19/6065
f 5637/19/6016 5556/19/5927 5786/19/6012
f 5696/19/6066 5642/19/5976 5639/19/6067
f 5642/19/5976 5696/19/6066 5599/19/5977
f 5694/19/6068 5640/19/6013 5699/19/6019
f 5643/19/6022 5600/19/5890 5697/19/6017
f 5699/19/6019 5640/19/6013 5601/19/5978
f 5644/19/6027 5695/19/6069 5641/19/6070
f 5647/19/6026 5700/19/6071 5644/19/6027
f 5646/19/6018 5604/19/6024 5645/19/6023
f 5424/19/5798 5568/19/5841 5701/19/6072
f 5473/19/5800 5703/19/5799 5791/19/6073
f 5522/19/5842 5425/19/5801 5794/19/6074
f 5474/19/5733 5873/19/6075 5648/19/6076
f 5428/19/6077 5795/19/6078 5649/19/5937
f 5429/19/5843 5704/19/6079 5650/19/5935
f 5524/19/5846 5833/19/6080 5706/19/5941
f 5475/19/5844 5744/19/6081 5651/19/5942
f 5530/19/5952 5659/19/5951 5658/19/6039
f 5711/19/6082 5710/19/6043 5620/19/6045
f 5762/19/6083 5716/19/6084 5583/19/5958
f 5672/19/5908 5583/19/5958 5716/19/6084
f 5586/19/5909 5717/19/6051 5669/19/6049
f 5716/19/6084 5490/19/5864 5672/19/5908
f 5721/19/6085 5676/19/6054 5587/19/6055
f 5590/19/5998 5723/19/6086 5675/19/6053
f 5592/19/5964 5768/19/6087 5722/19/6088
f 5818/19/6089 5538/19/5913 5593/19/5963
f 5728/19/6090 5725/19/6056 5629/19/6001
f 5631/19/6003 5538/19/5913 5772/19/6091
f 5680/19/6005 5631/19/6003 5775/19/6092
f 5594/19/5965 5630/19/6002 5774/19/6093
f 5546/19/5917 5730/19/6061 5681/19/6006
f 5729/19/6094 5550/19/6063 5594/19/5965
f 5731/19/6007 5679/19/6095 5597/19/5969
f 5781/19/5882 5550/19/6063 5778/19/6096
f 5683/19/6097 5632/19/5972 5777/19/5971
f 5732/19/6098 5682/19/6060 5685/19/6009
f 5737/19/6099 5637/19/6016 5786/19/6012
f 5736/19/6100 5555/19/5888 5638/19/6101
f 5636/19/6102 5788/19/6103 5693/19/6104
f 5693/19/6104 5639/19/6067 5636/19/6102
f 5694/19/6068 5737/19/6105 5691/19/6106
f 5694/19/6068 5637/19/6016 5737/19/6099
f 5697/19/6017 5637/19/6016 5694/19/6068
f 5696/19/6066 5693/19/6104 5695/19/6069
f 5700/19/6071 5696/19/6066 5695/19/6069
f 5699/19/6019 5645/19/6023 5697/19/6017
f 5645/19/6023 5643/19/6022 5697/19/6017
f 5647/19/6026 5698/19/6020 5700/19/6071
f 5701/19/6072 5739/19/6107 5424/19/5798
f 5473/19/5800 5791/19/6073 5792/19/6108
f 5473/19/5800 5792/19/6108 5425/19/5801
f 5706/19/5941 5610/19/6109 5365/19/5737
f 5475/19/5844 5432/19/5804 5705/19/6110
f 5835/19/6111 5525/19/5900 5651/19/5942
f 5836/19/6112 5476/19/6113 5525/19/5900
f 5612/19/5902 5745/19/6114 5611/19/5845
f 5659/19/5951 5751/19/6115 5658/19/6039
f 5660/19/6040 5577/19/5953 5841/19/6116
f 5617/19/6044 5753/19/6117 5882/19/6118
f 5579/19/5950 5481/19/5857 5752/19/6119
f 5753/19/6117 5617/19/6044 5710/19/6043
f 5756/19/6120 5662/19/5956 5664/19/5957
f 5714/19/6047 5756/19/6120 5664/19/5957
f 5760/19/6121 5758/19/6122 5667/19/5990
f 5759/19/6123 5666/19/6124 5623/19/5993
f 5760/19/6121 5667/19/5990 5669/19/6049
f 5715/19/6125 5668/19/6126 5761/19/6127
f 5670/19/6050 5763/19/6128 5759/19/6123
f 5673/19/5960 5671/19/6129 5765/19/6130
f 5587/19/6055 5673/19/5960 5765/19/6130
f 5720/19/6131 5766/19/6132 5588/19/6133
f 5587/19/6055 5765/19/6130 5721/19/6085
f 5627/19/6000 5676/19/6054 5815/19/6134
f 5593/19/5963 5724/19/6135 5769/19/6136
f 5815/19/6134 5770/19/6137 5627/19/6000
f 5726/19/6138 5768/19/6087 5592/19/5964
f 5727/19/6057 5627/19/6000 5770/19/6137
f 5772/19/6091 5775/19/6092 5631/19/6003
f 5679/19/6095 5776/19/6139 5819/19/6140
f 5734/19/6141 5776/19/6139 5731/19/6007
f 5733/19/6142 5683/19/6097 5779/19/6143
f 5781/19/5882 5778/19/6096 5826/19/6144
f 5780/19/6145 5732/19/6098 5685/19/6009
f 5686/19/6146 5733/19/6142 5779/19/6143
f 5687/19/6147 5781/19/5882 5826/19/6144
f 5827/19/6148 5734/19/6141 5688/19/5975
f 5685/19/6009 5782/19/6149 5780/19/6145
f 5686/19/6146 5784/19/6150 5552/19/5923
f 5598/19/5926 5736/19/6100 5782/19/6149
f 5787/19/6151 5735/19/6065 5690/19/6014
f 5690/19/6014 5691/19/6106 5787/19/6151
f 5738/19/6152 5692/19/6153 5788/19/6103
f 5692/19/6153 5693/19/6104 5788/19/6103
f 5607/19/6154 5789/19/6155 5701/19/6072
f 5740/19/6156 5702/19/6157 5521/19/5934
f 5703/19/5799 5739/19/6107 5790/19/6158
f 5648/19/6076 5873/19/6075 5743/19/6159
f 5608/19/6160 5523/19/5802 5832/19/6161
f 5611/19/5845 5834/19/6162 5524/19/5846
f 5574/19/6031 5796/19/6163 5613/19/5984
f 5575/19/6035 5653/19/6164 5838/19/6165
f 5656/19/5946 5797/19/6166 5749/19/6167
f 5658/19/6039 5798/19/6168 5935/19/6169
f 5752/19/6119 5481/19/5857 5935/19/6169
f 5751/19/6115 5800/19/6170 5799/19/6171
f 5753/19/6117 5710/19/6043 5711/19/6082
f 5712/19/6172 5754/19/6041 5801/19/6173
f 5713/19/6048 5712/19/6172 5803/19/6174
f 5805/19/6175 5665/19/6176 5663/19/6042
f 5665/19/6176 5805/19/6175 5757/19/6177
f 5713/19/6048 5803/19/6174 5807/19/6178
f 5758/19/6122 5804/19/6179 5714/19/6047
f 5717/19/6051 5810/19/6180 5760/19/6121
f 5671/19/6129 5853/19/6181 5765/19/6130
f 5811/19/6182 5670/19/6050 5674/19/6052
f 5814/19/6183 5675/19/6053 5723/19/6086
f 5768/19/6087 5858/19/6184 5767/19/6185
f 5769/19/6136 5724/19/6135 5813/19/6186
f 5768/19/6087 5816/19/6187 5858/19/6184
f 5816/19/6187 5768/19/6087 5726/19/6138
f 5723/19/6086 5725/19/6056 5817/19/6188
f 5726/19/6138 5539/19/5911 5771/19/6058
f 5819/19/6140 5817/19/6188 5725/19/6056
f 5822/19/6189 5774/19/6093 5727/19/6057
f 5775/19/6092 5823/19/6190 5680/19/6005
f 5729/19/6094 5822/19/6189 5825/19/6191
f 5682/19/6060 5865/19/6192 5730/19/6061
f 5868/19/6193 5683/19/6097 5777/19/5971
f 5732/19/6098 5867/19/6194 5682/19/6060
f 5779/19/6143 5683/19/6097 5868/19/6193
f 5778/19/6096 5825/19/6191 5826/19/6144
f 5686/19/6146 5779/19/6143 5828/19/6195
f 5688/19/5975 5978/19/6196 5827/19/6148
f 5687/19/6147 5826/19/6144 5918/19/6197
f 5785/19/6198 5687/19/6147 5918/19/6197
f 5735/19/6065 5787/19/6151 5783/19/6199
f 5784/19/6150 5829/19/6200 5786/19/6012
f 5736/19/6100 5920/19/6201 5782/19/6149
f 5785/19/6198 5831/19/6202 5634/19/6203
f 5636/19/6102 5831/19/6202 5788/19/6103
f 5701/19/6072 5789/19/6155 5739/19/6107
f 5789/19/6204 5569/19/5898 5702/19/6157
f 5741/19/6205 5740/19/6156 5361/19/5732
f 5425/19/5801 5792/19/6108 5794/19/6074
f 5834/19/6162 5833/19/6080 5524/19/5846
f 6069/19/6206 5836/19/6112 5525/19/5900
f 5652/19/6032 5746/19/6207 5986/19/6208
f 5574/19/6031 5614/19/5945 5878/19/6209
f 5748/19/6210 5839/19/6211 5655/19/6036
f 5839/19/6211 5840/19/6212 5655/19/6036
f 5712/19/6172 5801/19/6173 5845/19/6213
f 5846/19/6214 5755/19/6215 5756/19/6120
f 5663/19/6042 5886/19/6216 5948/19/6217
f 5712/19/6172 5845/19/6213 5803/19/6174
f 5804/19/6179 5846/19/6214 5756/19/6120
f 5805/19/6175 5663/19/6042 5948/19/6217
f 5946/19/6218 5711/19/6082 5889/19/6219
f 5847/19/6220 5807/19/6178 5803/19/6174
f 5850/19/6221 5848/19/6222 5760/19/6121
f 5715/19/6125 5761/19/6127 5853/19/6181
f 5810/19/6180 5850/19/6221 5760/19/6121
f 5718/19/6223 5809/19/6224 5903/19/6225
f 5854/19/6226 5810/19/6180 5766/19/6132
f 5853/19/6181 5855/19/6227 5765/19/6130
f 5856/19/6228 5854/19/6226 5766/19/6132
f 5859/19/6229 5765/19/6130 5855/19/6227
f 5772/19/6091 5818/19/6089 5820/19/6230
f 5824/19/6231 5821/19/6232 5773/19/6233
f 5914/19/6234 5777/19/5971 5823/19/6190
f 5866/19/6235 5864/19/6236 5776/19/6139
f 5867/19/6194 5865/19/6192 5682/19/6060
f 5866/19/6235 5734/19/6141 5827/19/6148
f 5786/19/6012 5829/19/6200 5830/19/6237
f 5870/19/6238 5920/19/6201 5736/19/6100
f 5738/19/6152 5870/19/6238 5736/19/6100
f 5871/19/6239 5702/19/6157 5740/19/6156
f 5790/19/6158 5739/19/6107 5872/19/6240
f 5793/19/6028 5742/19/6241 5925/19/6242
f 5875/19/6243 5984/19/6244 5650/19/5935
f 5706/19/5941 5833/19/6080 5610/19/6109
f 5574/19/6031 5878/19/6209 6038/19/6245
f 5615/19/5985 5879/19/6246 5930/19/6247
f 5707/19/6248 5748/19/6210 5654/19/6033
f 5797/19/6166 5931/19/6249 5749/19/6167
f 5658/19/6039 5799/19/6171 5798/19/6168
f 5797/19/6166 5882/19/6118 5931/19/6249
f 5750/19/6250 5881/19/6251 5661/19/5989
f 5881/19/6251 5750/19/6250 5933/19/6252
f 5753/19/6117 5844/19/6253 5882/19/6118
f 5846/19/6214 5883/19/6254 5755/19/6215
f 5845/19/6213 5801/19/6173 5884/19/6255
f 5888/19/6256 5803/19/6174 5845/19/6213
f 5759/19/6123 5849/19/6257 5806/19/6258
f 5889/19/6219 5806/19/6258 5849/19/6257
f 5851/19/6259 5757/19/6177 5950/19/6260
f 5848/19/6222 5892/19/6261 5891/19/6262
f 5853/19/6181 5851/19/6259 5893/19/6263
f 5850/19/6221 5810/19/6180 5952/19/6264
f 5764/19/6265 5897/19/6266 5852/19/6267
f 5955/19/6268 5852/19/6267 5897/19/6266
f 5900/19/6269 5893/19/6263 5895/19/6270
f 5896/19/6271 5902/19/6272 5901/19/6273
f 5903/19/6225 5809/19/6224 5901/19/6273
f 5898/19/6274 5810/19/6180 5854/19/6226
f 5861/19/6275 5815/19/6134 6008/19/6276
f 5769/19/6136 5813/19/6186 5907/19/6277
f 5816/19/6187 5908/19/6278 5858/19/6184
f 5863/19/6279 5967/19/6280 5912/19/6281
f 5911/19/6282 5820/19/6230 5818/19/6089
f 5862/19/6283 5817/19/6188 5864/19/6236
f 5822/19/6189 5863/19/6279 5912/19/6281
f 5916/19/6284 5779/19/6143 5868/19/6193
f 5826/19/6144 5869/19/6285 5918/19/6197
f 5782/19/6149 5920/19/6201 5917/19/6286
f 5783/19/6199 5921/19/6287 5978/19/6196
f 5981/19/6288 5830/19/6237 5829/19/6200
f 5981/19/6288 5921/19/6289 5787/19/6290
f 5739/19/6107 5789/19/6155 5923/19/6291
f 5872/19/6240 5739/19/6107 5924/19/6292
f 5742/19/6241 5926/19/6293 5925/19/6242
f 5743/19/6159 6096/19/6294 5929/19/6295
f 5795/19/6078 5929/19/6295 5874/19/6296
f 6082/19/6297 5877/19/6030 5476/19/6113
f 6100/19/6298 5837/19/6299 5877/19/6030
f 5985/19/6300 5746/19/6207 5837/19/6299
f 5799/19/6171 5936/19/6301 5798/19/6168
f 5841/19/6116 5989/19/6302 5944/19/6303
f 5932/19/6304 5931/19/6249 5882/19/6118
f 5842/19/6305 5661/19/5989 5881/19/6251
f 5938/19/6306 5799/19/6171 5800/19/6170
f 5800/19/6170 5941/19/6307 5938/19/6306
f 5883/19/6254 5941/19/6307 5800/19/6170
f 5843/19/6308 5841/19/6116 5944/19/6303
f 5885/19/6309 5939/19/6310 5844/19/6253
f 5942/19/6311 5884/19/6255 5842/19/6305
f 6050/19/6312 5943/19/6313 5579/19/5950
f 5843/19/6308 5944/19/6303 5802/19/6314
f 5944/19/6303 5996/19/6315 5802/19/6314
f 5945/19/6316 5883/19/6254 5846/19/6214
f 5845/19/6213 5884/19/6255 6000/19/6317
f 5947/19/6318 5845/19/6213 6000/19/6317
f 5945/19/6316 5846/19/6214 5887/19/6319
f 5948/19/6217 5886/19/6216 5998/19/6320
f 5805/19/6175 5948/19/6217 5950/19/6260
f 5890/19/6321 6007/19/6322 5894/19/6323
f 5895/19/6270 5954/19/6324 5952/19/6264
f 5895/19/6270 5893/19/6263 5954/19/6324
f 5955/19/6268 5896/19/6271 5894/19/6323
f 5904/19/6325 5956/19/6326 5897/19/6266
f 5902/19/6272 5897/19/6266 5956/19/6326
f 5901/19/6273 5902/19/6272 5959/19/6327
f 5960/19/6328 5898/19/6274 5854/19/6226
f 5859/19/6229 5855/19/6227 5958/19/6329
f 5905/19/6330 5961/19/6331 5963/19/6332
f 5907/19/6277 5905/19/6330 5963/19/6332
f 5962/19/6333 5856/19/6228 5858/19/6184
f 5907/19/6277 5963/19/6332 5909/19/6334
f 5908/19/6278 5962/19/6333 5858/19/6184
f 5911/19/6282 5965/19/6335 5968/19/6336
f 5969/19/6337 5964/19/6338 5862/19/6283
f 5911/19/6282 5968/19/6336 6017/19/6339
f 6017/19/6339 5820/19/6230 5911/19/6282
f 5972/19/6340 5914/19/6234 5820/19/6230
f 5822/19/6189 5973/19/6341 5915/19/6342
f 5821/19/6232 5865/19/6192 5971/19/6343
f 5866/19/6235 5974/19/6344 5864/19/6236
f 5975/19/6345 5868/19/6193 5914/19/6234
f 6022/19/6346 5869/19/6285 5825/19/6191
f 5919/19/6347 5828/19/6195 5979/19/6348
f 5872/19/6240 5983/19/6349 5791/19/6073
f 6031/19/6350 5873/19/6075 5794/19/6074
f 6068/19/6351 6033/19/6352 5610/19/6109
f 6110/19/6353 5744/19/6081 5705/19/6110
f 6082/19/6297 5836/19/6112 6069/19/6206
f 6099/19/6354 6037/19/6355 5745/19/6114
f 5986/19/6208 5746/19/6207 5985/19/6300
f 5614/19/5945 6114/19/6356 5878/19/6209
f 5838/19/6165 5652/19/6032 5987/19/6357
f 5880/19/6358 5838/19/6165 5987/19/6357
f 6040/19/6359 5879/19/6246 5747/19/6360
f 5841/19/6116 5840/19/6212 5988/19/6361
f 5937/19/6362 5991/19/6363 5934/19/6364
f 5944/19/6303 5992/19/6365 5996/19/6315
f 5937/19/6362 6218/19/6366 5991/19/6363
f 5994/19/6367 5942/19/6311 5940/19/6368
f 5998/19/6320 6047/19/6369 5995/19/6370
f 5619/19/5948 5999/19/6371 6049/19/6372
f 5998/19/6320 5996/19/6315 6047/19/6369
f 5802/19/6314 5996/19/6315 5998/19/6320
f 5945/19/6316 5995/19/6370 5883/19/6254
f 5886/19/6216 5802/19/6314 5998/19/6320
f 6002/19/6373 6001/19/6374 5945/19/6316
f 6003/19/6375 5998/19/6320 6001/19/6374
f 6007/19/6322 5947/19/6318 6004/19/6376
f 5892/19/6261 5949/19/6377 5891/19/6262
f 6007/19/6322 5890/19/6321 5947/19/6318
f 6006/19/6378 5893/19/6263 5950/19/6260
f 5953/19/6379 5894/19/6323 6007/19/6322
f 5956/19/6326 5959/19/6327 5902/19/6272
f 5960/19/6328 5899/19/6380 5898/19/6274
f 5961/19/6331 5901/19/6273 5959/19/6327
f 6008/19/6276 5958/19/6329 5957/19/6381
f 5906/19/6382 6009/19/6383 5956/19/6326
f 5963/19/6332 5961/19/6331 5959/19/6327
f 5860/19/6384 6009/19/6383 5906/19/6382
f 5962/19/6333 5966/19/6385 6010/19/6386
f 6010/19/6386 5861/19/6275 6008/19/6276
f 6011/19/6387 5909/19/6334 5963/19/6332
f 5860/19/6384 5965/19/6335 6009/19/6383
f 6012/19/6388 6010/19/6386 5966/19/6385
f 5965/19/6335 5860/19/6384 5964/19/6338
f 5964/19/6338 6013/19/6389 5965/19/6335
f 5912/19/6281 5967/19/6280 6012/19/6390
f 6013/19/6389 5968/19/6336 5965/19/6335
f 5966/19/6385 6014/19/6391 6012/19/6388
f 6015/19/6392 6014/19/6391 5970/19/6393
f 6016/19/6394 5969/19/6337 5913/19/6395
f 6018/19/6396 5970/19/6393 5971/19/6343
f 6018/19/6396 5971/19/6343 5865/19/6192
f 5915/19/6342 5973/19/6341 6019/19/6397
f 5975/19/6345 5972/19/6340 6020/19/6398
f 5976/19/6399 6018/19/6396 5865/19/6192
f 6021/19/6400 5974/19/6344 5866/19/6235
f 6022/19/6346 5915/19/6342 6019/19/6397
f 5975/19/6345 6020/19/6398 6058/19/6401
f 5868/19/6193 6058/19/6401 5916/19/6284
f 6057/19/6402 6021/19/6400 5977/19/6403
f 5869/19/6285 6022/19/6346 6059/19/6404
f 6057/19/6402 5977/19/6403 5978/19/6196
f 5869/19/6285 6059/19/6404 5918/19/6197
f 5917/19/6286 6024/19/6405 6023/19/6406
f 5919/19/6347 5979/19/6348 6025/19/6407
f 6025/19/6407 5981/19/6288 5919/19/6347
f 5980/19/6408 5978/19/6196 5921/19/6287
f 5921/19/6287 6027/19/6409 5980/19/6408
f 5981/19/6288 6025/19/6407 6027/19/6409
f 5922/19/6410 5831/19/6202 6062/19/6411
f 5923/19/6291 6028/19/6412 5924/19/6413
f 5923/19/6414 5982/19/6415 6063/19/6416
f 6029/19/6417 6063/19/6416 5982/19/6415
f 6028/19/6418 5872/19/6240 5924/19/6292
f 5872/19/6240 6028/19/6418 6030/19/6419
f 6064/19/6420 6029/19/6417 5871/19/6239
f 5872/19/6240 6030/19/6419 5983/19/6349
f 5794/19/6074 5792/19/6108 6031/19/6350
f 6097/19/6421 6032/19/6422 5874/19/6296
f 5876/19/6423 6032/19/6422 6097/19/6421
f 6034/19/6424 6068/19/6351 5833/19/6080
f 5834/19/6162 6034/19/6424 5833/19/6080
f 5877/19/6030 6082/19/6297 6100/19/6298
f 5796/19/6163 6101/19/6425 6099/19/6354
f 6038/19/6245 6101/19/6425 5796/19/6163
f 5930/19/6247 6039/19/6426 6114/19/6356
f 6124/19/6427 6137/19/6428 5880/19/6358
f 5839/19/6211 5988/19/6361 5840/19/6212
f 5939/19/6310 6072/19/6429 5932/19/6304
f 5992/19/6365 5944/19/6303 6044/19/6430
f 5938/19/6306 5941/19/6307 5936/19/6301
f 6047/19/6369 6045/19/6431 6089/19/6432
f 5995/19/6370 6047/19/6369 5941/19/6307
f 5999/19/6371 5578/19/5949 5943/19/6313
f 6003/19/6375 6001/19/6374 6002/19/6373
f 5950/19/6260 6003/19/6375 6002/19/6373
f 6010/19/6386 5957/19/6381 5960/19/6328
f 6011/19/6387 5959/19/6327 6009/19/6383
f 6016/19/6394 6017/19/6339 5968/19/6336
f 5972/19/6340 6017/19/6339 6016/19/6394
f 6052/19/6433 5973/19/6341 6015/19/6392
f 6052/19/6433 6019/19/6397 5973/19/6341
f 6053/19/6434 6015/19/6392 6018/19/6396
f 6020/19/6398 5972/19/6340 6016/19/6394
f 5974/19/6344 6054/19/6435 6051/19/6436
f 6054/19/6435 5974/19/6344 6021/19/6400
f 6055/19/6437 6018/19/6396 5976/19/6399
f 5976/19/6399 6023/19/6406 6055/19/6437
f 6057/19/6402 6054/19/6435 6021/19/6400
f 6061/19/6438 5916/19/6284 6058/19/6401
f 5923/19/6291 6063/19/6439 6028/19/6412
f 6067/19/6440 5875/19/6243 6033/19/6352
f 6110/19/6353 5705/19/6110 5876/19/6423
f 5878/19/6209 6083/19/6441 6038/19/6245
f 5879/19/6246 6102/19/6442 5930/19/6247
f 5879/19/6246 6070/19/6443 6102/19/6442
f 6040/19/6359 6070/19/6443 5879/19/6246
f 5748/19/6210 5707/19/6248 6071/19/6444
f 6073/19/6445 6085/19/6446 6072/19/6429
f 6075/19/6447 6074/19/6448 5933/19/6252
f 5798/19/6168 5936/19/6301 6076/19/6449
f 6055/19/6437 6053/19/6434 6018/19/6396
f 6054/19/6435 6077/19/6450 6016/19/6394
f 6056/19/6451 6052/19/6433 6055/19/6437
f 6056/19/6451 6019/19/6397 6052/19/6433
f 6020/19/6398 6077/19/6450 6058/19/6401
f 6057/19/6402 6078/19/6452 6054/19/6435
f 6079/19/6453 6056/19/6451 6055/19/6437
f 6062/19/6411 6079/19/6453 6060/19/6454
f 6062/19/6411 6059/19/6404 6079/19/6453
f 5980/19/6408 6027/19/6409 6078/19/6452
f 6027/19/6409 6025/19/6407 6078/19/6452
f 6063/19/6416 6029/19/6417 6080/19/6455
f 5929/19/6295 6131/19/6456 6097/19/6421
f 5929/19/6295 6097/19/6421 5874/19/6296
f 5986/19/6208 5985/19/6300 6123/19/6457
f 6038/19/6245 6083/19/6441 6135/19/6458
f 5878/19/6209 6114/19/6356 6083/19/6441
f 5931/19/6249 6084/19/6459 6042/19/6460
f 6043/19/6461 6084/19/6459 5931/19/6249
f 6073/19/6445 6088/19/6462 6087/19/6463
f 6089/19/6432 6045/19/6431 6105/19/6464
f 5936/19/6301 6092/19/6465 6076/19/6449
f 6093/19/6466 6094/19/6467 6030/19/6419
f 6037/19/6355 6099/19/6354 6098/19/6468
f 5987/19/6357 5986/19/6208 6113/19/6469
f 5839/19/6211 6041/19/6470 6103/19/6471
f 6104/19/6472 5988/19/6361 5839/19/6211
f 6141/19/6473 6105/19/6464 6086/19/6474
f 6092/19/6465 6089/19/6432 6106/19/6475
f 6093/19/6466 6080/19/6476 6107/19/6477
f 5873/19/6075 6031/19/6350 6172/19/6478
f 5873/19/6075 6172/19/6478 6095/19/6479
f 6096/19/6294 6242/19/6480 5929/19/6295
f 6068/19/6351 6034/19/6424 6133/19/6481
f 6111/19/6482 6082/19/6297 6069/19/6206
f 6103/19/6471 6041/19/6470 6115/19/6483
f 6104/19/6472 6141/19/6473 6086/19/6474
f 6085/19/6446 6087/19/6463 6117/19/6484
f 6076/19/6449 6118/19/6485 6091/19/6486
f 6064/19/6420 6108/19/6487 6128/19/6488
f 6064/19/6420 6128/19/6488 6107/19/6477
f 6033/19/6352 6068/19/6351 6132/19/6489
f 6120/19/6490 6035/19/6491 6148/19/6492
f 6122/19/6493 6099/19/6354 6101/19/6425
f 6123/19/6457 5985/19/6300 6112/19/6494
f 6070/19/6443 6125/19/6495 6102/19/6442
f 6085/19/6446 6140/19/6496 6116/19/6497
f 6141/19/6473 6104/19/6472 6138/19/6498
f 6106/19/6475 6105/19/6464 6141/19/6473
f 6126/19/6499 6087/19/6463 6088/19/6462
f 6107/19/6477 6128/19/6488 6145/19/6500
f 6094/19/6467 6154/19/6501 5983/19/6349
f 5984/19/6244 6184/19/6502 5928/19/6503
f 6132/19/6489 6156/19/6504 6033/19/6352
f 6157/19/6505 6148/19/6492 6110/19/6353
f 6133/19/6481 6034/19/6424 6134/19/6506
f 6122/19/6493 6098/19/6468 6099/19/6354
f 6135/19/6458 6122/19/6493 6101/19/6425
f 6039/19/6426 6136/19/6507 6114/19/6356
f 6084/19/6459 6150/19/6508 6125/19/6495
f 6150/19/6508 6084/19/6459 6116/19/6497
f 6116/19/6497 6139/19/6509 6150/19/6508
f 6116/19/6497 6140/19/6496 6139/19/6509
f 6118/19/6485 6144/19/6510 6127/19/6511
f 6108/19/6487 6180/19/6512 6128/19/6488
f 6031/19/6350 6154/19/6501 6172/19/6478
f 6065/19/6513 6066/19/6514 6129/19/6515
f 6095/19/6479 6181/19/6516 6242/19/6480
f 6211/19/6517 5929/19/6295 6183/19/6518
f 6097/19/6421 6131/19/6456 6212/19/6519
f 6067/19/6440 6033/19/6352 6156/19/6504
f 6098/19/6468 6174/19/6520 6121/19/6521
f 6122/19/6493 6159/19/6522 6098/19/6468
f 6161/19/6523 6123/19/6457 6112/19/6494
f 6083/19/6441 6114/19/6356 6162/19/6524
f 6137/19/6428 6167/19/6525 6115/19/6483
f 6127/19/6511 6144/19/6510 6153/19/6526
f 6126/19/6499 5991/19/6363 6195/19/6527
f 6153/19/6528 6091/19/6529 6127/19/6530
f 5999/19/6371 5943/19/6313 6170/19/6531
f 6128/19/6488 6171/19/6532 6145/19/6500
f 6180/19/6512 6108/19/6487 6065/19/6513
f 6119/19/6533 6184/19/6502 5984/19/6244
f 6156/19/6504 6155/19/6534 6067/19/6440
f 6199/19/6535 6097/19/6421 6212/19/6519
f 6110/19/6353 6147/19/6536 6157/19/6505
f 6158/19/6537 6111/19/6482 6120/19/6490
f 6111/19/6482 6158/19/6537 6149/19/6538
f 6159/19/6522 6174/19/6520 6098/19/6468
f 6160/19/6539 6122/19/6493 6135/19/6458
f 6083/19/6441 6162/19/6524 6187/19/6540
f 6113/19/6469 6175/19/6541 6164/19/6542
f 6137/19/6428 6124/19/6427 6165/19/6543
f 6102/19/6442 6166/19/6544 6190/19/6545
f 6165/19/6543 6167/19/6525 6137/19/6428
f 6166/19/6544 6102/19/6442 6125/19/6495
f 6150/19/6508 6166/19/6544 6125/19/6495
f 6142/19/6546 6176/19/6547 6168/19/6548
f 5991/19/6363 6223/19/6549 6195/19/6527
f 6196/19/6550 6218/19/6366 6049/19/6372
f 6170/19/6531 5943/19/6313 6179/19/6551
f 6169/19/6552 5999/19/6371 6170/19/6531
f 6129/19/6515 6130/19/6553 6173/19/6554
f 6172/19/6478 6181/19/6516 6095/19/6479
f 6112/19/6494 6149/19/6538 6161/19/6523
f 6160/19/6539 6159/19/6522 6122/19/6493
f 6166/19/6544 6150/19/6508 6177/19/6555
f 5991/19/6363 6218/19/6366 6223/19/6549
f 6065/19/6513 6129/19/6515 6220/19/6556
f 6173/19/6554 6130/19/6553 6182/19/6557
f 6119/19/6533 6109/19/6558 6233/19/6559
f 6185/19/6560 6148/19/6492 6157/19/6505
f 6185/19/6560 6158/19/6537 6148/19/6492
f 6134/19/6506 6174/19/6520 6186/19/6561
f 6175/19/6541 6161/19/6523 6188/19/6562
f 6162/19/6524 6204/19/6563 6187/19/6540
f 6188/19/6562 6189/19/6564 6175/19/6541
f 6165/19/6543 6164/19/6542 6191/19/6565
f 6193/19/6566 6208/19/6567 6176/19/6547
f 6178/19/6568 6194/19/6569 6177/19/6555
f 6176/19/6547 6208/19/6567 6168/19/6548
f 6048/19/6570 6197/19/6571 6050/19/6312
f 6179/19/6551 6050/19/6312 6197/19/6571
f 6157/19/6505 6147/19/6536 6200/19/6572
f 6133/19/6481 6134/19/6506 6201/19/6573
f 6186/19/6561 6201/19/6573 6134/19/6506
f 6149/19/6538 6158/19/6537 6202/19/6574
f 6161/19/6523 6149/19/6538 6203/19/6575
f 6187/19/6540 6246/19/6576 6160/19/6539
f 6188/19/6562 6161/19/6523 6203/19/6575
f 6187/19/6540 6204/19/6563 6246/19/6576
f 6146/19/6577 6210/19/6578 6154/19/6501
f 6185/19/6560 6157/19/6505 6200/19/6572
f 6174/19/6520 6213/19/6579 6186/19/6561
f 6158/19/6537 6185/19/6560 6214/19/6580
f 6202/19/6574 6158/19/6537 6214/19/6580
f 6160/19/6539 6216/19/6581 6159/19/6522
f 6160/19/6539 6246/19/6576 6216/19/6581
f 6192/19/6582 6257/19/6583 6190/19/6545
f 6048/19/6570 6231/19/6584 6197/19/6571
f 6281/19/6585 6211/19/6517 6183/19/6518
f 6159/19/6522 6268/19/6586 6215/19/6587
f 6217/19/6588 6203/19/6575 6221/19/6589
f 6217/19/6588 6188/19/6562 6203/19/6575
f 6257/19/6583 6276/19/6590 6205/19/6591
f 6207/19/6592 6257/19/6583 6192/19/6582
f 6196/19/6550 6169/19/6552 6260/19/6593
f 6180/19/6512 6224/19/6594 6198/19/6595
f 6198/19/6595 6225/19/6596 6226/19/6597
f 6171/19/6532 6219/19/6598 6146/19/6577
f 6184/19/6502 6227/19/6599 6182/19/6557
f 6265/19/6600 6245/19/6601 6185/19/6560
f 6228/19/6602 6202/19/6574 6214/19/6580
f 6204/19/6563 6229/19/6603 6246/19/6576
f 6230/19/6604 6194/19/6569 6178/19/6568
f 6168/19/6548 6208/19/6567 6209/19/6605
f 6181/19/6516 6241/19/6606 6242/19/6480
f 6183/19/6518 6242/19/6480 6281/19/6585
f 6233/19/6559 6155/19/6534 6234/19/6607
f 6254/19/6608 6201/19/6573 6186/19/6561
f 6236/19/6609 6254/19/6608 6186/19/6561
f 6180/19/6512 6239/19/6610 6224/19/6594
f 6220/19/6556 6173/19/6554 6240/19/6611
f 6211/19/6517 6281/19/6585 6232/19/6612
f 6243/19/6613 6155/19/6534 6156/19/6504
f 6235/19/6614 6132/19/6489 6201/19/6573
f 6200/19/6572 6147/19/6536 6244/19/6615
f 6256/19/6616 6247/19/6617 6188/19/6562
f 6207/19/6592 6194/19/6569 6258/19/6618
f 6286/19/6619 6208/19/6567 6193/19/6566
f 6209/19/6605 6237/19/6620 6153/19/6526
f 6169/19/6552 6280/19/6621 6260/19/6593
f 6280/19/6621 6170/19/6531 6291/19/6622
f 6239/19/6610 6220/19/6556 6240/19/6611
f 6227/19/6599 6261/19/6623 6173/19/6554
f 6212/19/6519 6252/19/6624 6253/19/6625
f 6256/19/6616 6188/19/6562 6217/19/6588
f 6287/19/6626 6230/19/6604 6249/19/6627
f 6173/19/6554 6261/19/6623 6240/19/6611
f 6242/19/6480 6262/19/6628 6281/19/6585
f 6212/19/6519 6251/19/6629 6263/19/6630
f 6274/19/6631 6265/19/6600 6200/19/6572
f 6213/19/6579 6266/19/6632 6236/19/6609
f 6213/19/6579 6255/19/6633 6266/19/6632
f 6215/19/6587 6275/19/6634 6255/19/6633
f 6194/19/6569 6230/19/6604 6270/19/6635
f 6259/19/6636 6209/19/6605 6208/19/6567
f 6225/19/6596 6278/19/6637 6226/19/6597
f 6219/19/6598 6272/19/6638 6210/19/6578
f 6200/19/6572 6244/19/6615 6274/19/6631
f 6202/19/6574 6228/19/6602 6297/19/6639
f 6225/19/6596 6292/19/6640 6278/19/6637
f 6271/19/6641 6226/19/6597 6278/19/6637
f 6232/19/6612 6316/19/6642 6251/19/6629
f 6233/19/6559 6234/19/6607 6279/19/6643
f 6282/19/6644 6279/19/6643 6234/19/6607
f 6234/19/6607 6243/19/6613 6282/19/6644
f 6229/19/6603 6222/19/6645 6246/19/6576
f 6298/19/6646 6248/19/6647 6247/19/6617
f 6314/19/6648 6250/19/6649 6289/19/6650
f 6179/19/6551 6342/19/6651 6291/19/6622
f 6222/19/6645 6335/19/6652 6216/19/6581
f 6288/19/6653 6209/19/6605 6259/19/6636
f 6223/19/6549 6290/19/6654 6249/19/6627
f 6240/19/6611 6294/19/6655 6239/19/6610
f 6253/19/6625 6307/19/6656 6244/19/6615
f 6307/19/6656 6283/19/6657 6244/19/6615
f 6274/19/6631 6313/19/6658 6265/19/6600
f 6267/19/6659 6245/19/6601 6320/19/6660
f 6284/19/6661 6247/19/6617 6256/19/6616
f 6298/19/6646 6247/19/6617 6284/19/6661
f 6276/19/6590 6257/19/6583 6299/19/6662
f 6293/19/6663 6271/19/6641 6278/19/6637
f 6272/19/6638 6311/19/6664 6241/19/6606
f 6302/19/6665 6235/19/6614 6264/19/6666
f 6236/19/6609 6296/19/6667 6273/19/6668
f 6277/19/6669 6285/19/6670 6258/19/6618
f 6238/19/6671 6237/19/6620 6325/19/6672
f 6271/19/6641 6310/19/6673 6272/19/6638
f 6262/19/6628 6311/19/6664 6305/19/6674
f 6281/19/6585 6312/19/6675 6232/19/6612
f 6267/19/6659 6308/19/6676 6228/19/6602
f 6249/19/6627 6333/19/6677 6287/19/6626
f 6293/19/6663 6310/19/6673 6271/19/6641
f 6294/19/6655 6261/19/6623 6304/19/6678
f 6303/19/6679 6260/19/6593 6280/19/6621
f 6305/19/6674 6311/19/6664 6319/19/6680
f 6335/19/6652 6275/19/6634 6216/19/6581
f 6277/19/6669 6318/19/6681 6285/19/6670
f 6326/19/6682 6348/19/6683 6291/19/6622
f 6239/19/6610 6328/19/6684 6309/19/6685
f 6329/19/6686 6306/19/6687 6279/19/6643
f 6340/19/6688 6263/19/6630 6301/19/6689
f 6243/19/6613 6330/19/6690 6282/19/6644
f 6330/19/6690 6243/19/6613 6302/19/6665
f 6296/19/6667 6331/19/6691 6273/19/6668
f 6336/19/6692 6256/19/6616 6217/19/6588
f 6229/19/6603 6337/19/6693 6222/19/6645
f 6323/19/6694 6229/19/6603 6332/19/6695
f 6347/19/6696 6324/19/6697 6288/19/6653
f 6325/19/6672 6289/19/6650 6238/19/6671
f 6290/19/6654 6406/19/6698 6338/19/6699
f 6362/19/6700 6369/19/6701 6290/19/6654
f 6301/19/6689 6356/19/6702 6340/19/6688
f 6340/19/6688 6334/19/6703 6252/19/6624
f 6322/19/6704 6222/19/6645 6337/19/6693
f 6259/19/6636 6347/19/6696 6288/19/6653
f 6344/19/6705 6320/19/6660 6313/19/6658
f 6286/19/6619 6346/19/6706 6259/19/6636
f 6314/19/6648 6395/19/6707 6373/19/6708
f 6264/19/6666 6341/19/6709 6302/19/6665
f 6280/19/6621 6348/19/6683 6427/19/6710
f 6309/19/6685 6343/19/6711 6300/19/6712
f 6349/19/6713 6350/19/6714 6293/19/6663
f 6319/19/6680 6370/19/6715 6305/19/6674
f 6354/19/6716 6313/19/6658 6283/19/6657
f 6336/19/6692 6358/19/6717 6359/19/6718
f 6269/19/6719 6366/19/6720 6346/19/6706
f 6303/19/6679 6427/19/6710 6362/19/6700
f 6309/19/6685 6328/19/6684 6343/19/6711
f 6370/19/6715 6355/19/6721 6305/19/6674
f 6329/19/6686 6371/19/6722 6306/19/6687
f 6353/19/6723 6302/19/6665 6341/19/6709
f 6317/19/6724 6275/19/6634 6364/19/6725
f 6335/19/6652 6379/19/6726 6275/19/6634
f 6298/19/6646 6365/19/6727 6269/19/6719
f 6315/19/6728 6390/19/6729 6363/19/6730
f 6297/19/6639 6411/19/6731 6321/19/6732
f 6384/19/6733 6298/19/6646 6284/19/6661
f 6345/19/6734 6380/19/6735 6318/19/6681
f 6405/19/6736 6289/19/6650 6325/19/6672
f 6328/19/6684 6374/19/6737 6343/19/6711
f 6349/19/6713 6327/19/6738 6375/19/6739
f 6351/19/6740 6370/19/6715 6319/19/6680
f 6355/19/6721 6356/19/6702 6301/19/6689
f 6356/19/6702 6398/19/6741 6340/19/6688
f 6328/19/6684 6376/19/6742 6374/19/6737
f 6308/19/6676 6320/19/6660 6344/19/6705
f 6360/19/6743 6332/19/6695 6299/19/6662
f 6348/19/6683 6326/19/6682 6386/19/6744
f 6342/19/6651 6415/19/6745 6386/19/6744
f 6349/19/6713 6387/19/6746 6350/19/6714
f 6340/19/6688 6388/19/6747 6334/19/6703
f 6317/19/6724 6383/19/6748 6382/19/6749
f 6411/19/6731 6308/19/6676 6410/19/6750
f 6403/19/6751 6347/19/6696 6346/19/6706
f 6425/19/6752 6345/19/6734 6372/19/6753
f 6367/19/6754 6361/19/6755 6324/19/6697
f 6422/19/6756 6371/19/6722 6378/19/6757
f 6375/19/6739 6430/19/6758 6396/19/6759
f 6391/19/6760 6397/19/6761 6370/19/6715
f 6353/19/6723 6341/19/6709 6407/19/6762
f 6382/19/6749 6409/19/6763 6331/19/6691
f 6337/19/6693 6400/19/6764 6399/19/6765
f 6323/19/6694 6400/19/6764 6337/19/6693
f 6284/19/6661 6336/19/6692 6393/19/6766
f 6401/19/6767 6365/19/6727 6384/19/6733
f 6401/19/6767 6366/19/6720 6365/19/6727
f 6419/19/6768 6403/19/6751 6366/19/6720
f 6412/19/6769 6380/19/6735 6345/19/6734
f 6414/19/6770 6404/19/6771 6367/19/6754
f 6361/19/6755 6405/19/6736 6325/19/6672
f 6374/19/6737 6376/19/6742 6430/19/6758
f 6395/19/6707 6428/19/6772 6373/19/6708
f 6415/19/6745 6373/19/6708 6428/19/6772
f 6376/19/6742 6416/19/6773 6430/19/6758
f 6396/19/6759 6430/19/6758 6417/19/6774
f 6396/19/6759 6381/19/6775 6387/19/6746
f 6421/19/6776 6376/19/6742 6390/19/6729
f 6377/19/6777 6371/19/6722 6422/19/6756
f 6308/19/6676 6344/19/6705 6389/19/6778
f 6413/19/6779 6425/19/6752 6372/19/6753
f 6376/19/6742 6421/19/6776 6416/19/6773
f 6454/19/6780 6390/19/6729 6377/19/6777
f 6377/19/6777 6422/19/6756 6454/19/6780
f 6408/19/6781 6354/19/6716 6307/19/6656
f 6341/19/6709 6357/19/6782 6407/19/6762
f 6383/19/6748 6409/19/6763 6382/19/6749
f 6403/19/6751 6426/19/6783 6347/19/6696
f 6432/19/6784 6352/19/6785 6424/19/6786
f 6410/19/6750 6308/19/6676 6389/19/6778
f 6412/19/6769 6455/19/6787 6402/19/6788
f 6425/19/6752 6434/19/6789 6345/19/6734
f 6372/19/6753 6435/19/6790 6413/19/6779
f 6340/19/6688 6398/19/6741 6388/19/6747
f 6448/19/6791 6437/19/6792 6313/19/6658
f 6364/19/6725 6440/19/6793 6439/19/6794
f 6392/19/6795 6411/19/6731 6441/19/6796
f 6450/19/6797 6359/19/6718 6392/19/6795
f 6442/19/6798 6399/19/6765 6400/19/6764
f 6393/19/6766 6359/19/6718 6450/19/6797
f 6443/19/6799 6442/19/6798 6400/19/6764
f 6417/19/6774 6430/19/6758 6444/19/6800
f 6445/19/6801 6462/19/6802 6381/19/6775
f 6447/19/6803 6407/19/6762 6357/19/6782
f 6392/19/6795 6441/19/6796 6450/19/6797
f 6442/19/6798 6449/19/6804 6399/19/6765
f 6400/19/6764 6394/19/6805 6443/19/6799
f 6451/19/6806 6384/19/6733 6466/19/6807
f 6474/19/6808 6443/19/6799 6394/19/6805
f 6406/19/6698 6452/19/6809 6368/19/6810
f 6483/19/6811 6476/19/6812 6427/19/6710
f 6430/19/6758 6453/19/6813 6444/19/6800
f 6431/19/6814 6459/19/6815 6463/19/6816
f 6408/19/6781 6448/19/6791 6354/19/6716
f 6457/19/6817 6419/19/6768 6401/19/6767
f 6462/19/6802 6459/19/6815 6431/19/6814
f 6446/19/6818 6454/19/6780 6456/19/6819
f 6454/19/6780 6422/19/6756 6456/19/6819
f 6464/19/6820 6407/19/6762 6447/19/6803
f 6452/19/6809 6369/19/6701 6362/19/6700
f 6386/19/6744 6458/19/6821 6429/19/6822
f 6386/19/6744 6415/19/6745 6498/19/6823
f 6444/19/6800 6453/19/6813 6477/19/6824
f 6456/19/6819 6422/19/6756 6436/19/6825
f 6467/19/6826 6425/19/6752 6413/19/6779
f 6416/19/6773 6510/19/6827 6453/19/6813
f 6444/19/6800 6469/19/6828 6417/19/6774
f 6445/19/6801 6417/19/6774 6469/19/6828
f 6416/19/6773 6421/19/6776 6470/19/6829
f 6409/19/6763 6472/19/6830 6471/19/6831
f 6441/19/6796 6438/19/6832 6473/19/6833
f 6450/19/6797 6441/19/6796 6485/19/6834
f 6425/19/6752 6506/19/6835 6434/19/6789
f 6414/19/6770 6475/19/6836 6404/19/6771
f 6386/19/6744 6498/19/6823 6458/19/6821
f 6444/19/6800 6477/19/6824 6469/19/6828
f 6421/19/6776 6446/19/6818 6470/19/6829
f 6440/19/6793 6480/19/6837 6465/19/6838
f 6443/19/6799 6481/19/6839 6516/19/6840
f 6451/19/6806 6466/19/6807 6489/19/6841
f 6464/19/6820 6447/19/6803 6433/19/6842
f 6449/19/6804 6486/19/6843 6480/19/6837
f 6485/19/6834 6487/19/6844 6450/19/6797
f 6488/19/6845 6466/19/6807 6450/19/6797
f 6455/19/6787 6490/19/6846 6474/19/6808
f 6482/19/6847 6492/19/6848 6455/19/6787
f 6403/19/6751 6493/19/6849 6426/19/6783
f 6518/19/6850 6506/19/6835 6425/19/6752
f 6404/19/6771 6461/19/6851 6361/19/6755
f 6452/19/6809 6519/19/6852 6435/19/6790
f 6463/19/6816 6459/19/6815 6495/19/6853
f 6495/19/6853 6460/19/6854 6418/19/6855
f 6456/19/6819 6436/19/6825 6546/19/6856
f 6408/19/6781 6388/19/6747 6484/19/6857
f 6473/19/6833 6479/19/6858 6523/19/6859
f 6489/19/6841 6457/19/6817 6451/19/6806
f 6457/19/6817 6489/19/6841 6491/19/6860
f 6493/19/6849 6494/19/6861 6426/19/6783
f 6468/19/6862 6426/19/6783 6494/19/6861
f 6413/19/6779 6496/19/6863 6467/19/6826
f 6453/19/6813 6510/19/6827 6477/19/6824
f 6511/19/6864 6462/19/6802 6522/19/6865
f 6446/19/6818 6456/19/6819 6500/19/6866
f 6484/19/6857 6502/19/6867 6448/19/6791
f 6502/19/6867 6503/19/6868 6448/19/6791
f 6503/19/6868 6508/19/6869 6437/19/6792
f 6442/19/6798 6516/19/6840 6486/19/6843
f 6434/19/6789 6506/19/6835 6482/19/6847
f 6496/19/6863 6435/19/6790 6519/19/6852
f 6452/19/6809 6476/19/6812 6520/19/6870
f 6433/19/6842 6504/19/6871 6464/19/6820
f 6515/19/6872 6487/19/6844 6485/19/6834
f 6531/19/6873 6520/19/6870 6476/19/6812
f 6469/19/6828 6477/19/6824 6521/19/6874
f 6470/19/6829 6512/19/6875 6510/19/6827
f 6470/19/6829 6499/19/6876 6512/19/6875
f 6501/19/6877 6559/19/6878 6388/19/6747
f 6480/19/6837 6514/19/6879 6465/19/6838
f 6477/19/6824 6510/19/6827 6521/19/6874
f 6511/19/6864 6542/19/6880 6459/19/6815
f 6542/19/6880 6495/19/6853 6459/19/6815
f 6460/19/6854 6526/19/6881 6547/19/6882
f 6432/19/6784 6424/19/6786 6527/19/6883
f 6484/19/6857 6388/19/6747 6559/19/6878
f 6524/19/6884 6489/19/6841 6488/19/6845
f 6493/19/6849 6536/19/6885 6494/19/6861
f 6475/19/6836 6545/19/6886 6461/19/6851
f 6500/19/6866 6456/19/6819 6546/19/6856
f 6465/19/6838 6535/19/6887 6472/19/6830
f 6492/19/6848 6560/19/6888 6490/19/6846
f 6482/19/6847 6530/19/6889 6492/19/6848
f 6471/19/6831 6534/19/6890 6529/19/6891
f 6535/19/6887 6534/19/6890 6472/19/6830
f 6468/19/6862 6545/19/6886 6475/19/6836
f 6460/19/6854 6547/19/6882 6501/19/6877
f 6551/19/6892 6464/19/6820 6513/19/6893
f 6561/19/6894 6487/19/6844 6515/19/6872
f 6561/19/6894 6488/19/6845 6487/19/6844
f 6497/19/6895 6461/19/6851 6538/19/6896
f 6520/19/6870 6531/19/6873 6556/19/6897
f 6509/19/6898 6525/19/6899 6539/19/6900
f 6518/19/6850 6552/19/6901 6506/19/6835
f 6556/19/6897 6532/19/6902 6550/19/6903
f 6522/19/6865 6541/19/6904 6511/19/6864
f 3200/19/3268 6515/19/6872 6543/19/6905
f 6486/19/6843 6548/19/6906 6514/19/6879
f 6516/19/6840 6553/19/6907 6548/19/6906
f 6506/19/6835 6552/19/6901 6530/19/6889
f 6497/19/6895 6538/19/6896 6557/19/6908
f 6556/19/6897 6555/19/6909 6520/19/6870
f 6525/19/6899 6557/19/6908 6539/19/6900
f 6540/19/6910 6509/19/6898 6539/19/6900
f 6507/19/6911 6509/19/6898 6558/19/6912
f 6509/19/6898 6540/19/6910 6558/19/6912
f 6465/19/6838 6514/19/6879 6535/19/6887
f 3318/19/3277 3307/19/3278 6518/19/6850 6467/19/6826
f 6549/19/6913 6554/19/6914 6519/19/6852
f 6558/19/6912 6550/19/6903 6507/19/6911
f 6527/19/6883 6478/19/6915 6551/19/6892
f 3343/19/3282 3285/19/3285 6533/19/6916 6528/19/6917
f 6517/19/6918 6560/19/6888 6553/19/6907
f 3330/19/3287 3294/19/3288 6510/19/6827 6512/19/6875
f 3274/19/3289 3326/19/3290 6514/19/6879
f 3283/19/3291 6561/19/6894 3331/19/3292
f 3266/19/3293 3288/19/3294 6556/19/6897
f 3249/19/3295 3312/19/3296 6534/19/6890
f 3253/19/3297 3275/19/3298 6553/19/6907
f 3290/19/3299 6537/19/6919 3320/19/3300
f 3308/19/3302 3347/19/3303 6560/19/6888
f 3302/19/3304 6524/19/6884 3267/19/3305
f 3256/19/3306 6513/19/6893 3315/19/3307
f 3330/19/3287 6512/19/6875 3279/19/3308
f 3321/19/3309 3280/19/3310 6542/19/6880
f 3388/19/3658 3381/19/3659 3380/19/3661 3379/19/3655
f 3724/19/6920 3723/19/6921 3745/19/6922
f 3721/19/6923 3725/19/6924 3722/19/6925
f 3373/19/3643 3374/19/3642 3376/19/3646
f 3377/19/3645 3374/19/3642 3388/19/3658
f 3378/19/3649 3389/19/3656 3375/19/3648
f 3375/19/3648 3373/19/3643 3376/19/3646
f 3435/19/3711 3416/19/6926 3385/19/3650 3393/19/6927
f 3376/19/3646 3377/19/3645 3384/19/3647
f 3383/19/3660 3396/19/6928 3380/19/3661
f 3384/19/3647 3377/19/3645 3386/19/3667
f 3373/19/3643 3389/19/3656 3387/19/3644
f 3391/19/3687 3389/19/3656 3405/19/3657
f 3389/19/3656 3373/19/3643 3375/19/3648
f 3388/19/3658 3390/19/3671 3381/19/3659
f 3405/19/3657 3378/19/3649 3382/19/3651
f 3393/19/6927 3385/19/3650 3378/19/3649
f 3393/19/3652 3375/19/3648 3394/19/3666
f 3377/19/3645 3395/19/3663 3386/19/3667
f 3396/19/3654 3395/19/3663 3379/19/3655
f 3395/19/3663 3399/19/3685 3386/19/3667
f 3398/19/3675 3386/19/3667 3400/19/3676
f 3399/19/3685 3400/19/3676 3386/19/3667
f 3389/19/3656 3429/19/3678 3387/19/3644
f 3401/19/3669 3388/19/3658 3374/19/3642
f 3403/19/3700 3391/19/3687 3405/19/6929
f 3399/19/3685 3395/19/3663 3408/19/3686
f 3408/19/3686 3395/19/3663 3396/19/3654
f 3417/19/3714 3408/19/3686 3396/19/6930
f 3394/19/3666 3398/19/3675 3409/19/3693
f 3391/19/3687 3429/19/3678 3389/19/3656
f 3401/19/3669 3402/19/3670 3388/19/3658
f 3391/19/3687 3403/19/3700 3411/19/6931
f 3403/19/3700 3405/19/6932 3414/19/3698
f 3415/19/3706 3404/19/6933 3413/19/3704
f 3406/19/3662 3414/19/6934 3405/19/3673
f 3406/19/3662 3385/19/3650 3416/19/6926
f 3409/19/3693 3398/19/3675 3410/19/3677 3418/19/3697
f 3397/19/3712 3435/19/3711 3393/19/6927
f 3409/19/3693 3397/19/3668 3394/19/3666
f 3402/19/3670 3401/19/3669 3421/19/3718 3423/19/3720
f 3429/19/3678 3420/19/3731 3401/19/3669
f 3426/19/3694 3418/19/3697 3442/19/3748 3455/19/3750
f 3411/19/6931 3422/19/3688 3391/19/3687
f 3402/19/3670 3412/19/3689 3390/19/3671
f 3392/19/3681 3415/19/6935 3425/19/3682
f 3406/19/6936 3424/19/6937 3414/19/6938
f 3418/19/3697 3426/19/3694 3409/19/3693
f 3419/19/3695 3408/19/3686 3417/19/3714
f 3427/19/3696 3410/19/3677 3428/19/6939
f 3428/19/6939 3410/19/6940 3400/19/3676
f 3420/19/3731 3421/19/3718 3401/19/3669
f 3432/19/3699 3411/19/6931 3403/19/3700
f 3434/19/3723 3424/19/3702 3416/19/6941
f 3400/19/3676 3444/19/3715 3428/19/6939
f 3420/19/3731 3429/19/3678 3446/19/3717
f 3431/19/3732 3438/19/3719 3421/19/3718
f 3423/19/3720 3412/19/3689 3402/19/3670
f 3432/19/3699 3414/19/3701 3439/19/3703
f 3451/19/6942 3434/19/3723 3416/19/6941
f 3416/19/6926 3435/19/3711 3451/19/3734
f 3436/19/3710 3407/19/3674 3452/19/3737
f 3437/19/3713 3454/19/3728 3419/19/3695
f 3411/19/6931 3447/19/6943 3471/19/3807 3422/19/3688
f 3442/19/3748 3418/19/3697 3427/19/3696
f 3444/19/3715 3427/19/3696 3428/19/6939
f 3451/19/3734 3465/19/3735 3473/19/3758 3462/19/3768
f 3448/19/3743 3412/19/3689 3423/19/3720
f 3412/19/3689 3448/19/3743 3449/19/3721
f 3447/19/6943 3411/19/6931 3450/19/3757
f 3432/19/3699 3450/19/6944 3411/19/6931
f 3439/19/3703 3450/19/6944 3432/19/3699
f 3451/19/3734 3439/19/3703 3434/19/3723
f 3452/19/3724 3433/19/3709 3440/19/3722
f 3441/19/3725 3436/19/3710 3464/19/3736
f 3453/19/3726 3426/19/3694 3455/19/3750
f 3445/19/3730 3442/19/3748 3427/19/3696
f 3438/19/3719 3459/19/3779 3423/19/3720
f 3423/19/3720 3459/19/3779 3448/19/3743
f 3460/19/3756 3447/19/6943 3450/19/3757
f 3462/19/3768 3450/19/6944 3439/19/3703
f 3462/19/3768 3439/19/3703 3451/19/3734
f 3463/19/3745 3440/19/3733 3449/19/3721
f 3466/19/6945 3441/19/3725 3464/19/6946
f 3453/19/3726 3455/19/3750 3474/19/3746
f 3454/19/3728 3441/19/3725 3466/19/6945
f 3445/19/3730 3470/19/3754 3469/19/3753
f 3458/19/3742 3422/19/3688 3471/19/3807
f 3472/19/3755 3450/19/3757 3462/19/3768
f 3463/19/3745 3449/19/3721 3461/19/3744
f 3487/19/3776 3446/19/3717 3430/19/3716 3488/19/3815
f 3481/19/3781 3464/19/3736 3463/19/3745
f 3475/19/6947 3464/19/6946 3481/19/6948
f 3466/19/6945 3464/19/6946 3475/19/6947
f 3455/19/3750 3467/19/3749 3476/19/3759
f 3468/19/3751 3454/19/3738 3466/19/6949
f 3469/19/3753 3477/19/3760 3442/19/3752
f 3456/19/6950 3470/19/3754 3443/19/3727
f 3420/19/3731 3446/19/3717 3487/19/3776
f 3471/19/3807 3480/19/3788 3458/19/3742
f 3483/19/3793 3475/19/6947 3481/19/6948
f 3468/19/3751 3466/19/6949 3493/19/6951
f 3467/19/6952 3477/19/3772 3484/19/3771
f 3486/19/3774 3478/19/6953 3468/19/3751
f 3486/19/3774 3470/19/3754 3478/19/6953
f 3470/19/3754 3495/19/3775 3469/19/3753
f 3490/19/3782 3474/19/3746 3476/19/3759 3492/19/3783
f 3489/19/3777 3457/19/3741 3420/19/3731
f 3500/19/3837 3448/19/3743 3459/19/3779
f 3447/19/6943 3460/19/3756 3471/19/3807
f 3475/19/6954 3483/19/3793 3491/19/3792
f 3470/19/3754 3486/19/3774 3497/19/3773 3496/19/6955
f 3475/19/6954 3491/19/3792 3493/19/6951
f 3493/19/6951 3466/19/6949 3475/19/6954
f 3494/19/3786 3468/19/3751 3493/19/6951
f 3484/19/3771 3485/19/3770 3504/19/6956
f 3504/19/6956 3485/19/3770 3495/19/3775
f 3470/19/3754 3496/19/6955 3495/19/3775
f 3484/19/3800 3504/19/3797 3510/19/6957 3509/19/3801
f 3458/19/3742 3488/19/3815 3430/19/3716
f 3479/19/3766 3498/19/3778 3431/19/3732
f 3498/19/3778 3438/19/3719 3431/19/3732
f 3448/19/3743 3500/19/3837 3461/19/3744
f 3481/19/6948 3508/19/3789 3483/19/3793
f 3482/19/3769 3514/19/3790 3473/19/3758
f 3503/19/3785 3492/19/3783 3467/19/3749
f 3494/19/3786 3493/19/6951 3516/19/3810
f 3520/19/3805 3479/19/3766 3457/19/3741
f 3506/19/3835 3488/19/3815 3458/19/3742
f 3506/19/3835 3458/19/3742 3499/19/3787
f 3459/19/3779 3498/19/3778 3500/19/3837
f 3480/19/3788 3471/19/3807 3567/19/3808
f 3461/19/3744 3536/19/3849 3512/19/3780
f 3514/19/3790 3482/19/3769 3501/19/3791
f 3493/19/6951 3491/19/3792 3516/19/3810
f 3490/19/3782 3492/19/3783 3515/19/3799
f 3522/19/3816 3488/19/3815 3506/19/3835 3542/19/3863
f 3504/19/3797 3505/19/3796 3510/19/6957
f 3511/19/3802 3505/19/3796 3496/19/3798
f 3497/19/3803 3511/19/3802 3496/19/3798
f 3488/19/3815 3519/19/3804 3487/19/3776
f 3461/19/3744 3500/19/3837 3536/19/3849
f 3514/19/3790 3460/19/3756 3507/19/3767
f 3517/19/3821 3515/19/3799 3503/19/3785
f 3509/19/3801 3517/19/3821 3503/19/3785
f 3527/19/3809 3511/19/3802 3494/19/3786
f 3521/19/3858 3523/19/3817 3520/19/3805
f 3519/19/3804 3520/19/3805 3489/19/3777
f 3513/19/3891 3460/19/3756 3525/19/3818
f 3517/19/3821 3526/19/3820 3515/19/3799
f 3533/19/3832 3509/19/3822 3510/19/3811
f 3518/19/3813 3511/19/3814 3534/19/3833
f 3523/19/3817 3524/19/3806 3479/19/3766
f 3567/19/3808 3460/19/3756 3513/19/3891
f 3491/19/3792 3528/19/3831 3538/19/3840
f 3538/19/3840 3516/19/3810 3491/19/3792
f 3517/19/3821 3548/19/3867 3526/19/3820
f 3529/19/3839 3527/19/3809 3516/19/3810
f 3527/19/3809 3529/19/3839 3530/19/3841
f 3517/19/3821 3531/19/3823 3548/19/3867
f 3509/19/3822 3533/19/3832 3532/19/3827
f 3522/19/3816 3535/19/3856 3519/19/3804
f 3520/19/3805 3519/19/3804 3535/19/3856
f 3535/19/3856 3521/19/3858 3520/19/3805
f 3567/19/3808 3544/19/3847 3499/19/3787
f 3525/19/3818 3514/19/3790 3537/19/3838
f 3501/19/3791 3537/19/3838 3514/19/3790
f 3531/19/3823 3553/19/3846 3548/19/3867
f 3533/19/3832 3540/19/6958 3539/19/3843
f 3534/19/3828 3540/19/6958 3533/19/3832
f 3540/19/6958 3534/19/3828 3541/19/3854
f 3541/19/3854 3534/19/3828 3549/19/3873
f 3549/19/3873 3534/19/3828 3530/19/3824
f 3546/19/3865 3528/19/3831 3502/19/3794 3545/19/3829
f 3557/19/3852 3539/19/3843 3540/19/3853 3573/19/3855
f 3530/19/3841 3554/19/3842 3549/19/3873
f 3571/19/3845 3531/19/3823 3532/19/3827
f 3500/19/3837 3550/19/3836 3577/19/3848
f 3525/19/3818 3578/19/3894 3513/19/3891
f 3547/19/3830 3526/19/3820 3552/19/3869
f 3548/19/3867 3552/19/3869 3526/19/3820
f 3529/19/3839 3538/19/3840 3588/19/3850
f 3554/19/3842 3555/19/3871 3549/19/3873
f 3557/19/3852 3532/19/3827 3539/19/3843
f 3611/19/3900 3580/19/3868 3590/19/3882 3595/19/3921
f 3541/19/3854 3558/19/3872 3573/19/3855
f 3541/19/3854 3549/19/3873 3558/19/3872
f 3512/19/3780 3536/19/3849 3586/19/3911
f 3512/19/3780 3586/19/3911 3568/19/3864
f 3537/19/3838 3593/19/3893 3525/19/3818
f 3547/19/3830 3569/19/6959 3537/19/3838
f 3552/19/3869 3569/19/6959 3547/19/3830
f 3553/19/3846 3580/19/3868 3548/19/3867
f 3554/19/3842 3588/19/3850 3570/19/3870
f 3580/19/3868 3553/19/3846 3571/19/3845
f 3572/19/3887 3571/19/3845 3556/19/3851
f 3557/19/6960 3574/19/3886 3556/19/3885
f 3573/19/3888 3574/19/3886 3557/19/6960
f 3560/19/3860 3559/19/3874 3522/19/3816
f 3561/19/3857 3563/19/3861 3521/19/3858
f 3564/19/3862 3575/19/3909 3524/19/3806
f 3575/19/3909 3543/19/3844 3524/19/3806
f 3576/19/3875 3542/19/3863 3506/19/3835
f 3545/19/3829 3568/19/3864 3579/19/3866
f 3593/19/3893 3537/19/3838 3569/19/6959
f 3538/19/3840 3587/19/3880 3588/19/3850
f 3580/19/3868 3571/19/3845 3572/19/3887
f 3573/19/3888 3583/19/3889 3582/19/3884
f 3558/19/3872 3583/19/3889 3573/19/3888
f 3513/19/3891 3585/19/3879 3567/19/3808
f 3536/19/3849 3592/19/3878 3586/19/3911
f 3578/19/3894 3620/19/3892 3513/19/3891
f 3546/19/3865 3579/19/3866 3587/19/3880
f 3552/19/3869 3580/19/3868 3611/19/3900
f 3570/19/3870 3588/19/3850 3589/19/3895
f 3572/19/3887 3590/19/3882 3580/19/3868
f 3576/19/3875 3565/19/3834 3606/19/3898
f 3569/19/6959 3594/19/3901 3593/19/3893
f 3594/19/3901 3569/19/6959 3552/19/3869
f 3588/19/3850 3587/19/3880 3624/19/3913
f 3669/19/4004 3644/19/3953 3658/19/3981 3670/19/4006
f 3588/19/3850 3596/19/3914 3589/19/3895
f 3590/19/3882 3601/19/3881 3595/19/3921
f 3577/19/3848 3628/19/3876 3592/19/3878
f 3579/19/3866 3568/19/3864 3621/19/3912
f 3593/19/3893 3599/19/3927 3578/19/3894
f 3589/19/3895 3596/19/3914 3600/19/3902
f 3603/19/3916 3561/19/3857 3559/19/3874
f 3559/19/3874 3560/19/3860 3602/19/3906
f 3584/19/3890 3591/19/3896 3562/19/3859
f 3605/19/3908 3584/19/3890 3542/19/3863
f 3579/19/3866 3621/19/3912 3622/19/3950
f 3624/19/3913 3587/19/3880 3579/19/3866
f 3631/19/3925 3603/19/3916 3559/19/3874
f 3597/19/3899 3604/19/3907 3563/19/3861
f 3604/19/3907 3608/19/3918 3564/19/3862
f 3609/19/3961 3575/19/3909 3608/19/3918
f 3605/19/3908 3576/19/3875 3606/19/3898
f 3599/19/3927 3620/19/3892 3578/19/3894
f 3593/19/3893 3623/19/3928 3599/19/3927
f 3594/19/3901 3623/19/3928 3593/19/3893
f 3622/19/3950 3624/19/3913 3579/19/3866
f 3595/19/3921 3614/19/3923 3625/19/3922
f 3601/19/3881 3615/19/3970 3614/19/3923
f 3663/19/3915 3615/19/3970 3601/19/3881
f 3618/19/3956 3591/19/3896 3584/19/3890
f 3619/19/3926 3575/19/3909 3609/19/3961
f 3619/19/3926 3598/19/3897 3575/19/3909
f 3625/19/3922 3612/19/3931 3611/19/3900
f 3613/19/3920 3662/19/3969 3600/19/3902
f 3617/19/3932 3634/19/3955 3626/19/3933
f 3597/19/3899 3607/19/3917 3632/19/3934
f 3591/19/3896 3633/19/3957 3617/19/3932
f 3618/19/3956 3633/19/3957 3591/19/3896
f 3604/19/3907 3635/19/3935 3608/19/3918
f 3627/19/3936 3618/19/3956 3584/19/3890
f 3606/19/3898 3637/19/3962 3605/19/3908
f 3630/19/3938 3610/19/3910 3585/19/3879
f 3592/19/3878 3639/19/3937 3653/19/3997
f 3586/19/3911 3592/19/3878 3675/19/3939
f 3599/19/3927 3640/19/3929 3620/19/3892
f 3662/19/3969 3692/19/3941 3600/19/3902
f 3634/19/3955 3617/19/3932 3633/19/3957
f 3608/19/3918 3636/19/3946 3609/19/3961
f 3637/19/3962 3627/19/3936 3605/19/3908
f 3652/19/3963 3628/19/3876 3619/19/3926
f 3637/19/3962 3606/19/3898 3638/19/3919
f 3675/19/3939 3592/19/3878 3653/19/3997
f 3624/19/3913 3643/19/3951 3613/19/3920
f 3655/19/3952 3607/19/3917 3603/19/3916
f 3626/19/3933 3646/19/4001 3602/19/3906
f 3648/19/3945 3632/19/3934 3649/19/3977
f 3644/19/3953 3634/19/3955 3633/19/3957
f 3632/19/3934 3648/19/3945 3635/19/3935
f 3650/19/3959 3618/19/3956 3627/19/3936
f 3652/19/3963 3609/19/3961 3661/19/3960
f 3628/19/3876 3652/19/3963 3629/19/3947
f 3639/19/3937 3706/19/4010 3653/19/3997
f 3641/19/3949 3621/19/3912 3675/19/3939
f 3641/19/3949 3654/19/4012 3622/19/3950
f 3622/19/3950 3654/19/4012 3643/19/3951
f 3602/19/3906 3646/19/4001 3616/19/3924
f 3656/19/3973 3647/19/3989 3607/19/3917
f 3658/19/3981 3644/19/3953 3618/19/3956
f 3659/19/3966 3648/19/3945 3657/19/3979
f 3618/19/3956 3650/19/3959 3658/19/3981
f 3660/19/3967 3636/19/3946 3659/19/3966
f 3639/19/3937 3629/19/3947 3686/19/3985
f 3646/19/4001 3678/19/3965 3616/19/3924
f 3665/19/3972 3646/19/4001 3626/19/3933
f 3647/19/3989 3666/19/3974 3632/19/3934
f 3667/19/3975 3649/19/3977 3632/19/3934
f 3626/19/3933 3645/19/3954 3668/19/3990
f 3669/19/4004 3645/19/3954 3644/19/3953
f 3657/19/3979 3648/19/3945 3679/19/3976
f 3690/19/4225 3677/19/4037 3625/19/3922 3691/19/3940
f 3661/19/3960 3660/19/3967 3673/19/3982
f 3651/19/3958 3637/19/3962 3684/19/4008
f 3674/19/3968 3638/19/3919 3610/19/3910
f 3688/19/3988 3687/19/3948 3640/19/3929
f 3641/19/3949 3675/19/3939 3676/19/4056
f 3642/19/3930 3708/19/3999 3623/19/3928
f 3677/19/4037 3642/19/3930 3612/19/3931
f 3671/19/3978 3657/19/3979 3680/19/4020
f 3673/19/3982 3659/19/3983 3681/19/3994
f 3683/19/3984 3661/19/3960 3673/19/3982
f 3651/19/3958 3684/19/4008 3682/19/3995
f 3637/19/3962 3685/19/3964 3684/19/4008
f 3676/19/4056 3675/19/3939 3689/19/3998
f 3707/19/3987 3640/19/3929 3741/19/4011
f 3641/19/3949 3676/19/4056 3654/19/4012
f 3643/19/3951 3654/19/4012 3719/19/4014
f 3677/19/4037 3612/19/3931 3625/19/3922
f 3728/19/6961 3752/19/6962 3756/19/6963 3757/19/6964
f 3694/19/4028 3667/19/3975 3666/19/3974
f 3645/19/3954 3696/19/4003 3695/19/4002
f 3696/19/4003 3669/19/4004 3698/19/4005
f 3697/19/4018 3657/19/3979 3679/19/3976
f 3697/19/6965 3680/19/4032 3657/19/6966
f 3700/19/4024 3673/19/3982 3681/19/6967
f 3683/19/3984 3673/19/3982 3700/19/4024
f 3740/19/4009 3689/19/3998 3653/19/3997
f 3817/19/4163 3708/19/3999 3642/19/3930
f 3655/19/3952 3678/19/3965 3761/19/4015
f 3710/19/4000 3702/19/4027 3646/19/4001
f 3693/19/4016 3656/19/3973 3655/19/3952
f 3649/19/3977 3667/19/3975 3694/19/4028
f 3700/19/4024 3681/19/6967 3680/19/4032
f 3682/19/3995 3684/19/4008 3704/19/4021
f 3706/19/4010 3639/19/3937 3705/19/3986
f 3654/19/4012 3676/19/4056 3701/19/4013
f 3678/19/3965 3646/19/4001 3702/19/4027
f 3693/19/4016 3666/19/3974 3656/19/3973
f 3665/19/3972 3664/19/3971 3710/19/4000
f 3697/19/4018 3711/19/4019 3712/19/4088
f 3670/19/4006 3713/19/4029 3698/19/4005
f 3712/19/4088 3680/19/4032 3697/19/6965
f 3704/19/4021 3714/19/4030 3670/19/4006
f 3674/19/3968 3717/19/4160 3716/19/3996
f 3674/19/3968 3687/19/3948 3768/19/4035
f 3688/19/3988 3718/19/4036 3768/19/4035
f 3719/19/4014 3662/19/3969 3643/19/3951
f 3728/19/4073 3725/19/4075 3721/19/6968
f 3702/19/4027 3710/19/4000 3732/19/4084
f 3733/19/4117 3694/19/4028 3693/19/4016
f 3739/19/4104 3705/19/3986 3715/19/4034
f 3738/19/4033 3716/19/3996 3717/19/4160
f 3739/19/4104 3706/19/4010 3705/19/3986
f 3642/19/3930 3742/19/4038 3817/19/4163
f 3692/19/3941 3709/19/4026 3663/19/3915
f 3726/19/4041 3748/19/4067 3752/19/6969
f 3759/19/6970 3758/19/6971 3754/19/6972 3730/19/6973
f 3713/19/4029 3765/19/4089 3736/19/4055 3696/19/4003
f 3702/19/4027 3760/19/4083 3761/19/4015
f 3762/19/4085 3710/19/4000 3664/19/3971
f 3763/19/4086 3703/19/4017 3734/19/4052
f 3777/19/4120 3712/19/4088 3711/19/4019
f 3750/19/4166 3793/19/4168 3744/19/6974 3725/19/6975
f 3766/19/4087 3712/19/4088 3777/19/4120
f 3767/19/4023 3700/19/4024 3779/19/4090
f 3715/19/4034 3683/19/3984 3767/19/4023
f 3769/19/4057 3689/19/3998 3780/19/4092
f 3676/19/4056 3770/19/4093 3701/19/4013
f 3691/19/3940 3743/19/4025 3690/19/4225
f 3722/19/6976 3744/19/4122 3772/19/4125
f 3772/19/6977 3748/19/4067 3722/19/4040
f 3774/19/4109 3776/19/4111 3756/19/4113 3752/19/6978
f 3751/19/4074 3750/19/4134 3725/19/4075
f 3752/19/6969 3748/19/4067 3774/19/4109
f 3753/19/4137 3754/19/6979 3775/19/4116
f 3757/19/4138 3755/19/4100 3728/19/4073
f 3802/19/4173 3804/19/4199 3758/19/6980 3759/19/4101
f 3758/19/4114 3775/19/4116 3754/19/6981
f 3762/19/4085 3732/19/4084 3710/19/4000
f 3734/19/4052 3694/19/4028 3733/19/4117
f 3835/19/4103 3684/19/4008 3738/19/4033
f 3816/19/4105 3740/19/4009 3706/19/4010
f 3708/19/3999 3817/19/4163 3741/19/4011
f 3677/19/4037 3690/19/4225 3974/19/4224
f 3720/19/4039 3771/19/4094 3692/19/3941
f 3773/19/4095 3781/19/4106 3745/19/4063
f 3749/19/4070 3747/19/4069 3782/19/4130
f 3749/19/4072 3784/19/4099 3729/19/4043
f 3731/19/4051 3733/19/4117 3693/19/4016
f 3813/19/4121 3711/19/4019 3763/19/4086
f 3736/19/4055 3791/19/4155 3764/19/4054
f 3816/19/4105 3780/19/4092 3740/19/4009
f 3792/19/4162 3718/19/4036 3707/19/3987
f 3741/19/4011 3792/19/4162 3707/19/3987
f 3818/19/4164 3742/19/4038 3677/19/4037
f 3677/19/4037 3974/19/4224 3818/19/4164
f 3773/19/4095 3746/19/4062 3796/19/4132
f 3798/19/6982 3750/19/4134 3844/19/4133
f 3782/19/4130 3795/19/4129 3799/19/6983
f 3802/19/4173 3759/19/4101 3783/19/4097
f 3785/19/4110 3786/19/4112 3776/19/4111
f 3804/19/6984 3787/19/4115 3758/19/6985
f 3795/19/4127 3781/19/4126 3841/19/4189 3820/19/4171
f 3808/19/4151 3787/19/4115 3804/19/6984
f 3760/19/4083 3826/19/4181 3761/19/4015
f 3761/19/4015 3826/19/4181 3788/19/6986
f 3859/19/6987 3810/19/4180 3760/19/4083
f 3788/19/6986 3731/19/4051 3761/19/4015
f 3859/19/6987 3760/19/4083 3732/19/4084
f 3762/19/4085 3811/19/4270 3732/19/4084
f 3830/19/4154 3790/19/4119 3764/19/4054
f 3777/19/4120 3813/19/4121 3868/19/4183
f 3779/19/4090 3766/19/4087 3814/19/4157
f 3836/19/4274 3717/19/4160 3674/19/3968
f 3768/19/4035 3836/19/4274 3674/19/3968
f 3742/19/4038 3838/19/4165 3817/19/4163
f 3719/19/4014 3873/19/4187 3939/19/4353
f 3719/19/4014 3939/19/4353 3720/19/4039
f 3743/19/4025 3874/19/4226 3690/19/4225
f 3772/19/4125 3794/19/4124 3819/19/4307
f 3819/19/4307 3748/19/4067 3772/19/6977
f 3773/19/4095 3841/19/4189 3781/19/4106
f 3859/19/6987 3732/19/4084 3811/19/4270 3857/19/6988
f 3798/19/4191 3821/19/4167 3750/19/4166
f 3796/19/4132 3753/19/4096 3822/19/4172
f 3785/19/4110 3797/19/4131 3823/19/4278
f 3845/19/4232 3784/19/4099 3782/19/4108
f 3806/19/4147 3809/19/4149 3786/19/4112
f 3855/19/4152 3807/19/4148 3787/19/4115
f 3876/19/4228 3875/19/4227 3743/19/4025 3709/19/4026
f 3812/19/4214 3789/19/4118 3733/19/4117
f 3828/19/4216 3734/19/4052 3789/19/4118
f 3734/19/4052 3828/19/4216 3829/19/4153
f 3829/19/4153 3763/19/4086 3734/19/4052
f 3791/19/4155 3831/19/4220 3830/19/4154
f 3813/19/4121 3832/19/4219 3868/19/4183
f 3765/19/4089 3931/19/4184 3736/19/4055
f 3778/19/4102 3833/19/4091 3765/19/4089
f 3933/19/4159 3715/19/4034 3814/19/4157
f 3717/19/4160 3836/19/4274 3815/19/4158
f 3816/19/4105 3739/19/4104 3933/19/4159
f 3816/19/4105 3869/19/4299 3780/19/4092
f 3872/19/4186 3719/19/4014 3770/19/4093
f 3797/19/4131 3748/19/4067 3819/19/4307 3839/19/4306
f 3854/19/4200 3825/19/4178 3857/19/6988 3858/19/6989
f 3843/19/6990 3798/19/6982 3844/19/4133
f 3845/19/4232 3802/19/4173 3784/19/4099
f 3846/19/4230 3845/19/4232 3782/19/4108
f 3849/19/4251 3755/19/4100 3803/19/4139
f 3802/19/4173 3847/19/6991 3804/19/4199
f 3852/19/4197 3804/19/4199 3847/19/6991
f 3853/19/4204 3808/19/4198 3852/19/4197
f 3809/19/4149 3806/19/4147 3886/19/6992
f 3856/19/6993 3855/19/4152 3808/19/4151
f 3823/19/4278 3797/19/4131 3839/19/4306 3877/19/4279
f 3857/19/4207 3825/19/4179 3809/19/4149
f 3860/19/4237 3859/19/6994 3809/19/4238
f 3890/19/4265 3731/19/4051 3788/19/6986
f 3859/19/6987 3860/19/4208 3810/19/4180
f 3812/19/6995 3861/19/6996 3855/19/6997
f 3861/19/4212 3812/19/4214 3733/19/4117
f 3827/19/4182 3811/19/4270 3762/19/4085
f 3828/19/4216 3866/19/4241 3829/19/4153
f 3768/19/4035 3895/19/4275 3836/19/4274
f 3837/19/4161 3895/19/4275 3768/19/4035
f 3871/19/4223 3792/19/4162 3817/19/4163
f 3755/19/4100 3881/19/4250 3880/19/4281 3800/19/4135
f 3840/19/4190 3822/19/4172 3878/19/4245
f 3799/19/4169 3820/19/4171 3879/19/6998
f 3843/19/6990 3844/19/4133 3880/19/4246
f 3880/19/4281 3844/19/4133 3800/19/4135
f 3847/19/6999 3802/19/4173 3845/19/4232 3882/19/7000
f 3879/19/7001 3884/19/4286 3850/19/4285 3846/19/7002
f 3879/19/7001 3846/19/7002 3799/19/7003
f 3880/19/4246 3848/19/7004 3843/19/6990
f 3755/19/4100 3849/19/4251 3881/19/4250
f 3806/19/4147 3785/19/4110 3823/19/4278 3886/19/6992
f 3848/19/4253 3885/19/4255 3843/19/7005
f 3883/19/4231 3846/19/4230 3850/19/7006 3888/19/4283
f 3803/19/4139 3824/19/7007 3901/19/4263 3849/19/4251
f 3826/19/4181 3890/19/4265 3788/19/6986
f 3861/19/6996 3851/19/7008 3855/19/6997
f 3891/19/7009 3856/19/4205 3853/19/4204
f 3890/19/4265 3861/19/4212 3731/19/4051
f 3811/19/4270 3858/19/6989 3857/19/6988
f 3863/19/4271 3811/19/4270 3827/19/4182
f 3893/19/4343 3827/19/4182 3865/19/4217
f 3867/19/4218 3865/19/4217 3790/19/4119
f 3932/19/4298 3833/19/4091 3834/19/4185
f 3936/19/4300 3870/19/4222 3780/19/4092
f 3840/19/4190 3913/19/4188 3773/19/4095
f 3878/19/4245 3896/19/4330 3840/19/4190
f 3880/19/4246 3900/19/4248 3848/19/7004
f 3852/19/4197 3847/19/6991 3882/19/7010
f 3900/19/4248 3887/19/4258 3848/19/7004
f 3861/19/6996 3890/19/4289 3899/19/4244 3851/19/7008
f 3854/19/4260 3901/19/4263 3824/19/7007
f 3891/19/7011 3904/19/7012 3908/19/7013 3856/19/7014
f 3905/19/4293 3888/19/4283 3850/19/7006
f 3887/19/4236 3906/19/4295 3889/19/4234
f 3908/19/7015 3904/19/7016 3888/19/7017
f 3908/19/4297 3888/19/4283 3905/19/4293
f 3906/19/4295 3854/19/4200 3858/19/6989
f 3856/19/4209 3908/19/4297 3864/19/4215 3862/19/4213
f 3906/19/4295 3858/19/6989 3909/19/4269
f 3909/19/4269 3858/19/6989 3811/19/4270
f 3954/19/4313 3884/19/4286 3879/19/6998 3966/19/4311
f 3827/19/4182 3893/19/4343 3863/19/4271
f 3866/19/4241 3910/19/4346 3832/19/4219
f 3814/19/4157 3766/19/4087 3894/19/4156
f 3816/19/4105 3933/19/4159 3911/19/4349
f 3837/19/4161 3945/19/4364 3895/19/4275
f 3794/19/4124 3821/19/4229 3912/19/4276
f 3794/19/4124 3912/19/4276 3819/19/4307
f 3879/19/6998 3820/19/4171 3966/19/4311
f 3842/19/4192 3914/19/4280 3897/19/4243
f 3917/19/4361 3885/19/7018 3889/19/7019 3925/19/4322
f 3915/19/4277 3886/19/6992 3823/19/4278
f 3878/19/4245 3899/19/4244 3916/19/4290
f 3922/19/4252 3882/19/7020 3845/19/4232
f 3914/19/4280 3885/19/4233 3917/19/4361
f 3886/19/4239 3915/19/7021 3920/19/4288
f 3921/19/4284 3852/19/4197 3882/19/7010
f 3849/19/4251 3901/19/4263 3919/19/4249
f 3887/19/4258 3900/19/4248 3918/19/7022 3907/19/4259
f 3890/19/4265 3902/19/4264 3926/19/4338 3916/19/7023
f 3924/19/4332 3860/19/4208 3920/19/4359
f 3924/19/4332 3902/19/4264 3860/19/4208
f 3946/19/4326 3792/19/4162 3871/19/4223 3947/19/4302
f 3928/19/7024 3906/19/4257 3907/19/4259
f 3904/19/7025 3891/19/4320 3927/19/4319
f 3943/19/4344 3866/19/4241 3892/19/4240
f 3814/19/4157 3894/19/4156 3984/19/4373
f 3869/19/4299 3816/19/4105 3911/19/4349
f 3792/19/4162 3972/19/4327 3837/19/4161
f 3939/19/4353 4002/19/4305 3720/19/4039
f 3819/19/4307 3912/19/4276 3976/19/4308
f 3940/19/4309 3877/19/4279 3839/19/4306
f 3924/19/4332 3952/19/4331 3902/19/4264
f 3922/19/4252 3921/19/7026 3882/19/7020
f 3905/19/4293 3923/19/4287 3930/19/4296
f 3909/19/4269 3925/19/4322 3889/19/7019
f 3863/19/4271 3942/19/4321 3909/19/4269
f 3893/19/4343 3865/19/4217 3956/19/4323
f 3957/19/4324 3867/19/4218 3831/19/4220
f 3868/19/4183 3832/19/4219 3910/19/4346
f 3933/19/4159 3944/19/4325 3911/19/4349
f 3895/19/4275 3945/19/4364 3935/19/4273
f 3993/19/4365 3870/19/4222 3936/19/4300
f 3872/19/4186 3994/19/4301 3937/19/4303
f 3928/19/7024 3907/19/4259 3918/19/7027 3929/19/7028
f 3873/19/4187 3948/19/4352 3939/19/4353
f 3876/19/4228 3938/19/4304 3975/19/4328
f 3976/19/4308 3940/19/4309 3839/19/4306
f 3896/19/4330 3949/19/4356 3840/19/4190
f 3840/19/4190 3949/19/4356 3913/19/4188
f 3953/19/7029 3902/19/4264 3965/19/4334
f 3998/19/4358 3924/19/4332 3920/19/4359
f 3918/19/7030 3919/19/7031 3929/19/7032
f 3923/19/4287 3954/19/4313 3955/19/4342
f 4007/19/4423 4019/19/4370 3966/19/4311 4006/19/4375
f 3930/19/4296 3955/19/4342 3969/19/7033
f 3944/19/4325 3814/19/4157 3984/19/4373
f 3937/19/4303 3973/19/4351 3873/19/4187
f 3875/19/4227 3960/19/4366 3874/19/4226
f 3940/19/4309 3976/19/4308 3962/19/4376
f 3913/19/4188 3949/19/4356 3898/19/4242
f 3941/19/4310 3967/19/7034 3920/19/4336
f 3924/19/4332 3998/19/7035 3951/19/4333
f 3953/19/4337 3968/19/4369 3926/19/4338
f 3926/19/7036 3968/19/7037 3916/19/7038
f 3950/19/4383 3916/19/7038 3968/19/7037
f 3943/19/4344 3930/19/4296 3969/19/7033
f 3942/19/4321 3893/19/4343 3956/19/4323
f 3894/19/4156 3868/19/4183 3982/19/4372
f 3948/19/4352 3961/19/4354 3939/19/4353
f 3962/19/4376 3941/19/4310 3940/19/4309
f 3950/19/4329 3963/19/4355 3896/19/4330
f 3965/19/4334 3978/19/7039 3953/19/7029
f 3979/19/4407 3897/19/4243 3914/19/4280
f 3997/19/4377 3967/19/7034 3941/19/4310
f 3966/19/4311 4019/19/4370 3954/19/4313
f 3980/19/4362 3979/19/4407 3914/19/4280
f 3955/19/4342 3981/19/4371 3969/19/7033
f 3925/19/4322 3942/19/4321 3980/19/4362
f 3943/19/4344 3969/19/7033 3988/19/4345
f 3931/19/4184 3957/19/4324 3791/19/4155
f 3978/19/7039 3965/19/4334 3985/19/4389
f 3912/19/4276 3897/19/4243 3986/19/4374
f 3977/19/4367 3951/19/4333 3987/19/7040
f 3966/19/4311 3898/19/4242 4006/19/4375
f 3951/19/7041 3998/19/4393 3987/19/4392
f 3956/19/4323 3999/19/4396 3942/19/4321
f 3957/19/4324 4000/19/4408 3956/19/4323
f 3910/19/4346 3970/19/4347 3989/19/4416
f 3990/19/4397 3910/19/4346 3989/19/4416
f 3990/19/4397 3868/19/4183 3910/19/4346
f 3982/19/4372 3868/19/4183 3990/19/4397
f 3991/19/4400 3932/19/4298 3934/19/4272
f 3992/19/4399 3934/19/4272 3935/19/4273
f 3973/19/4351 3995/19/4419 3948/19/4352
f 3964/19/4357 3977/19/4367 4015/19/4430
f 3965/19/4334 3964/19/4357 4015/19/4410
f 3968/19/7037 4005/19/4382 3950/19/4383
f 3986/19/4374 3897/19/4243 3979/19/4407
f 3974/19/4224 3874/19/4226 4014/19/4440 4053/19/4405
f 3999/19/4396 3979/19/4407 3980/19/4362
f 3999/19/4396 3980/19/4362 3942/19/4321
f 3969/19/7033 3981/19/4371 4027/19/4450
f 4027/19/4450 3988/19/4345 3969/19/7033
f 3944/19/4325 4010/19/4378 3971/19/4363
f 4021/19/4401 3945/19/4364 3972/19/4327
f 3937/19/4303 3994/19/4301 4013/19/4403
f 4001/19/4404 3946/19/4326 3947/19/4302
f 4015/19/4410 4003/19/4388 3965/19/4334
f 3996/19/4380 3997/19/4377 3962/19/4376
f 3963/19/4355 4006/19/4375 3949/19/4356
f 4027/19/4450 3981/19/4371 4019/19/4370
f 3983/19/4221 4009/19/4463 3931/19/4184
f 4011/19/4379 3992/19/4399 3935/19/4273
f 3958/19/4348 3911/19/4349 4045/19/4386
f 4047/19/4426 3972/19/4327 3946/19/4326 4048/19/4418
f 3960/19/4366 4014/19/4440 3874/19/4226
f 3977/19/4367 4023/19/4457 4015/19/4430
f 3985/19/4389 4016/19/7042 3978/19/7039
f 3977/19/4367 3987/19/7040 4023/19/4457
f 4004/19/4391 4023/19/4457 3987/19/4392
f 4005/19/4382 4016/19/4394 4017/19/4412
f 4017/19/4412 3963/19/4384 4005/19/4382
f 3996/19/4390 4004/19/4391 3997/19/4381
f 3963/19/4355 4017/19/4412 4006/19/4375
f 4018/19/4406 3979/19/4407 3999/19/4396
f 4027/19/4450 3970/19/4347 3988/19/4345
f 4009/19/4463 4028/19/4385 3931/19/4184
f 4026/19/4414 4007/19/4423 4006/19/4375
f 4020/19/4395 4018/19/4406 3999/19/4396
f 4028/19/4385 4000/19/4408 3957/19/4324
f 4009/19/4463 4029/19/4435 4028/19/4385
f 4010/19/4378 3984/19/4373 4043/19/4417
f 4010/19/4378 4044/19/4436 3971/19/4363
f 4021/19/4401 4031/19/4427 4011/19/4379
f 3972/19/4327 4047/19/4426 4021/19/4401
f 4080/19/4492 4115/19/4469 4047/19/4426 4048/19/4418
f 3975/19/4328 4014/19/4440 3960/19/4366
f 4037/19/4431 4015/19/4430 4023/19/4457
f 4017/19/4412 4025/19/4413 4039/19/7043
f 3996/19/4390 4024/19/4482 4004/19/4391
f 4024/19/4482 3996/19/4390 4040/19/4421
f 3986/19/4374 4033/19/4420 3996/19/4390
f 4042/19/4422 4019/19/4370 4007/19/4423
f 4019/19/4370 4042/19/4422 4027/19/4450
f 4035/19/4434 4020/19/4395 4000/19/4408
f 4027/19/4450 4034/19/4415 3970/19/4347
f 4030/19/4409 3932/19/4298 3991/19/4400
f 4036/19/4478 4001/19/4404 3959/19/4350
f 3995/19/4419 4051/19/4439 3948/19/4352
f 3985/19/4389 4038/19/4433 4025/19/4413
f 4025/19/4413 4016/19/7042 3985/19/4389
f 4024/19/4482 4066/19/4484 4004/19/4391
f 4004/19/4391 4066/19/4484 4023/19/4457
f 4008/19/4398 3989/19/4416 4063/19/7044
f 4072/19/4443 3991/19/4400 3992/19/4399
f 4077/19/4454 3992/19/4399 4011/19/4379
f 4031/19/4427 4077/19/4454 4011/19/4379
f 4001/19/4404 4036/19/4478 4049/19/4437
f 4050/19/7045 4036/19/4478 3959/19/4350
f 4032/19/4387 4052/19/4438 3995/19/4419
f 4050/19/7045 3959/19/4350 4053/19/4405
f 4037/19/4431 4023/19/4457 4055/19/4459
f 4042/19/4422 4084/19/4451 4027/19/4450
f 4056/19/7046 4069/19/4424 4029/19/4435
f 4057/19/4462 4009/19/4463 3983/19/4221
f 4077/19/4454 4072/19/4443 3992/19/4399
f 4031/19/4427 4047/19/4426 4115/19/4469
f 4013/19/4403 4058/19/4445 4032/19/4387
f 4051/19/4439 4064/19/4441 3961/19/4354
f 4054/19/4429 4053/19/4405 4014/19/4440
f 4003/19/4388 4022/19/4411 4059/19/4456
f 4060/19/4446 4037/19/4431 4055/19/4459
f 4027/19/4450 4112/19/4452 4034/19/4415
f 3989/19/4416 4034/19/4415 4076/19/4505
f 4012/19/4402 4073/19/4425 4107/19/4444
f 4048/19/4418 4049/19/4437 4098/19/4493 4080/19/4492
f 4066/19/4484 4065/19/4458 4023/19/4457
f 4067/19/4511 4039/19/7043 4025/19/4413
f 4085/19/4461 4018/19/4406 4035/19/4434
f 4063/19/7044 3989/19/4416 4076/19/4505
f 4029/19/4435 4070/19/4475 4056/19/7046
f 4063/19/7044 4071/19/4498 4008/19/4398
f 4106/19/4486 4045/19/4386 4044/19/4436
f 4036/19/4478 4050/19/7045 4091/19/7047 4101/19/4479
f 4058/19/4445 4013/19/4403 4046/19/4428
f 4074/19/4466 4067/19/4511 4025/19/4413
f 4112/19/4452 4084/19/4451 4075/19/4495
f 4076/19/4505 4034/19/4415 4112/19/4452
f 4063/19/7044 4087/19/4499 4071/19/4498
f 4045/19/4386 4106/19/4486 4097/19/4468
f 4046/19/4428 4107/19/4444 4079/19/4476
f 4046/19/4428 4079/19/4476 4058/19/4445
f 4058/19/4445 4099/19/4477 4052/19/4438
f 4054/19/4429 4081/19/4470 4092/19/4465
f 4024/19/4482 4040/19/4421 4110/19/4485
f 4040/19/4421 4061/19/4448 4110/19/4485
f 4145/19/4620 4062/19/4449 4085/19/4461
f 4041/19/4442 4017/19/4412 4094/19/4512 4095/19/4494
f 4051/19/4439 4103/19/4480 4064/19/4441
f 4092/19/4465 4050/19/7045 4053/19/4405
f 4038/19/4433 4083/19/4471 4074/19/4466
f 4017/19/4412 4039/19/7043 4094/19/4512
f 4102/19/4487 4051/19/4439 4052/19/4438 4099/19/4477
f 4110/19/4485 4061/19/4448 4062/19/4449
f 4096/19/4528 4069/19/4424 4056/19/7046
f 4008/19/4398 4071/19/4498 4089/19/4464
f 4107/19/4444 4073/19/4425 4097/19/4468
f 4101/19/4479 4098/19/4493 4049/19/4437
f 4118/19/4530 4087/19/4499 4063/19/7044 4076/19/4505
f 4050/19/7045 4092/19/4465 4091/19/7047
f 4093/19/4481 4065/19/4458 4105/19/4490
f 4114/19/4500 4057/19/4462 4072/19/4443
f 4107/19/4444 4137/19/4501 4079/19/4476
f 4101/19/4479 4108/19/4491 4098/19/4493
f 4099/19/4477 4100/19/4519 4102/19/4487
f 4092/19/4465 4109/19/4489 4091/19/7047
f 4119/19/4506 4100/19/4519 4099/19/4477 4079/19/4476
f 4080/19/4492 4139/19/4503 4115/19/4469
f 4114/19/4500 4090/19/4467 4136/19/4502 4127/19/4514
f 4102/19/4487 4100/19/4519 4131/19/4507
f 4060/19/4446 4082/19/4472 4116/19/4523
f 4116/19/7048 4059/19/4456 4060/19/4455
f 4094/19/4512 4039/19/7043 4067/19/4511
f 4068/19/4460 4173/19/4541 4084/19/4451
f 4078/19/4453 4136/19/4502 4090/19/4467
f 4139/19/4503 4108/19/4491 4130/19/4522
f 4108/19/4491 4101/19/4479 4091/19/7047
f 4102/19/4487 4131/19/4507 4103/19/4480
f 4091/19/7047 4120/19/4521 4108/19/4491
f 4120/19/4521 4091/19/7047 4109/19/4489
f 4103/19/4480 4121/19/4508 4104/19/4488
f 4109/19/4489 4122/19/7049 4120/19/4521
f 4104/19/4488 4122/19/4509 4109/19/7050
f 4126/19/4515 4070/19/4475 4088/19/4474
f 4126/19/4515 4088/19/4474 4114/19/4500
f 4106/19/4486 4149/19/4517 4097/19/4468
f 4115/19/4469 4138/19/4518 4136/19/4502
f 4116/19/7048 4132/19/7051 4059/19/4456
f 4135/19/7052 4110/19/4485 4062/19/4449
f 4148/19/4550 4056/19/7046 4070/19/4475
f 4070/19/4475 4126/19/4515 4148/19/4550
f 4128/19/4516 4071/19/4498 4113/19/4497
f 4128/19/4516 4149/19/4517 4106/19/4486
f 4129/19/4520 4158/19/4545 4160/19/7053 4140/19/4534
f 4151/19/4533 4130/19/4522 4120/19/4521
f 4131/19/4507 4140/19/4534 4121/19/4508
f 4120/19/4521 4141/19/4565 4151/19/4533
f 4120/19/4521 4143/19/4539 4141/19/4565
f 4120/19/4521 4122/19/4538 4143/19/4539
f 4093/19/4481 4134/19/4526 4133/19/4524
f 4094/19/4512 4123/19/4510 4144/19/4548
f 4117/19/4483 4110/19/4485 4154/19/4549
f 4095/19/4494 4173/19/4541 4068/19/4460
f 4110/19/4485 4135/19/7052 4181/19/4578
f 4135/19/7052 4062/19/4449 4145/19/4620
f 4084/19/4451 4222/19/4542 4075/19/4495
f 4146/19/4527 4145/19/4620 4085/19/4461
f 4069/19/4424 4147/19/4529 4086/19/4473
f 4056/19/7046 4148/19/4550 4096/19/4528
f 4137/19/4501 4149/19/4517 4119/19/4506
f 4130/19/4522 4150/19/4532 4139/19/4503
f 4142/19/4535 4121/19/4537 4140/19/4534
f 4152/19/4536 4122/19/4538 4121/19/4537
f 4155/19/4569 4095/19/4494 4094/19/4512
f 4154/19/4549 4110/19/4485 4181/19/4578
f 4075/19/4495 4222/19/4542 4111/19/4496
f 4149/19/4517 4128/19/4516 4157/19/4544
f 4119/19/4506 4157/19/4544 4158/19/4545
f 4150/19/4547 4176/19/4563 4138/19/4518
f 4127/19/4514 4138/19/4518 4168/19/4561 4164/19/4531
f 4151/19/4533 4141/19/4565 4159/19/4546
f 4142/19/4535 4140/19/4534 4160/19/7053
f 4147/19/4529 4146/19/4527 4086/19/4473
f 4124/19/4504 4112/19/4452 4161/19/4557
f 4126/19/4515 4164/19/4531 4148/19/4550
f 4141/19/4565 4143/19/4539 4169/19/7054 4183/19/4581
f 4168/19/4561 4138/19/4518 4176/19/4563
f 4160/19/7053 4158/19/4545 4165/19/4552
f 4150/19/4547 4159/19/4546 4176/19/4563
f 4134/19/4526 4166/19/7055 4133/19/4524
f 4153/19/4540 4185/19/4554 4144/19/4548
f 4118/19/4530 4124/19/4504 4167/19/4556
f 4162/19/4558 4118/19/4530 4167/19/4556
f 4178/19/7056 4132/19/7051 4116/19/7048 4179/19/7057
f 4170/19/4553 4152/19/4536 4142/19/4535
f 4154/19/4549 4171/19/7058 4134/19/4526
f 4166/19/7055 4134/19/4526 4171/19/4592
f 4172/19/4555 4094/19/4512 4144/19/4548
f 4177/19/4567 4142/19/4535 4160/19/7053
f 4180/19/4591 4179/19/7059 4116/19/4523 4133/19/4524
f 4194/19/4585 4170/19/4553 4177/19/4567 4201/19/4595
f 4166/19/7055 4180/19/4591 4133/19/4524
f 4095/19/4494 4186/19/4570 4173/19/4541
f 4182/19/7060 4147/19/4529 4163/19/4551
f 4148/19/4550 4164/19/4531 4175/19/4560
f 4197/19/4586 4174/19/4559 4125/19/4513
f 4141/19/4565 4183/19/4581 4191/19/4566
f 4177/19/4567 4160/19/7053 4190/19/4575
f 4184/19/4568 4169/19/7054 4143/19/4539
f 4182/19/7060 4188/19/4571 4147/19/4529
f 4162/19/4558 4167/19/4556 4196/19/4587
f 4159/19/4546 4191/19/4566 4176/19/4563
f 4193/19/4583 4183/19/4581 4169/19/7054
f 4166/19/7055 4171/19/4592 4180/19/4591
f 4186/19/4570 4195/19/4599 4173/19/4541
f 4181/19/4578 4135/19/7052 4202/19/4579
f 4187/19/4619 4135/19/7052 4145/19/4620
f 4167/19/4556 4161/19/4557 4224/19/4602
f 4167/19/4556 4224/19/4602 4196/19/4587
f 4125/19/4513 4162/19/4558 4197/19/4586
f 4156/19/4543 4174/19/4559 4199/19/4573
f 4225/19/4580 4176/19/4563 4204/19/4622
f 4199/19/4573 4200/19/4616 4165/19/4552
f 4184/19/4568 4193/19/4583 4169/19/7054
f 4192/19/4574 4205/19/4604 4201/19/4595 4177/19/4567
f 4185/19/4554 4209/19/4577 4172/19/4555
f 4155/19/4569 4094/19/4512 4172/19/4555
f 4174/19/4559 4197/19/4586 4203/19/4669
f 4165/19/4552 4200/19/4616 4190/19/4575 4160/19/7053
f 4184/19/4568 4170/19/4553 4206/19/4584
f 4178/19/4562 4207/19/4576 4153/19/4540
f 4207/19/4576 4209/19/4577 4185/19/4554
f 4154/19/4549 4208/19/4593 4171/19/7058
f 4173/19/4541 4250/19/4600 4222/19/4542
f 4176/19/4563 4191/19/4566 4204/19/4622
f 4207/19/7061 4178/19/7056 4179/19/7057 4215/19/7062
f 4213/19/4590 4193/19/4583 4184/19/4568
f 4180/19/4591 4215/19/4597 4179/19/7059
f 4155/19/4569 4209/19/4577 4220/19/4611 4186/19/4570
f 4224/19/4602 4161/19/4557 4111/19/4496
f 4189/19/4572 4182/19/7060 4163/19/4551
f 4199/19/4573 4174/19/4559 4210/19/4668
f 4211/19/4582 4235/19/4618 4191/19/4566
f 4214/19/4589 4206/19/4584 4217/19/4607
f 4217/19/4607 4206/19/4584 4218/19/4637
f 4194/19/4585 4218/19/4637 4206/19/4584
f 4209/19/4577 4207/19/4576 4229/19/4638
f 4180/19/4591 4208/19/4593 4219/19/4608
f 4154/19/4549 4237/19/4610 4208/19/4593
f 4257/19/7063 4207/19/7061 4215/19/7062 4258/19/7064
f 4135/19/7052 4221/19/4659 4202/19/4579
f 4191/19/4566 4263/19/4634 4204/19/4622
f 4212/19/4588 4226/19/4617 4211/19/4582
f 4213/19/4590 4212/19/4588 4193/19/4583
f 4216/19/4596 4218/19/4637 4194/19/4585
f 4229/19/4638 4220/19/4626 4209/19/4577
f 4232/19/4614 4196/19/4587 4224/19/4602
f 4197/19/4586 4232/19/4614 4203/19/4669
f 4210/19/4668 4174/19/4559 4203/19/4669
f 4175/19/4560 4198/19/4564 4233/19/4594
f 4234/19/4653 4199/19/4573 4210/19/4668
f 4191/19/4566 4235/19/4618 4263/19/4634
f 4192/19/4574 4190/19/4575 4245/19/4615
f 4236/19/4655 4205/19/4604 4192/19/4574
f 4227/19/4605 4216/19/4596 4201/19/4595
f 4238/19/4712 4202/19/4579 4221/19/4659
f 4135/19/7052 4187/19/4619 4221/19/4659
f 4222/19/4542 4327/19/4700 4111/19/4496
f 4251/19/4651 4111/19/4496 4327/19/4700
f 4261/19/4630 4146/19/4527 4223/19/4603
f 4239/19/4632 4188/19/4571 4182/19/7060
f 4182/19/7060 4244/19/4639 4239/19/4632
f 4244/19/4639 4182/19/7060 4189/19/4572
f 4234/19/4653 4200/19/4616 4199/19/4573
f 4229/19/4638 4249/19/4627 4220/19/4626
f 4202/19/4579 4260/19/4613 4154/19/4549
f 4250/19/4600 4327/19/4700 4222/19/4542
f 4198/19/4564 4268/19/4633 4233/19/4594
f 4245/19/4615 4200/19/4616 4234/19/4653
f 4246/19/4674 4235/19/4618 4226/19/4617
f 4236/19/4655 4227/19/4605 4205/19/4604
f 4240/19/4624 4226/19/4617 4212/19/4588
f 4228/19/4606 4217/19/4607 4264/19/4646
f 4259/19/4648 4186/19/4570 4231/19/4612
f 4263/19/4634 4235/19/4618 4246/19/4674
f 4236/19/4655 4192/19/4574 4262/19/4635
f 4248/19/7065 4213/19/4590 4228/19/4606
f 4217/19/4607 4218/19/4637 4256/19/4647
f 4255/19/4645 4286/19/7066 4254/19/4640 4240/19/4624
f 4241/19/4625 4258/19/4663 4215/19/4597
f 4252/19/4601 4111/19/4496 4251/19/4651
f 4314/19/4643 4224/19/4602 4243/19/4631
f 4267/19/4679 4239/19/4632 4244/19/4639
f 4254/19/4640 4246/19/4674 4226/19/4617
f 4236/19/4655 4247/19/4636 4227/19/4605
f 4248/19/7065 4255/19/4645 4213/19/4590
f 4247/19/4636 4272/19/4657 4218/19/4637
f 4264/19/4646 4248/19/7065 4228/19/4606
f 4241/19/4625 4230/19/4609 4265/19/4649
f 4186/19/4570 4259/19/4648 4242/19/4629
f 4270/19/4652 4262/19/4635 4245/19/4615
f 4234/19/4653 4210/19/4668 4274/19/4682
f 4280/19/4675 4263/19/4634 4246/19/4674
f 4249/19/4627 4292/19/4665 4259/19/4648
f 4202/19/4579 4238/19/4712 4260/19/4613
f 4277/19/4660 4187/19/4619 4266/19/4621
f 4274/19/4682 4270/19/4652 4234/19/4653
f 4262/19/4635 4270/19/4652 4279/19/4693
f 4263/19/4634 4280/19/4675 4275/19/4658
f 4271/19/4654 4262/19/4635 4279/19/4693
f 4276/19/4656 4272/19/4657 4247/19/4636
f 4257/19/4641 4283/19/4666 4249/19/4627
f 4265/19/4649 4282/19/4664 4241/19/4625
f 4293/19/4772 4266/19/4621 4261/19/4630
f 4274/19/4682 4210/19/4668 4284/19/4667
f 4280/19/4675 4322/19/4684 4275/19/4658
f 4269/19/4644 4275/19/4658 4336/19/4802 4285/19/4691
f 4256/19/4647 4272/19/4657 4288/19/4672
f 4269/19/4644 4285/19/4691 4268/19/4633
f 4295/19/4685 4276/19/4656 4271/19/4654
f 4296/19/4670 4287/19/4706 4272/19/4657
f 4289/19/4696 4255/19/4645 4248/19/7065
f 4287/19/4706 4290/19/4671 4272/19/4657
f 4291/19/4673 4289/19/4696 4248/19/7065
f 4291/19/4673 4248/19/7065 4264/19/4646
f 4260/19/4613 4303/19/4686 4265/19/4649
f 4297/19/4676 4242/19/4629 4259/19/4648
f 4277/19/4660 4238/19/4712 4221/19/4659
f 4314/19/4643 4243/19/4631 4252/19/4601
f 4321/19/4721 4274/19/4682 4284/19/4667
f 4299/19/4681 4274/19/4682 4321/19/4721
f 4295/19/4685 4271/19/4654 4279/19/4693
f 4309/19/4697 4291/19/4673 4281/19/4662
f 4293/19/4772 4261/19/4630 4223/19/4603
f 4304/19/4689 4252/19/4601 4294/19/4650
f 4311/19/7067 4257/19/7063 4258/19/7064 4312/19/4699
f 4300/19/4683 4280/19/4675 4254/19/4640
f 4254/19/4640 4286/19/7066 4300/19/4683
f 4301/19/4695 4286/19/7066 4255/19/4645
f 4287/19/4706 4302/19/4708 4290/19/4671
f 4288/19/4672 4310/19/4698 4281/19/4662
f 4325/19/4716 4303/19/4686 4260/19/4613 4326/19/4711
f 4311/19/7067 4283/19/4666 4257/19/4641
f 4313/19/4688 4293/19/4772 4223/19/4603
f 4315/19/4702 4244/19/4639 4278/19/4661
f 4307/19/4692 4270/19/4652 4299/19/4681
f 4316/19/4707 4287/19/4706 4296/19/4670
f 4310/19/4698 4288/19/4672 4290/19/4671
f 4324/19/4704 4282/19/4664 4303/19/4686
f 4318/19/4710 4242/19/4629 4297/19/4676
f 4319/19/4718 4238/19/4712 4277/19/4660
f 4298/19/4680 4232/19/4614 4320/19/4701
f 4315/19/4702 4278/19/4661 4306/19/4690
f 4275/19/4658 4337/19/4703 4336/19/4802
f 4286/19/7066 4301/19/4695 4300/19/4683
f 4316/19/4707 4296/19/4670 4295/19/4685
f 4310/19/4698 4290/19/4671 4323/19/4726
f 4283/19/4666 4334/19/4709 4297/19/4676
f 4520/19/4838 4335/19/4713 4327/19/4700 4419/19/4687
f 4273/19/4642 4418/19/4869 4419/19/4687
f 4266/19/4621 4293/19/4772 4277/19/4660
f 4328/19/4801 4306/19/4690 4285/19/4691
f 4328/19/4801 4285/19/4691 4336/19/4802
f 4329/19/4829 4307/19/4692 4299/19/4681
f 4301/19/4695 4330/19/4722 4300/19/4683
f 4340/19/4731 4291/19/4673 4309/19/4697
f 4309/19/4697 4310/19/4698 4332/19/4734
f 4332/19/4734 4340/19/4731 4309/19/4697
f 4332/19/4734 4310/19/4698 4333/19/4728
f 4323/19/4726 4333/19/4728 4310/19/4698
f 4311/19/7067 4334/19/4709 4283/19/4666
f 4303/19/4686 4325/19/4716 4324/19/4704
f 4327/19/4700 4335/19/4713 4251/19/4651
f 4391/19/7068 4306/19/4690 4328/19/4801
f 4338/19/4828 4308/19/4694 4307/19/4692
f 4339/19/4714 4295/19/4685 4308/19/4694
f 4331/19/4730 4317/19/4705 4291/19/4673
f 4302/19/4708 4323/19/4726 4290/19/4671
f 4340/19/4731 4331/19/4730 4291/19/4673
f 4351/19/4852 4299/19/4681 4321/19/4721
f 4351/19/4852 4321/19/4721 4344/19/4720
f 4329/19/4829 4299/19/4681 4351/19/4852
f 4367/19/4747 4330/19/4722 4301/19/4695
f 4353/19/4715 4316/19/4707 4346/19/4724
f 4317/19/4705 4331/19/4730 4347/19/4725
f 4354/19/4733 4348/19/4732 4340/19/4731
f 4354/19/4733 4332/19/4734 4355/19/4735
f 4333/19/4728 4355/19/4735 4332/19/4734
f 4361/19/4740 4360/19/4742 4358/19/4756
f 4298/19/4680 4320/19/4701 4363/19/4797
f 4364/19/4744 4330/19/4722 4352/19/4748
f 4366/19/4746 4339/19/4714 4365/19/4745
f 4301/19/4695 4347/19/4725 4367/19/4747
f 4353/19/4715 4349/19/4727 4323/19/4726
f 4368/19/4750 4331/19/4730 4348/19/4732
f 4368/19/4750 4348/19/4732 4354/19/4733
f 4369/19/4751 4356/19/4736 4349/19/4727
f 4426/19/4749 4354/19/4733 4371/19/4739
f 4355/19/4735 4371/19/4739 4354/19/4733
f 4371/19/4739 4355/19/4735 4372/19/4753
f 4372/19/4753 4355/19/4735 4356/19/4736
f 4358/19/4756 4397/19/4777 4375/19/4778
f 4359/19/4759 4374/19/4755 4373/19/4738
f 4371/19/4739 4372/19/4753 4377/19/4760
f 4358/19/4756 4375/19/4778 4376/19/4757
f 4359/19/4759 4373/19/4738 4357/19/4737
f 4357/19/4737 4371/19/4739 4377/19/4760
f 4378/19/4758 4359/19/4759 4379/19/4764
f 4357/19/4737 4379/19/4764 4359/19/4759
f 4379/19/4764 4357/19/4737 4377/19/4760
f 4379/19/4764 4377/19/4760 4382/19/4783
f 4382/19/4783 4377/19/4760 4380/19/4761
f 4384/19/4767 4380/19/4761 4381/19/4741
f 4383/19/4765 4361/19/4740 4376/19/4757
f 4405/19/4762 4379/19/4764 4385/19/4785
f 4386/19/4766 4381/19/4741 4361/19/4740
f 4389/19/4768 4388/19/4770 4390/19/4791
f 4459/19/4771 4242/19/4629 4318/19/4710
f 4338/19/4828 4307/19/4692 4329/19/4829
f 4392/19/4803 4308/19/4694 4338/19/4828
f 4331/19/4730 4445/19/4830 4347/19/4725
f 4368/19/4750 4393/19/4774 4331/19/4730
f 4395/19/4775 4349/19/4727 4394/19/4808
f 4369/19/4751 4349/19/4727 4395/19/4775
f 4398/19/4810 4396/19/4754 4374/19/4755
f 4398/19/4810 4374/19/4755 4400/19/4782
f 4400/19/4782 4374/19/4755 4378/19/4758
f 4402/19/7069 4376/19/4757 4399/19/4780
f 4376/19/4757 4402/19/7069 4383/19/4765
f 4380/19/4761 4384/19/4767 4404/19/4784
f 4385/19/4785 4404/19/4784 4406/19/4788
f 4406/19/4788 4404/19/4784 4384/19/4767
f 4390/19/4791 4386/19/4766 4383/19/4765
f 4429/19/4786 4405/19/4762 4387/19/4787
f 4385/19/4785 4387/19/4787 4405/19/4762
f 4388/19/4770 4406/19/4788 4384/19/4767
f 4388/19/4770 4384/19/4767 4386/19/4766
f 4386/19/4766 4390/19/4791 4388/19/4770
f 4408/19/4792 4431/19/4811 4429/19/4786
f 4387/19/4787 4406/19/4788 4409/19/4813
f 4410/19/4815 4387/19/4787 4409/19/4813
f 4408/19/4792 4387/19/4787 4410/19/4815
f 4411/19/4769 4407/19/4789 4388/19/4770
f 4412/19/4795 4411/19/4769 4389/19/4768
f 4413/19/4793 4412/19/4795 4389/19/4768
f 4408/19/4792 4410/19/4815 4416/19/4816
f 4416/19/4816 4410/19/4815 4417/19/4814
f 4418/19/4869 4273/19/4642 4242/19/4629
f 4407/19/4789 4433/19/4834 4479/19/7070 4409/19/4813
f 4440/19/4826 4305/19/4677 4343/19/4678
f 4304/19/4689 4421/19/4798 4320/19/4701
f 4350/19/4729 4442/19/4799 4315/19/4702
f 4391/19/7068 4350/19/4729 4306/19/4690
f 4423/19/4800 4336/19/4802 4337/19/4703
f 4424/19/4804 4352/19/4748 4443/19/4806
f 4425/19/4807 4353/19/4715 4346/19/4724
f 4347/19/4725 4445/19/4830 4367/19/4747
f 4445/19/4830 4331/19/4730 4393/19/4774
f 4448/19/4842 4396/19/4754 4398/19/4810
f 4474/19/4812 4401/19/4781 4429/19/4786
f 4430/19/4790 4383/19/4765 4402/19/7069
f 4414/19/4818 4431/19/4811 4408/19/4792
f 4417/19/4814 4409/19/4813 4479/19/7070
f 4434/19/4820 4415/19/4794 4412/19/4795
f 4416/19/4816 4414/19/4818 4408/19/4792
f 4312/19/4699 4458/19/4836 4311/19/7067
f 4458/19/4836 4334/19/4709 4311/19/7067
f 4326/19/4711 4437/19/7071 4325/19/4716
f 4341/19/4717 4325/19/4716 4437/19/7071
f 4459/19/4771 4418/19/4869 4242/19/4629
f 4418/19/4869 4559/19/5045 4419/19/4687
f 4293/19/4772 4438/19/4823 4342/19/4719
f 4484/19/4850 4293/19/4772 4313/19/4688
f 4460/19/4851 4294/19/4650 4503/19/4796
f 4425/19/4807 4346/19/4724 4366/19/4746
f 4447/19/4773 4467/19/4776 4393/19/4774
f 4395/19/4775 4468/19/4831 4397/19/4777
f 4397/19/4777 4468/19/4831 4427/19/4779
f 4448/19/4842 4467/19/4776 4396/19/4754
f 4450/19/4809 4448/19/4842 4398/19/4810
f 4451/19/4859 4450/19/4809 4400/19/4782
f 4401/19/4781 4451/19/4859 4400/19/4782
f 4428/19/7072 4402/19/7069 4399/19/4780
f 4402/19/7069 4428/19/7072 4475/19/4846
f 4475/19/4846 4430/19/4790 4402/19/7069
f 4345/19/4723 4364/19/4744 4463/19/4883 4337/19/4703
f 4453/19/4817 4432/19/4861 4431/19/4811
f 4431/19/4811 4414/19/4818 4453/19/4817
f 4413/19/4793 4435/19/4819 4412/19/4795
f 4435/19/4819 4413/19/4793 4455/19/4907
f 4417/19/4814 4457/19/7073 4416/19/4816
f 4362/19/4743 4458/19/4836 4312/19/4699
f 4341/19/4717 4437/19/7071 4557/19/4837
f 4326/19/4711 4319/19/4718 4501/19/4961
f 4440/19/4826 4313/19/4688 4305/19/4677
f 4420/19/4824 4304/19/4689 4294/19/4650
f 4442/19/4799 4441/19/4825 4343/19/4678
f 4486/19/4926 4442/19/4799 4350/19/4729
f 4486/19/4926 4350/19/4729 4391/19/7068
f 4329/19/4829 4351/19/4852 4462/19/4839
f 4482/19/7074 4457/19/7073 4481/19/7075 4516/19/4904
f 4464/19/4887 4444/19/4805 4365/19/4745
f 4465/19/7076 4443/19/4806 4445/19/4830
f 4446/19/4856 4366/19/4746 4444/19/4805
f 4446/19/4856 4425/19/4807 4366/19/4746
f 4394/19/4808 4489/19/4841 4468/19/4831
f 4466/19/4840 4393/19/4774 4467/19/4776
f 4470/19/4857 4427/19/4779 4468/19/4831
f 4449/19/4832 4427/19/4779 4470/19/4857
f 4472/19/4873 4450/19/4809 4451/19/4859
f 4428/19/7072 4399/19/4780 4473/19/4845
f 4451/19/4859 4401/19/4781 4474/19/4812
f 4474/19/4812 4431/19/4811 4432/19/4861
f 4453/19/4817 4477/19/4866 4432/19/4861
f 4452/19/4833 4455/19/4907 4413/19/4793
f 4482/19/7074 4453/19/4817 4416/19/4816
f 4482/19/7074 4416/19/4816 4457/19/7073
f 4417/19/4814 4481/19/7075 4457/19/7073
f 4479/19/7070 4481/19/7075 4417/19/4814
f 4499/19/4849 4454/19/4835 4434/19/4820
f 4482/19/7074 4456/19/4864 4453/19/4817
f 4499/19/4849 4435/19/4819 4483/19/4877
f 4459/19/4771 4436/19/4821 4518/19/4868
f 4484/19/4850 4313/19/4688 4440/19/4826
f 4344/19/4720 4363/19/4797 4485/19/4853
f 4461/19/4881 4486/19/4926 4391/19/7068
f 4461/19/4881 4391/19/7068 4328/19/4801
f 4461/19/4881 4328/19/4801 4423/19/4800
f 4488/19/4855 4392/19/4803 4487/19/4854
f 4364/19/4744 4505/19/4871 4463/19/4883
f 4505/19/4871 4364/19/4744 4424/19/4804
f 4465/19/7076 4445/19/4830 4466/19/4840
f 4490/19/4891 4449/19/4832 4470/19/4857
f 4472/19/4873 4471/19/4844 4450/19/4809
f 4473/19/4845 4449/19/4832 4490/19/4891
f 4428/19/7072 4473/19/4845 4491/19/4895
f 4491/19/4895 4475/19/4846 4428/19/7072
f 4512/19/4899 4511/19/4858 4474/19/4812
f 4492/19/4896 4476/19/4847 4475/19/4846
f 4493/19/4860 4432/19/4861 4477/19/4866
f 4494/19/4874 4452/19/4833 4476/19/4847
f 4495/19/4863 4455/19/4907 4452/19/4833
f 4319/19/4718 4342/19/4719 4502/19/4910 4501/19/4961
f 4455/19/4907 4483/19/4877 4435/19/4819
f 4362/19/4743 4500/19/4879 4458/19/4836
f 4464/19/4887 4365/19/4745 4488/19/4855 4506/19/4885
f 4559/19/5045 4520/19/4838 4419/19/4687
f 4520/19/4838 4559/19/5045 4704/19/4943
f 4423/19/4800 4337/19/4703 4463/19/4883
f 4531/19/4897 4493/19/4860 4533/19/4902 4552/19/4933
f 4424/19/4804 4443/19/4806 4507/19/4870
f 4465/19/7076 4507/19/4870 4443/19/4806
f 4464/19/4887 4508/19/4872 4444/19/4805
f 4465/19/7076 4466/19/4840 4526/19/7077
f 4508/19/4872 4489/19/4841 4446/19/4856
f 4508/19/4872 4509/19/4889 4489/19/4841
f 4510/19/4890 4526/19/7077 4466/19/4840
f 4510/19/4890 4466/19/4840 4469/19/4843
f 4489/19/4841 4509/19/4889 4470/19/4857
f 4471/19/4844 4472/19/4873 4511/19/4858
f 4490/19/4891 4529/19/4892 4473/19/4845
f 4491/19/4895 4473/19/4845 4529/19/4892
f 4492/19/4896 4475/19/4846 4491/19/4895
f 4474/19/4812 4493/19/4860 4512/19/4899
f 4477/19/4866 4533/19/4902 4493/19/4860
f 4496/19/4905 4514/19/4865 4456/19/4864
f 4433/19/4834 4497/19/4921 4479/19/7070
f 4479/19/7070 4497/19/4921 4481/19/7075
f 4498/19/4867 4480/19/4848 4454/19/4835
f 4516/19/4904 4456/19/4864 4482/19/7074
f 4500/19/7078 4436/19/4821 4458/19/4836
f 4362/19/4743 4557/19/4837 4589/19/4878
f 4519/19/4960 4557/19/4837 4437/19/7071
f 4326/19/4711 4519/19/4960 4437/19/7071
f 4523/19/4882 4422/19/4827 4462/19/4839
f 4526/19/7077 4507/19/4870 4465/19/7076
f 4527/19/4930 4510/19/4890 4471/19/4844
f 4490/19/4891 4470/19/4857 4544/19/4888
f 4527/19/4930 4471/19/4844 4528/19/4893
f 4530/19/4898 4511/19/4858 4512/19/4899
f 4532/19/4900 4492/19/4896 4549/19/4918
f 4531/19/4897 4512/19/4899 4493/19/4860
f 4423/19/4800 4463/19/4883 4541/19/5009 4522/19/4880
f 4532/19/4900 4534/19/4901 4476/19/4847
f 4515/19/4954 4455/19/4907 4495/19/4863
f 4497/19/4921 4433/19/4834 4536/19/4903
f 4515/19/4954 4517/19/4956 4455/19/4907
f 4537/19/4922 4536/19/4903 4498/19/4867
f 4517/19/4956 4556/19/4906 4455/19/4907
f 4554/19/4941 4516/19/4904 4481/19/7075
f 4555/19/4876 4498/19/4867 4499/19/4849
f 4436/19/4821 4500/19/7078 4574/19/4908
f 4421/19/4798 4420/19/4824 4635/19/5063
f 4521/19/7079 4363/19/4797 4421/19/4798
f 4504/19/4912 4442/19/4799 4591/19/4925
f 4530/19/4898 4531/19/4897 4551/19/4935 4564/19/4917
f 4541/19/5009 4463/19/4883 4524/19/4884
f 4542/19/4927 4488/19/4855 4487/19/4854
f 4560/19/4914 4507/19/4870 4543/19/4965
f 4525/19/4886 4508/19/4872 4464/19/4887
f 4526/19/7077 4543/19/4965 4507/19/4870
f 4546/19/4944 4527/19/4930 4528/19/4893
f 4546/19/4944 4528/19/4893 4547/19/4916
f 4548/19/4894 4529/19/4892 4545/19/4915
f 4547/19/4916 4528/19/4893 4511/19/4858
f 4603/19/7080 4632/19/4981 4572/19/4939 4537/19/4922
f 4552/19/4933 4551/19/4935 4531/19/4897
f 4513/19/4875 4494/19/4874 4534/19/4901
f 4496/19/4905 4535/19/4938 4514/19/4865
f 4497/19/4921 4554/19/4941 4481/19/7075
f 4555/19/4876 4483/19/4877 4556/19/4906
f 4418/19/4869 4558/19/4924 4559/19/5045
f 4540/19/4913 4363/19/4797 4521/19/7079
f 4523/19/4882 4462/19/4839 4485/19/4853
f 4506/19/4885 4488/19/4855 4542/19/4927
f 4561/19/4928 4509/19/4889 4508/19/4872
f 4543/19/4965 4526/19/7077 4510/19/4890
f 4563/19/4932 4548/19/4894 4545/19/4915
f 4550/19/4919 4549/19/4918 4563/19/4932
f 4532/19/4900 4550/19/4919 4565/19/4950
f 4478/19/4862 4513/19/4875 4495/19/4863
f 4571/19/4952 4535/19/4938 4496/19/4905
f 4588/19/4980 4536/19/4903 4572/19/4939
f 4554/19/4941 4497/19/4921 4553/19/4920
f 4536/19/4903 4588/19/4980 4553/19/4920
f 4674/19/4942 4503/19/4796 4520/19/4838
f 4440/19/4826 4441/19/4825 4539/19/4911
f 4575/19/4986 4486/19/4926 4461/19/4881
f 4576/19/4964 4506/19/4885 4542/19/4927
f 4596/19/4931 4543/19/4965 4510/19/4890
f 4577/19/4945 4596/19/4931 4527/19/4930
f 4579/19/4948 4546/19/4944 4547/19/4916
f 4579/19/4948 4547/19/4916 4564/19/4917
f 4581/19/4968 4550/19/4919 4580/19/4946
f 4568/19/4936 4569/19/4971 4534/19/4901
f 4582/19/4995 4567/19/4934 4552/19/4933
f 4552/19/4933 4533/19/4902 4582/19/4995
f 4569/19/4971 4513/19/4875 4534/19/4901
f 4515/19/4954 4495/19/4863 4583/19/4951
f 4586/19/4957 4571/19/4952 4496/19/4905
f 4573/19/4940 4554/19/4941 4587/19/5019
f 4587/19/5019 4554/19/4941 4553/19/4920
f 4603/19/7080 4537/19/4922 4555/19/4876
f 4603/19/7080 4555/19/4876 4556/19/4906
f 4538/19/4909 4590/19/4997 4518/19/4868
f 4590/19/4997 4619/19/4923 4518/19/4868
f 4605/19/5003 4502/19/4910 4438/19/4823
f 4635/19/5063 4521/19/7079 4421/19/4798
f 4485/19/4853 4540/19/4913 4592/19/5006
f 4592/19/5006 4523/19/4882 4485/19/4853
f 4594/19/4966 4560/19/4914 4543/19/4965
f 4562/19/4929 4578/19/5010 4545/19/4915
f 4597/19/4967 4577/19/4945 4546/19/4944
f 4580/19/4946 4545/19/4915 4578/19/5010
f 4581/19/4968 4565/19/4950 4550/19/4919
f 4568/19/4936 4565/19/4950 4613/19/4978
f 4570/19/4937 4582/19/4995 4533/19/4902
f 4584/19/4953 4630/19/4994 4535/19/4938
f 4591/19/4925 4486/19/4926 4575/19/4986 4621/19/5023
f 4557/19/4837 4604/19/4984 4589/19/4878
f 4705/19/5002 4438/19/4823 4439/19/4822
f 4542/19/4927 4606/19/4962 4639/19/5025
f 4541/19/5009 4524/19/4884 4593/19/4963
f 4639/19/5025 4576/19/4964 4542/19/4927
f 4595/19/4973 4561/19/4928 4525/19/4886
f 4607/19/4988 4596/19/4931 4577/19/4945
f 4562/19/4929 4561/19/4928 4595/19/4973
f 4608/19/4974 4581/19/4968 4580/19/4946
f 4609/19/4991 4579/19/4948 4598/19/4947
f 4609/19/4991 4598/19/4947 4610/19/4975
f 4611/19/4976 4613/19/4978 4565/19/4950
f 4535/19/4938 4630/19/4994 4570/19/4937
f 4583/19/4951 4585/19/4955 4515/19/4954
f 4601/19/4979 4571/19/4952 4586/19/4957
f 4556/19/4906 4602/19/4958 4614/19/7081
f 4614/19/7081 4603/19/7080 4556/19/4906
f 4604/19/7082 4616/19/4982 4589/19/4878
f 4617/19/4998 4538/19/4909 4574/19/4908
f 4634/19/5000 4519/19/4960 4501/19/4961
f 4553/19/4920 4588/19/4980 4632/19/4981 4633/19/5020
f 4592/19/5006 4606/19/4962 4523/19/4882
f 4593/19/4963 4594/19/4966 4622/19/4987
f 4639/19/5025 4595/19/4973 4576/19/4964
f 4623/19/5027 4622/19/4987 4607/19/4988
f 4595/19/4973 4624/19/5030 4562/19/4929
f 4578/19/5010 4562/19/4929 4624/19/5030
f 4628/19/5069 4611/19/4976 4599/19/4969
f 4582/19/4995 4612/19/4977 4567/19/4934
f 4587/19/5019 4553/19/4920 4633/19/5020
f 4607/19/4988 4597/19/4967 4625/19/4989 4623/19/5027
f 4615/19/5058 4632/19/4981 4603/19/7080
f 4519/19/4960 4618/19/5001 4604/19/4984
f 4590/19/4997 4716/19/4999 4619/19/4923
f 4460/19/4851 4620/19/4972 4664/19/4985
f 4541/19/5009 4575/19/4986 4522/19/4880
f 4640/19/5028 4595/19/4973 4639/19/5025
f 4638/19/5008 4654/19/5050 4653/19/5024 4541/19/5009
f 4624/19/5030 4626/19/5011 4578/19/5010
f 4613/19/4978 4629/19/4993 4569/19/4971
f 4573/19/4940 4587/19/5019 4648/19/5018
f 4558/19/4924 4859/19/5046 4559/19/5045
f 4705/19/5002 4439/19/4822 4662/19/5004
f 4649/19/5108 4484/19/4850 4539/19/4911
f 4664/19/4985 4635/19/5063 4420/19/4824
f 4636/19/5062 4521/19/7079 4635/19/5063
f 4651/19/7083 4521/19/7079 4636/19/5062
f 4521/19/7079 4651/19/7083 4540/19/4913
f 4650/19/5034 4591/19/4925 4621/19/5023
f 4707/19/5022 4575/19/4986 4653/19/5024
f 4673/19/5043 4616/19/4982 4604/19/7082 4672/19/5106
f 4640/19/5028 4624/19/5030 4595/19/4973
f 4624/19/5030 4678/19/5029 4626/19/5011
f 4627/19/4990 4655/19/5066 4625/19/4989
f 4608/19/4974 4642/19/5012 4668/19/5038
f 4644/19/5014 4608/19/4974 4668/19/5038
f 4644/19/5014 4628/19/5069 4599/19/4969
f 4629/19/4993 4670/19/5054 4583/19/4951
f 4586/19/4957 4573/19/4940 4647/19/5042
f 4683/19/5086 4633/19/5020 4632/19/4981
f 4614/19/7081 4615/19/5058 4603/19/7080
f 4617/19/4983 4616/19/4982 4673/19/5043
f 4501/19/4961 4502/19/4910 4687/19/5021
f 4663/19/5047 4484/19/4850 4649/19/5108
f 4665/19/5061 4635/19/5063 4664/19/4985
f 4690/19/5110 4623/19/5027 4625/19/4989
f 4666/19/5067 4626/19/5011 4691/19/5036
f 4655/19/5066 4690/19/5110 4625/19/4989
f 4666/19/5067 4642/19/5012 4626/19/5011
f 4646/19/5017 4658/19/5016 4582/19/4995
f 4659/19/5031 4669/19/5081 4629/19/4993
f 4669/19/5081 4670/19/5054 4629/19/4993
f 4670/19/5054 4585/19/4955 4583/19/4951
f 4685/19/5085 4648/19/5018 4633/19/5020
f 4633/19/5020 4683/19/5086 4685/19/5085
f 4615/19/5058 4683/19/5086 4632/19/4981
f 4683/19/5086 4615/19/5058 4702/19/5057
f 4618/19/5001 4634/19/5000 4687/19/5021 4686/19/5104
f 4637/19/5007 4652/19/5005 4675/19/5048
f 4641/19/5026 4623/19/5027 4690/19/5110
f 4668/19/5038 4694/19/5079 4679/19/5039
f 4709/19/5052 4643/19/5013 4656/19/5015
f 4680/19/5053 4659/19/5031 4613/19/4978
f 4682/19/5056 4631/19/4996 4585/19/4955
f 4684/19/5059 4615/19/5058 4614/19/7081
f 4618/19/5001 4672/19/5106 4604/19/4984
f 4618/19/5001 4686/19/5104 4672/19/5106
f 4628/19/5069 4644/19/5014 4753/19/5269 4728/19/5232
f 4735/19/5107 4502/19/4910 4605/19/5003
f 4746/19/5117 4663/19/5047 4649/19/5108
f 4650/19/5034 4621/19/5023 4688/19/5130
f 4652/19/5005 4540/19/4913 4651/19/7083
f 4653/19/5024 4738/19/5064 4707/19/5022
f 4689/19/5051 4678/19/5029 4640/19/5028
f 4667/19/5037 4693/19/5078 4627/19/4990
f 4660/19/5032 4646/19/5017 4630/19/4994
f 4698/19/7084 4646/19/5017 4660/19/5032
f 4660/19/5032 4584/19/4953 4671/19/5041
f 4669/19/5081 4699/19/5083 4670/19/5054
f 4602/19/4958 4631/19/4996 4701/19/5113
f 4672/19/5106 4703/19/5102 4673/19/5043
f 4673/19/5043 4703/19/5102 4661/19/5044
f 4652/19/5005 4651/19/7083 4706/19/5226
f 4738/19/5064 4654/19/5050 4720/19/5133
f 4677/19/5049 4641/19/5026 4690/19/5110
f 4680/19/5053 4710/19/5080 4659/19/5031
f 4711/19/5093 4697/19/5072 4646/19/5017
f 4711/19/5093 4646/19/5017 4698/19/7084
f 4701/19/5113 4631/19/4996 4682/19/5056
f 4712/19/5074 4647/19/5042 4713/19/5100
f 4661/19/5033 4717/19/5087 4716/19/4999
f 4688/19/5130 4621/19/5023 4707/19/5022
f 4677/19/5049 4720/19/5133 4654/19/5050
f 4720/19/5133 4677/19/5049 4739/19/5196
f 4677/19/5049 4690/19/5110 4721/19/5263
f 4699/19/5083 4669/19/5081 4729/19/5098
f 4729/19/5098 4669/19/5081 4730/19/5095
f 4732/19/5097 4698/19/7084 4660/19/5032
f 4733/19/5082 4681/19/5055 4670/19/5054
f 4614/19/7081 4602/19/4958 4714/19/5114
f 4614/19/7081 4714/19/5114 4684/19/5059
f 4648/19/5018 4713/19/5100 4647/19/5042
f 4685/19/5085 4759/19/5099 4648/19/5018
f 4672/19/5106 4762/19/5103 4703/19/5102
f 4704/19/4943 4764/19/5076 4674/19/4942
f 4620/19/4972 4831/19/5258 4664/19/4985
f 4651/19/7083 4636/19/5062 4719/19/5128
f 4706/19/5226 4651/19/7083 4719/19/5128
f 4738/19/5064 4688/19/5130 4707/19/5022
f 4688/19/5130 4738/19/5064 4737/19/5132
f 4706/19/5226 4675/19/5048 4652/19/5005
f 4739/19/5196 4677/19/5049 4721/19/5263
f 4689/19/5051 4708/19/5077 4740/19/5135
f 4740/19/5135 4678/19/5029 4689/19/5051
f 4740/19/5135 4691/19/5036 4678/19/5029
f 4691/19/5036 4740/19/5135 4722/19/5089
f 4721/19/5263 4690/19/5110 4749/19/5109
f 4723/19/5065 4749/19/5109 4655/19/5066
f 4701/19/5113 4682/19/5056 4681/19/5055 4758/19/5123
f 4728/19/5232 4696/19/5070 4628/19/5069
f 4695/19/5071 4697/19/5072 4741/19/5094
f 4731/19/5096 4730/19/5095 4710/19/5080
f 4732/19/5097 4671/19/5041 4744/19/5137
f 4761/19/5101 4702/19/5057 4684/19/5059
f 4765/19/5060 4664/19/4985 4831/19/5258
f 4747/19/5116 4649/19/5108 4650/19/5034
f 4666/19/5067 4724/19/5090 4750/19/5229
f 4750/19/5229 4692/19/5068 4666/19/5067
f 4725/19/5119 4694/19/5079 4766/19/5136
f 4751/19/5197 4667/19/5037 4709/19/5052
f 4656/19/5015 4752/19/5170 4709/19/5052
f 4753/19/5269 4644/19/5014 4727/19/5092
f 4752/19/5170 4656/19/5015 4657/19/5040
f 4728/19/5232 4743/19/5204 4696/19/5070
f 4743/19/5204 4731/19/5096 4696/19/5070
f 4754/19/5120 4698/19/7084 4732/19/5097
f 4711/19/5093 4698/19/7084 4754/19/5120
f 4729/19/5098 4769/19/5122 4733/19/5082
f 4744/19/5137 4671/19/5041 4700/19/5073
f 4756/19/5146 4729/19/5098 4730/19/5095
f 4741/19/5094 4711/19/5093 4768/19/5142 4767/19/5207
f 4814/19/5115 4759/19/5099 4685/19/5085
f 4734/19/5105 4762/19/5103 4672/19/5106
f 4762/19/5103 4745/19/7085 4661/19/5044
f 4687/19/5021 4802/19/5124 4686/19/5104
f 4605/19/5003 4763/19/5127 4735/19/5107
f 4893/19/5131 4675/19/5048 4706/19/5226
f 4805/19/5169 4657/19/5040 4695/19/5071
f 4731/19/5096 4756/19/5146 4730/19/5095
f 4795/19/5162 4794/19/7086 4789/19/5217 4790/19/5160
f 4756/19/5146 4731/19/5096 4770/19/5140
f 4769/19/5122 4758/19/5123 4681/19/5055
f 4773/19/5143 4744/19/5137 4700/19/5073
f 4779/19/5147 4757/19/5138 4729/19/5098
f 4772/19/5141 4754/19/5120 4775/19/5149
f 4776/19/5177 4779/19/5147 4756/19/5146
f 4777/19/7087 4757/19/5138 4779/19/5147
f 4684/19/5059 4714/19/5114 4761/19/5101
f 4778/19/5148 4775/19/5149 4811/19/5151
f 4782/19/5153 4779/19/5147 4776/19/5177
f 4783/19/5154 4777/19/7087 4779/19/5147
f 4781/19/5152 4780/19/5150 4785/19/5179
f 4787/19/5158 4791/19/5157 4792/19/5250
f 4791/19/5157 4788/19/5159 4793/19/7088
f 4799/19/7089 4798/19/5188 4791/19/5187 4793/19/7090
f 4796/19/5161 4797/19/5252 4795/19/5162
f 4843/19/5237 4777/19/7087 4783/19/5154 4818/19/5181
f 4795/19/5191 4801/19/5164 4794/19/5163
f 4719/19/5128 4665/19/5061 4804/19/5260
f 4723/19/5065 4693/19/5078 4915/19/5168
f 4898/19/5200 4709/19/5052 4752/19/5170
f 4805/19/5169 4695/19/5071 4742/19/5112
f 4741/19/5094 4767/19/5207 4806/19/5203
f 4774/19/5144 4755/19/5121 4744/19/5137
f 4808/19/5145 4769/19/5122 4807/19/5171
f 4770/19/5140 4776/19/5177 4756/19/5146
f 4758/19/5123 4810/19/5173 4714/19/5114
f 4777/19/7087 4843/19/5237 4757/19/5138
f 4813/19/5209 4761/19/5101 4714/19/5114
f 4759/19/5099 4869/19/5208 4713/19/5100
f 4760/19/7091 4814/19/5115 4715/19/5084
f 4761/19/5101 4760/19/7091 4715/19/5084
f 4816/19/5176 4776/19/5177 4770/19/5140
f 4799/19/7089 4793/19/7090 4827/19/7092 4828/19/7093
f 4782/19/5153 4816/19/5176 4820/19/5182
f 4819/19/5183 4786/19/5156 4782/19/5153
f 4822/19/5184 4784/19/5155 4781/19/5152
f 4822/19/5184 4785/19/5179 4824/19/5214
f 4825/19/5186 4823/19/5180 4786/19/5156
f 4854/19/7094 4787/19/5158 4792/19/5250
f 4826/19/5248 4792/19/5250 4791/19/5157
f 4845/19/5276 4875/19/5296 4866/19/5233 4815/19/5175
f 4745/19/7085 4762/19/5103 4858/19/5221
f 4968/19/5363 4802/19/5124 4687/19/5021
f 4804/19/5260 4665/19/5061 4765/19/5060
f 4747/19/5116 4736/19/5129 4832/19/5333
f 4736/19/5129 4688/19/5130 4737/19/5132
f 4748/19/5118 4893/19/5131 4946/19/5336
f 4739/19/5196 4721/19/5263 4833/19/5195
f 4836/19/5198 4835/19/5111 4667/19/5037
f 4709/19/5052 4898/19/5200 4751/19/5197
f 4743/19/5204 4771/19/5139 4731/19/5096
f 4841/19/5271 4774/19/5144 4773/19/5143
f 4807/19/5171 4757/19/5138 4843/19/5237
f 4841/19/5271 4773/19/5143 4712/19/5074
f 4712/19/5074 4812/19/5174 4841/19/5271
f 4842/19/5313 4759/19/5099 4814/19/5115
f 4809/19/5172 4817/19/5178 4811/19/5151
f 4815/19/5175 4784/19/5155 4845/19/5276
f 4847/19/5185 4845/19/5276 4784/19/5155
f 4816/19/5176 4821/19/5212 4820/19/5182
f 4852/19/5326 4853/19/5218 4789/19/7095
f 4855/19/5246 4789/19/5217 4794/19/7086
f 4797/19/5252 4796/19/5161 4856/19/5253
f 4889/19/5281 4826/19/5189 4798/19/5188
f 4797/19/5192 4857/19/5255 4801/19/5164
f 4800/19/5308 4801/19/5164 4857/19/5255
f 4762/19/5103 4734/19/5105 4939/19/7096
f 4717/19/5087 4942/19/5222 4830/19/5075
f 4830/19/5075 5126/19/5257 4859/19/5046
f 4943/19/5223 4687/19/5021 4735/19/5107
f 4969/19/5193 4718/19/5088 4662/19/5004
f 5023/19/5425 4765/19/5060 4831/19/5258
f 4834/19/5134 4748/19/5118 4946/19/5336
f 4766/19/5136 4692/19/5068 4750/19/5229
f 4862/19/5267 4726/19/5091 4725/19/5119
f 4727/19/5092 4726/19/5091 4862/19/5267
f 4864/19/5405 4728/19/5232 4753/19/5269
f 4867/19/5234 4774/19/5144 4841/19/5271
f 4813/19/5209 4810/19/5173 4868/19/5235
f 4868/19/5235 4808/19/5145 4807/19/5171
f 4761/19/5101 4870/19/5370 4760/19/7091
f 4761/19/5101 4813/19/5209 4870/19/5370
f 4807/19/5171 4871/19/5236 4868/19/5235
f 4809/19/5172 4867/19/5234 4872/19/7097
f 4843/19/5237 4873/19/5273 4871/19/5236
f 4873/19/5273 4843/19/5237 4818/19/5181
f 4844/19/5288 4840/19/5206 4839/19/5205
f 4872/19/7097 4817/19/5178 4809/19/5172
f 4873/19/5273 4818/19/5181 4874/19/5274
f 4844/19/5288 4877/19/5293 4846/19/5210 4840/19/5206
f 4662/19/5004 4860/19/5423 4944/19/5422 4969/19/5193
f 4818/19/5181 4823/19/5180 4874/19/5274
f 4876/19/5319 4848/19/5211 4817/19/5178
f 4846/19/5210 4821/19/5212 4816/19/5176
f 4880/19/7098 4874/19/5274 4823/19/5180
f 4823/19/5180 4850/19/5215 4880/19/7098
f 4850/19/5215 4825/19/5186 4882/19/5242
f 4883/19/5239 4825/19/5186 4819/19/5183
f 4852/19/5326 4789/19/5217 4931/19/5247
f 4800/19/5308 4857/19/5255 4910/19/5391
f 4879/19/5238 4848/19/5211 4876/19/5319 4902/19/5321
f 4860/19/5423 4662/19/5004 4663/19/5047
f 4892/19/5259 4765/19/5060 5023/19/5425
f 4803/19/5166 4747/19/5116 4832/19/5333
f 4894/19/5261 4737/19/5132 4833/19/5195
f 4740/19/5135 4834/19/5134 4896/19/5265
f 4805/19/5169 4920/19/5202 4863/19/5230
f 4865/19/5231 4728/19/5232 4864/19/5405
f 4839/19/5205 4743/19/5204 4865/19/5231
f 4838/19/5201 4806/19/5203 4866/19/5233
f 4867/19/5234 4841/19/5271 4900/19/5270
f 4872/19/7097 4876/19/5319 4817/19/5178
f 4787/19/5158 4854/19/7094 4961/19/5380 4851/19/5216
f 4880/19/7098 4878/19/5344 4874/19/5274
f 4884/19/5241 4905/19/5275 4847/19/5185
f 4884/19/5241 4847/19/5185 4822/19/5184
f 4962/19/5357 4961/19/5380 4854/19/7094
f 4827/19/7092 4935/19/5416 4937/19/5418 4828/19/7093
f 4790/19/5160 4885/19/5278 4796/19/5161
f 4913/19/5224 4764/19/5076 4912/19/5194
f 4831/19/5258 4913/19/5224 5023/19/5425
f 4945/19/7099 4663/19/5047 4891/19/5225
f 4891/19/5225 4746/19/5117 4803/19/5166
f 4895/19/5262 4721/19/5263 4914/19/5264
f 4836/19/5198 4751/19/5197 5003/19/5285
f 4917/19/5338 4898/19/5200 4837/19/5199
f 4918/19/5286 4837/19/5199 4752/19/5170
f 4919/19/5368 4753/19/5269 4899/19/5268
f 4864/19/5405 4753/19/5269 4919/19/5368
f 4948/19/5290 4920/19/5202 4838/19/5201
f 4922/19/5289 4838/19/5201 4866/19/5233
f 4923/19/5292 4844/19/5288 4921/19/5287
f 4900/19/5270 4812/19/5174 4951/19/5341
f 4951/19/5341 4812/19/5174 4869/19/5208
f 4869/19/5208 4759/19/5099 4951/19/5341
f 4870/19/5370 4813/19/5209 4868/19/5235
f 4866/19/5233 4875/19/5296 4922/19/5289
f 4905/19/5275 4903/19/5295 4845/19/5276
f 4880/19/7098 4925/19/5347 4878/19/5344
f 4904/19/5294 4906/19/5277 4846/19/5210
f 4906/19/5277 4927/19/5375 4883/19/5239
f 4883/19/5239 4928/19/5352 4882/19/5242
f 4788/19/5159 4851/19/5216 4929/19/7100
f 4853/19/5218 4930/19/5325 4790/19/5160
f 4929/19/7100 4886/19/5243 4788/19/5159
f 4854/19/7094 4792/19/5250 4962/19/5357
f 4856/19/5253 4796/19/5161 4907/19/5279
f 4963/19/5327 4827/19/5245 4886/19/5243
f 4932/19/5297 4855/19/5246 4908/19/5388
f 4827/19/5245 4994/19/5328 4935/19/7101
f 4996/19/5298 4888/19/5251 4856/19/5253
f 4905/19/5275 4884/19/5241 4960/19/5323 4956/19/5378
f 4855/19/5219 4829/19/5190 4908/19/7102
f 4909/19/5280 4798/19/5188 4938/19/5303
f 4800/19/5308 4910/19/5391 4966/19/5309
f 4858/19/5221 4939/19/5220 4940/19/5495
f 4940/19/5472 4911/19/5283 4858/19/5282
f 4941/19/5331 4802/19/5124 4968/19/5363
f 4687/19/5021 4943/19/5223 4968/19/5363
f 4860/19/5423 4663/19/5047 4945/19/7099
f 4974/19/5397 4834/19/5134 4946/19/5336
f 4915/19/5168 5025/19/5427 4861/19/5167
f 4917/19/5338 5046/19/5402 4898/19/5200
f 4814/19/5115 4760/19/7091 4949/19/5312
f 4870/19/5370 4868/19/5235 4950/19/7103
f 4900/19/5270 4951/19/5341 4867/19/5234
f 4951/19/5341 4952/19/5317 4867/19/5234
f 4901/19/5272 4924/19/5315 4873/19/5273
f 4952/19/5317 4872/19/7097 4867/19/5234
f 4952/19/5317 4876/19/5319 4872/19/7097
f 4954/19/5318 4902/19/5321 4876/19/5319
f 4987/19/7104 4849/19/5213 4879/19/5238 4957/19/5409
f 4927/19/5375 4928/19/5352 4883/19/5239
f 4880/19/7098 4850/19/5215 4958/19/5351 4959/19/7105
f 4999/19/5536 4997/19/5538 4908/19/7102 4829/19/5190
f 4958/19/5351 4850/19/5215 4882/19/5242
f 4928/19/5352 4958/19/5351 4882/19/5242
f 4907/19/5279 4933/19/5299 4856/19/5253
f 4734/19/5105 4967/19/5361 4939/19/7096
f 4971/19/5334 4832/19/5333 4736/19/5129
f 4894/19/5261 4971/19/5334 4736/19/5129
f 4946/19/5336 4972/19/5335 4974/19/5397
f 4895/19/5262 4973/19/5310 4833/19/5195
f 4976/19/5337 4861/19/5167 5025/19/5427
f 4915/19/5168 4835/19/5111 4978/19/5548
f 4836/19/5198 4978/19/5548 4835/19/5111
f 5003/19/5285 4898/19/5200 5046/19/5402
f 4949/19/5312 4760/19/7091 4870/19/5370
f 4951/19/5341 5007/19/5314 5006/19/5454
f 4950/19/7103 5029/19/5371 4870/19/5370
f 4950/19/7103 4868/19/5235 4924/19/5291
f 4980/19/5372 4922/19/5289 4875/19/5296
f 4980/19/5372 4875/19/5296 4903/19/5295
f 4956/19/5378 4926/19/5322 4905/19/5275
f 4987/19/5353 4960/19/5324 4849/19/5213
f 4908/19/5388 4995/19/5387 4932/19/5297
f 5011/19/5376 4927/19/5375 4906/19/5277 4986/19/5374
f 4829/19/5307 4966/19/5309 4999/19/5470
f 4941/19/5331 5000/19/5362 4734/19/5105
f 4942/19/5222 5021/19/5394 5022/19/5256
f 4804/19/5260 4892/19/5259 5002/19/5475
f 4972/19/5335 4804/19/5260 5002/19/5475
f 4834/19/5134 4974/19/5397 4896/19/5265
f 4973/19/5310 4895/19/5262 4914/19/5264
f 4978/19/5548 4836/19/5198 5003/19/5285
f 4947/19/5266 4766/19/5136 5045/19/5399
f 4947/19/5266 5045/19/5399 5004/19/5366
f 4865/19/5231 5027/19/5407 4921/19/5287
f 4981/19/5342 4951/19/5341 5006/19/5454
f 5008/19/5431 4952/19/5317 4981/19/5342
f 4901/19/5272 4953/19/5316 4924/19/5315
f 5009/19/5373 4923/19/5292 5005/19/5339
f 4954/19/5318 4952/19/5317 5008/19/5431
f 4955/19/5320 4985/19/5349 4902/19/5321
f 4985/19/5349 4957/19/5409 4879/19/5238
f 4959/19/7105 4925/19/5347 4880/19/7098
f 4886/19/5243 4929/19/7100 5013/19/5379 4993/19/5381
f 4957/19/5409 5012/19/7106 4987/19/7104
f 5012/19/7107 4989/19/5354 4987/19/5353
f 5013/19/5379 4929/19/7100 4851/19/5216
f 5020/19/5393 4942/19/5222 4911/19/5283 4940/19/5472
f 4930/19/5325 4853/19/5218 5014/19/5414
f 5094/19/5382 4963/19/5327 4886/19/5243
f 5015/19/5384 4991/19/5356 4887/19/5249
f 4963/19/5327 5094/19/5382 4994/19/5328
f 4996/19/5298 4933/19/5299 5016/19/5383
f 4909/19/5280 4998/19/5638 4889/19/5281
f 4998/19/5638 4936/19/5301 4889/19/5281
f 4939/19/5220 4967/19/7108 4940/19/5495
f 4885/19/5278 4930/19/5325 5014/19/5414 4907/19/5279
f 5101/19/5419 4941/19/5331 4968/19/5363
f 5044/19/5544 4972/19/5335 5002/19/5475
f 5129/19/5476 4975/19/5365 4896/19/5265
f 4916/19/5228 5104/19/5478 5026/19/5311
f 5047/19/5400 4862/19/5267 5004/19/5366
f 4920/19/5202 4948/19/5290 5105/19/5429
f 5029/19/5371 4950/19/7103 4924/19/5291
f 5030/19/5435 4980/19/5372 5010/19/5348
f 4986/19/5374 4983/19/5345 5031/19/7109
f 4926/19/5322 5059/19/5436 5010/19/5348
f 5012/19/7106 4957/19/5409 5033/19/5439
f 4962/19/5357 5035/19/5412 5013/19/5379
f 5013/19/5379 4961/19/5380 4962/19/5357
f 4992/19/5358 5014/19/5414 4853/19/5218
f 4994/19/5328 5123/19/5534 5040/19/5417 4935/19/7101
f 4996/19/5298 5016/19/5383 5199/19/5492
f 4891/19/5225 4970/19/5332 5102/19/5542 4945/19/7099
f 4936/19/5301 5072/19/5582 4934/19/5302
f 5127/19/5421 4860/19/5423 4945/19/7099
f 5051/19/5430 4924/19/5315 4953/19/5316 5053/19/5512
f 4914/19/5264 5431/19/5738 4973/19/5310
f 4976/19/5337 5208/19/5547 4914/19/5264
f 5078/19/5426 4915/19/5168 4978/19/5548
f 4899/19/5268 5047/19/5400 5048/19/5367
f 4918/19/5286 5079/19/5401 4917/19/5338
f 4948/19/5290 5081/19/5369 5105/19/5429
f 5050/19/5452 4981/19/5342 5006/19/5454
f 5082/19/5453 5029/19/5371 5051/19/5430
f 4959/19/7105 5060/19/5457 4984/19/5346 4925/19/5347
f 5009/19/5373 5005/19/5339 5106/19/5508
f 5053/19/5512 4953/19/5316 4982/19/5343
f 4982/19/5343 5054/19/5480 5053/19/5512
f 5054/19/5480 4982/19/5343 4984/19/5346
f 5009/19/5373 5057/19/7110 4983/19/5345
f 4984/19/5346 5058/19/5458 5054/19/5480
f 5010/19/5348 5059/19/5436 5056/19/5434
f 4959/19/7105 4958/19/5351 5064/19/5440 5065/19/5519
f 5063/19/5461 4989/19/5354 5012/19/7107
f 5033/19/5439 5063/19/5461 5012/19/7106
f 4992/19/5358 5071/19/5444 5157/19/5627 5070/19/5529
f 5034/19/5411 4988/19/5350 5066/19/5441
f 4990/19/5355 5066/19/5441 4988/19/5350
f 5037/19/7111 5038/19/5415 5014/19/5414
f 4991/19/5356 5068/19/5442 4962/19/5357
f 4992/19/5358 5037/19/7111 5014/19/5414
f 4994/19/5328 5095/19/5469 5123/19/5534
f 5017/19/5584 4934/19/5302 5072/19/5582
f 5018/19/5390 4998/19/5638 4909/19/5280
f 5072/19/5582 4936/19/5301 4998/19/5638
f 5000/19/5362 5073/19/5496 4967/19/5361
f 5073/19/5496 4940/19/5495 4967/19/7108
f 5074/19/5646 5001/19/5364 4943/19/5223
f 5126/19/5257 5426/19/5420 4890/19/5126
f 5075/19/5447 4969/19/5193 4944/19/5422
f 5002/19/5475 4892/19/5259 5023/19/5425
f 4972/19/5335 5044/19/5544 5077/19/7112
f 5049/19/5404 4919/19/5368 5048/19/5367
f 5106/19/5508 5005/19/5339 5028/19/5406
f 4981/19/5342 5050/19/5452 5052/19/5432
f 5052/19/5432 5055/19/5433 5008/19/5431
f 5031/19/7109 4983/19/5345 5057/19/7110
f 5084/19/5456 4985/19/5349 5083/19/5455
f 5032/19/5408 5062/19/5438 4957/19/5409
f 5090/19/5527 5035/19/5412 5088/19/5464
f 5036/19/5413 5035/19/5412 5090/19/5527
f 5091/19/5465 5038/19/5415 5037/19/7111
f 5070/19/5529 5037/19/7111 4992/19/5358
f 5069/19/5443 5016/19/5383 4907/19/5279
f 4964/19/5329 5096/19/5635 5159/19/5532 5015/19/5384
f 5017/19/5385 5096/19/5635 4964/19/5329
f 5097/19/5493 4965/19/5330 4996/19/5298
f 5040/19/5417 5098/19/7113 4937/19/5418
f 4910/19/5391 5041/19/5389 5099/19/5642
f 5100/19/5587 5073/19/5496 5000/19/5362
f 5101/19/5419 5100/19/5587 5000/19/5362
f 5167/19/5395 5305/19/5647 5126/19/5257
f 5431/19/5738 4914/19/5264 5208/19/5547
f 5172/19/5502 5026/19/5311 5104/19/5478
f 4918/19/5286 5080/19/5403 5079/19/5401
f 4949/19/5312 5178/19/5509 4979/19/5340
f 5058/19/5458 5141/19/5481 5054/19/5480
f 5058/19/5458 5107/19/5599 5141/19/5481
f 5085/19/5459 5059/19/5436 4956/19/5378
f 5032/19/5408 5108/19/5516 5062/19/5438
f 5060/19/5457 4959/19/7105 5065/19/5519
f 5109/19/5515 4989/19/5377 5087/19/5460
f 5086/19/5483 5066/19/5441 5067/19/5410
f 5062/19/5438 5111/19/5462 5033/19/5439
f 5111/19/5462 5062/19/5438 5112/19/5484
f 5114/19/5486 5064/19/5440 5034/19/5411
f 5114/19/5486 5066/19/5441 5115/19/5517
f 5116/19/5488 5065/19/5519 5064/19/5440
f 5118/19/7114 5036/19/5413 5090/19/5527
f 5093/19/5467 5036/19/5413 5118/19/7114
f 5037/19/7111 5070/19/5529 5119/19/5528
f 5092/19/5466 5069/19/5443 5038/19/5415
f 5071/19/5444 4995/19/5387 5122/19/5445
f 4910/19/5391 5099/19/5642 5019/19/5392
f 4945/19/7099 5102/19/5542 5127/19/5421
f 5023/19/5425 5043/19/5424 5207/19/5474
f 5128/19/5501 4972/19/5335 5077/19/7112
f 5169/19/5449 4973/19/5310 5431/19/5738
f 5046/19/5402 5211/19/5503 5130/19/5428
f 5136/19/5510 5050/19/5452 4979/19/5340
f 5082/19/5453 5135/19/5556 4949/19/5312
f 5051/19/5430 5137/19/5555 5082/19/5453
f 5050/19/5452 5138/19/5596 5052/19/5432
f 5030/19/5435 5056/19/5434 5181/19/5558
f 5057/19/7110 5009/19/5373 5139/19/5511
f 5031/19/7109 5057/19/7110 5182/19/5657
f 5059/19/5436 5085/19/5459 5268/19/5559
f 5143/19/5562 5060/19/5457 5065/19/5519
f 5143/19/5562 5065/19/5519 5113/19/5518
f 5145/19/5520 5144/19/5565 5087/19/5460
f 5112/19/5484 5110/19/5485 5146/19/5570
f 5150/19/5523 5116/19/5488 5114/19/5486
f 5150/19/5523 5114/19/5486 5148/19/5522
f 5190/19/5524 5147/19/5521 5116/19/5488
f 5151/19/5569 5145/19/5520 5149/19/5487
f 5149/19/5487 5111/19/5462 5152/19/5525
f 5152/19/5525 5112/19/5484 5153/19/5572
f 5088/19/5464 5154/19/5576 5193/19/5526
f 5119/19/5528 5091/19/5465 5037/19/7111
f 5156/19/5530 5070/19/5529 5157/19/5627
f 5121/19/5491 5016/19/5383 5158/19/5531
f 5165/19/5692 5098/19/7113 5040/19/5417 5163/19/5533
f 5161/19/5494 4996/19/5298 5199/19/5492
f 5095/19/5469 5160/19/5630 5123/19/5534
f 5200/19/5537 5122/19/5445 4997/19/5386
f 5176/19/5590 5175/19/5552 5080/19/5403 5105/19/5429
f 5100/19/5587 5166/19/5540 5073/19/5496
f 5102/19/5542 4970/19/5332 5076/19/5396
f 5169/19/5449 5076/19/5396 4971/19/5334
f 5128/19/5501 5024/19/5398 4974/19/5397
f 5210/19/5549 5078/19/5426 4978/19/5548
f 5312/19/5739 5003/19/5285 5130/19/5428
f 5079/19/5401 5212/19/5651 5132/19/5451
f 5174/19/5553 5079/19/5401 5080/19/5403
f 4949/19/5312 5135/19/5556 5179/19/5594 5178/19/5509
f 5205/19/5731 5167/19/5395 5021/19/5394 5204/19/5498
f 5180/19/5597 5137/19/5555 5051/19/5430
f 5180/19/5597 5051/19/5430 5053/19/5512
f 5139/19/5511 5106/19/5508 5316/19/5557
f 5052/19/5432 5138/19/5596 5140/19/5513
f 5056/19/5434 5218/19/5560 5181/19/5558
f 5182/19/5657 5057/19/7110 5139/19/5511
f 5218/19/5560 5056/19/5434 5059/19/5436
f 5183/19/5602 5084/19/5456 5083/19/5455
f 5058/19/5458 5142/19/5514 5107/19/5599
f 5108/19/5516 5032/19/5408 5084/19/5456
f 5143/19/5562 5113/19/5518 5186/19/5606
f 5187/19/5567 5148/19/5522 5115/19/5517
f 5146/19/5570 5153/19/5572 5112/19/5484
f 5194/19/5577 5155/19/5618 5091/19/5465
f 5155/19/5618 5092/19/5466 5091/19/5465
f 5118/19/7114 5195/19/5580 5093/19/5467
f 5092/19/5466 5243/19/5579 5069/19/5443
f 5196/19/5578 5068/19/5442 5039/19/5468
f 5198/19/5628 5157/19/5627 5071/19/5444
f 5095/19/5469 5120/19/5490 5197/19/5624
f 5200/19/5537 5162/19/5581 5122/19/5445
f 5202/19/5728 5200/19/5537 4999/19/5536
f 5042/19/5359 5164/19/5539 5203/19/5585
f 4999/19/5470 5124/19/5471 5202/19/5728
f 5031/19/7109 5182/19/5657 5221/19/5561 4986/19/5374
f 5024/19/5398 5128/19/5501 5129/19/5476
f 5045/19/5399 5172/19/5502 5367/19/5944
f 5210/19/5549 5003/19/5285 5312/19/5739
f 5132/19/5451 5212/19/5651 5313/19/5589
f 5079/19/5401 5174/19/5553 5263/19/5650
f 5177/19/5506 5027/19/5407 5213/19/5554
f 5178/19/5509 5214/19/5591 5136/19/5510
f 5136/19/5510 5318/19/5595 5050/19/5452
f 5083/19/5455 5140/19/5513 5219/19/5601
f 5238/19/5619 5194/19/5577 5119/19/5528 5240/19/5676
f 5222/19/5702 5108/19/5516 5183/19/5602
f 5143/19/5562 5223/19/5605 5142/19/5514
f 5086/19/5483 5184/19/5563 5225/19/5566
f 5185/19/5564 5146/19/5570 5110/19/5485
f 5186/19/5606 5147/19/5521 5227/19/5573
f 5191/19/5574 5188/19/5568 5145/19/5520
f 5226/19/5607 5189/19/5571 5146/19/5570
f 5187/19/5567 5192/19/5575 5148/19/5522
f 5192/19/5575 5230/19/5609 5150/19/5523
f 5229/19/5608 5152/19/5525 5153/19/5572
f 5282/19/5668 5278/19/5670 5233/19/5616
f 5232/19/5615 5282/19/5668 5233/19/5616
f 5238/19/5619 5234/19/5612 5235/19/5611
f 5236/19/5614 5233/19/5616 5237/19/5621
f 5239/19/5617 5238/19/5619 5235/19/5611
f 5154/19/5576 5236/19/5620 5193/19/5526
f 5120/19/5490 5195/19/5580 5294/19/5787 5413/19/5625
f 5244/19/5682 5117/19/5489 5196/19/5578
f 5157/19/5627 5245/19/5626 5242/19/5623 5156/19/5530
f 5369/19/5744 5214/19/5591 5178/19/5509 5179/19/5594
f 5121/19/5491 5158/19/5531 5199/19/5492
f 5246/19/5631 5095/19/5469 5197/19/5624
f 5095/19/5469 5246/19/5631 5160/19/5630
f 5247/19/5629 5071/19/5444 5162/19/5581
f 5296/19/5634 5159/19/5532 5096/19/5635
f 5161/19/5494 5250/19/5687 5097/19/5493
f 5251/19/5636 5096/19/5635 5017/19/5385
f 5248/19/5632 5163/19/5533 5123/19/5534
f 5164/19/5535 5097/19/5493 5250/19/5687
f 5201/19/5583 5251/19/7115 5017/19/5584
f 5201/19/5583 5072/19/5582 5252/19/5637
f 4938/19/5303 5253/19/5640 5018/19/5390
f 5256/19/5645 4943/19/5223 5075/19/5447
f 5206/19/5500 5043/19/5424 5258/19/5499
f 5127/19/5421 5307/19/5541 5259/19/5734
f 5076/19/5396 5260/19/5736 5102/19/5542
f 5169/19/5449 5260/19/5736 5076/19/5396
f 5168/19/5543 5077/19/7112 5044/19/5544
f 5130/19/5428 5261/19/5694 5312/19/5739
f 5213/19/5554 5049/19/5404 5264/19/5652
f 5271/19/5756 5186/19/5606 5227/19/5573 5329/19/5758
f 5315/19/5654 5181/19/5558 5319/19/5810
f 5138/19/5596 5318/19/5595 5217/19/5598
f 5319/19/5810 5181/19/5558 5320/19/5659
f 5266/19/5600 5216/19/5482 5141/19/5481
f 5320/19/5659 5181/19/5558 5218/19/5560
f 5220/19/5603 5266/19/5600 5107/19/5599
f 5184/19/5563 5061/19/5437 5221/19/5561
f 5108/19/5516 5222/19/5702 5269/19/5753
f 5269/19/5753 5185/19/5564 5108/19/5516
f 5270/19/5662 5186/19/5606 5271/19/5756
f 5273/19/5664 5225/19/5566 5327/19/5661
f 5272/19/5663 5144/19/5565 5188/19/5568
f 5104/19/5478 5310/19/5648 5366/19/5901 5172/19/5502
f 5228/19/5707 5188/19/5568 5191/19/5574
f 5275/19/5666 5191/19/5574 5151/19/5569
f 5277/19/5763 5231/19/5610 5230/19/5609
f 5284/19/5673 5278/19/5670 5343/19/5772
f 5283/19/5671 5287/19/5677 5235/19/5611
f 5342/19/5721 5279/19/5613 5234/19/5612
f 5285/19/5719 5342/19/5721 5240/19/5676
f 5342/19/5721 5234/19/5612 5240/19/5676
f 5284/19/5673 5237/19/5621 5233/19/5616
f 5239/19/5617 5287/19/5677 5288/19/5781
f 5237/19/5621 5290/19/5679 5090/19/5527
f 5289/19/5678 5236/19/5614 5089/19/5463
f 5293/19/5784 5090/19/5527 5290/19/5679
f 5292/19/5680 5240/19/5676 5119/19/5528
f 5239/19/5617 5288/19/5781 5092/19/5466
f 5293/19/5784 5118/19/7114 5090/19/5527
f 5243/19/5579 5092/19/5466 5288/19/5781
f 5118/19/7114 5293/19/5784 5195/19/5580
f 5412/19/5685 5159/19/5532 5296/19/5634
f 5199/19/5492 5297/19/5686 5161/19/5494
f 5298/19/5688 5162/19/5581 5200/19/5537
f 5357/19/5691 4998/19/5638 5018/19/5390
f 5202/19/5728 5299/19/5689 5200/19/5537
f 5018/19/5390 5253/19/5640 5357/19/5691
f 5255/19/5473 5205/19/5731 5204/19/5498
f 5206/19/5500 5362/19/7116 5207/19/5474
f 5308/19/5936 5207/19/5474 5362/19/7116
f 5308/19/5936 5168/19/5543 5207/19/5474
f 5260/19/5736 5169/19/5449 5431/19/5738
f 5356/19/7117 5164/19/5535 5250/19/5687 5421/19/5893
f 5311/19/5740 5171/19/5479 5210/19/5549
f 5045/19/5399 5367/19/5944 5433/19/5848
f 5045/19/5399 5433/19/5848 5131/19/5504
f 5314/19/5649 5262/19/5550 5047/19/5400
f 5177/19/5506 5437/19/5695 5316/19/5557
f 5216/19/5482 5371/19/5955 5180/19/5597
f 5485/19/5701 5183/19/5602 5219/19/5601
f 5221/19/5561 5182/19/5657 5322/19/5656
f 5324/19/5703 5267/19/5658 5268/19/5559
f 5184/19/5563 5325/19/5704 5327/19/5661
f 5330/19/5708 5226/19/5607 5328/19/5706
f 5384/19/5709 5329/19/5758 5227/19/5573
f 5331/19/5712 5192/19/5575 5332/19/5761
f 5335/19/5714 5229/19/5608 5336/19/5713
f 5230/19/5609 5331/19/5712 5277/19/5763
f 5340/19/5669 5343/19/5772 5278/19/5670
f 5342/19/5721 5397/19/5717 5279/19/5613
f 5340/19/5669 5282/19/5668 5339/19/5716
f 5280/19/5672 5345/19/5776 5283/19/5671
f 5345/19/5776 5347/19/5722 5283/19/5671
f 5348/19/5778 5281/19/5675 5286/19/5674
f 5290/19/5679 5284/19/5673 5350/19/7118
f 5348/19/5778 5286/19/5674 5351/19/5723
f 5242/19/5623 5353/19/5834 5292/19/5680
f 5244/19/5682 5466/19/5789 5241/19/5622
f 5466/19/5789 5244/19/5682 5196/19/5578
f 5353/19/5834 5242/19/5623 5245/19/5626
f 5412/19/5685 5466/19/5789 5196/19/5578
f 5354/19/5727 5246/19/5631 5467/19/5726
f 5297/19/5686 5421/19/5893 5250/19/5687
f 5246/19/5631 5354/19/5727 5248/19/5632
f 5355/19/5793 5249/19/5633 5251/19/5636
f 5364/19/5938 5128/19/5501 5077/19/7112 5168/19/5543
f 5356/19/5797 5203/19/5585 5164/19/5539
f 5124/19/5471 5359/19/5729 5202/19/5728
f 5301/19/5641 5359/19/5729 5124/19/5471
f 5307/19/5541 5102/19/5542 5363/19/5735
f 5168/19/5543 5308/19/5936 5364/19/5938
f 5273/19/5664 5327/19/5661 5379/19/5752 5382/19/7119
f 5170/19/5545 5310/19/5648 5209/19/5450
f 5172/19/5502 5366/19/5901 5367/19/5944
f 5477/19/5742 5173/19/5551 5133/19/5505
f 5368/19/5741 5174/19/5553 5175/19/5552
f 5315/19/5654 5436/19/5947 5176/19/5590
f 5214/19/5591 5441/19/5745 5439/19/5854
f 5370/19/5746 5179/19/5594 5215/19/5593
f 5483/19/5698 5371/19/5955 5216/19/5482
f 5374/19/5699 5322/19/5656 5139/19/5511
f 5323/19/5700 5445/19/5809 5320/19/5659
f 5377/19/5754 5222/19/5702 5375/19/5749
f 5270/19/5662 5378/19/5751 5223/19/5605
f 5326/19/5660 5272/19/5663 5380/19/5757
f 5231/19/5610 5277/19/5763 5391/19/5767 5392/19/5821
f 5328/19/5706 5185/19/5564 5269/19/5753
f 5274/19/5665 5273/19/5664 5382/19/7119
f 5384/19/5709 5231/19/5610 5338/19/5870
f 5274/19/5665 5332/19/5761 5192/19/5575
f 5334/19/5711 5228/19/5707 5275/19/5666
f 5338/19/5870 5231/19/5610 5386/19/5823
f 5385/19/5762 5333/19/5710 5387/19/5769
f 5388/19/5765 5331/19/5712 5332/19/5761
f 5335/19/5714 5387/19/5769 5333/19/5710
f 5336/19/5713 5276/19/5667 5390/19/5819
f 5293/19/5784 5408/19/5783 5410/19/5786 5195/19/5580
f 5387/19/5769 5335/19/5714 5393/19/5766
f 5395/19/5770 5391/19/5767 5389/19/5764
f 5394/19/5768 5393/19/5766 5396/19/7120
f 5396/19/7120 5393/19/5766 5340/19/5669
f 5399/19/5828 5397/19/5717 5395/19/5770
f 5398/19/7121 5396/19/7120 5339/19/5716
f 5341/19/5715 5398/19/7121 5339/19/5716
f 5340/19/5669 5339/19/5716 5396/19/7120
f 5399/19/5828 5280/19/5672 5397/19/5717
f 5399/19/5828 5345/19/5776 5280/19/5672
f 5345/19/5776 5399/19/5828 5459/19/5825
f 5344/19/5720 5401/19/5773 5342/19/5721
f 5350/19/7118 5343/19/5772 5404/19/5775
f 5350/19/7118 5284/19/5673 5343/19/5772
f 5291/19/5681 5285/19/5719 5240/19/5676
f 5351/19/5723 5289/19/5678 5407/19/5974
f 5407/19/5974 5289/19/5678 5241/19/5622
f 5465/19/5832 5415/19/5725 5295/19/5684 5352/19/5683
f 5407/19/5974 5241/19/5622 5411/19/5790
f 5409/19/5785 5352/19/5683 5243/19/5579
f 5292/19/5680 5353/19/5834 5464/19/5831
f 5294/19/5787 5516/19/5788 5413/19/5625
f 5414/19/5724 5353/19/5834 5245/19/5626
f 5580/19/5986 5372/19/5988 5217/19/5598 5318/19/5595
f 5418/19/5794 5296/19/5634 5249/19/5633
f 5419/19/7122 5297/19/5686 5417/19/5792
f 5297/19/5686 5419/19/7122 5421/19/5893
f 5298/19/5688 5420/19/5837 5247/19/5629
f 5251/19/5636 5201/19/7123 5355/19/5793
f 5163/19/5533 5422/19/5795 5563/19/5796
f 5299/19/5689 5423/19/5838 5298/19/5688
f 5424/19/5798 5360/19/5730 5255/19/5473
f 5167/19/5395 5473/19/5800 5305/19/5647
f 5361/19/5732 5001/19/5364 5256/19/5645
f 5427/19/7124 5256/19/5645 5075/19/5447
f 5426/19/5420 5474/19/5733 5257/19/5448
f 5075/19/5447 5306/19/5588 5427/19/7124
f 5427/19/7124 5306/19/5588 5259/19/5734
f 5258/19/5499 5428/19/6077 5206/19/5500
f 5428/19/6077 5362/19/7116 5206/19/5500
f 5259/19/5734 5307/19/5541 5523/19/5802
f 5128/19/5501 5364/19/5938 5430/19/5940
f 5128/19/5501 5430/19/5940 5432/19/5804
f 5171/19/5479 5524/19/5846 5309/19/5546
f 5477/19/5742 5133/19/5505 5262/19/5550
f 5264/19/5652 5477/19/5742 5435/19/5850
f 5436/19/5947 5175/19/5552 5176/19/5590
f 5315/19/5654 5478/19/5852 5436/19/5947
f 5316/19/5557 5437/19/5695 5438/19/5905
f 5439/19/5854 5441/19/5745 5480/19/5855
f 5370/19/5746 5481/19/5857 5369/19/5744
f 5443/19/5807 5318/19/5595 5317/19/5592
f 5316/19/5557 5438/19/5905 5373/19/5655
f 5332/19/5761 5496/19/5760 5455/19/5916 5388/19/5765
f 5371/19/5955 5531/19/5808 5180/19/5597
f 5321/19/5697 5217/19/5598 5444/19/5859
f 5322/19/5656 5374/19/5699 5446/19/5991
f 5323/19/5700 5447/19/5994 5445/19/5809
f 5326/19/5660 5449/19/5866 5324/19/5703
f 5325/19/5704 5487/19/5812 5488/19/5814
f 5380/19/5757 5449/19/5866 5326/19/5660
f 5378/19/5751 5270/19/5662 5381/19/5755
f 5451/19/5999 5274/19/5665 5382/19/7119
f 5228/19/5707 5453/19/5817 5383/19/5705
f 5387/19/5769 5394/19/5768 5458/19/5876 5385/19/5762
f 5386/19/5823 5231/19/5610 5392/19/5821
f 5390/19/5819 5393/19/5766 5336/19/5713
f 5201/19/5583 5252/19/5637 5470/19/5930 5518/19/5892
f 5500/19/5824 5395/19/5770 5388/19/5765
f 5458/19/5876 5394/19/5768 5398/19/7121
f 5398/19/7121 5394/19/5768 5396/19/7120
f 5390/19/5819 5340/19/5669 5393/19/5766
f 5400/19/5771 5340/19/5669 5390/19/5819
f 5397/19/5717 5401/19/5773 5392/19/5821
f 5402/19/5830 5398/19/7121 5341/19/5715
f 5347/19/5722 5405/19/5777 5461/19/5780
f 5346/19/5718 5348/19/5778 5462/19/5919
f 5509/19/6008 5349/19/5779 5291/19/5681
f 5348/19/5778 5351/19/5723 5462/19/5919
f 5290/19/5679 5350/19/7118 5508/19/5884
f 5288/19/5781 5406/19/5782 5463/19/5885
f 5463/19/5885 5409/19/5785 5288/19/5781
f 5515/19/5833 5353/19/5834 5414/19/5724
f 5418/19/5794 5416/19/5791 5296/19/5634
f 5354/19/5727 5467/19/5726 5600/19/5890
f 5420/19/5837 5468/19/5835 5247/19/5629
f 5518/19/5892 5355/19/5793 5201/19/7123
f 5421/19/5893 5469/19/5895 5356/19/7117
f 5471/19/7125 5302/19/5643 5356/19/5797 5469/19/5983
f 5359/19/5729 5423/19/5838 5299/19/5689
f 5522/19/5842 5426/19/5420 5305/19/5647 5425/19/5801
f 5357/19/5691 5470/19/5930 5252/19/5637
f 5253/19/5640 5358/19/5639 5519/19/5839
f 5301/19/5641 5300/19/5690 5472/19/5840
f 5166/19/5540 5568/19/5899 5125/19/5497
f 5205/19/5731 5703/19/5799 5167/19/5395
f 5431/19/5738 5609/19/5803 5429/19/5843 5260/19/5736
f 5274/19/5665 5451/19/5999 5628/19/5966 5496/19/5760
f 5651/19/5942 5310/19/5648 5170/19/5545
f 5611/19/5845 5171/19/5479 5311/19/5740
f 5476/19/6113 5367/19/5944 5366/19/5901
f 5212/19/5651 5434/19/5806 5313/19/5589
f 5436/19/5947 5576/19/5849 5175/19/5552
f 5438/19/5905 5437/19/5695 5657/19/6037
f 5370/19/5746 5482/19/5858 5709/19/5856
f 5448/19/5748 5484/19/5861 5266/19/5600
f 5322/19/5656 5446/19/5991 5487/19/5812
f 5491/19/5867 5269/19/5753 5450/19/5815
f 5492/19/5868 5381/19/5755 5271/19/5756
f 5383/19/5705 5536/19/5865 5380/19/5757
f 5382/19/7119 5379/19/5752 5493/19/5961
f 5451/19/5999 5382/19/7119 5493/19/5961
f 5495/19/5872 5453/19/5817 5334/19/5711
f 5411/19/5790 5466/19/5789 5558/19/6015 5635/19/6064
f 5454/19/5818 5542/19/5871 5334/19/5711
f 5497/19/5874 5337/19/5759 5452/19/5816
f 5498/19/5873 5338/19/5870 5386/19/5823
f 5454/19/5818 5385/19/5762 5499/19/5875
f 5501/19/5826 5390/19/5819 5456/19/5820
f 5504/19/5878 5502/19/5827 5401/19/5773
f 5402/19/5830 5458/19/5876 5398/19/7121
f 5503/19/5877 5404/19/5775 5400/19/5771
f 5504/19/5878 5344/19/5720 5546/19/5917
f 5546/19/5917 5344/19/5720 5506/19/5881
f 5505/19/6062 5461/19/5780 5405/19/5777
f 5547/19/5880 5346/19/5718 5507/19/5921
f 5548/19/5879 5350/19/7118 5404/19/5775
f 5350/19/7118 5548/19/5879 5508/19/5884
f 5506/19/5881 5349/19/5779 5509/19/6008
f 5462/19/5919 5507/19/5921 5346/19/5718
f 5462/19/5919 5351/19/5723 5510/19/5922
f 5464/19/5831 5513/19/5924 5291/19/5681
f 5465/19/5832 5409/19/5785 5514/19/7126
f 5416/19/5791 5466/19/5789 5412/19/5685
f 5465/19/5832 5417/19/5792 5415/19/5725
f 5421/19/5893 5419/19/7122 5561/19/5894
f 5422/19/5795 5517/19/5836 5563/19/5796
f 5357/19/5691 5519/19/5839 5470/19/5930
f 5358/19/5639 5563/19/5796 5520/19/5896
f 5472/19/5840 5566/19/5897 5359/19/5729
f 5471/19/7127 5300/19/5690 5302/19/5643
f 5254/19/5644 5569/19/5898 5166/19/5540
f 5304/19/5586 5521/19/5934 5254/19/5644
f 5570/19/6029 5256/19/5645 5427/19/7124
f 5258/19/5499 5474/19/5733 5428/19/6077
f 5309/19/5546 5365/19/5737 5208/19/5547
f 5477/19/5742 5262/19/5550 5575/19/6035
f 5368/19/5741 5527/19/5903 5263/19/5650
f 5442/19/5747 5530/19/5952 5482/19/5858
f 5529/19/5853 5443/19/5807 5440/19/5743
f 5531/19/5808 5442/19/5747 5265/19/5653
f 5443/19/5807 5580/19/5986 5318/19/5595
f 5532/19/5904 5315/19/5654 5319/19/5810
f 5217/19/5598 5372/19/5988 5534/19/5860
f 5445/19/5809 5532/19/5904 5319/19/5810
f 5485/19/5701 5219/19/5601 5444/19/5859
f 5585/19/5862 5447/19/5994 5323/19/5700
f 5487/19/5812 5446/19/5991 5584/19/5959
f 5585/19/5862 5324/19/5703 5449/19/5866
f 5539/19/5911 5494/19/5869 5498/19/5873
f 5541/19/5915 5496/19/5760 5628/19/5966
f 5498/19/5873 5457/19/5822 5540/19/5914
f 5541/19/5915 5388/19/5765 5455/19/5916
f 5499/19/5875 5542/19/5871 5454/19/5818
f 5501/19/5826 5456/19/5820 5543/19/5968
f 5500/19/5824 5541/19/5915 5544/19/6004
f 5545/19/5970 5499/19/5875 5402/19/5830
f 5543/19/5968 5503/19/5877 5501/19/5826
f 5460/19/5829 5500/19/5824 5544/19/6004
f 5596/19/5918 5502/19/5827 5504/19/5878
f 5545/19/5970 5402/19/5830 5547/19/5880
f 5550/19/6063 5505/19/6062 5405/19/5777
f 5506/19/5881 5549/19/6010 5546/19/5917
f 5506/19/5881 5509/19/6008 5549/19/6010
f 5552/19/5923 5508/19/5884 5684/19/5973
f 5553/19/5925 5509/19/6008 5291/19/5681
f 5351/19/5723 5407/19/5974 5510/19/5922
f 5554/19/5887 5408/19/5783 5511/19/5883
f 5598/19/5926 5513/19/5924 5464/19/5831
f 5514/19/7126 5409/19/5785 5463/19/5885
f 5633/19/6011 5407/19/5974 5411/19/5790
f 5465/19/5832 5514/19/7126 5557/19/5889
f 5414/19/5724 5468/19/7128 5559/19/5929 5515/19/5833
f 5558/19/6015 5466/19/5789 5416/19/5791
f 5516/19/5788 5556/19/5927 5467/19/5726
f 5588/19/6133 5378/19/5751 5381/19/5755 5591/19/5997
f 5420/19/5837 5559/19/5929 5468/19/5835
f 5419/19/7122 5417/19/5792 5561/19/5894
f 5423/19/5838 5562/19/5928 5420/19/5837
f 5562/19/5928 5423/19/5838 5566/19/5897
f 5470/19/5930 5565/19/5932 5564/19/5931
f 5471/19/7127 5567/19/5933 5300/19/5690
f 5471/19/7125 5469/19/5983 5567/19/5982
f 5568/19/5841 5424/19/5798 5303/19/5693
f 5361/19/5732 5521/19/5934 5304/19/5586
f 5608/19/6160 5427/19/7124 5259/19/5734
f 5474/19/5733 5648/19/6076 5428/19/6077
f 5362/19/7116 5649/19/5937 5308/19/5936
f 5651/19/5942 5170/19/5545 5475/19/5844
f 5612/19/5902 5311/19/5740 5312/19/5739
f 5613/19/5984 5312/19/5739 5261/19/5694
f 5526/19/5847 5433/19/5848 5572/19/5943
f 5574/19/6031 5573/19/5805 5313/19/5589
f 5528/19/6034 5477/19/5742 5575/19/6035
f 5528/19/6034 5435/19/5850 5477/19/5742
f 5657/19/6037 5616/19/7129 5577/19/5953
f 5438/19/5905 5657/19/6037 5577/19/5953
f 5441/19/5745 5578/19/5949 5619/19/5948
f 5442/19/5747 5531/19/5808 5659/19/5951
f 5483/19/5698 5662/19/5956 5371/19/5955
f 5582/19/5811 5664/19/5957 5483/19/5698
f 5447/19/5994 5532/19/5904 5445/19/5809
f 5672/19/5908 5375/19/5749 5485/19/5701
f 5587/19/6055 5488/19/5814 5673/19/5960
f 5488/19/5814 5587/19/6055 5589/19/5910
f 5588/19/6133 5489/19/5863 5378/19/5751
f 5590/19/5998 5535/19/5907 5536/19/5865
f 5599/19/5977 5602/19/6021 5561/19/5894 5417/19/5792
f 5591/19/5997 5381/19/5755 5492/19/5868
f 5625/19/5996 5492/19/5868 5592/19/5964
f 5537/19/5912 5592/19/5964 5494/19/5869
f 5538/19/5913 5452/19/5816 5593/19/5963
f 5629/19/6001 5495/19/5872 5542/19/5871
f 5596/19/5918 5457/19/5822 5502/19/5827
f 5542/19/5871 5499/19/5875 5597/19/5969
f 5460/19/5829 5544/19/6004 5405/19/5777
f 5461/19/5780 5505/19/6062 5781/19/5882
f 5686/19/6146 5552/19/5923 5684/19/5973
f 5512/19/5886 5406/19/5782 5781/19/5882
f 5633/19/6011 5411/19/5790 5635/19/6064
f 5555/19/5888 5515/19/5833 5638/19/6101
f 5557/19/5889 5642/19/5976 5417/19/5792
f 5603/19/5979 5601/19/5978 5560/19/5891 5518/19/5892
f 5604/19/6024 5520/19/5896 5563/19/5796 5517/19/5836
f 5575/19/6035 5262/19/5550 5314/19/5649 5653/19/6164
f 5566/19/5897 5605/19/6025 5562/19/5928
f 5564/19/5931 5565/19/5932 5603/19/5979
f 5565/19/5932 5520/19/5896 5604/19/6024
f 5567/19/5982 5605/19/6025 5566/19/5897
f 5569/19/5898 5607/19/7130 5568/19/5899
f 5571/19/5939 5364/19/5938 5649/19/5937
f 5365/19/5737 5610/19/6109 5609/19/5803
f 5366/19/5901 5525/19/5900 5476/19/6113
f 5614/19/5945 5574/19/6031 5313/19/5589
f 5615/19/5985 5614/19/5945 5434/19/5806
f 5532/19/5904 5620/19/6045 5617/19/6044 5479/19/5851
f 5437/19/5695 5435/19/5850 5657/19/6037
f 5480/19/5855 5708/19/6038 5529/19/5853
f 5478/19/5852 5617/19/6044 5656/19/5946
f 5529/19/5853 5618/19/5987 5443/19/5807
f 5617/19/6044 5478/19/5852 5479/19/5851
f 5481/19/5857 5579/19/5950 5369/19/5744
f 5621/19/6046 5622/19/5992 5374/19/5699 5533/19/5906
f 5533/19/5906 5581/19/5954 5621/19/6046
f 5534/19/5860 5372/19/5988 5712/19/6172
f 5597/19/5969 5545/19/5970 5547/19/5880 5731/19/6007
f 5447/19/5994 5623/19/5993 5532/19/5904
f 5624/19/5995 5450/19/5815 5490/19/5864
f 5493/19/5961 5589/19/5910 5676/19/6054
f 5451/19/5999 5627/19/6000 5628/19/5966
f 5495/19/5872 5626/19/5962 5453/19/5817
f 5497/19/5874 5538/19/5913 5631/19/6003
f 5600/19/5890 5643/19/6022 5604/19/6024 5517/19/5836
f 5405/19/5777 5544/19/6004 5550/19/6063
f 5685/19/6009 5509/19/6008 5553/19/5925
f 5512/19/5886 5781/19/5882 5687/19/6147
f 5552/19/5923 5554/19/5887 5511/19/5883
f 5634/19/6203 5514/19/7126 5463/19/5885
f 5557/19/5889 5514/19/7126 5636/19/6102
f 5557/19/5889 5636/19/6102 5639/19/6067
f 5690/19/6014 5635/19/6064 5558/19/6015
f 5557/19/5889 5639/19/6067 5642/19/5976
f 5641/19/6070 5638/19/6101 5515/19/5833
f 5556/19/5927 5697/19/6017 5600/19/5890
f 5641/19/6070 5515/19/5833 5559/19/5929
f 5601/19/5978 5603/19/5979 5646/19/6018
f 5605/19/6025 5644/19/6027 5559/19/5929 5562/19/5928
f 5584/19/5959 5622/19/5992 5668/19/6126 5671/19/6129
f 5602/19/6021 5647/19/6026 5561/19/5980
f 5603/19/5979 5604/19/6024 5646/19/6018
f 5606/19/5981 5647/19/6026 5605/19/6025
f 5606/19/5981 5561/19/5980 5647/19/6026
f 5565/19/5932 5604/19/6024 5603/19/5979
f 5427/19/7124 5608/19/6160 5742/19/6241
f 5259/19/5734 5523/19/5802 5608/19/6160
f 5363/19/5735 5650/19/5935 5523/19/5802
f 5428/19/6077 5649/19/5937 5362/19/7116
f 5524/19/5846 5706/19/5941 5309/19/5546
f 5367/19/5944 5476/19/6113 5877/19/6030
f 5653/19/6164 5314/19/5649 5652/19/6032
f 5580/19/5986 5618/19/5987 5661/19/5989
f 5622/19/5992 5621/19/6046 5665/19/6176
f 5620/19/6045 5532/19/5904 5666/19/6124
f 5623/19/5993 5666/19/6124 5532/19/5904
f 5622/19/5992 5665/19/6176 5668/19/6126
f 5690/19/6014 5640/19/6013 5694/19/6068 5691/19/6106
f 5585/19/5862 5670/19/6050 5623/19/5993
f 5669/19/6049 5486/19/5813 5586/19/5909
f 5584/19/5959 5671/19/6129 5673/19/5960
f 5717/19/6051 5489/19/5863 5588/19/6133
f 5674/19/6052 5535/19/5907 5590/19/5998
f 5491/19/5867 5624/19/5995 5677/19/7131
f 5627/19/6000 5493/19/5961 5676/19/6054
f 5677/19/7131 5593/19/5963 5491/19/5867
f 5628/19/5966 5627/19/6000 5727/19/6057
f 5597/19/5969 5679/19/6095 5629/19/6001
f 5550/19/6063 5544/19/6004 5594/19/5965
f 5777/19/5971 5503/19/5877 5823/19/6190
f 5549/19/6010 5682/19/6060 5546/19/5917
f 5507/19/5921 5551/19/5920 5731/19/6007
f 5632/19/5972 5683/19/6097 5684/19/5973
f 5686/19/6146 5684/19/5973 5733/19/6142
f 5512/19/5886 5687/19/6147 5689/19/7132
f 5689/19/7132 5463/19/5885 5512/19/5886
f 5463/19/5885 5689/19/7132 5634/19/6203
f 5514/19/7133 5634/19/6203 5636/19/6102
f 5641/19/6070 5695/19/6069 5692/19/6153 5638/19/6101
f 5742/19/6241 5793/19/6028 5570/19/6029 5427/19/7124
f 5639/19/6067 5693/19/6104 5696/19/6066
f 5698/19/6020 5599/19/5977 5696/19/6066
f 5644/19/6027 5641/19/6070 5559/19/5929
f 5698/19/6020 5647/19/6026 5602/19/6021
f 5607/19/6154 5701/19/6072 5568/19/5841
f 5521/19/5934 5702/19/6157 5569/19/5898
f 5424/19/5798 5739/19/6107 5703/19/5799
f 5256/19/5645 5793/19/6028 5361/19/5732
f 5873/19/6075 5474/19/5733 5522/19/5842 5794/19/6074
f 5719/19/7134 5624/19/5995 5490/19/5864 5718/19/6223
f 5648/19/6076 5743/19/6159 5428/19/6077
f 5704/19/6079 5429/19/5843 5609/19/5803
f 5705/19/6110 5432/19/5804 5571/19/5939
f 5837/19/6299 5572/19/5943 5877/19/6030
f 5746/19/6207 5526/19/5847 5572/19/5943
f 5652/19/6032 5526/19/5847 5746/19/6207
f 5654/19/6033 5575/19/6035 5707/19/6248
f 5656/19/5946 5749/19/6167 5576/19/5849
f 5617/19/6044 5797/19/6166 5656/19/5946
f 5662/19/5956 5751/19/6115 5659/19/5951
f 5660/19/6040 5843/19/6308 5663/19/6042
f 5372/19/5988 5754/19/6041 5712/19/6172
f 5621/19/6046 5663/19/6042 5665/19/6176
f 5534/19/5860 5712/19/6172 5713/19/6048
f 5583/19/5958 5713/19/6048 5762/19/6083
f 5671/19/6129 5668/19/6126 5715/19/6125
f 5718/19/6223 5490/19/5864 5716/19/6084
f 5720/19/6131 5591/19/5997 5625/19/5996 5722/19/6088
f 5720/19/6131 5588/19/6133 5591/19/5997
f 5624/19/5995 5719/19/7134 5677/19/7131
f 5783/19/6199 5688/19/5975 5633/19/6011 5735/19/6065
f 5626/19/5962 5723/19/6086 5590/19/5998
f 5592/19/5964 5722/19/6088 5625/19/5996
f 5724/19/6135 5593/19/5963 5677/19/7131
f 5723/19/6086 5626/19/5962 5725/19/6056
f 5537/19/5912 5726/19/6138 5592/19/5964
f 5818/19/6089 5593/19/5963 5769/19/6136
f 5539/19/5911 5726/19/6138 5537/19/5912
f 5774/19/6093 5630/19/6002 5727/19/6057
f 5678/19/6059 5771/19/6058 5540/19/5914
f 5728/19/6090 5629/19/6001 5679/19/6095
f 5681/19/6006 5678/19/6059 5596/19/5918
f 5594/19/5965 5774/19/6093 5729/19/6094
f 5503/19/5877 5680/19/6005 5823/19/6190
f 5778/19/6096 5550/19/6063 5729/19/6094
f 5734/19/6141 5731/19/6007 5551/19/5920
f 5684/19/5973 5683/19/6097 5733/19/6142
f 5688/19/5975 5734/19/6141 5551/19/5920
f 5736/19/6100 5638/19/6101 5692/19/6153 5738/19/6152
f 5552/19/5923 5784/19/6150 5554/19/5887
f 5782/19/6149 5553/19/5925 5598/19/5926
f 5736/19/6100 5598/19/5926 5555/19/5888
f 5747/19/6360 5527/19/5903 5576/19/5849 5749/19/6167
f 5695/19/6069 5693/19/6104 5692/19/6153
f 5699/19/6019 5697/19/6017 5694/19/6068
f 5698/19/6020 5696/19/6066 5700/19/6071
f 5700/19/6071 5695/19/6069 5644/19/6027
f 5646/19/6018 5645/19/6023 5699/19/6019
f 5740/19/6156 5521/19/5934 5361/19/5732
f 5703/19/5799 5790/19/6158 5791/19/6073
f 5743/19/6159 5795/19/6078 5428/19/6077
f 5523/19/5802 5650/19/5935 5832/19/6161
f 5610/19/6109 5704/19/6079 5609/19/5803
f 5613/19/5984 5796/19/6163 5612/19/5902
f 5746/19/6207 5572/19/5943 5837/19/6299
f 5615/19/5985 5527/19/5903 5747/19/6360
f 5528/19/6034 5654/19/6033 5748/19/6210
f 5435/19/5850 5528/19/6034 5748/19/6210 5655/19/6036
f 5717/19/6051 5588/19/6133 5766/19/6132 5810/19/6180
f 5708/19/6038 5750/19/6250 5618/19/5987
f 5480/19/5855 5934/19/6364 5708/19/6038
f 5935/19/6169 5481/19/5857 5709/19/5856
f 5709/19/5856 5658/19/6039 5935/19/6169
f 5797/19/6166 5617/19/6044 5882/19/6118
f 5618/19/5987 5750/19/6250 5661/19/5989
f 5619/19/5948 5937/19/6362 5480/19/5855
f 5751/19/6115 5662/19/5956 5755/19/6215
f 5667/19/5990 5758/19/6122 5714/19/6047
f 5757/19/6177 5668/19/6126 5665/19/6176
f 5713/19/6048 5807/19/6178 5762/19/6083
f 5668/19/6126 5757/19/6177 5761/19/6127
f 5670/19/6050 5759/19/6123 5623/19/5993
f 5717/19/6051 5760/19/6121 5669/19/6049
f 5763/19/6128 5670/19/6050 5764/19/6265
f 5666/19/6124 5806/19/6258 5889/19/6219 5620/19/6045
f 5677/19/7131 5719/19/7134 5812/19/7135
f 5720/19/6131 5722/19/6088 5767/19/6185
f 5677/19/7131 5812/19/7135 5724/19/6135
f 5767/19/6185 5722/19/6088 5768/19/6087
f 5676/19/6054 5721/19/6085 5815/19/6134
f 5818/19/6089 5772/19/6091 5538/19/5913
f 5771/19/6058 5678/19/6059 5773/19/6233
f 5681/19/6006 5773/19/6233 5678/19/6059
f 5679/19/6095 5819/19/6140 5728/19/6090
f 5730/19/6061 5824/19/6231 5681/19/6006
f 5776/19/6139 5679/19/6095 5731/19/6007
f 5553/19/5925 5782/19/6149 5685/19/6009
f 5689/19/7132 5687/19/6147 5785/19/6198
f 5554/19/5887 5784/19/6150 5786/19/6012
f 5785/19/6198 5634/19/6203 5689/19/7132
f 5737/19/6105 5787/19/6290 5691/19/6106
f 5737/19/6099 5786/19/6012 5830/19/6237
f 5569/19/5898 5789/19/6204 5607/19/7130
f 5741/19/6205 5361/19/5732 5793/19/6028
f 5475/19/5844 5705/19/6110 5744/19/6081
f 5615/19/5985 5930/19/6247 5614/19/5945
f 5880/19/6358 5707/19/6248 5575/19/6035
f 5577/19/5953 5616/19/7129 5841/19/6116
f 5799/19/6171 5658/19/6039 5751/19/6115
f 5801/19/6173 5754/19/6041 5661/19/5989
f 5755/19/6215 5800/19/6170 5751/19/6115
f 5843/19/6308 5802/19/6314 5663/19/6042
f 5756/19/6120 5755/19/6215 5662/19/5956
f 5889/19/6219 5711/19/6082 5620/19/6045
f 5804/19/6179 5756/19/6120 5714/19/6047
f 5934/19/6364 5933/19/6252 5750/19/6250 5708/19/6038
f 5759/19/6123 5806/19/6258 5666/19/6124
f 5758/19/6122 5760/19/6121 5848/19/6222
f 5807/19/6178 5847/19/6220 5762/19/6083
f 5762/19/6083 5847/19/6220 5808/19/7136
f 5808/19/7136 5716/19/6084 5762/19/6083
f 5716/19/6084 5808/19/7136 5809/19/6224
f 5715/19/6125 5853/19/6181 5671/19/6129
f 5716/19/6084 5809/19/6224 5718/19/6223
f 5811/19/6182 5764/19/6265 5670/19/6050
f 5674/19/6052 5857/19/7137 5811/19/6182
f 5765/19/6130 5859/19/6229 5721/19/6085
f 5857/19/7137 5674/19/6052 5675/19/6053
f 5719/19/7134 5718/19/6223 5812/19/7135
f 5766/19/6132 5720/19/6131 5767/19/6185
f 5857/19/7137 5675/19/6053 5814/19/6183
f 5813/19/6186 5724/19/6135 5812/19/7135
f 5721/19/6085 5859/19/6229 5815/19/6134
f 5814/19/6183 5723/19/6086 5817/19/6188
f 5770/19/6137 5863/19/6279 5727/19/6057
f 5727/19/6057 5863/19/6279 5822/19/6189
f 5819/19/6140 5725/19/6056 5728/19/6090
f 5773/19/6233 5821/19/6232 5771/19/6058
f 5820/19/6230 5775/19/6092 5772/19/6091
f 5681/19/6006 5824/19/6231 5773/19/6233
f 5774/19/6093 5822/19/6189 5729/19/6094
f 5729/19/6094 5825/19/6191 5778/19/6096
f 5780/19/6145 5867/19/6194 5732/19/6098
f 5686/19/6146 5828/19/6195 5784/19/6150
f 5783/19/6199 5978/19/6196 5688/19/5975
f 5831/19/6202 5636/19/6102 5634/19/6203
f 5981/19/6288 5787/19/6290 5737/19/6105
f 5830/19/6237 5981/19/6288 5737/19/6099
f 5790/19/6158 5872/19/6240 5791/19/6073
f 5926/19/6293 5742/19/6241 5608/19/6160
f 5608/19/6160 5832/19/6161 5926/19/6293
f 5875/19/6243 5650/19/5935 5704/19/6079
f 5649/19/5937 5874/19/6296 5571/19/5939
f 6032/19/6422 5705/19/6110 5571/19/5939
f 5835/19/6111 5651/19/5942 5744/19/6081
f 5834/19/6162 5611/19/5845 5745/19/6114
f 5525/19/5900 5835/19/6111 6069/19/6206
f 5838/19/6165 5653/19/6164 5652/19/6032
f 5575/19/6035 5838/19/6165 5880/19/6358
f 5747/19/6360 5879/19/6246 5615/19/5985
f 5749/19/6167 6040/19/6359 5747/19/6360
f 5840/19/6212 5657/19/6037 5655/19/6036
f 5840/19/6212 5616/19/7129 5657/19/6037
f 5616/19/7129 5840/19/6212 5841/19/6116
f 5905/19/6330 5813/19/6186 5812/19/7135 5718/19/6223
f 5937/19/6362 5934/19/6364 5480/19/5855
f 5842/19/6305 5801/19/6173 5661/19/5989
f 5755/19/6215 5883/19/6254 5800/19/6170
f 5844/19/6253 5753/19/6117 5711/19/6082
f 5802/19/6314 5886/19/6216 5663/19/6042
f 5848/19/6222 5804/19/6179 5758/19/6122
f 5849/19/6257 5759/19/6123 5852/19/6267
f 5761/19/6127 5851/19/6259 5853/19/6181
f 5763/19/6128 5852/19/6267 5759/19/6123
f 5852/19/6267 5763/19/6128 5764/19/6265
f 5905/19/6330 5718/19/6223 5903/19/6225
f 5856/19/6228 5766/19/6132 5767/19/6185 5858/19/6184
f 5808/19/7136 5894/19/6323 5896/19/6271 5809/19/6224
f 5964/19/6338 5817/19/6188 5862/19/6283
f 5726/19/6138 5771/19/6058 5821/19/6232
f 5817/19/6188 5819/19/6140 5864/19/6236
f 5775/19/6092 5820/19/6230 5823/19/6190
f 5776/19/6139 5864/19/6236 5819/19/6140
f 5865/19/6192 5824/19/6231 5730/19/6061
f 5868/19/6193 5777/19/5971 5914/19/6234
f 5866/19/6235 5776/19/6139 5734/19/6141
f 5825/19/6191 5869/19/6285 5826/19/6144
f 5919/19/6347 5829/19/6200 5784/19/6150
f 5871/19/6239 5740/19/6156 5741/19/6205
f 5927/19/7138 5926/19/6293 5832/19/6161
f 5984/19/6244 5832/19/6161 5650/19/5935
f 5795/19/6078 5874/19/6296 5649/19/5937
f 5874/19/6296 6032/19/6422 5571/19/5939
f 5876/19/6423 5705/19/6110 6032/19/6422
f 6099/19/6354 5745/19/6114 5612/19/5902
f 6099/19/6354 5612/19/5902 5796/19/6163
f 6038/19/6245 5796/19/6163 5574/19/6031
f 5579/19/5950 5752/19/6119 6050/19/6312
f 5841/19/6116 5843/19/6308 5660/19/6040
f 5801/19/6173 5842/19/6305 5884/19/6255
f 5578/19/5949 5999/19/6371 5619/19/5948
f 5579/19/5950 5943/19/6313 5578/19/5949
f 5844/19/6253 5711/19/6082 5946/19/6218
f 5887/19/6319 5846/19/6214 5804/19/6179
f 5803/19/6174 5888/19/6256 5847/19/6220
f 5887/19/6319 5804/19/6179 5848/19/6222
f 5847/19/6220 5888/19/6256 5890/19/6321
f 5887/19/6319 5848/19/6222 5891/19/6262
f 5761/19/6127 5757/19/6177 5851/19/6259
f 5847/19/6220 5890/19/6321 5808/19/7136
f 5892/19/6261 5848/19/6222 5850/19/6221
f 5951/19/7139 5849/19/6257 5852/19/6267
f 5890/19/6321 5894/19/6323 5808/19/7136
f 5855/19/6227 5853/19/6181 5900/19/6269 5958/19/6329
f 5953/19/6379 5852/19/6267 5955/19/6268
f 5952/19/6264 5810/19/6180 5898/19/6274
f 5899/19/6380 5952/19/6264 5898/19/6274
f 5853/19/6181 5893/19/6263 5900/19/6269
f 5809/19/6224 5896/19/6271 5901/19/6273
f 5897/19/6266 5764/19/6265 5904/19/6325
f 5764/19/6265 5811/19/6182 5904/19/6325
f 5857/19/7137 5906/19/6382 5904/19/6325 5811/19/6182
f 5814/19/6183 5817/19/6188 5964/19/6338 5860/19/6384
f 5906/19/6382 5857/19/7137 5814/19/6183
f 5813/19/6186 5905/19/6330 5907/19/6277
f 5859/19/6229 6008/19/6276 5815/19/6134
f 5860/19/6384 5906/19/6382 5814/19/6183
f 5861/19/6275 5967/19/6280 5815/19/6134
f 5816/19/6187 5726/19/6138 5910/19/7140 5908/19/6278
f 5769/19/6136 5907/19/6277 5909/19/6334
f 5815/19/6134 5967/19/6280 5770/19/6137
f 5911/19/6282 5818/19/6089 5769/19/6136 5909/19/6334
f 5899/19/6380 5957/19/6381 5958/19/6329 5900/19/6269
f 5770/19/6137 5967/19/6280 5863/19/6279
f 5910/19/7140 5726/19/6138 5821/19/6232
f 5914/19/6234 5823/19/6190 5820/19/6230
f 5821/19/6232 5824/19/6231 5865/19/6192
f 5915/19/6342 5825/19/6191 5822/19/6189
f 6022/19/6346 5825/19/6191 5915/19/6342
f 5917/19/6286 5867/19/6194 5780/19/6145
f 5977/19/6403 5866/19/6235 5827/19/6148
f 5779/19/6143 5916/19/6284 5828/19/6195
f 5917/19/6286 5780/19/6145 5782/19/6149
f 5784/19/6150 5828/19/6195 5919/19/6347
f 5785/19/6198 5918/19/6197 5831/19/6202
f 5829/19/6200 5919/19/6347 5981/19/6288
f 5787/19/6151 5921/19/6287 5783/19/6199
f 5870/19/6238 5738/19/6152 5788/19/6103
f 5788/19/6103 5922/19/6410 5870/19/6238
f 5788/19/6103 5831/19/6202 5922/19/6410
f 5982/19/6415 5702/19/6157 5871/19/6239
f 5793/19/6028 5925/19/6242 5741/19/6205
f 5873/19/6075 6095/19/6479 5743/19/6159
f 5928/19/6503 5927/19/7138 5832/19/6161
f 5929/19/6295 5795/19/6078 5743/19/6159
f 5610/19/6109 6033/19/6352 5704/19/6079
f 5833/19/6080 6068/19/6351 5610/19/6109
f 5744/19/6081 6035/19/6491 5835/19/6111
f 5745/19/6114 6036/19/7141 5834/19/6162
f 5476/19/6113 5836/19/6112 6082/19/6297
f 5939/19/6310 5932/19/6304 5882/19/6118
f 5939/19/6310 5882/19/6118 5844/19/6253
f 5940/19/6368 5942/19/6311 5842/19/6305
f 5884/19/6255 5942/19/6311 6000/19/6317
f 5844/19/6253 5946/19/6218 5885/19/6309
f 5945/19/6316 5887/19/6319 5949/19/6377
f 5845/19/6213 5947/19/6318 5888/19/6256
f 5888/19/6256 5947/19/6318 5890/19/6321
f 5950/19/6260 5757/19/6177 5805/19/6175
f 6005/19/7142 5889/19/6219 5951/19/7139
f 5951/19/7139 5889/19/6219 5849/19/6257
f 5952/19/6264 5954/19/6324 6006/19/6378
f 5893/19/6263 5851/19/6259 5950/19/6260
f 5952/19/6264 5892/19/6261 5850/19/6221
f 5953/19/6379 5951/19/7139 5852/19/6267
f 5955/19/6268 5894/19/6323 5953/19/6379
f 5895/19/6270 5952/19/6264 5899/19/6380
f 5902/19/6272 5896/19/6271 5955/19/6268
f 5900/19/6269 5895/19/6270 5899/19/6380
f 5897/19/6266 5902/19/6272 5955/19/6268
f 5961/19/6331 5905/19/6330 5903/19/6225 5901/19/6273
f 5854/19/6226 5856/19/6228 5962/19/6333 5960/19/6328
f 5910/19/7140 5821/19/6232 5971/19/6343 5970/19/6393
f 5859/19/6229 5958/19/6329 6008/19/6276
f 5966/19/6385 5908/19/6278 5910/19/7140
f 5909/19/6334 5965/19/6335 5911/19/6282
f 5910/19/7140 5970/19/6393 5966/19/6385
f 5923/19/6414 5789/19/6204 5702/19/6157 5982/19/6415
f 5862/19/6283 5864/19/6236 5913/19/6395
f 5972/19/6340 5820/19/6230 6017/19/6339
f 5822/19/6189 5912/19/6281 5973/19/6341
f 5913/19/6395 5864/19/6236 5974/19/6344
f 5975/19/6345 5914/19/6234 5972/19/6340
f 5976/19/6399 5865/19/6192 5867/19/6194
f 5978/19/6196 5977/19/6403 5827/19/6148
f 5917/19/6286 5920/19/6201 6024/19/6405
f 6047/19/6369 5996/19/6315 5992/19/6365 6045/19/6431
f 5739/19/6107 5923/19/6291 5924/19/6413
f 5925/19/6242 6064/19/6420 5741/19/6205
f 5871/19/6239 5741/19/6205 6064/19/6420
f 5983/19/6349 5792/19/6108 5791/19/6073
f 5926/19/6293 5927/19/7138 6130/19/6553
f 5928/19/6503 5832/19/6161 5984/19/6244
f 6033/19/6352 5875/19/6243 5704/19/6079
f 5985/19/6300 5837/19/6299 6100/19/6298
f 5930/19/6247 6114/19/6356 5614/19/5945
f 5931/19/6249 6042/19/6460 5749/19/6167
f 5988/19/6361 5989/19/6302 5841/19/6116
f 5938/19/6306 5936/19/6301 5799/19/6171
f 5881/19/6251 5940/19/6368 5842/19/6305
f 6046/19/7143 5939/19/6310 5993/19/7144
f 5997/19/7145 5994/19/6367 6046/19/7143 5993/19/7144
f 5920/19/6201 6026/19/7146 6060/19/6454 6024/19/6405
f 5937/19/6362 5619/19/5948 6049/19/6372
f 5993/19/7144 5939/19/6310 5885/19/6309
f 5997/19/7145 5942/19/6311 5994/19/6367
f 5995/19/6370 5941/19/6307 5883/19/6254
f 6000/19/6317 5942/19/6311 5997/19/7145
f 6001/19/6374 5995/19/6370 5945/19/6316
f 5998/19/6320 5995/19/6370 6001/19/6374
f 5885/19/6309 5997/19/7145 5993/19/7144
f 6000/19/6317 5997/19/7145 6004/19/6376
f 5948/19/6217 5998/19/6320 6003/19/6375
f 6002/19/6373 5945/19/6316 5949/19/6377
f 5997/19/7145 5885/19/6309 6005/19/7142
f 6000/19/6317 6004/19/6376 5947/19/6318
f 5885/19/6309 5946/19/6218 6005/19/7142
f 5891/19/6262 5949/19/6377 5887/19/6319
f 5948/19/6217 6003/19/6375 5950/19/6260
f 6005/19/7142 5946/19/6218 5889/19/6219
f 6006/19/6378 5949/19/6377 5892/19/6261
f 6004/19/6376 6005/19/7142 5951/19/7139
f 5950/19/6260 6002/19/6373 6006/19/6378
f 6006/19/6378 5892/19/6261 5952/19/6264
f 5953/19/6379 6007/19/6322 5951/19/7139
f 5893/19/6263 6006/19/6378 5954/19/6324
f 5957/19/6381 5899/19/6380 5960/19/6328
f 5906/19/6382 5956/19/6326 5904/19/6325
f 6008/19/6276 5957/19/6381 6010/19/6386
f 5963/19/6332 5959/19/6327 6011/19/6387
f 5960/19/6328 5962/19/6333 6010/19/6386
f 5966/19/6385 5962/19/6333 5908/19/6278
f 5965/19/6335 6011/19/6387 6009/19/6383
f 5965/19/6335 5909/19/6334 6011/19/6387
f 5861/19/6275 6010/19/6386 6012/19/6390
f 5861/19/6275 6012/19/6390 5967/19/6280
f 6013/19/6389 5964/19/6338 5969/19/6337
f 6014/19/6391 5912/19/6281 6012/19/6390
f 6014/19/6391 5966/19/6385 5970/19/6393
f 6013/19/6389 5969/19/6337 6016/19/6394
f 6016/19/6394 5968/19/6336 6013/19/6389
f 5969/19/6337 5862/19/6283 5913/19/6395
f 6015/19/6392 5973/19/6341 6014/19/6391
f 5912/19/6281 6014/19/6391 5973/19/6341
f 6023/19/6406 5976/19/6399 5867/19/6194
f 5975/19/6345 6058/19/6401 5868/19/6193
f 6021/19/6400 5866/19/6235 5977/19/6403
f 6023/19/6406 5867/19/6194 5917/19/6286
f 5828/19/6195 5916/19/6284 6061/19/6438
f 5828/19/6195 6061/19/6438 5979/19/6348
f 6044/19/6430 6086/19/6474 6045/19/6431 5992/19/6365
f 5831/19/6202 5918/19/6197 6062/19/6411
f 6026/19/7146 5920/19/6201 5870/19/6238
f 5981/19/6288 6027/19/6409 5921/19/6289
f 5870/19/6238 5922/19/6410 6026/19/7146
f 6029/19/6417 5982/19/6415 5871/19/6239
f 6095/19/6479 6096/19/6294 5743/19/6159
f 6109/19/6558 5984/19/6244 5875/19/6243
f 6035/19/6491 5744/19/6081 6110/19/6353
f 6036/19/7141 5745/19/6114 6037/19/6355
f 5652/19/6032 5986/19/6208 5987/19/6357
f 5880/19/6358 5987/19/6357 6124/19/6427
f 6041/19/6470 5839/19/6211 5748/19/6210
f 5749/19/6167 6042/19/6460 6040/19/6359
f 5932/19/6304 6043/19/6461 5931/19/6249
f 6073/19/6445 6072/19/6429 5939/19/6310
f 5944/19/6303 5989/19/6302 6044/19/6430
f 5939/19/6310 6046/19/7143 6073/19/6445
f 5881/19/6251 5990/19/7147 5940/19/6368
f 5934/19/6364 6075/19/6447 5933/19/6252
f 6089/19/6432 5936/19/6301 5941/19/6307
f 5994/19/6367 5940/19/6368 6046/19/7143
f 5991/19/6363 6075/19/6447 5934/19/6364
f 6047/19/6369 6089/19/6432 5941/19/6307
f 5935/19/6169 6048/19/6570 5752/19/6119
f 6049/19/6372 6218/19/6366 5937/19/6362
f 6005/19/7142 6004/19/6376 5997/19/7145
f 6002/19/6373 5949/19/6377 6006/19/6378
f 5951/19/7139 6007/19/6322 6004/19/6376
f 5959/19/6327 5956/19/6326 6009/19/6383
f 6015/19/6392 5970/19/6393 6018/19/6396
f 6051/19/6436 6016/19/6394 5913/19/6395
f 6052/19/6433 6015/19/6392 6053/19/6434
f 6051/19/6436 5913/19/6395 5974/19/6344
f 6019/19/6397 6056/19/6451 6022/19/6346
f 6022/19/6346 6056/19/6451 6059/19/6404
f 6060/19/6454 6023/19/6406 6024/19/6405
f 5980/19/6408 6057/19/6402 5978/19/6196
f 6059/19/6404 6062/19/6411 5918/19/6197
f 6025/19/6407 5979/19/6348 6061/19/6438
f 6062/19/6411 6060/19/6454 6026/19/7146
f 6062/19/6411 6026/19/7146 5922/19/6410
f 5925/19/6242 6065/19/6513 6064/19/6420
f 5925/19/6242 6066/19/6514 6065/19/6513
f 5925/19/6242 5926/19/6293 6066/19/6514
f 6109/19/6558 5875/19/6243 6067/19/6440
f 5835/19/6111 6035/19/6491 6069/19/6206
f 5707/19/6248 5880/19/6358 6071/19/6444
f 5748/19/6210 6071/19/6444 6041/19/6470
f 6042/19/6460 6070/19/6443 6040/19/6359
f 6043/19/6461 5932/19/6304 6072/19/6429
f 6090/19/7148 5990/19/7147 5881/19/6251 6074/19/6448
f 6046/19/7143 5990/19/7147 6073/19/6445
f 6028/19/6412 6063/19/6439 6080/19/6476 6081/19/7149
f 5933/19/6252 6074/19/6448 5881/19/6251
f 5936/19/6301 6089/19/6432 6092/19/6465
f 5940/19/6368 5990/19/7147 6046/19/7143
f 5935/19/6169 5798/19/6168 6091/19/6486
f 6054/19/6435 6016/19/6394 6051/19/6436
f 6052/19/6433 6053/19/6434 6055/19/6437
f 6077/19/6450 6020/19/6398 6016/19/6394
f 6078/19/6452 6077/19/6450 6054/19/6435
f 6061/19/6438 6058/19/6401 6077/19/6450
f 6078/19/6452 6061/19/6438 6077/19/6450
f 6079/19/6453 6055/19/6437 6023/19/6406
f 6059/19/6404 6056/19/6451 6079/19/6453
f 6079/19/6453 6023/19/6406 6060/19/6454
f 5980/19/6408 6078/19/6452 6057/19/6402
f 6025/19/6407 6061/19/6438 6078/19/6452
f 6116/19/6497 6043/19/6461 6072/19/6429 6085/19/6446
f 6081/19/7150 6030/19/6419 6028/19/6418
f 5983/19/6349 6031/19/6350 5792/19/6108
f 5834/19/6162 6036/19/7141 6034/19/6424
f 6137/19/6428 6071/19/6444 5880/19/6358
f 6042/19/6460 6125/19/6495 6070/19/6443
f 6043/19/6461 6116/19/6497 6084/19/6459
f 6104/19/6472 6044/19/6430 5989/19/6302
f 6045/19/6431 6086/19/6474 6105/19/6464
f 6088/19/6462 6073/19/6445 5990/19/7147
f 6076/19/6449 6091/19/6486 5798/19/6168
f 5752/19/6119 6048/19/6570 6050/19/6312
f 6029/19/6417 6107/19/6477 6080/19/6455
f 6081/19/7149 6080/19/6476 6093/19/6466
f 6093/19/6466 6030/19/6419 6081/19/7150
f 6064/19/6420 6107/19/6477 6029/19/6417
f 6094/19/6467 5983/19/6349 6030/19/6419
f 5928/19/6503 6130/19/6553 5927/19/7138
f 6110/19/6353 6148/19/6492 6035/19/6491
f 6069/19/6206 6035/19/6491 6120/19/6490
f 6036/19/7141 6037/19/6355 6098/19/6468
f 6135/19/6458 6101/19/6425 6038/19/6245
f 5986/19/6208 6123/19/6457 6113/19/6469
f 5930/19/6247 6102/19/6442 6039/19/6426
f 6125/19/6495 6042/19/6460 6084/19/6459
f 5839/19/6211 6103/19/6471 6104/19/6472
f 6112/19/6494 6100/19/6298 6082/19/6297 6111/19/6482
f 6044/19/6430 6104/19/6472 6086/19/6474
f 5988/19/6361 6104/19/6472 5989/19/6302
f 6087/19/6463 6085/19/6446 6073/19/6445
f 6089/19/6432 6105/19/6464 6106/19/6475
f 6088/19/6462 5990/19/7147 6090/19/7148
f 6065/19/6513 6108/19/6487 6064/19/6420
f 6138/19/6498 6103/19/6471 6115/19/6483 6151/19/7151
f 6100/19/6298 6112/19/6494 5985/19/6300
f 6041/19/6470 6071/19/6444 6115/19/6483
f 6117/19/6484 6140/19/6496 6085/19/6446
f 6106/19/6475 6118/19/6485 6092/19/6465
f 6126/19/6499 6074/19/6448 6075/19/6447
f 6092/19/6465 6118/19/6485 6076/19/6449
f 6091/19/6486 6048/19/6570 5935/19/6169
f 6107/19/6477 6145/19/6500 6093/19/6466
f 6145/19/6500 6094/19/6467 6093/19/6466
f 5926/19/6293 6129/19/6515 6066/19/6514
f 6095/19/6479 6242/19/6480 6096/19/6294
f 5984/19/6244 6109/19/6558 6119/19/6533
f 6121/19/6521 6034/19/6424 6036/19/7141
f 6111/19/6482 6069/19/6206 6120/19/6490
f 6121/19/6521 6036/19/7141 6098/19/6468
f 6102/19/6442 6136/19/6507 6039/19/6426
f 6104/19/6472 6103/19/6471 6138/19/6498
f 6126/19/6499 6088/19/6462 6090/19/7148
f 6126/19/6499 6090/19/7148 6074/19/6448
f 6118/19/6485 6127/19/6511 6091/19/6486
f 5991/19/6363 6126/19/6499 6075/19/6447
f 6154/19/6501 6031/19/6350 5983/19/6349
f 6130/19/6553 6129/19/6515 5926/19/6293
f 6242/19/6480 6183/19/6518 5929/19/6295
f 6133/19/6481 6132/19/6489 6068/19/6351
f 5987/19/6357 6113/19/6469 6124/19/6427
f 6071/19/6444 6137/19/6428 6115/19/6483
f 6138/19/6498 6142/19/6546 6141/19/6473
f 6143/19/7152 6117/19/6484 6087/19/6463
f 6141/19/6473 6144/19/6510 6106/19/6475
f 6143/19/7152 6087/19/6463 6126/19/6499
f 6106/19/6475 6144/19/6510 6118/19/6485
f 6146/19/6577 6094/19/6467 6145/19/6500
f 5929/19/6295 6211/19/6517 6131/19/6456
f 6155/19/6534 6109/19/6558 6067/19/6440
f 6199/19/6535 6147/19/6536 5876/19/6423
f 6110/19/6353 5876/19/6423 6147/19/6536
f 6134/19/6506 6034/19/6424 6121/19/6521
f 6112/19/6494 6111/19/6482 6149/19/6538
f 6083/19/6441 6187/19/6540 6135/19/6458
f 6175/19/6541 6113/19/6469 6123/19/6457
f 6113/19/6469 6164/19/6542 6124/19/6427
f 6136/19/6507 6163/19/7153 6114/19/6356
f 6139/19/6509 6152/19/7154 6177/19/6555 6150/19/6508
f 6152/19/7154 6139/19/6509 6140/19/6496
f 6142/19/6546 6168/19/6548 6141/19/6473
f 6117/19/6484 6152/19/7154 6140/19/6496
f 6152/19/7154 6117/19/6484 6143/19/7152
f 6141/19/6473 6168/19/6548 6144/19/6510
f 6126/19/6499 6195/19/6527 6143/19/7152
f 5999/19/6371 6169/19/6552 6049/19/6372
f 6179/19/6551 5943/19/6313 6050/19/6312
f 6094/19/6467 6146/19/6577 6154/19/6501
f 6130/19/6553 5928/19/6503 6182/19/6557
f 6097/19/6421 6199/19/6535 5876/19/6423
f 6148/19/6492 6158/19/6537 6120/19/6490
f 6160/19/6539 6135/19/6458 6187/19/6540
f 6123/19/6457 6161/19/6523 6175/19/6541
f 6163/19/7153 6162/19/6524 6114/19/6356
f 6163/19/7153 6136/19/6507 6190/19/6545
f 6124/19/6427 6164/19/6542 6165/19/6543
f 6136/19/6507 6102/19/6442 6190/19/6545
f 6167/19/6525 6151/19/7151 6115/19/6483
f 6176/19/6547 6142/19/6546 6138/19/6498 6151/19/7151
f 6192/19/6582 6166/19/6544 6177/19/6555 6194/19/6569
f 6195/19/6527 6152/19/7154 6143/19/7152
f 6168/19/6548 6153/19/6526 6144/19/6510
f 6180/19/6512 6198/19/6595 6128/19/6488
f 6128/19/6488 6198/19/6595 6171/19/6532
f 6171/19/6532 6146/19/6577 6145/19/6500
f 5928/19/6503 6184/19/6502 6182/19/6557
f 6174/19/6520 6134/19/6506 6121/19/6521
f 6167/19/6525 6176/19/6547 6151/19/7151
f 6178/19/6568 6177/19/6555 6152/19/7154
f 6195/19/6527 6178/19/6568 6152/19/7154
f 6091/19/6486 6153/19/6526 6048/19/6570
f 6129/19/6515 6173/19/6554 6220/19/6556
f 6211/19/6517 6232/19/6612 6131/19/6456
f 6175/19/6541 6189/19/6564 6164/19/6542
f 6162/19/6524 6163/19/7153 6204/19/6563
f 6164/19/6542 6189/19/6564 6191/19/6565
f 6192/19/6582 6190/19/6545 6166/19/6544
f 6165/19/6543 6191/19/6565 6167/19/6525
f 6193/19/6566 6167/19/6525 6191/19/6565
f 6193/19/6566 6176/19/6547 6167/19/6525
f 6213/19/6579 6174/19/6520 6159/19/6522 6215/19/6587
f 6169/19/6552 6196/19/6550 6049/19/6372
f 6180/19/6512 6065/19/6513 6220/19/6556
f 6154/19/6501 6181/19/6516 6172/19/6478
f 6149/19/6538 6202/19/6574 6203/19/6575
f 6205/19/6591 6204/19/6563 6163/19/7153
f 6205/19/6591 6163/19/7153 6190/19/6545
f 6193/19/6566 6191/19/6565 6206/19/7155
f 6207/19/6592 6192/19/6582 6194/19/6569
f 6168/19/6548 6209/19/6605 6153/19/6526
f 6201/19/6573 6132/19/6489 6133/19/6481
f 6311/19/6664 6310/19/6673 6350/19/6714 6351/19/6740
f 6189/19/6564 6188/19/6562 6247/19/6617
f 6191/19/6565 6189/19/6564 6247/19/6617
f 6257/19/6583 6205/19/6591 6190/19/6545
f 6195/19/6527 6230/19/6604 6178/19/6568
f 6249/19/6627 6195/19/6527 6223/19/6549
f 6196/19/6550 6223/19/6549 6218/19/6366
f 6198/19/6595 6226/19/6597 6171/19/6532
f 6219/19/6598 6210/19/6578 6146/19/6577
f 6155/19/6534 6233/19/6559 6109/19/6558
f 6156/19/6504 6132/19/6489 6235/19/6614
f 6185/19/6560 6200/19/6572 6265/19/6600
f 6214/19/6580 6185/19/6560 6245/19/6601
f 6203/19/6575 6202/19/6574 6221/19/6589
f 6216/19/6581 6268/19/6586 6159/19/6522
f 6246/19/6576 6222/19/6645 6216/19/6581
f 6204/19/6563 6205/19/6591 6276/19/6590
f 6210/19/6578 6181/19/6516 6154/19/6501
f 6227/19/6599 6184/19/6502 6119/19/6533
f 6276/19/6590 6229/19/6603 6204/19/6563
f 6247/19/6617 6248/19/6647 6191/19/6565
f 6206/19/7155 6191/19/6565 6248/19/6647
f 6250/19/6649 6231/19/6584 6048/19/6570
f 6232/19/6612 6251/19/6629 6131/19/6456
f 6131/19/6456 6251/19/6629 6212/19/6519
f 6236/19/6609 6186/19/6561 6213/19/6579
f 6249/19/6627 6230/19/6604 6195/19/6527
f 6238/19/6671 6048/19/6570 6153/19/6526
f 6170/19/6531 6280/19/6621 6169/19/6552
f 6224/19/6594 6225/19/6596 6198/19/6595
f 6226/19/6597 6219/19/6598 6171/19/6532
f 6220/19/6556 6239/19/6610 6180/19/6512
f 6210/19/6578 6241/19/6606 6181/19/6516
f 6227/19/6599 6173/19/6554 6182/19/6557
f 6119/19/6533 6233/19/6559 6227/19/6599
f 6212/19/6519 6253/19/6625 6199/19/6535
f 6156/19/6504 6235/19/6614 6243/19/6613
f 6199/19/6535 6253/19/6625 6147/19/6536
f 6244/19/6615 6147/19/6536 6253/19/6625
f 6255/19/6633 6213/19/6579 6215/19/6587
f 6153/19/6526 6237/19/6620 6238/19/6671
f 6170/19/6531 6179/19/6551 6291/19/6622
f 6243/19/6613 6234/19/6607 6155/19/6534
f 6263/19/6630 6252/19/6624 6212/19/6519
f 6257/19/6583 6207/19/6592 6285/19/6670
f 6206/19/7155 6286/19/6619 6193/19/6566
f 6286/19/6619 6259/19/6636 6208/19/6567
f 6048/19/6570 6238/19/6671 6250/19/6649
f 6241/19/6606 6262/19/6628 6242/19/6480
f 6235/19/6614 6201/19/6573 6264/19/6666
f 6273/19/6668 6201/19/6573 6254/19/6608
f 6267/19/6659 6214/19/6580 6245/19/6601
f 6228/19/6602 6214/19/6580 6267/19/6659
f 6275/19/6634 6215/19/6587 6268/19/6586
f 6207/19/6592 6258/19/6618 6285/19/6670
f 6286/19/6619 6206/19/7155 6269/19/6719
f 6270/19/6635 6258/19/6618 6194/19/6569
f 6196/19/6550 6290/19/6654 6223/19/6549
f 6314/19/6648 6231/19/6584 6250/19/6649
f 6224/19/6594 6292/19/6640 6225/19/6596
f 6271/19/6641 6219/19/6598 6226/19/6597
f 6273/19/6668 6264/19/6666 6201/19/6573
f 6290/19/6654 6196/19/6550 6303/19/6679
f 6196/19/6550 6260/19/6593 6303/19/6679
f 6239/19/6610 6292/19/6640 6224/19/6594
f 6271/19/6641 6272/19/6638 6219/19/6598
f 6272/19/6638 6241/19/6606 6210/19/6578
f 6254/19/6608 6236/19/6609 6273/19/6668
f 6230/19/6604 6287/19/6626 6270/19/6635
f 6250/19/6649 6238/19/6671 6289/19/6650
f 6262/19/6628 6305/19/6674 6281/19/6585
f 6251/19/6629 6316/19/6642 6263/19/6630
f 6264/19/6666 6273/19/6668 6341/19/6709
f 6274/19/6631 6244/19/6615 6283/19/6657
f 6245/19/6601 6265/19/6600 6320/19/6660
f 6266/19/6632 6296/19/6667 6236/19/6609
f 6297/19/6639 6221/19/6589 6202/19/6574
f 6217/19/6588 6221/19/6589 6358/19/6717
f 6206/19/7155 6248/19/6647 6298/19/6646
f 6258/19/6618 6270/19/6635 6277/19/6669
f 6209/19/6605 6288/19/6653 6237/19/6620
f 6241/19/6606 6311/19/6664 6262/19/6628
f 6261/19/6623 6227/19/6599 6304/19/6678
f 6227/19/6599 6233/19/6559 6306/19/6687
f 6341/19/6709 6273/19/6668 6295/19/7156
f 6265/19/6600 6313/19/6658 6320/19/6660
f 6228/19/6602 6308/19/6676 6297/19/6639
f 6332/19/6695 6229/19/6603 6276/19/6590
f 6276/19/6590 6299/19/6662 6332/19/6695
f 6257/19/6583 6285/19/6670 6299/19/6662
f 6197/19/6571 6342/19/6651 6179/19/6551
f 6292/19/6640 6300/19/6712 6278/19/6637
f 6316/19/6642 6232/19/6612 6312/19/6675
f 6316/19/6642 6301/19/6689 6263/19/6630
f 6243/19/6613 6235/19/6614 6302/19/6665
f 6255/19/6633 6275/19/6634 6317/19/6724
f 6216/19/6581 6275/19/6634 6268/19/6586
f 6269/19/6719 6206/19/7155 6298/19/6646
f 6333/19/6677 6249/19/6627 6338/19/6699
f 6290/19/6654 6338/19/6699 6249/19/6627
f 6239/19/6610 6309/19/6685 6292/19/6640
f 6294/19/6655 6328/19/6684 6239/19/6610
f 6294/19/6655 6240/19/6611 6261/19/6623
f 6227/19/6599 6306/19/6687 6304/19/6678
f 6329/19/6686 6279/19/6643 6282/19/6644
f 6252/19/6624 6307/19/6656 6253/19/6625
f 6305/19/6674 6312/19/6675 6281/19/6585
f 6237/19/6620 6288/19/6653 6324/19/6697
f 6303/19/6679 6362/19/6700 6290/19/6654
f 6291/19/6622 6342/19/6651 6326/19/6682
f 6310/19/6673 6311/19/6664 6272/19/6638
f 6233/19/6559 6279/19/6643 6306/19/6687
f 6313/19/6658 6274/19/6631 6283/19/6657
f 6321/19/6732 6221/19/6589 6297/19/6639
f 6222/19/6645 6322/19/6704 6335/19/6652
f 6345/19/6734 6270/19/6635 6287/19/6626
f 6373/19/6708 6197/19/6571 6231/19/6584
f 6291/19/6622 6348/19/6683 6280/19/6621
f 6309/19/6685 6300/19/6712 6292/19/6640
f 6300/19/6712 6327/19/6738 6278/19/6637
f 6293/19/6663 6278/19/6637 6327/19/6738
f 6312/19/6675 6301/19/6689 6316/19/6642
f 6252/19/6624 6263/19/6630 6340/19/6688
f 6331/19/6691 6295/19/7156 6273/19/6668
f 6266/19/6632 6255/19/6633 6317/19/6724
f 6256/19/6616 6336/19/6692 6284/19/6661
f 6345/19/6734 6287/19/6626 6333/19/6677
f 6304/19/6678 6306/19/6687 6315/19/6728
f 6336/19/6692 6217/19/6588 6358/19/6717
f 6323/19/6694 6337/19/6693 6229/19/6603
f 6345/19/6734 6277/19/6669 6270/19/6635
f 6289/19/6650 6339/19/7157 6314/19/6648
f 6314/19/6648 6373/19/6708 6231/19/6584
f 6280/19/6621 6427/19/6710 6303/19/6679
f 6304/19/6678 6315/19/6728 6294/19/6655
f 6334/19/6703 6307/19/6656 6252/19/6624
f 6221/19/6589 6321/19/6732 6358/19/6717
f 6360/19/6743 6299/19/6662 6285/19/6670
f 6269/19/6719 6346/19/6706 6286/19/6619
f 6237/19/6620 6324/19/6697 6325/19/6672
f 6197/19/6571 6373/19/6708 6342/19/6651
f 6285/19/6670 6318/19/6681 6360/19/6743
f 6345/19/6734 6318/19/6681 6277/19/6669
f 6347/19/6696 6259/19/6636 6346/19/6706
f 6406/19/6698 6290/19/6654 6369/19/6701
f 6300/19/6712 6343/19/6711 6327/19/6738
f 6349/19/6713 6293/19/6663 6327/19/6738
f 6350/19/6714 6310/19/6673 6293/19/6663
f 6315/19/6728 6328/19/6684 6294/19/6655
f 6351/19/6740 6319/19/6680 6311/19/6664
f 6307/19/6656 6354/19/6716 6283/19/6657
f 6267/19/6659 6320/19/6660 6308/19/6676
f 6297/19/6639 6308/19/6676 6411/19/6731
f 6333/19/6677 6372/19/6753 6345/19/6734
f 6327/19/6738 6343/19/6711 6374/19/6737 6375/19/6739
f 6328/19/6684 6315/19/6728 6363/19/6730
f 6355/19/6721 6312/19/6675 6305/19/6674
f 6315/19/6728 6306/19/6687 6371/19/6722
f 6282/19/6644 6352/19/6785 6329/19/6686
f 6353/19/6723 6330/19/6690 6302/19/6665
f 6357/19/6782 6341/19/6709 6295/19/7156
f 6318/19/6681 6380/19/6735 6360/19/6743
f 6366/19/6720 6269/19/6719 6365/19/6727
f 6329/19/6686 6352/19/6785 6371/19/6722
f 6266/19/6632 6382/19/6749 6296/19/6667
f 6364/19/6725 6275/19/6634 6379/19/6726
f 6367/19/6754 6324/19/6697 6347/19/6696
f 6338/19/6699 6368/19/6810 6333/19/6677
f 6324/19/6697 6361/19/6755 6325/19/6672
f 6314/19/6648 6339/19/7157 6395/19/6707
f 6326/19/6682 6342/19/6651 6386/19/6744
f 6363/19/6730 6376/19/6742 6328/19/6684
f 6312/19/6675 6355/19/6721 6301/19/6689
f 6330/19/6690 6352/19/6785 6282/19/6644
f 6317/19/6724 6382/19/6749 6266/19/6632
f 6365/19/6727 6298/19/6646 6384/19/6733
f 6368/19/6810 6372/19/6753 6333/19/6677
f 6332/19/6695 6360/19/6743 6402/19/6788 6394/19/6805
f 6390/19/6729 6315/19/6728 6377/19/6777
f 6371/19/6722 6377/19/6777 6315/19/6728
f 6352/19/6785 6378/19/6757 6371/19/6722
f 6289/19/6650 6405/19/6736 6339/19/7157
f 6385/19/7158 6427/19/6710 6348/19/6683
f 6381/19/6775 6370/19/6715 6351/19/6740
f 6398/19/6741 6356/19/6702 6423/19/7159
f 6352/19/6785 6330/19/6690 6424/19/6786
f 6331/19/6691 6296/19/6667 6382/19/6749
f 6364/19/6725 6383/19/6748 6317/19/6724
f 6406/19/6698 6368/19/6810 6338/19/6699
f 6387/19/6746 6351/19/6740 6350/19/6714
f 6399/19/6765 6335/19/6652 6322/19/6704
f 6359/19/6718 6358/19/6717 6392/19/6795
f 6337/19/6693 6399/19/6765 6322/19/6704
f 6373/19/6708 6415/19/6745 6342/19/6651
f 6375/19/6739 6396/19/6759 6349/19/6713
f 6397/19/6761 6356/19/6702 6355/19/6721
f 6330/19/6690 6353/19/6723 6424/19/6786
f 6295/19/7156 6331/19/6691 6357/19/6782
f 6321/19/6732 6411/19/6731 6392/19/6795
f 6358/19/6717 6321/19/6732 6392/19/6795
f 6336/19/6692 6359/19/6718 6393/19/6766
f 6404/19/6771 6361/19/6755 6367/19/6754
f 6374/19/6737 6430/19/6758 6375/19/6739
f 6396/19/6759 6387/19/6746 6349/19/6713
f 6390/19/6729 6376/19/6742 6363/19/6730
f 6397/19/6761 6355/19/6721 6370/19/6715
f 6394/19/6805 6400/19/6764 6323/19/6694
f 6332/19/6695 6394/19/6805 6323/19/6694
f 6464/19/6820 6478/19/6915 6424/19/6786 6407/19/6762
f 6380/19/6735 6402/19/6788 6360/19/6743
f 6403/19/6751 6346/19/6706 6366/19/6720
f 6351/19/6740 6387/19/6746 6381/19/6775
f 6391/19/6760 6370/19/6715 6381/19/6775
f 6408/19/6781 6307/19/6656 6334/19/6703
f 6344/19/6705 6313/19/6658 6389/19/6778
f 6393/19/6766 6384/19/6733 6284/19/6661
f 6380/19/6735 6412/19/6769 6402/19/6788
f 6347/19/6696 6414/19/6770 6367/19/6754
f 6388/19/6747 6408/19/6781 6334/19/6703
f 6379/19/6726 6335/19/6652 6399/19/6765
f 6401/19/6767 6419/19/6768 6366/19/6720
f 6405/19/6736 6420/19/7160 6339/19/7157
f 6348/19/6683 6429/19/6822 6385/19/7158
f 6386/19/6744 6429/19/6822 6348/19/6683
f 6417/19/6774 6381/19/6775 6396/19/6759
f 6431/19/6814 6397/19/6761 6391/19/6760
f 6418/19/6855 6356/19/6702 6397/19/6761
f 6418/19/6855 6423/19/7159 6356/19/6702
f 6313/19/6658 6354/19/6716 6448/19/6791
f 6437/19/6792 6389/19/6778 6313/19/6658
f 6339/19/7157 6420/19/7160 6395/19/6707
f 6420/19/7160 6428/19/6772 6395/19/6707
f 6427/19/6710 6385/19/7158 6483/19/6811
f 6454/19/6780 6421/19/6776 6390/19/6729
f 6431/19/6814 6418/19/6855 6397/19/6761
f 6407/19/6762 6424/19/6786 6353/19/6723
f 6357/19/6782 6331/19/6691 6433/19/6842
f 6409/19/6763 6433/19/6842 6331/19/6691
f 6383/19/6748 6364/19/6725 6439/19/6794
f 6438/19/6832 6411/19/6731 6410/19/6750
f 6434/19/6789 6412/19/6769 6345/19/6734
f 6426/19/6783 6414/19/6770 6347/19/6696
f 6368/19/6810 6435/19/6790 6372/19/6753
f 6378/19/6757 6352/19/6785 6436/19/6825
f 6410/19/6750 6389/19/6778 6438/19/6832
f 6411/19/6731 6438/19/6832 6441/19/6796
f 6379/19/6726 6440/19/6793 6364/19/6725
f 6384/19/6733 6393/19/6766 6466/19/6807
f 6416/19/6773 6453/19/6813 6430/19/6758
f 6381/19/6775 6417/19/6774 6445/19/6801
f 6462/19/6802 6391/19/6760 6381/19/6775
f 6462/19/6802 6431/19/6814 6391/19/6760
f 6447/19/6803 6357/19/6782 6433/19/6842
f 6409/19/6763 6383/19/6748 6439/19/6794
f 6449/19/6804 6440/19/6793 6379/19/6726
f 6449/19/6804 6379/19/6726 6399/19/6765
f 6401/19/6767 6384/19/6733 6451/19/6806
f 6369/19/6701 6452/19/6809 6406/19/6698
f 6421/19/6776 6454/19/6780 6446/19/6818
f 6418/19/6855 6431/19/6814 6463/19/6816
f 6422/19/6756 6378/19/6757 6436/19/6825
f 6466/19/6807 6393/19/6766 6450/19/6797
f 6474/19/6808 6394/19/6805 6455/19/6787
f 6451/19/6806 6457/19/6817 6401/19/6767
f 6402/19/6788 6455/19/6787 6394/19/6805
f 6427/19/6710 6476/19/6812 6362/19/6700
f 6452/19/6809 6435/19/6790 6368/19/6810
f 6452/19/6809 6362/19/6700 6476/19/6812
f 6460/19/6854 6423/19/7159 6418/19/6855
f 6361/19/6755 6461/19/6851 6405/19/6736
f 6405/19/6736 6461/19/6851 6420/19/7160
f 6429/19/6822 6483/19/6811 6385/19/7158
f 6428/19/6772 6498/19/6823 6415/19/6745
f 6472/19/6830 6409/19/6763 6439/19/6794
f 6389/19/6778 6479/19/6858 6438/19/6832
f 6472/19/6830 6439/19/6794 6465/19/6838
f 6440/19/6793 6465/19/6838 6439/19/6794
f 6449/19/6804 6480/19/6837 6440/19/6793
f 6468/19/6862 6414/19/6770 6426/19/6783
f 6470/19/6829 6510/19/6827 6416/19/6773
f 6448/19/6791 6408/19/6781 6484/19/6857
f 6437/19/6792 6479/19/6858 6389/19/6778
f 6438/19/6832 6479/19/6858 6473/19/6833
f 6441/19/6796 6473/19/6833 6485/19/6834
f 6442/19/6798 6486/19/6843 6449/19/6804
f 6467/19/6826 6518/19/6850 6425/19/6752
f 6429/19/6822 6458/19/6821 6507/19/6911 6532/19/6902
f 6433/19/6842 6409/19/6763 6504/19/6871
f 6442/19/6798 6443/19/6799 6516/19/6840
f 6474/19/6808 6481/19/6839 6443/19/6799
f 6482/19/6847 6455/19/6787 6412/19/6769
f 6457/19/6817 6493/19/6849 6419/19/6768
f 6461/19/6851 6404/19/6771 6475/19/6836
f 6388/19/6747 6398/19/6741 6501/19/6877
f 6450/19/6797 6487/19/6844 6488/19/6845
f 6489/19/6841 6466/19/6807 6488/19/6845
f 6490/19/6846 6455/19/6787 6492/19/6848
f 6457/19/6817 6491/19/6860 6493/19/6849
f 6419/19/6768 6493/19/6849 6403/19/6751
f 6445/19/6801 6469/19/6828 6522/19/6865
f 6470/19/6829 6446/19/6818 6499/19/6876
f 6423/19/7159 6501/19/6877 6398/19/6741
f 6352/19/6785 6432/19/6784 6436/19/6825
f 6503/19/6868 6437/19/6792 6448/19/6791
f 6409/19/6763 6471/19/6831 6504/19/6871
f 6479/19/6858 6437/19/6792 6505/19/7161
f 6412/19/6769 6434/19/6789 6482/19/6847
f 6468/19/6862 6475/19/6836 6414/19/6770
f 6496/19/6863 6413/19/6779 6435/19/6790
f 6483/19/6811 6429/19/6822 6531/19/6873
f 6458/19/6821 6498/19/6823 6507/19/6911
f 6522/19/6865 6462/19/6802 6445/19/6801
f 6462/19/6802 6511/19/6864 6459/19/6815
f 6446/19/6818 6500/19/6866 6499/19/6876
f 6495/19/6853 6418/19/6855 6463/19/6816
f 6460/19/6854 6501/19/6877 6423/19/7159
f 6474/19/6808 6490/19/6846 6481/19/6839
f 6525/19/6899 6428/19/6772 6420/19/7160
f 6483/19/6811 6531/19/6873 6476/19/6812
f 6532/19/6902 6531/19/6873 6429/19/6822
f 6432/19/6784 6527/19/6883 3217/19/3553 6436/19/6825
f 6428/19/6772 6509/19/6898 6498/19/6823
f 6508/19/6869 6505/19/7161 6437/19/6792
f 6523/19/6859 6479/19/6858 6505/19/7161
f 6497/19/6895 6525/19/6899 6420/19/7160
f 6428/19/6772 6525/19/6899 6509/19/6898
f 6469/19/6828 6541/19/6904 6522/19/6865
f 6504/19/6871 6513/19/6893 6464/19/6820
f 6485/19/6834 6473/19/6833 6515/19/6872
f 6517/19/6918 6516/19/6840 6481/19/6839
f 6520/19/6870 6519/19/6852 6452/19/6809
f 6461/19/6851 6497/19/6895 6420/19/7160
f 6509/19/6898 6507/19/6911 6498/19/6823
f 6424/19/6786 6478/19/6915 6527/19/6883
f 6480/19/6837 6486/19/6843 6514/19/6879
f 6495/19/6853 6526/19/6881 6460/19/6854
f 6528/19/6917 6503/19/6868 6502/19/6867
f 6471/19/6831 6529/19/6891 6504/19/6871
f 6471/19/6831 6472/19/6830 6534/19/6890
f 6560/19/6888 6481/19/6839 6490/19/6846
f 6528/19/6917 6533/19/6916 6503/19/6868
f 6533/19/6916 6508/19/6869 6503/19/6868
f 6515/19/6872 6473/19/6833 6543/19/6905
f 6560/19/6888 6517/19/6918 6481/19/6839
f 6489/19/6841 6524/19/6884 6491/19/6860
f 6530/19/6889 6482/19/6847 6506/19/6835
f 6544/19/7162 6467/19/6826 6496/19/6863
f 6496/19/6863 6519/19/6852 6544/19/7162
f 6531/19/6873 6532/19/6902 6556/19/6897
f 6473/19/6833 6523/19/6859 6543/19/6905
f 6548/19/6906 6486/19/6843 6516/19/6840
f 6553/19/6907 6516/19/6840 6517/19/6918
f 6524/19/6884 6488/19/6845 6537/19/6919
f 6545/19/6886 6538/19/6896 6461/19/6851
f 6507/19/6911 6550/19/6903 6532/19/6902
f 3258/19/3555 3313/19/3556 6541/19/6904 6469/19/6828
f 6561/19/6894 6515/19/6872 3200/19/3268
f 6546/19/6856 6436/19/6825 3217/19/3553
f 6555/19/6909 6549/19/6913 6519/19/6852 6520/19/6870
f 6551/19/6892 6478/19/6915 6464/19/6820
f 6484/19/6857 6528/19/6917 6502/19/6867
f 3266/19/3293 6556/19/6897 6550/19/6903 3335/19/3557
f 6497/19/6895 6557/19/6908 6525/19/6899
f 6505/19/7161 6508/19/6869 3216/19/3558
f 6530/19/6889 3207/19/3559 6492/19/6848
f 3300/19/3560 3259/19/3561 6468/19/6862 6494/19/6861
f 6554/19/6914 6544/19/7162 6519/19/6852
f 6533/19/6916 3216/19/3558 6508/19/6869
f 3239/19/3562 3282/19/3563 6491/19/6860
f 3286/19/3564 3321/19/3309 6542/19/6880 6511/19/6864
f 6547/19/6882 6559/19/6878 6501/19/6877
f 3292/19/3565 3293/19/3566 6521/19/6874
f 3250/19/3567 3273/19/3568 6535/19/6887
f 3207/19/3559 3272/19/3569 6492/19/6848
f 3287/19/3570 3327/19/3571 6554/19/6914 6549/19/6913
f 3293/19/3566 3314/19/3572 6521/19/6874
f 3285/19/3285 3241/19/3573 6533/19/6916
f 3297/19/3574 3309/19/3575 6529/19/6891 6534/19/6890
f 3260/19/3576 3244/19/3577 6545/19/6886
f 3263/19/3578 3268/19/3579 6538/19/6896
f 3288/19/3294 3277/19/3580 6555/19/6909 6556/19/6897
f 3309/19/3575 3271/19/3581 6529/19/6891
f 3310/19/3582 3251/19/3583 6548/19/6906
f 3200/19/3268 3331/19/3292 6561/19/6894
f 3311/19/3584 3246/19/3585 6544/19/7162
f 3298/19/3586 3242/19/3587 6555/19/6909
f 3313/19/3556 3245/19/3588 6541/19/6904
f 3329/19/3589 3265/19/3590 6540/19/6910
f 3312/19/3296 3297/19/3574 6534/19/6890
f 3345/19/3591 6536/19/6885 3317/19/3592
f 3340/19/3593 3324/19/3594 6559/19/6878
f 3345/19/3591 3269/19/3595 6536/19/6885
f 3262/19/3596 3346/19/3597 6552/19/6901
f 3304/19/3598 3343/19/3282 6528/19/6917
f 3245/19/3588 3257/19/3599 6541/19/6904
f 3303/19/3600 3291/19/3601 6526/19/6881
f 3306/19/3602 3270/19/3603 6547/19/6882
f 3280/19/3310 3339/19/3604 6542/19/6880
f 6547/19/6882 3342/19/3605 3340/19/3593 6559/19/6878
f 6527/19/6883 3341/19/3607 3337/19/3606
f 6557/19/6908 3333/19/3609 3332/19/3608
f 6539/19/6900 3334/19/3610 3329/19/3589 6540/19/6910
f 6545/19/6886 3338/19/3612 3328/19/3611
f 6537/19/6919 6488/19/6845 3319/19/3613 3320/19/3300
f 6536/19/6885 6493/19/6849 3316/19/3614 3317/19/3592
f 6526/19/6881 3348/19/3615 3306/19/3602 6547/19/6882
f 6484/19/6857 3322/19/3616 3304/19/3598 6528/19/6917
f 6505/19/7161 3325/19/3618 3301/19/3617 6523/19/6859
f 6530/19/6889 3299/19/3620 3344/19/3619
f 6552/19/6901 3346/19/3597 3299/19/3620 6530/19/6889
f 6499/19/6876 3296/19/3622 3305/19/3621
f 6512/19/6875 6499/19/6876 3305/19/3621 3295/19/3623
f 6510/19/6827 3294/19/3288 3292/19/3565 6521/19/6874
f 6526/19/6881 3291/19/3601 3348/19/3615
f 6526/19/6881 6495/19/6853 3289/19/3624 3303/19/3600
f 6542/19/6880 3339/19/3604 3289/19/3624 6495/19/6853
f 6541/19/6904 3323/19/3625 3286/19/3564 6511/19/6864
f 6488/19/6845 6561/19/6894 3283/19/3291 3319/19/3613
f 6493/19/6849 6491/19/6860 3282/19/3563 3316/19/3614
f 6559/19/6878 3324/19/3594 3281/19/3626 6484/19/6857
f 6484/19/6857 3281/19/3626 3322/19/3616
f 6512/19/6875 3295/19/3623 3279/19/3308
f 6551/19/6892 3278/19/3627 3341/19/3607 6527/19/6883
f 6555/19/6909 3277/19/3580 3298/19/3586
f 6544/19/7162 6554/19/6914 3276/19/3628 3311/19/3584
f 6554/19/6914 3327/19/3571 3276/19/3628
f 6553/19/6907 3275/19/3298 3310/19/3582 6548/19/6906
f 6530/19/6889 3344/19/3619 3207/19/3559
f 6492/19/6848 3272/19/3569 3308/19/3302 6560/19/6888
f 6547/19/6882 3270/19/3603 3342/19/3605
f 6536/19/6885 3269/19/3595 3300/19/3560 6494/19/6861
f 6538/19/6896 3268/19/3579 3333/19/3609 6557/19/6908
f 6537/19/6919 3290/19/3299 3267/19/3305 6524/19/6884
f 6540/19/6910 3265/19/3590 3336/19/3629 6558/19/6912
f 6550/19/6903 6558/19/6912 3264/19/3630 3335/19/3557
f 6558/19/6912 3336/19/3629 3264/19/3630
f 6545/19/6886 3328/19/3611 3263/19/3578 6538/19/6896
f 6518/19/6850 3307/19/3278 3262/19/3596 6552/19/6901
f 6468/19/6862 3259/19/3561 3260/19/3576 6545/19/6886
f 6521/19/6874 3314/19/3572 3258/19/3555 6469/19/6828
f 6541/19/6904 3257/19/3599 3323/19/3625
f 6513/19/6893 3256/19/3306 3278/19/3627 6551/19/6892
f 6499/19/6876 6500/19/6866 3255/19/3631 3296/19/3622
f 6500/19/6866 3284/19/3632 3255/19/3631
f 6560/19/6888 3347/19/3303 3254/19/3633
f 6560/19/6888 3254/19/3633 3253/19/3297 6553/19/6907
f 6539/19/6900 3252/19/3634 3334/19/3610
f 6557/19/6908 3332/19/3608 3252/19/3634 6539/19/6900
f 6548/19/6906 3251/19/3583 3274/19/3289 6514/19/6879
f 6514/19/6879 3326/19/3290 3250/19/3567 6535/19/6887
f 6534/19/6890 6535/19/6887 3273/19/3568 3249/19/3295
f 6504/19/6871 3248/19/3635 3315/19/3307 6513/19/6893
f 6504/19/6871 6529/19/6891 3271/19/3581 3248/19/3635
f 6500/19/6866 6546/19/6856 3247/19/3636 3284/19/3632
f 6544/19/7162 3246/19/3585 3318/19/3277 6467/19/6826
f 6546/19/6856 3217/19/3553 3247/19/3636
f 6527/19/6883 3337/19/3606 3217/19/3553
f 6545/19/6886 3244/19/3577 3338/19/3612
f 6543/19/6905 3261/19/3638 3243/19/3637
f 6543/19/6905 3243/19/3637 3200/19/3268
f 6505/19/7161 3216/19/3558 3325/19/3618
f 6549/19/6913 6555/19/6909 3242/19/3587 3287/19/3570
f 6533/19/6916 3241/19/3573 3216/19/3558
f 6523/19/6859 3240/19/3639 3261/19/3638 6543/19/6905
f 6523/19/6859 3301/19/3617 3240/19/3639
f 6491/19/6860 6524/19/6884 3302/19/3304 3239/19/3562
f 3370/14/3640 3236/13/3640 3238/13/3640 3372/14/3640
f 3364/7/4 3366/4/4 3232/21/4 3231/20/4
f 3366/4/4 3365/3/4 3230/22/4 3232/21/4
f 3359/2/3640 3229/24/3640 3230/23/3640 3365/3/3640
f 3355/14/3640 3357/14/3640 3226/13/3640 3224/13/3640
f 3349/7/3 3219/20/3 3220/21/3 3351/4/3
f 3351/4/3 3220/21/3 3218/22/3 3350/3/3
f 3359/2/3640 3350/3/3640 3218/23/3640 3229/24/3640
