# Blender 5.0.1
# www.blender.org
o Scissor_Top
v 0.999496 0.106935 0.014233
v 0.959272 -0.071288 0.014233
v -0.000000 0.106936 0.014232
v -0.000000 -0.071288 0.014232
v 1.000000 0.062857 0.024749
v 0.987737 0.061649 0.024749
v 0.975946 0.058072 0.024749
v 0.965079 0.052263 0.024749
v 0.955554 0.044446 0.024749
v 0.947737 0.034921 0.024749
v 0.941928 0.024054 0.024749
v 0.938351 0.012263 0.024749
v 0.937143 -0.000000 0.024749
v 0.938351 -0.012263 0.024749
v 0.941928 -0.024054 0.024749
v 0.947737 -0.034921 0.024749
v 0.955554 -0.044446 0.024749
v 0.965079 -0.052263 0.024749
v 0.975946 -0.058072 0.024749
v 0.987737 -0.061649 0.024749
v 1.000000 -0.062857 0.024749
v 1.012263 -0.061649 0.024749
v 1.024054 -0.058072 0.024749
v 1.034921 -0.052263 0.024749
v 1.044446 -0.044446 0.024749
v 1.052263 -0.034921 0.024749
v 1.058072 -0.024054 0.024749
v 1.061649 -0.012263 0.024749
v 1.062857 -0.000000 0.024749
v 1.061649 0.012263 0.024749
v 1.058072 0.024054 0.024749
v 1.052263 0.034921 0.024749
v 1.044446 0.044446 0.024749
v 1.034921 0.052263 0.024749
v 1.024054 0.058072 0.024749
v 1.012263 0.061649 0.024749
v 1.000000 0.111277 0.000000
v 0.978291 0.109139 0.000000
v 0.957416 0.102806 0.000000
v 0.938178 0.092523 0.000000
v 0.921315 0.078685 0.000000
v 0.907477 0.061822 0.000000
v 0.897194 0.042584 0.000000
v 0.890861 0.021709 0.000000
v 0.888723 -0.000000 0.000000
v 0.890861 -0.021709 0.000000
v 0.897194 -0.042584 0.000000
v 0.907477 -0.061822 0.000000
v 0.921315 -0.078685 0.000000
v 0.938178 -0.092523 0.000000
v 0.957416 -0.102806 0.000000
v 0.978291 -0.109139 0.000000
v 1.000000 -0.111277 0.000000
v 1.021709 -0.109139 0.000000
v 1.042584 -0.102806 0.000000
v 1.061822 -0.092523 0.000000
v 1.078685 -0.078685 0.000000
v 1.092523 -0.061822 0.000000
v 1.102806 -0.042584 0.000000
v 1.109139 -0.021709 0.000000
v 1.111277 -0.000000 0.000000
v 1.109139 0.021709 0.000000
v 1.102806 0.042584 0.000000
v 1.092523 0.061822 0.000000
v 1.078685 0.078684 0.000000
v 1.061822 0.092523 0.000000
v 1.042584 0.102806 0.000000
v 1.021709 0.109139 0.000000
v 0.978291 0.109139 0.024749
v 1.000000 0.111277 0.024749
v 0.957416 0.102806 0.024749
v 0.938178 0.092523 0.024749
v 0.921315 0.078685 0.024749
v 0.907477 0.061822 0.024749
v 0.897194 0.042584 0.024749
v 0.890861 0.021709 0.024749
v 0.888723 -0.000000 0.024749
v 0.890861 -0.021709 0.024749
v 0.897194 -0.042584 0.024749
v 0.907477 -0.061822 0.024749
v 0.921315 -0.078685 0.024749
v 0.938178 -0.092523 0.024749
v 0.957416 -0.102806 0.024749
v 0.978291 -0.109139 0.024749
v 1.000000 -0.111277 0.024749
v 1.021709 -0.109139 0.024749
v 1.042584 -0.102806 0.024749
v 1.061822 -0.092523 0.024749
v 1.078685 -0.078685 0.024749
v 1.092523 -0.061822 0.024749
v 1.102806 -0.042584 0.024749
v 1.109139 -0.021709 0.024749
v 1.111277 -0.000000 0.024749
v 1.109139 0.021709 0.024749
v 1.102806 0.042584 0.024749
v 1.092523 0.061822 0.024749
v 1.078685 0.078684 0.024749
v 1.061822 0.092523 0.024749
v 1.042584 0.102806 0.024749
v 1.021709 0.109139 0.024749
v 0.929288 -0.000000 0.014233
v -0.000000 0.000000 0.014232
v 1.000000 0.062857 0.000000
v 0.987737 0.061649 0.000000
v 0.975946 0.058072 0.000000
v 0.965079 0.052263 0.000000
v 0.955554 0.044446 0.000000
v 0.947737 0.034921 0.000000
v 0.941928 0.024054 0.000000
v 0.938351 0.012263 0.000000
v 0.937143 -0.000000 0.000000
v 0.938351 -0.012263 0.000000
v 0.941928 -0.024054 0.000000
v 0.947737 -0.034921 0.000000
v 0.955554 -0.044446 0.000000
v 0.965079 -0.052263 0.000000
v 0.975946 -0.058072 0.000000
v 0.987737 -0.061649 0.000000
v 1.000000 -0.062857 0.000000
v 1.012263 -0.061649 0.000000
v 1.024054 -0.058072 0.000000
v 1.034921 -0.052263 0.000000
v 1.044446 -0.044446 0.000000
v 1.052263 -0.034921 0.000000
v 1.058072 -0.024054 0.000000
v 1.061649 -0.012263 0.000000
v 1.062857 -0.000000 0.000000
v 1.061649 0.012263 0.000000
v 1.058072 0.024054 0.000000
v 1.052263 0.034921 0.000000
v 1.044446 0.044446 0.000000
v 1.034921 0.052263 0.000000
v 1.024054 0.058072 0.000000
v 1.012263 0.061649 0.000000
v -1.000000 0.106935 0.014232
v -1.000000 -0.071288 0.014232
v -1.000000 -0.000000 0.014232
v 0.999496 0.106935 0.014233
v 0.959272 -0.071288 0.014232
v -0.000000 0.106936 0.014232
v -0.000000 -0.071288 0.014232
v -0.000000 -0.000000 0.014232
v 0.929288 -0.000000 0.014233
v -1.000000 0.106935 0.014232
v -1.000000 -0.071288 0.014232
v -1.000000 -0.000000 0.014232
v 0.927383 0.106935 0.014233
v 0.890061 -0.071288 0.014232
v 0.862240 -0.000000 0.014232
v 0.977949 0.074117 0.014233
v -0.000000 0.074117 0.014232
v -1.000000 0.074117 0.014232
v 0.907390 0.074117 0.014233
v 0.799082 0.106935 0.254572
v -0.000000 0.106935 0.254571
v -1.000000 0.106935 0.254571
v -1.000000 0.074117 0.254571
v 0.779090 0.074117 0.254572
v -0.000000 0.074117 0.254571
v 0.999496 0.106935 0.000000
v 0.000000 -0.071288 -0.000000
v 0.959272 -0.071288 0.000000
v -0.000000 0.106936 0.000000
v 0.929288 -0.000000 0.000000
v -1.000000 0.106935 -0.000000
v -1.000000 -0.071288 -0.000000
v -1.000000 -0.000000 -0.000000
v 0.999496 0.106935 0.000000
v 0.959272 -0.071288 0.000000
v -0.000000 0.106936 0.000000
v 0.929288 -0.000000 0.000000
v -1.000000 0.106935 -0.000000
v -1.000000 -0.000000 -0.000000
v 0.927383 0.106935 0.000000
v -1.000000 0.074117 -0.000000
v 0.977949 0.074117 0.000000
v 0.999496 0.106935 -0.014232
v 0.959272 -0.071288 -0.014232
v 0.000000 0.106936 -0.014232
v 0.000000 -0.071288 -0.014232
v 1.000000 0.062857 -0.024748
v 0.987737 0.061649 -0.024748
v 0.975946 0.058072 -0.024748
v 0.965079 0.052263 -0.024748
v 0.955554 0.044446 -0.024748
v 0.947737 0.034921 -0.024748
v 0.941928 0.024054 -0.024748
v 0.938351 0.012263 -0.024748
v 0.937143 -0.000000 -0.024748
v 0.938351 -0.012263 -0.024748
v 0.941928 -0.024054 -0.024748
v 0.947737 -0.034921 -0.024748
v 0.955554 -0.044446 -0.024748
v 0.965079 -0.052263 -0.024748
v 0.975946 -0.058072 -0.024748
v 0.987737 -0.061649 -0.024748
v 1.000000 -0.062857 -0.024748
v 1.012263 -0.061649 -0.024748
v 1.024054 -0.058072 -0.024748
v 1.034921 -0.052263 -0.024748
v 1.044446 -0.044446 -0.024748
v 1.052263 -0.034921 -0.024748
v 1.058072 -0.024054 -0.024748
v 1.061649 -0.012263 -0.024748
v 1.062857 -0.000000 -0.024748
v 1.061649 0.012263 -0.024748
v 1.058072 0.024054 -0.024748
v 1.052263 0.034921 -0.024748
v 1.044446 0.044446 -0.024748
v 1.034921 0.052263 -0.024748
v 1.024054 0.058072 -0.024748
v 1.012263 0.061649 -0.024748
v 0.978291 0.109139 -0.024748
v 1.000000 0.111277 -0.024748
v 0.957416 0.102806 -0.024748
v 0.938178 0.092523 -0.024748
v 0.921315 0.078685 -0.024748
v 0.907477 0.061822 -0.024748
v 0.897194 0.042584 -0.024748
v 0.890861 0.021709 -0.024748
v 0.888723 -0.000000 -0.024748
v 0.890861 -0.021709 -0.024748
v 0.897194 -0.042584 -0.024748
v 0.907477 -0.061822 -0.024748
v 0.921315 -0.078685 -0.024748
v 0.938178 -0.092523 -0.024748
v 0.957416 -0.102806 -0.024748
v 0.978291 -0.109139 -0.024748
v 1.000000 -0.111277 -0.024748
v 1.021709 -0.109139 -0.024748
v 1.042584 -0.102806 -0.024748
v 1.061822 -0.092523 -0.024748
v 1.078685 -0.078685 -0.024748
v 1.092523 -0.061822 -0.024748
v 1.102806 -0.042584 -0.024748
v 1.109139 -0.021709 -0.024748
v 1.111277 -0.000000 -0.024748
v 1.109139 0.021709 -0.024748
v 1.102806 0.042584 -0.024748
v 1.092523 0.061822 -0.024748
v 1.078685 0.078684 -0.024748
v 1.061822 0.092523 -0.024748
v 1.042584 0.102806 -0.024748
v 1.021709 0.109139 -0.024748
v 0.929288 -0.000000 -0.014232
v 0.000000 0.000000 -0.014232
v -1.000000 0.106935 -0.014233
v -1.000000 -0.071288 -0.014233
v -1.000000 -0.000000 -0.014233
v 0.999496 0.106935 -0.014232
v 0.959272 -0.071288 -0.014232
v 0.000000 0.106936 -0.014232
v 0.000000 -0.071288 -0.014232
v 0.000000 -0.000000 -0.014232
v 0.929288 -0.000000 -0.014232
v -1.000000 0.106935 -0.014233
v -1.000000 -0.071288 -0.014233
v -1.000000 -0.000000 -0.014233
v 0.927383 0.106935 -0.014232
v 0.890061 -0.071288 -0.014232
v 0.862240 -0.000000 -0.014232
v 0.977949 0.074117 -0.014232
v 0.000000 0.074117 -0.014232
v -1.000000 0.074117 -0.014233
v 0.907390 0.074117 -0.014232
v 0.799082 0.106935 -0.254571
v 0.000000 0.106935 -0.254571
v -1.000000 0.106935 -0.254572
v -1.000000 0.074117 -0.254572
v 0.779090 0.074117 -0.254571
v 0.000000 0.074117 -0.254571
v 1.495583 1.598701 0.006928
v 1.493487 1.606270 -0.011525
v 1.494797 1.569334 0.021088
v 1.498211 1.574587 -0.000582
v 1.495366 1.569774 -0.016189
v 1.498312 1.566075 0.036935
v 1.495234 1.570842 -0.025138
v 1.497940 1.567304 -0.036707
v 1.491510 1.586296 -0.040791
v 1.493707 1.569638 0.043250
v 1.494166 1.567439 -0.043294
v 1.495168 1.559263 0.007774
v 1.487543 1.546522 0.041406
v 1.493008 1.519646 -0.000243
v 1.492300 1.613301 0.001953
v 1.488669 1.605132 -0.029621
v 1.488955 1.607266 0.026082
v 1.485099 1.601447 -0.046121
v 1.483713 1.602079 0.045893
v 1.483928 1.563033 -0.045965
v 1.491918 1.538904 0.036727
v 1.488145 1.531789 0.022952
v 1.489291 1.535450 -0.022044
v 1.491080 1.535386 -0.037207
v 1.486497 1.529442 0.038560
v 1.489883 1.514218 0.003288
v 1.483186 1.520624 -0.022026
v 1.484305 1.508676 -0.005566
v 1.476725 1.645369 -0.008881
v 1.472604 1.619588 -0.044703
v 1.477338 1.597395 0.050674
v 1.485917 1.588626 -0.044639
v 1.490133 1.586854 0.042690
v 1.481232 1.556462 0.045290
v 1.474241 1.549063 -0.046208
v 1.477432 1.517313 -0.034874
v 1.477509 1.515596 0.028670
v 1.481464 1.503703 -0.000154
v 1.465847 1.606036 0.057094
v 1.464798 1.608040 -0.057267
v 1.463707 1.595935 -0.057184
v 1.467893 1.581355 0.043866
v 1.470171 1.582760 -0.045752
v 1.471993 1.547754 0.046548
v 1.479352 1.527379 -0.041569
v 1.466287 1.500374 0.024221
v 1.463648 1.499442 -0.027872
v 1.444359 1.697247 -0.001734
v 1.463298 1.661662 -0.016403
v 1.460492 1.637044 0.043802
v 1.460508 1.636018 -0.045100
v 1.465811 1.568843 0.039961
v 1.466410 1.568251 -0.039665
v 1.460355 1.505662 0.037811
v 1.463370 1.496645 0.009712
v 1.470256 1.498061 -0.000605
v 1.470584 1.652258 0.014720
v 1.444509 1.674956 0.027198
v 1.439386 1.685915 -0.024214
v 1.457818 1.593776 0.059379
v 1.460439 1.553052 -0.052848
v 1.460985 1.551956 0.052452
v 1.462563 1.537689 0.049646
v 1.460374 1.537383 -0.050565
v 1.459558 1.507457 -0.039857
v 1.447807 1.664068 -0.032919
v 1.454702 1.576751 0.058625
v 1.452259 1.576875 -0.061915
v 1.454586 1.523947 -0.047084
v 1.451996 1.487273 0.028600
v 1.453308 1.487711 -0.028125
v 1.455420 1.488427 -0.002879
v 1.450129 1.486115 0.011558
v 1.446967 1.687952 0.010485
v 1.445840 1.626830 0.053244
v 1.441785 1.630757 -0.053507
v 1.447092 1.586799 -0.063786
v 1.448855 1.585449 0.063442
v 1.454797 1.552705 0.058618
v 1.454341 1.548747 -0.058132
v 1.455135 1.521595 0.045924
v 1.449521 1.499875 -0.044411
v 1.450194 1.499946 0.043465
v 1.450063 1.487174 -0.027677
v 1.420076 1.721791 -0.014799
v 1.434960 1.664342 0.041573
v 1.433735 1.656317 -0.046758
v 1.430619 1.589281 0.060824
v 1.433813 1.596367 -0.059961
v 1.444316 1.567570 0.061992
v 1.442275 1.563584 -0.061364
v 1.445640 1.536989 -0.053673
v 1.446563 1.537405 0.053256
v 1.440190 1.516892 -0.059279
v 1.434517 1.500870 0.049007
v 1.434504 1.500193 -0.048440
v 1.440487 1.486645 0.011456
v 1.436561 1.486354 -0.013357
v 1.435242 1.639792 0.052601
v 1.434886 1.576724 0.061007
v 1.435492 1.543257 0.056994
v 1.439647 1.522136 0.060469
v 1.435935 1.525961 -0.062674
v 1.435338 1.510489 0.056488
v 1.436041 1.491852 0.027807
v 1.436649 1.495551 -0.038091
v 1.410333 1.726781 -0.023777
v 1.419968 1.657495 0.053158
v 1.434179 1.543720 -0.057942
v 1.433166 1.537290 0.062544
v 1.431485 1.538585 -0.063101
v 1.426204 1.482751 0.037240
v 1.431020 1.483853 0.014102
v 1.430660 1.485314 -0.033527
v 1.415464 1.730296 0.011613
v 1.410517 1.725619 0.023784
v 1.415649 1.731842 -0.001695
v 1.413575 1.529279 0.064692
v 1.407367 1.530194 -0.065623
v 1.422192 1.513605 0.057321
v 1.425416 1.506729 -0.054732
v 1.418126 1.492374 -0.050706
v 1.423238 1.482090 0.000717
v 1.421834 1.478955 -0.024682
v 1.424362 1.482160 -0.036769
v 1.403144 1.697352 -0.048598
v 1.400645 1.686393 0.053921
v 1.401504 1.680247 -0.055198
v 1.405217 1.544960 0.068302
v 1.406307 1.545201 -0.068766
v 1.418480 1.493029 0.050975
v 1.422068 1.478975 0.023659
v 1.411358 1.484493 -0.001791
v 1.390599 1.717167 0.047680
v 1.412013 1.568761 0.061331
v 1.410137 1.568641 -0.062018
v 1.410275 1.486945 0.040504
v 1.409801 1.483505 0.025533
v 1.410265 1.484133 -0.035953
v 1.406232 1.599330 -0.064936
v 1.396351 1.615667 0.065627
v 1.397073 1.572681 0.065451
v 1.408276 1.512882 0.061808
v 1.408002 1.511151 -0.061677
v 1.400948 1.496326 0.052632
v 1.403266 1.481645 0.001412
v 1.401851 1.754192 0.009855
v 1.401380 1.755051 -0.009890
v 1.380239 1.776033 -0.019012
v 1.382623 1.769967 0.022387
v 1.377679 1.768885 -0.029077
v 1.379328 1.739930 -0.045049
v 1.380458 1.568478 0.068257
v 1.386832 1.529984 0.067749
v 1.401242 1.495909 -0.052436
v 1.383217 1.546614 -0.067822
v 1.385257 1.514799 -0.059096
v 1.391496 1.485066 -0.049086
v 1.390650 1.485528 0.048843
v 1.386151 1.477182 0.039400
v 1.395650 1.476011 0.025834
v 1.394711 1.475691 -0.030745
v 1.374987 1.790856 -0.000418
v 1.389819 1.638371 -0.066341
v 1.374588 1.557949 0.069792
v 1.386395 1.530315 -0.068482
v 1.385254 1.473734 0.020523
v 1.383955 1.476263 0.000674
v 1.383795 1.473814 -0.020879
v 1.355239 1.771378 0.050381
v 1.353786 1.759146 -0.056627
v 1.367483 1.684952 0.066650
v 1.378079 1.569399 -0.068310
v 1.372715 1.556604 -0.069648
v 1.380248 1.545336 0.067018
v 1.385030 1.514450 0.058681
v 1.381846 1.478300 -0.038946
v 1.365947 1.722007 -0.060872
v 1.385889 1.573665 -0.068260
v 1.360202 1.534594 0.058018
v 1.378401 1.505116 0.055177
v 1.376389 1.499561 -0.052692
v 1.370146 1.484486 -0.034668
v 1.369255 1.484239 0.032207
v 1.373611 1.478089 0.019519
v 1.372789 1.478478 -0.019835
v 1.355880 1.819947 0.001611
v 1.347443 1.820830 0.026757
v 1.347418 1.824798 -0.021269
v 1.351062 1.796539 0.042195
v 1.346120 1.814735 -0.035013
v 1.347548 1.800608 -0.044495
v 1.366392 1.722182 0.060330
v 1.345171 1.719466 0.070085
v 1.385889 1.643836 0.066321
v 1.350048 1.598512 -0.069648
v 1.354893 1.548900 0.061358
v 1.361424 1.505500 -0.043885
v 1.376696 1.490615 0.047300
v 1.361699 1.494102 0.032749
v 1.370851 1.483497 -0.003209
v 1.368771 1.485157 0.013002
v 1.337880 1.785650 -0.060671
v 1.338498 1.766329 0.064015
v 1.363665 1.692219 -0.067345
v 1.354664 1.596819 0.069387
v 1.345060 1.560568 -0.060599
v 1.357866 1.517342 0.046557
v 1.363188 1.499063 0.010884
v 1.363421 1.498826 -0.012241
v 1.361007 1.495925 -0.027718
v 1.329989 1.802373 0.063440
v 1.341106 1.667418 0.073230
v 1.334494 1.638021 -0.073673
v 1.348892 1.549705 -0.059284
v 1.358064 1.524366 -0.050666
v 1.351351 1.513823 -0.027753
v 1.353146 1.511053 0.024671
v 1.325210 1.830582 0.057982
v 1.337602 1.670498 -0.074167
v 1.350728 1.566883 0.062353
v 1.340834 1.554310 0.057180
v 1.342047 1.524505 0.024169
v 1.342666 1.527684 -0.034797
v 1.323547 1.841347 -0.049503
v 1.333724 1.763724 -0.067436
v 1.326915 1.601317 0.067217
v 1.333726 1.531026 -0.022138
v 1.348271 1.520401 -0.000117
v 1.307547 1.871334 0.039736
v 1.314898 1.868403 -0.020431
v 1.322764 1.834209 -0.061561
v 1.326224 1.784621 0.069499
v 1.321338 1.750636 0.074544
v 1.306877 1.872321 -0.039627
v 1.313772 1.830373 -0.077355
v 1.315166 1.807411 -0.077883
v 1.311083 1.696625 0.079861
v 1.341064 1.533243 0.041159
v 1.309486 1.554101 0.037793
v 1.315458 1.551662 -0.040161
v 1.300922 1.554137 0.010086
v 1.314806 1.545993 0.000322
v 1.300322 1.887717 0.021340
v 1.321705 1.842032 0.055046
v 1.308461 1.840985 0.083603
v 1.314261 1.778386 -0.076557
v 1.330425 1.638336 0.073877
v 1.319146 1.631280 -0.073543
v 1.317708 1.579730 -0.062616
v 1.309707 1.583084 0.062043
v 1.333883 1.548031 -0.049392
v 1.313810 1.545751 0.028197
v 1.295215 1.884026 0.086345
v 1.308904 1.824100 0.082310
v 1.317335 1.752057 -0.076169
v 1.301424 1.756152 -0.079495
v 1.298908 1.677351 0.082257
v 1.309414 1.878373 -0.001667
v 1.297650 1.880432 -0.088177
v 1.305773 1.858084 0.087428
v 1.301696 1.872982 0.087203
v 1.308184 1.855636 -0.084003
v 1.305692 1.831376 -0.083990
v 1.304782 1.779763 0.080546
v 1.302638 1.744165 0.079882
v 1.295486 1.722898 -0.084017
v 1.305288 1.593592 0.065439
v 1.298206 1.602635 -0.068225
v 1.305183 1.569979 0.051561
v 1.299049 1.573953 -0.053399
v 1.300048 1.863226 0.096094
v 1.288549 1.880371 0.100382
v 1.286548 1.898333 0.043260
v 1.301326 1.876444 -0.062919
v 1.299387 1.864205 -0.096739
v 1.288239 1.885359 -0.097298
v 1.296054 1.829862 0.089598
v 1.294973 1.817910 0.090702
v 1.299307 1.782958 -0.083648
v 1.290936 1.681408 -0.084795
v 1.289972 1.592383 -0.064368
v 1.283586 1.914100 -0.013048
v 1.285925 1.900048 -0.041298
v 1.292043 1.862835 -0.102205
v 1.292869 1.849503 0.096790
v 1.289822 1.850438 -0.099874
v 1.293055 1.833969 -0.092661
v 1.289280 1.820720 -0.095648
v 1.303460 1.551724 -0.030447
v 1.303903 1.552287 -0.011105
v 1.271269 1.910988 0.076454
v 1.278239 1.906652 0.068446
v 1.275412 1.911238 -0.062568
v 1.277835 1.904397 -0.077843
v 1.276720 1.891888 0.098787
v 1.286121 1.866612 0.106727
v 1.272452 1.855332 0.107606
v 1.277224 1.851416 -0.106405
v 1.283496 1.837859 0.107749
v 1.285562 1.835932 -0.106540
v 1.264432 1.718964 0.094488
v 1.293257 1.663537 -0.081859
v 1.262937 1.621183 -0.075941
v 1.270906 1.566741 0.031472
v 1.280475 1.919165 0.011152
v 1.278992 1.875511 -0.110200
v 1.269039 1.856246 -0.107875
v 1.279434 1.841248 -0.109811
v 1.277270 1.823601 0.104041
v 1.269781 1.810242 -0.103545
v 1.266426 1.811571 0.104823
v 1.286075 1.768185 0.084236
v 1.284424 1.768785 -0.085298
v 1.285284 1.666874 0.082872
v 1.280272 1.649062 0.080271
v 1.275547 1.645574 -0.080991
v 1.251554 1.575145 0.023185
v 1.293860 1.554952 0.022936
v 1.296714 1.553575 -0.023161
v 1.258801 1.942857 -0.042646
v 1.265157 1.922197 -0.069826
v 1.255279 1.887105 0.115413
v 1.271844 1.871089 0.113936
v 1.270846 1.864416 -0.113942
v 1.270380 1.862025 0.112502
v 1.274714 1.841082 0.109674
v 1.268928 1.831442 -0.107741
v 1.251639 1.607297 -0.068588
v 1.260348 1.942732 0.035130
v 1.257434 1.899385 -0.105080
v 1.267339 1.829962 0.107650
v 1.269326 1.770675 -0.092606
v 1.271895 1.710057 -0.092335
v 1.272771 1.625574 0.075645
v 1.263305 1.602507 0.066377
v 1.234956 1.589053 -0.005280
v 1.261180 1.933416 0.061675
v 1.253496 1.887320 -0.116688
v 1.258147 1.865273 -0.115794
v 1.260545 1.860378 0.111788
v 1.252797 1.848469 0.107657
v 1.242172 1.793451 -0.104762
v 1.270270 1.771783 0.091926
v 1.244725 1.757511 0.100770
v 1.249344 1.641118 0.086212
v 1.252683 1.593219 -0.055461
v 1.257063 1.572998 -0.031364
v 1.257032 2.103474 0.090554
v 1.253536 2.107622 0.091213
v 1.256431 2.104677 -0.089814
v 1.254308 2.105173 -0.098023
v 1.250790 2.103458 0.102081
v 1.253487 2.094645 0.080300
v 1.253058 2.095623 -0.080450
v 1.251518 2.084778 0.078520
v 1.253752 2.096500 -0.086935
v 1.250478 2.080209 -0.076639
v 1.234585 1.979659 -0.032154
v 1.240543 1.963598 0.051011
v 1.234517 1.967885 -0.056202
v 1.239640 1.925001 -0.094552
v 1.242808 1.913974 0.102741
v 1.245174 1.873824 0.118547
v 1.249741 1.846526 -0.108402
v 1.246580 1.787687 0.102150
v 1.243650 1.772934 -0.101932
v 1.264103 1.692549 -0.092441
v 1.256014 1.613759 0.072312
v 1.245300 1.592011 0.050170
v 1.236572 1.587994 0.005684
v 1.244445 2.103861 0.104552
v 1.251021 2.108157 -0.095501
v 1.243507 2.097847 -0.081732
v 1.242765 2.101192 -0.105227
v 1.243831 2.094272 0.078007
v 1.245102 2.097620 -0.104872
v 1.231105 2.077194 0.107300
v 1.233802 2.076401 0.089979
v 1.248430 2.081952 0.073310
v 1.239853 2.078094 -0.069465
v 1.247837 2.079129 -0.073548
v 1.228207 2.056976 0.076920
v 1.241326 2.057084 0.069245
v 1.238771 2.060477 0.074262
v 1.239436 2.052399 -0.069020
v 1.238497 2.061813 -0.075345
v 1.241367 1.976970 0.014329
v 1.247980 1.971449 -0.000592
v 1.226611 1.961225 0.072847
v 1.237996 1.918036 -0.103961
v 1.244404 1.899596 0.112862
v 1.240249 1.858419 0.116436
v 1.238551 1.857761 -0.116592
v 1.254559 1.818124 -0.108766
v 1.238361 1.679501 0.097347
v 1.238454 1.642447 -0.089037
v 1.232745 1.628075 -0.084114
v 1.212341 1.595427 -0.019777
v 1.238593 2.098761 0.086372
v 1.228801 2.089733 -0.084890
v 1.239928 2.077671 0.068947
v 1.238615 2.062281 -0.065398
v 1.238268 2.060116 0.064787
v 1.242989 1.875885 -0.118756
v 1.235824 1.842864 0.112094
v 1.236892 1.841122 -0.111882
v 1.228952 1.676352 -0.098825
v 1.236668 2.098469 -0.101264
v 1.230109 2.074645 -0.107757
v 1.233120 2.067739 -0.081574
v 1.228985 2.072245 -0.094022
v 1.228500 2.052668 0.059001
v 1.230202 2.040859 0.061369
v 1.230512 2.043148 -0.061631
v 1.220674 1.998571 -0.012777
v 1.224221 1.967063 -0.070468
v 1.230482 1.927900 0.099802
v 1.224222 1.881260 0.113774
v 1.213832 1.633244 0.087824
v 1.227797 2.081639 0.107357
v 1.216676 2.079385 0.091493
v 1.230110 2.082076 -0.108349
v 1.225480 2.078063 -0.071375
v 1.225665 2.071161 0.065823
v 1.223132 2.064180 0.107689
v 1.219868 2.060098 -0.111462
v 1.219974 2.057811 0.081110
v 1.228315 2.052227 -0.059151
v 1.220175 2.055931 -0.078164
v 1.227312 2.039199 0.069780
v 1.227945 2.038447 -0.069889
v 1.226506 2.025975 0.067125
v 1.214251 2.023027 0.050950
v 1.214674 2.017265 -0.052848
v 1.223327 2.021470 -0.068176
v 1.216462 2.008837 0.058492
v 1.221899 1.994874 0.029934
v 1.212493 1.984116 0.071347
v 1.216032 1.992397 -0.059408
v 1.230403 1.910968 -0.108247
v 1.212055 1.829562 -0.112145
v 1.215170 1.777141 0.106612
v 1.222138 1.714604 -0.104160
v 1.251584 1.599476 0.061263
v 1.205630 1.600085 0.036367
v 1.211378 2.074669 0.077950
v 1.219191 2.070612 -0.108496
v 1.220966 2.072651 0.108231
v 1.215372 2.056597 -0.055146
v 1.212451 2.052565 0.052715
v 1.216691 2.019647 0.069688
v 1.218004 2.011256 0.066805
v 1.218421 2.000764 0.008292
v 1.219524 1.959978 0.079650
v 1.216946 1.956655 -0.083760
v 1.225755 1.930886 -0.099166
v 1.228645 1.916763 0.105457
v 1.220337 1.899404 0.108974
v 1.217186 1.912730 -0.104841
v 1.220755 1.842156 0.113720
v 1.213014 1.819382 0.110543
v 1.233874 1.801073 0.106307
v 1.217510 1.717019 0.104640
v 1.214382 1.645311 0.092449
v 1.207833 1.613204 0.065329
v 1.207696 2.068863 0.067263
v 1.212116 2.072803 -0.070998
v 1.213636 2.072953 -0.099643
v 1.209788 2.052128 0.108524
v 1.216703 2.050900 0.108828
v 1.218782 2.059895 0.091051
v 1.213334 2.054377 -0.087853
v 1.215809 2.049683 -0.107706
v 1.210779 2.043076 -0.069766
v 1.210931 2.039185 0.103113
v 1.211303 2.038949 0.067165
v 1.208919 2.033425 -0.105099
v 1.208459 2.021243 -0.047192
v 1.203810 2.030087 -0.065864
v 1.213209 2.017158 -0.070517
v 1.210314 2.010258 0.072996
v 1.216440 2.008670 -0.060489
v 1.211169 2.001750 -0.072727
v 1.215282 1.994878 0.059808
v 1.208568 1.998895 0.075925
v 1.217590 1.994009 0.051083
v 1.206763 2.012022 0.036883
v 1.212810 2.004495 -0.045405
v 1.211266 1.985682 -0.072599
v 1.199585 1.978079 0.083405
v 1.201011 1.982162 -0.082077
v 1.216511 1.947559 0.089227
v 1.207677 1.945965 -0.091533
v 1.209978 1.929747 0.097890
v 1.223847 1.884382 -0.113506
v 1.200827 1.706670 -0.106339
v 1.211335 1.640984 -0.091562
v 1.206188 1.624864 0.080591
v 1.203755 1.626798 -0.082584
v 1.212687 1.611565 -0.065808
v 1.206944 1.598060 0.019970
v 1.209267 1.604119 0.003782
v 1.213208 1.602112 -0.004006
v 1.201759 2.054609 0.052812
v 1.200170 2.053205 -0.052423
v 1.210329 2.053638 -0.108615
v 1.200631 2.042735 0.075879
v 1.204347 2.043968 0.072409
v 1.200387 2.040689 -0.072397
v 1.206605 2.042837 -0.091409
v 1.204391 2.036284 -0.106540
v 1.205514 2.032878 0.105021
v 1.205122 2.021110 0.043591
v 1.204703 2.018506 0.094017
v 1.205225 2.024517 -0.094920
v 1.202483 2.012999 0.096646
v 1.206371 2.012340 -0.036461
v 1.203689 2.007279 -0.077514
v 1.196671 1.967151 -0.086666
v 1.195667 1.959740 0.088958
v 1.223804 1.870070 -0.115491
v 1.208426 1.682470 0.101932
v 1.190471 2.055467 -0.058530
v 1.184925 2.042486 0.094003
v 1.189466 2.053985 -0.089464
v 1.201768 2.024723 -0.043183
v 1.202766 2.032187 0.090720
v 1.196009 2.015470 0.064922
v 1.195512 2.019869 -0.015517
v 1.194140 2.013760 -0.065563
v 1.201286 2.008947 -0.083494
v 1.201032 2.012410 -0.097037
v 1.204680 2.004629 0.083101
v 1.194289 2.015688 0.081349
v 1.202846 2.001573 -0.086195
v 1.198772 1.990340 0.084667
v 1.187065 1.925720 -0.101585
v 1.175585 1.728742 -0.109600
v 1.183698 2.051300 0.084895
v 1.200408 2.066716 -0.082594
v 1.188561 2.028386 0.099941
v 1.193305 2.034658 0.043921
v 1.191195 2.025987 -0.038501
v 1.192068 2.017761 0.100286
v 1.185524 2.021412 0.075321
v 1.190898 2.024345 0.066066
v 1.194122 2.022792 0.035440
v 1.189501 2.022360 -0.066746
v 1.188161 2.026601 -0.077014
v 1.195695 2.018586 -0.101555
v 1.193262 2.022505 0.015432
v 1.189406 2.000031 0.093486
v 1.190081 2.022464 -0.027628
v 1.187318 2.015232 -0.075944
v 1.192545 2.009914 0.073563
v 1.190963 2.011675 0.067907
v 1.188624 1.986489 -0.088610
v 1.161896 1.884365 0.108369
v 1.174339 1.809097 0.108268
v 1.211194 1.777399 -0.107439
v 1.181383 1.790232 0.108191
v 1.179063 1.721384 0.109031
v 1.188568 1.683612 -0.103896
v 1.166232 1.639961 -0.083824
v 1.167703 1.618975 -0.013443
v 1.212101 1.597082 -0.036919
v 1.186858 2.053291 0.057883
v 1.179541 2.036671 0.046749
v 1.179955 1.982350 0.090076
v 1.179046 1.960268 -0.092729
v 1.179484 1.801097 -0.108611
v 1.171172 1.686100 0.104545
v 1.166332 1.641108 0.085039
v 1.169252 1.632836 0.075745
v 1.173272 1.623129 -0.049383
v 1.169925 2.044952 -0.070802
v 1.172220 2.031479 -0.044625
v 1.187057 2.027566 0.015424
v 1.186482 2.034848 0.000009
v 1.182157 2.027005 -0.018887
v 1.189518 2.031444 -0.100361
v 1.185418 2.015356 -0.098484
v 1.168418 1.948401 0.096061
v 1.172418 1.917426 0.102985
v 1.155962 1.708825 -0.108499
v 1.167173 1.626161 0.047531
v 1.171222 1.617214 0.013224
v 1.152114 1.628181 -0.035209
v 1.162848 2.036934 0.059885
v 1.155043 2.029630 -0.056993
v 1.170280 2.046387 0.003360
v 1.171324 2.046136 -0.004236
v 1.177215 2.036831 -0.091574
v 1.172206 2.027006 0.036572
v 1.172381 2.026339 -0.035276
v 1.176700 1.986209 -0.090174
v 1.163733 1.936395 -0.099898
v 1.159278 1.784009 -0.107462
v 1.167688 1.654285 0.093366
v 1.165354 1.634366 -0.075223
v 1.185317 1.609215 0.031280
v 1.166127 1.622096 -0.000163
v 1.171465 2.046231 0.072164
v 1.158680 2.044608 0.010026
v 1.163043 2.030095 -0.022175
v 1.157239 2.005788 0.086511
v 1.171014 1.998657 0.090945
v 1.160694 1.998942 -0.088942
v 1.153542 1.878459 -0.108660
v 1.151139 1.858465 0.108605
v 1.163605 1.844508 -0.109728
v 1.144738 2.047101 -0.010230
v 1.144669 2.013214 0.073949
v 1.155916 2.030895 0.022117
v 1.168422 1.949498 -0.096053
v 1.135901 1.915243 -0.103601
v 1.157004 1.906643 -0.104135
v 1.148008 1.789499 0.105859
v 1.141947 1.745840 0.107629
v 1.154749 1.680910 -0.102944
v 1.174302 1.646131 -0.090296
v 1.143320 1.642908 -0.067147
v 1.143950 2.020461 0.062656
v 1.157579 2.029363 0.048944
v 1.169938 2.027461 0.030634
v 1.154999 1.987593 0.088293
v 1.145027 1.926315 0.101789
v 1.139250 1.646026 0.071021
v 1.137441 1.632174 -0.023861
v 1.140436 2.051564 -0.003687
v 1.142464 2.025231 0.043716
v 1.151965 2.026479 -0.041872
v 1.148151 2.019377 -0.072712
v 1.146559 2.010649 -0.077644
v 1.125586 1.888343 -0.102105
v 1.133550 1.874667 0.104765
v 1.146032 1.817541 -0.105922
v 1.148009 1.712675 0.107798
v 1.139752 1.687761 -0.102791
v 1.137199 1.662222 -0.090424
v 1.134497 1.634161 0.020707
v 1.143193 2.051171 0.005567
v 1.143189 2.031892 -0.021356
v 1.137074 2.023683 -0.045080
v 1.127172 1.989205 0.078901
v 1.150865 2.002742 -0.083717
v 1.136309 1.964696 0.089884
v 1.144812 1.680214 0.100951
v 1.122515 2.048634 0.003692
v 1.132235 2.031590 0.020430
v 1.128578 2.022899 0.042099
v 1.117151 2.030703 -0.016624
v 1.132509 2.012537 -0.063211
v 1.140634 1.964864 -0.090758
v 1.143646 1.896385 0.103831
v 1.123271 1.886231 0.101104
v 1.113525 1.814055 0.101020
v 1.134280 1.699398 0.103624
v 1.139701 1.649575 -0.078755
v 1.122208 1.999142 0.069303
v 1.121649 1.931795 -0.099160
v 1.121829 1.939000 0.096551
v 1.110970 1.660061 0.049361
v 1.127503 2.034700 0.015578
v 1.117206 2.043092 -0.008714
v 1.110760 2.023639 -0.033748
v 1.117558 2.012462 0.050842
v 1.110379 2.006621 -0.054801
v 1.122345 1.988461 -0.078086
v 1.121729 1.851946 -0.103883
v 1.111086 1.815145 -0.101094
v 1.122382 1.750647 -0.106234
v 1.118673 1.685897 -0.094044
v 1.134376 1.674520 0.095748
v 1.130551 1.661260 0.085103
v 1.111441 1.663561 0.068252
v 1.102569 1.655695 0.033197
v 1.109503 1.661137 -0.049920
v 1.111653 1.662126 -0.063954
v 1.120744 1.641857 0.027786
v 1.111010 1.651248 -0.004701
v 1.104806 2.028853 0.015584
v 1.097976 1.889524 0.099388
v 1.086119 1.820581 0.096314
v 1.108922 1.671406 -0.078029
v 1.087550 2.046346 -0.003896
v 1.089564 2.046143 0.004904
v 1.099397 1.995784 0.061108
v 1.097429 1.974213 0.076540
v 1.104144 1.900254 -0.101048
v 1.105045 1.652939 -0.031333
v 1.091671 2.022595 0.021956
v 1.110269 2.023468 0.033255
v 1.088704 2.022040 -0.022459
v 1.093648 1.983679 -0.069445
v 1.093607 1.912337 0.099451
v 1.080073 1.852872 0.090625
v 1.084540 1.851262 -0.090798
v 1.097753 1.769020 0.101637
v 1.107231 1.736327 -0.102913
v 1.077841 2.025316 -0.016952
v 1.083644 1.954555 -0.084326
v 1.079923 1.905971 -0.099148
v 1.106375 1.739930 0.102612
v 1.086417 1.728557 0.095078
v 1.088829 1.698553 -0.086403
v 1.087467 1.692714 0.081135
v 1.085036 1.667019 -0.017016
v 1.080388 2.039114 0.010156
v 1.079290 2.038956 -0.010078
v 1.097812 1.967644 -0.080710
v 1.092420 1.946075 0.088182
v 1.064916 1.917597 0.092960
v 1.090354 1.882916 -0.098857
v 1.085354 1.848127 0.091089
v 1.079254 1.812308 -0.095440
v 1.075060 1.765070 0.095843
v 1.073467 1.678581 0.031679
v 1.091348 1.662871 0.018157
v 1.074742 2.025004 0.016106
v 1.043578 2.001139 -0.037510
v 1.053119 1.993345 -0.051085
v 1.060200 1.879389 0.099433
v 1.076252 1.765982 -0.096429
v 1.087693 1.686074 0.072509
v 1.083304 1.689941 -0.072349
v 1.073223 1.699792 -0.067570
v 1.078302 1.688900 0.053481
v 1.082295 1.684965 -0.051876
v 1.073272 1.678703 -0.032022
v 1.076804 1.668831 -0.006520
v 1.062800 2.014142 0.021894
v 1.081160 1.783504 -0.097980
v 1.087093 1.727232 -0.095310
v 1.069732 1.700902 0.062738
v 1.078576 1.669020 0.009111
v 1.056393 1.991147 0.054041
v 1.008872 1.909117 -0.092076
v 1.074211 1.926382 -0.092088
v 1.055641 1.830911 -0.087977
v 1.060956 1.801988 0.090453
v 1.086750 1.705326 0.087724
v 1.028144 2.030516 0.003544
v 1.063871 2.007036 0.037959
v 1.050145 1.871288 -0.099298
v 1.051213 1.738641 -0.074516
v 1.065563 1.674659 0.016622
v 1.065585 1.674509 -0.016456
v 1.063614 1.666894 -0.000141
v 1.045649 2.010793 -0.019420
v 1.042310 1.893859 -0.095411
v 1.030215 1.840396 -0.095653
v 1.050966 1.823786 0.086767
v 1.045157 1.795316 0.086769
v 1.047868 1.807165 -0.086952
v 1.048545 1.719365 -0.061546
v 1.060628 1.702080 0.054586
v 1.061812 1.698172 -0.050783
v 1.025891 2.029799 -0.003349
v 1.028307 2.025600 0.008294
v 1.034413 2.008113 0.017513
v 1.015418 1.956759 0.069624
v 1.052940 1.767929 0.085320
v 1.057119 1.762508 -0.087049
v 1.045577 1.757081 0.078442
v 1.058071 1.723649 0.071524
v 1.047918 1.694015 -0.039433
v 1.037967 1.665907 0.021201
v 1.037745 1.665934 -0.021708
v 1.034075 1.652980 0.005071
v 1.032799 2.007140 -0.018353
v 1.039366 1.938960 0.084501
v 1.006185 1.901982 0.093506
v 1.036559 1.892176 0.094626
v 1.030483 1.840269 0.095271
v 1.051325 1.781418 -0.086902
v 1.042596 1.719345 0.059420
v 1.050260 1.688806 0.034470
v 1.035528 1.654181 -0.006669
v 1.014136 2.020500 -0.009056
v 1.012261 1.988610 0.038825
v 1.013599 1.989933 -0.037619
v 1.023638 1.790784 -0.085491
v 1.034878 1.782372 -0.083609
v 1.038799 1.729412 -0.066252
v 1.030816 1.708670 0.055418
v 1.030531 1.710883 -0.057398
v 0.998547 1.892467 -0.095181
v 1.012470 1.846944 -0.097034
v 1.014455 1.845430 0.096920
v 1.030783 1.799707 0.086109
v 1.030048 1.736796 -0.070580
v 1.015641 2.005919 0.014533
v 1.017217 1.869134 -0.095447
v 1.030128 1.755852 0.075977
v 1.011190 1.638781 0.012130
v 1.011230 1.637066 -0.010032
v 1.000157 1.995935 0.016641
v 1.010595 1.997256 -0.021936
v 1.021262 1.961879 -0.068221
v 1.007525 1.792917 -0.089376
v 1.005541 1.792797 0.089400
v 1.035491 1.734552 0.067544
v 1.006705 1.648817 -0.027191
v 0.999740 2.022657 -0.004069
v 0.999494 2.022454 0.003051
v 0.990151 2.014408 0.007605
v 1.023801 1.973451 0.059267
v 0.989407 1.848717 0.095666
v 1.010897 1.650519 0.025313
v 0.999906 1.625599 0.008537
v 1.009446 2.003172 -0.015442
v 0.977865 1.973174 -0.040531
v 0.953366 1.911859 0.080857
v 0.985551 1.871088 0.096603
v 0.991845 1.805070 0.093503
v 0.989545 1.671815 -0.053850
v 0.993894 1.672617 0.051804
v 0.982872 1.658095 -0.050948
v 0.989989 1.630449 0.026121
v 0.990480 1.618618 -0.014565
v 0.974479 1.954874 -0.057033
v 0.988743 1.846250 -0.096076
v 0.986591 1.807228 -0.094805
v 0.984789 1.748676 0.085185
v 0.980092 1.727842 -0.081526
v 0.967019 1.701331 -0.076147
v 0.986942 1.627667 -0.027834
v 0.979032 1.962812 0.051294
v 0.955205 1.774219 -0.097089
v 0.962819 1.695366 0.074710
v 0.979003 1.643425 -0.046364
v 0.988061 1.609463 -0.006034
v 0.972799 2.010277 -0.005893
v 0.977666 1.988587 0.016493
v 0.986510 1.992861 -0.015519
v 0.954187 1.745600 -0.094138
v 0.985264 1.650512 0.045100
v 0.970056 1.612070 0.035755
v 0.967391 1.589483 0.021972
v 0.983135 1.602444 0.006542
v 0.965711 2.007502 0.001709
v 0.963903 1.595927 -0.032590
v 0.971278 1.580800 -0.000181
v 0.965266 1.575294 -0.013337
v 0.964160 2.004786 0.008655
v 0.968797 1.985453 -0.017250
v 0.947915 1.923372 0.072084
v 1.015191 1.933297 -0.083098
v 0.935932 1.848150 0.099326
v 0.970417 1.861958 -0.098106
v 0.972833 1.723596 0.081943
v 0.957766 1.608127 0.046275
v 0.956649 1.606311 -0.046865
v 0.963718 1.570553 0.011016
v 0.963632 2.002210 -0.009754
v 0.957967 1.982175 0.015335
v 0.960593 1.980184 -0.018074
v 0.947494 1.796914 -0.098480
v 0.956667 1.766903 0.096219
v 0.943892 1.709605 -0.089614
v 0.969880 1.649382 0.054520
v 0.942531 1.604353 -0.056384
v 0.960054 1.978150 0.020642
v 0.903233 1.929447 0.048936
v 0.941334 1.833227 0.100577
v 0.940024 1.557087 0.039591
v 0.942084 1.991654 0.009206
v 0.883423 1.936371 -0.034204
v 0.929644 1.826860 -0.101931
v 0.937201 1.786378 0.099324
v 0.957084 1.677776 -0.069893
v 0.938613 1.595672 0.055812
v 0.941178 1.554807 -0.037698
v 0.922897 1.495529 0.021557
v 0.939569 1.990809 -0.009033
v 0.942830 1.916541 -0.075815
v 0.910034 1.877604 -0.088470
v 0.934473 1.849579 -0.099322
v 0.949191 1.705109 0.085481
v 0.923588 1.547620 0.050897
v 0.914959 1.495918 0.034929
v 0.934873 1.508057 -0.006456
v 0.918379 1.986453 -0.003916
v 0.933937 1.993652 0.003656
v 0.934775 1.968425 -0.020471
v 0.922226 1.952211 0.035452
v 0.937368 1.864854 0.095683
v 0.939425 1.649847 -0.069679
v 0.947683 1.663912 0.068897
v 0.934129 1.506285 0.005509
v 0.923506 1.965835 0.017742
v 0.909597 1.880162 0.086941
v 0.912844 1.798952 0.103618
v 0.929274 1.712053 0.095710
v 0.931529 1.680112 0.086316
v 0.921756 1.672097 -0.090308
v 0.918695 1.612470 -0.071381
v 0.919515 1.494306 -0.027811
v 0.894282 1.928437 -0.046529
v 0.915478 1.694575 -0.098117
v 0.904741 1.643471 0.092403
v 0.923289 1.544420 -0.050513
v 0.887462 1.879419 0.081874
v 0.904628 1.720552 0.103558
v 0.902323 1.626784 -0.089233
v 0.914702 1.605804 0.071646
v 0.907733 1.456517 0.000022
v 0.902753 1.973201 0.008371
v 0.892667 1.968099 -0.009473
v 0.896884 1.713869 -0.105089
v 0.904889 1.681406 0.099838
v 0.902150 1.498675 0.048472
v 0.893208 1.462371 -0.039197
v 0.905684 1.457326 -0.013615
v 0.898768 1.457851 0.029007
v 0.895398 1.444439 -0.023104
v 0.893508 1.435513 0.017985
v 0.914209 1.966864 -0.014925
v 0.857741 1.838969 0.095423
v 0.875192 1.831470 -0.099453
v 0.886887 1.532259 -0.068376
v 0.903369 1.496739 -0.047519
v 0.889370 1.947688 -0.023420
v 0.870201 1.720306 -0.108132
v 0.887420 1.664512 -0.105516
v 0.889226 1.547545 0.071539
v 0.881741 1.456674 0.047036
v 0.873332 1.414433 -0.036641
v 0.887407 1.946849 0.023179
v 0.871866 1.789126 -0.107793
v 0.876932 1.796366 0.106265
v 0.882002 1.691330 0.107400
v 0.868583 1.600707 -0.104976
v 0.853138 1.532906 -0.097523
v 0.884341 1.407614 0.006921
v 0.884611 1.408185 -0.006587
v 0.864293 1.961544 -0.003527
v 0.866010 1.962441 0.003867
v 0.862023 1.813858 0.102518
v 0.902475 1.793287 -0.105438
v 0.869563 1.716927 0.107796
v 0.881209 1.454131 -0.046930
v 0.873969 1.417521 0.037295
v 0.866878 1.938441 -0.022413
v 0.852891 1.886109 0.063504
v 0.858390 1.749125 -0.111878
v 0.871950 1.673286 -0.109840
v 0.893305 1.607336 0.089279
v 0.861977 1.366621 -0.021983
v 0.870263 1.957989 0.010986
v 0.855236 1.933370 0.021769
v 0.830567 1.910150 0.036755
v 0.892988 1.878028 -0.084827
v 0.852386 1.610595 0.113231
v 0.848991 1.602358 -0.114433
v 0.866123 1.484061 0.065425
v 0.852686 1.356238 0.028988
v 0.867953 1.365154 0.000165
v 0.864057 1.358957 -0.011034
v 0.855337 1.952344 -0.011682
v 0.858766 1.841288 -0.094980
v 0.863788 1.605325 0.108050
v 0.844217 1.554568 0.109597
v 0.833872 1.544444 -0.114738
v 0.861936 1.477082 -0.066188
v 0.864859 1.363224 0.013534
v 0.850677 1.949183 0.012215
v 0.831763 1.853887 0.078951
v 0.856956 1.749533 0.111802
v 0.841355 1.678978 -0.112858
v 0.846187 1.526692 0.101012
v 0.844593 1.428242 -0.062700
v 0.847104 1.380394 0.045708
v 0.853872 1.336740 0.019981
v 0.850858 1.335663 -0.025123
v 0.840237 1.676533 0.112782
v 0.836570 1.622463 -0.117653
v 0.847100 1.461057 0.073043
v 0.842172 1.369420 -0.045969
v 0.854734 1.316086 0.008371
v 0.855204 1.313619 -0.001339
v 0.852903 1.312221 -0.013150
v 0.854458 1.205470 0.027163
v 0.852354 1.260180 -0.040624
v 0.853011 1.221574 0.044567
v 0.854166 1.213581 -0.024736
v 0.853357 1.192274 -0.036783
v 0.821914 1.935753 0.009629
v 0.824878 1.704082 -0.116373
v 0.838868 1.498388 0.098286
v 0.838288 1.487947 -0.094978
v 0.835769 1.427077 -0.070868
v 0.840786 1.425750 0.064435
v 0.847747 1.315842 0.024811
v 0.844824 1.305150 -0.030398
v 0.848034 1.287982 -0.028141
v 0.851277 1.269421 0.014015
v 0.851172 1.265046 -0.013725
v 0.852178 1.262271 0.038274
v 0.848236 1.254418 0.060530
v 0.847418 1.261715 -0.061548
v 0.850841 1.213313 -0.053575
v 0.850146 1.199404 -0.000221
v 0.849643 1.202394 0.054174
v 0.851473 1.171074 0.032248
v 0.847103 1.180027 -0.000043
v 0.852070 1.177181 -0.027270
v 0.847822 1.158427 0.019476
v 0.844457 1.170126 -0.059849
v 0.845308 1.141167 -0.025724
v 0.845921 1.141812 0.028812
v 0.846018 1.145551 -0.041187
v 0.848800 1.123080 0.034672
v 0.848276 1.124050 -0.032334
v 0.846420 1.119721 -0.054816
v 0.843751 1.139522 -0.065190
v 0.839516 1.625513 0.116559
v 0.829471 1.515055 -0.112189
v 0.830924 1.339311 0.050185
v 0.831190 1.338058 -0.050050
v 0.833806 1.321506 -0.046727
v 0.841357 1.292110 0.064024
v 0.842772 1.289366 -0.060988
v 0.840977 1.259466 0.077006
v 0.840492 1.248825 -0.079154
v 0.840765 1.241979 0.077583
v 0.836387 1.205243 0.079409
v 0.837377 1.200693 -0.077690
v 0.843762 1.174802 0.061382
v 0.841092 1.156642 -0.000238
v 0.845630 1.148374 0.046989
v 0.838143 1.131702 -0.000547
v 0.840022 1.114440 -0.005354
v 0.844991 1.106808 0.055752
v 0.839560 1.112475 0.005157
v 0.845916 1.105677 0.030622
v 0.846616 1.107722 -0.034670
v 0.842074 1.094169 -0.057404
v 0.836510 1.097300 -0.075200
v 0.837818 1.089065 0.066388
v 0.837506 1.071504 -0.031800
v 0.835649 1.062608 0.043409
v 0.833834 1.066850 0.024855
v 0.826147 1.906292 -0.038817
v 0.846501 1.870509 -0.073101
v 0.795143 1.734876 -0.116212
v 0.813436 1.716003 -0.117511
v 0.816415 1.553652 -0.123130
v 0.820948 1.547784 0.120819
v 0.823363 1.463681 0.103275
v 0.829985 1.370359 -0.058264
v 0.847532 1.290101 0.027063
v 0.835803 1.294720 -0.076312
v 0.825813 1.231683 -0.094987
v 0.842307 1.141032 0.070406
v 0.836347 1.125703 -0.084559
v 0.836069 1.117503 0.083558
v 0.827619 1.105801 0.094355
v 0.826118 1.070118 -0.004331
v 0.834162 1.060870 -0.049945
v 0.826869 1.051503 -0.064595
v 0.818008 1.930861 -0.013433
v 0.817255 1.916911 0.021200
v 0.809245 1.823374 0.090164
v 0.796809 1.797069 0.099557
v 0.796783 1.741413 0.114817
v 0.812965 1.722903 0.116644
v 0.822829 1.704933 0.116557
v 0.827505 1.442650 0.089820
v 0.823808 1.433049 -0.091621
v 0.826598 1.397384 0.069730
v 0.822349 1.398515 -0.077155
v 0.833534 1.321788 0.048444
v 0.829856 1.303058 0.083206
v 0.831469 1.278880 -0.088679
v 0.831053 1.270444 0.090044
v 0.820244 1.241239 0.101742
v 0.823280 1.094788 -0.097879
v 0.827035 1.055881 0.068522
v 0.827766 1.049135 -0.032126
v 0.816958 1.040309 -0.074651
v 0.817192 1.039815 0.073253
v 0.828113 1.046312 0.040789
v 0.815809 1.936649 0.000352
v 0.827416 1.921137 -0.021910
v 0.789708 1.763111 -0.110071
v 0.804456 1.563176 0.126253
v 0.803205 1.564709 -0.126836
v 0.814791 1.498844 0.119198
v 0.811677 1.431490 -0.107882
v 0.813887 1.407518 0.096973
v 0.819030 1.373424 0.075549
v 0.823960 1.338999 0.073347
v 0.824471 1.340960 -0.069964
v 0.816479 1.346961 0.086734
v 0.817078 1.341418 -0.088145
v 0.810920 1.291795 0.111968
v 0.817041 1.280512 0.105139
v 0.813318 1.258069 -0.111533
v 0.827983 1.170589 0.099869
v 0.827668 1.175577 -0.100058
v 0.812087 1.156839 -0.122122
v 0.817931 1.092778 0.103278
v 0.810824 1.084494 -0.108544
v 0.825481 1.067763 0.004603
v 0.811521 1.041871 -0.011869
v 0.820419 1.034733 0.038572
v 0.821799 1.037264 0.057089
v 0.813188 1.025542 -0.060798
v 0.779729 1.765559 0.108260
v 0.801156 1.609892 -0.123399
v 0.800487 1.608988 0.123190
v 0.808311 1.500506 -0.123810
v 0.803344 1.462257 -0.122375
v 0.818509 1.368081 -0.076949
v 0.811563 1.289800 -0.111367
v 0.810280 1.221443 -0.121774
v 0.807883 1.178849 -0.128876
v 0.809352 1.147061 0.124091
v 0.811800 1.124988 -0.117160
v 0.802086 1.066715 -0.109336
v 0.803800 1.027080 0.081033
v 0.803203 1.019276 0.030307
v 0.804873 1.021653 -0.030136
v 0.822681 1.036129 -0.044858
v 0.794691 1.928691 0.000354
v 0.789065 1.870655 0.053883
v 0.780318 1.840472 0.073112
v 0.798664 1.790756 -0.102546
v 0.782761 1.669316 0.126533
v 0.805860 1.455986 0.118703
v 0.797738 1.434232 -0.124360
v 0.803554 1.419457 0.115279
v 0.805959 1.394384 -0.106972
v 0.802547 1.365945 -0.110672
v 0.801838 1.354175 0.113897
v 0.809675 1.236673 0.120229
v 0.808527 1.183995 0.127635
v 0.794509 1.095964 -0.127811
v 0.804042 1.074315 0.110736
v 0.796781 1.045669 -0.100892
v 0.809723 1.021990 0.061214
v 0.789413 1.020963 -0.091194
v 0.796438 1.906143 -0.021400
v 0.780237 1.898380 0.020655
v 0.818546 1.825881 -0.091605
v 0.781955 1.659327 -0.128029
v 0.782995 1.502869 0.134573
v 0.778676 1.494599 -0.136871
v 0.789588 1.462646 0.131272
v 0.782769 1.394677 -0.140834
v 0.802528 1.380119 0.110577
v 0.797838 1.310061 0.132993
v 0.803210 1.281086 0.131048
v 0.803480 1.281749 -0.130627
v 0.800485 1.184824 0.146714
v 0.801601 1.145400 0.136621
v 0.800132 1.135373 -0.137967
v 0.798338 1.102976 0.126032
v 0.797493 1.120155 -0.134631
v 0.793571 1.057265 0.111880
v 0.795576 1.019075 -0.000122
v 0.794703 1.005946 -0.026544
v 0.777708 1.909785 -0.014683
v 0.749288 1.663878 0.131219
v 0.758700 1.588004 -0.136654
v 0.772695 1.471701 0.139902
v 0.783476 1.461072 -0.135473
v 0.785782 1.389006 0.136533
v 0.796260 1.309510 -0.136265
v 0.788584 1.257217 -0.171203
v 0.789856 1.255943 0.169064
v 0.793584 1.238287 0.165627
v 0.797527 1.247665 -0.154044
v 0.798789 1.186982 -0.151916
v 0.790004 1.171148 -0.174147
v 0.789874 1.143450 0.167703
v 0.794649 1.115058 0.137026
v 0.791663 1.000904 0.031533
v 0.792779 1.004123 0.047541
v 0.797711 1.009475 -0.044040
v 0.797817 1.013267 -0.068094
v 0.791774 1.917602 0.013499
v 0.782569 1.862878 -0.057392
v 0.789090 1.850947 -0.069501
v 0.785528 1.426921 0.135526
v 0.783325 1.369727 -0.142007
v 0.773030 1.324462 -0.168897
v 0.790483 1.225196 -0.172710
v 0.791716 1.178350 0.170844
v 0.783455 1.133486 -0.176532
v 0.780128 1.127787 0.179698
v 0.780887 1.097037 0.156495
v 0.782066 1.100858 -0.158027
v 0.779308 1.077552 -0.137781
v 0.776290 1.060451 0.129497
v 0.789401 1.020372 0.089894
v 0.783212 0.998109 -0.007966
v 0.759575 0.974768 0.059460
v 0.771904 1.914288 -0.008870
v 0.767807 1.526162 0.136207
v 0.775416 1.427241 -0.144542
v 0.774351 1.320912 0.168041
v 0.771089 1.278220 -0.189444
v 0.775846 1.238378 0.192132
v 0.771561 1.237449 -0.197369
v 0.779646 1.163116 -0.188090
v 0.773401 1.070560 0.141542
v 0.762574 1.044852 -0.133144
v 0.759896 1.023734 0.115672
v 0.758757 1.022915 -0.116293
v 0.747047 0.973997 0.075274
v 0.776629 0.984934 0.043784
v 0.779464 0.993078 0.008173
v 0.784702 1.919618 0.008795
v 0.769158 1.892400 -0.021406
v 0.772104 1.625894 0.131660
v 0.770118 1.544709 -0.134674
v 0.768697 1.428576 0.148320
v 0.774037 1.397581 0.150448
v 0.764689 1.375396 -0.164423
v 0.774753 1.354908 0.157430
v 0.769109 1.279384 0.190669
v 0.782784 1.169185 0.184272
v 0.769949 1.139475 -0.196456
v 0.760148 1.089059 0.187905
v 0.749492 0.988336 0.088885
v 0.746965 0.974564 -0.076298
v 0.776001 0.984053 -0.042949
v 0.757846 1.907372 0.011285
v 0.747295 1.793094 0.091858
v 0.768709 1.469175 -0.141930
v 0.766967 1.332488 0.173033
v 0.764420 1.190874 -0.204390
v 0.765554 1.181057 0.202811
v 0.768073 1.139628 0.197638
v 0.759671 1.095625 -0.192565
v 0.760693 1.078379 0.178017
v 0.761026 1.080431 -0.180607
v 0.754026 0.970691 -0.061392
v 0.750413 0.962404 -0.032452
v 0.757712 1.909135 0.001154
v 0.758699 1.908199 -0.011140
v 0.750224 1.881135 0.021898
v 0.750847 1.870094 -0.035072
v 0.710620 1.713893 -0.120764
v 0.750099 1.549994 0.140645
v 0.761452 1.378406 0.165804
v 0.753209 1.337577 0.183183
v 0.760141 1.333403 -0.179459
v 0.759082 1.283058 0.198842
v 0.755962 1.281921 -0.201701
v 0.756113 1.240288 0.208999
v 0.750844 1.107636 -0.206841
v 0.752933 1.045972 -0.149189
v 0.756053 1.040148 0.135318
v 0.749191 0.987755 -0.088863
v 0.759723 0.973276 -0.000447
v 0.754530 0.966109 0.027007
v 0.752464 1.871497 0.034024
v 0.761232 1.679415 -0.127978
v 0.734209 1.631670 -0.137979
v 0.752479 1.475227 -0.145965
v 0.759028 1.431670 0.152402
v 0.764075 1.434618 -0.149991
v 0.750301 1.378903 -0.172400
v 0.742660 1.357531 0.182599
v 0.753860 1.238620 -0.210496
v 0.754189 1.191349 0.211370
v 0.744818 1.124059 -0.215497
v 0.755793 1.113832 0.203408
v 0.739227 1.040207 0.170204
v 0.745811 0.965042 0.060050
v 0.741018 0.956533 0.040862
v 0.729834 1.662900 0.132017
v 0.716246 1.583525 0.145485
v 0.720692 1.583744 -0.144903
v 0.742893 1.523489 -0.145168
v 0.749172 1.471801 0.147324
v 0.740932 1.438604 0.156873
v 0.747819 1.271357 0.208073
v 0.742835 1.123638 0.216296
v 0.719427 1.070476 0.220814
v 0.734010 1.045345 0.189422
v 0.737311 1.043958 -0.181548
v 0.736379 1.019944 0.135804
v 0.720320 1.883957 -0.011675
v 0.703687 1.707181 0.121890
v 0.694293 1.674398 0.131951
v 0.752494 1.736609 -0.115205
v 0.720402 1.647526 -0.135931
v 0.741844 1.270684 -0.211235
v 0.736402 1.196696 0.220152
v 0.747218 1.197199 -0.215693
v 0.735985 1.033304 -0.166276
v 0.740773 1.025420 -0.138344
v 0.715113 0.991049 0.116918
v 0.723009 1.885316 0.011420
v 0.737114 1.894356 -0.008946
v 0.748488 1.776697 -0.101441
v 0.721370 1.467896 -0.160740
v 0.741321 1.440562 -0.156551
v 0.726417 1.396692 0.175282
v 0.745699 1.336129 -0.189009
v 0.734671 1.131495 -0.222005
v 0.722888 1.029917 -0.194786
v 0.707319 0.986750 -0.121231
v 0.716783 0.987948 -0.112942
v 0.741059 0.960058 -0.000744
v 0.731679 0.952405 -0.046250
v 0.734852 0.952549 0.028083
v 0.721469 1.864799 0.021847
v 0.701881 1.836408 0.038543
v 0.703547 1.540948 0.152840
v 0.724815 1.396539 -0.176466
v 0.743012 1.299694 0.203321
v 0.743089 1.301928 -0.202813
v 0.707120 1.212096 -0.232994
v 0.725023 1.228450 0.223220
v 0.730087 1.195178 -0.223107
v 0.712243 1.042434 0.215037
v 0.715239 1.042251 -0.212092
v 0.722613 1.021157 0.188654
v 0.722650 1.010317 0.156086
v 0.724124 1.011443 -0.150789
v 0.708510 0.964740 0.099912
v 0.715367 0.966765 -0.096675
v 0.735675 0.952863 -0.030604
v 0.719924 1.885924 0.001079
v 0.763607 1.808626 -0.088293
v 0.745544 1.769140 0.103982
v 0.705057 1.526224 -0.155181
v 0.735916 1.509989 0.148775
v 0.707098 1.411143 -0.180683
v 0.725137 1.126816 0.225975
v 0.724876 1.018937 -0.180394
v 0.707194 0.986607 0.176623
v 0.699636 0.950318 0.088640
v 0.705007 0.942709 0.063857
v 0.702656 0.945709 -0.076452
v 0.714189 0.945398 -0.006502
v 0.740212 1.875756 -0.022128
v 0.700272 1.851554 -0.022195
v 0.710332 1.748504 0.105597
v 0.695898 1.551332 -0.152812
v 0.707659 1.424759 0.176319
v 0.697253 1.363867 0.201954
v 0.703827 1.304821 -0.219357
v 0.705221 1.269181 0.226133
v 0.701196 1.271957 -0.227636
v 0.692242 1.137664 -0.238792
v 0.704834 1.111344 -0.234609
v 0.680335 1.079090 -0.245508
v 0.696371 1.040374 -0.228755
v 0.707844 0.984001 -0.152995
v 0.709066 0.990051 -0.177023
v 0.702285 0.998833 -0.199036
v 0.708196 0.991396 0.129959
v 0.708350 0.991600 -0.134324
v 0.679771 1.852282 0.014690
v 0.695791 1.782306 0.078791
v 0.686283 1.539631 0.155673
v 0.691921 1.472008 0.168408
v 0.721525 1.473550 0.159307
v 0.701236 1.399495 0.187011
v 0.700551 1.330103 -0.212909
v 0.701945 0.999124 0.199247
v 0.690780 1.005292 0.213690
v 0.688425 0.996710 -0.211874
v 0.702944 0.980613 0.120683
v 0.694252 1.866236 -0.011414
v 0.695638 1.650217 0.137872
v 0.697975 1.600148 0.144500
v 0.692196 1.433142 -0.178673
v 0.699263 1.309926 0.219338
v 0.681045 1.229314 -0.242695
v 0.693273 1.138586 0.237968
v 0.690322 1.063095 0.238822
v 0.693012 1.058251 -0.236758
v 0.701966 0.970361 0.152539
v 0.698927 0.974685 0.129689
v 0.700778 0.973688 -0.183861
v 0.699648 0.962365 -0.153145
v 0.697205 0.960720 -0.108628
v 0.672907 0.924197 0.047794
v 0.686447 0.934802 -0.014885
v 0.696987 0.934864 -0.041361
v 0.697625 1.868742 0.009752
v 0.663909 1.743195 0.091689
v 0.700451 1.736341 -0.109315
v 0.696840 1.650239 -0.138252
v 0.663228 1.164096 -0.250970
v 0.692884 0.957517 0.194087
v 0.697149 0.957439 0.184296
v 0.697735 0.973551 -0.124408
v 0.692224 0.955625 -0.194961
v 0.690191 0.966524 -0.201071
v 0.699799 0.960319 0.169371
v 0.695355 0.959584 0.110465
v 0.687881 0.947168 0.117308
v 0.696429 0.947821 0.151863
v 0.696824 0.945321 -0.182859
v 0.696865 0.939126 -0.158693
v 0.698159 0.926228 0.175137
v 0.698343 0.947339 -0.170150
v 0.697801 0.879802 0.156106
v 0.698513 0.877804 0.171452
v 0.698591 0.881775 -0.173645
v 0.697870 0.880713 -0.158153
v 0.696195 0.885986 0.182809
v 0.693658 0.846896 0.150998
v 0.694905 0.854685 -0.152838
v 0.701049 0.119561 0.151696
v 0.699780 0.118479 0.136844
v 0.698358 0.118361 -0.129845
v 0.701008 0.119531 -0.150905
v 0.704377 0.111756 0.153114
v 0.691253 0.119763 0.180080
v 0.696549 0.112381 0.119990
v 0.699243 0.111183 -0.126619
v 0.703513 0.111733 -0.154322
v 0.695233 0.120657 -0.171703
v 0.694671 0.110891 -0.177946
v 0.699312 0.107974 0.148909
v 0.692693 0.107335 0.127801
v 0.692878 0.107271 -0.129115
v 0.699020 0.108189 -0.151097
v 0.688159 1.844474 0.021353
v 0.660357 1.582245 0.152142
v 0.666832 1.547958 -0.155939
v 0.690204 1.034731 0.230164
v 0.686616 0.964954 0.204372
v 0.688275 0.944269 -0.127468
v 0.688898 0.949346 -0.114980
v 0.685660 0.933816 0.130153
v 0.685438 0.938683 -0.093611
v 0.695417 0.927231 0.151757
v 0.682087 0.931354 0.080869
v 0.681113 0.929334 -0.073054
v 0.694716 0.938102 0.007381
v 0.689200 0.906638 0.197404
v 0.693557 0.890821 -0.189278
v 0.687963 0.872589 0.133254
v 0.690093 0.878893 -0.136902
v 0.690943 0.824673 -0.167653
v 0.695181 0.859566 -0.175569
v 0.682675 0.820480 -0.183935
v 0.690170 0.822866 0.168268
v 0.689112 0.849806 -0.140113
v 0.688715 0.816964 0.159918
v 0.688693 0.817682 -0.157860
v 0.688340 0.110749 0.186340
v 0.684343 0.112495 0.107167
v 0.682423 0.107749 0.111636
v 0.679891 0.107378 -0.110171
v 0.696937 1.835801 -0.036759
v 0.690063 1.670239 -0.133165
v 0.666637 1.548769 0.155573
v 0.676407 1.437904 0.180799
v 0.684358 1.363116 -0.206697
v 0.685497 1.216336 0.241694
v 0.665566 1.163760 0.249549
v 0.673802 1.064039 0.246367
v 0.676826 0.971959 0.213692
v 0.677485 0.964749 -0.212777
v 0.686386 0.906626 -0.200636
v 0.680470 0.933102 0.097651
v 0.682536 0.933609 0.015448
v 0.689611 0.934018 -0.137724
v 0.677335 0.905492 -0.208954
v 0.678431 0.834325 0.193235
v 0.677020 0.832051 -0.194332
v 0.681057 0.814443 0.183581
v 0.684493 0.847268 0.133497
v 0.670552 0.762165 0.148607
v 0.669351 0.762699 -0.145710
v 0.657747 0.168829 0.138532
v 0.677972 0.138744 -0.126998
v 0.656088 0.166872 -0.126246
v 0.685745 0.133114 0.166397
v 0.684172 0.112353 -0.107573
v 0.682757 0.119321 -0.191014
v 0.684789 0.109381 -0.181358
v 0.673989 1.856673 -0.008999
v 0.693245 1.784625 -0.076105
v 0.646931 1.650227 0.132181
v 0.678984 1.285274 0.232595
v 0.655436 1.109305 -0.254848
v 0.655881 1.014363 0.241887
v 0.654824 1.016168 -0.243535
v 0.662263 0.991666 -0.227812
v 0.677766 0.907947 0.208669
v 0.668029 0.913511 0.104913
v 0.670368 0.920938 -0.095503
v 0.679838 0.927559 0.063502
v 0.668944 0.922428 -0.046887
v 0.670795 0.918601 -0.106712
v 0.671524 0.903301 0.113493
v 0.671567 0.906409 -0.113748
v 0.678890 0.853420 -0.125227
v 0.668784 0.863828 0.206853
v 0.674439 0.850332 0.121183
v 0.672000 0.868731 -0.206084
v 0.668837 0.828861 -0.121616
v 0.666523 0.767244 0.137712
v 0.666590 0.767393 -0.138120
v 0.667842 0.751396 0.162369
v 0.670468 0.758641 -0.155464
v 0.675531 0.780039 -0.172968
v 0.669834 0.769655 0.175710
v 0.652681 0.172699 -0.150749
v 0.664006 0.145079 0.114354
v 0.674794 0.120128 0.197195
v 0.675289 0.111195 -0.196373
v 0.682298 0.109307 0.183324
v 0.662176 1.735124 -0.096644
v 0.657509 1.600892 0.148603
v 0.655897 1.576914 -0.154006
v 0.675320 1.465131 -0.174341
v 0.663411 1.447455 0.180002
v 0.666373 1.369790 0.207691
v 0.655332 1.340357 -0.223192
v 0.671094 1.303041 -0.230637
v 0.679541 1.088717 0.245261
v 0.657873 1.069935 -0.253309
v 0.669220 0.919911 0.096119
v 0.663918 0.895814 -0.106940
v 0.660005 0.769518 0.129710
v 0.659044 0.806558 0.200709
v 0.662931 0.810530 -0.199942
v 0.666654 0.782163 0.186961
v 0.663323 0.778556 -0.188900
v 0.638099 0.181264 -0.162216
v 0.666992 0.112617 -0.097875
v 0.663503 0.110252 0.162435
v 0.657947 0.110409 -0.160973
v 0.655356 1.836531 -0.015401
v 0.654096 1.695337 -0.115465
v 0.639600 1.645007 -0.133062
v 0.657101 1.337193 0.223663
v 0.664548 1.258676 0.244421
v 0.662910 1.258492 -0.245254
v 0.656333 1.073902 0.253637
v 0.648500 1.033550 0.250427
v 0.652606 1.037340 -0.250014
v 0.662327 0.994799 0.228904
v 0.661172 0.974157 -0.223247
v 0.659262 0.922263 0.219668
v 0.661243 0.897490 -0.216260
v 0.652388 0.903643 -0.090442
v 0.659416 0.765917 -0.130462
v 0.654261 0.765186 0.188764
v 0.663423 0.756068 -0.176512
v 0.655485 0.723271 -0.162678
v 0.655768 0.167922 0.126622
v 0.656730 0.170406 -0.138764
v 0.660473 0.146213 -0.112002
v 0.652214 0.144392 -0.105117
v 0.667529 0.128495 -0.195013
v 0.658550 0.111870 0.205643
v 0.660006 0.111560 0.096465
v 0.659329 0.109680 0.198883
v 0.658006 0.108333 0.100784
v 0.646196 0.107346 0.110485
v 0.664185 1.848932 0.010363
v 0.642172 1.833340 -0.011064
v 0.651098 1.821449 0.019734
v 0.665894 1.829069 -0.022024
v 0.644034 1.761013 0.066370
v 0.643879 1.667879 0.124302
v 0.642774 1.607699 0.145668
v 0.672397 1.441523 -0.180727
v 0.653715 1.142751 -0.255882
v 0.659800 0.976823 0.223701
v 0.625850 0.920717 -0.007481
v 0.655338 0.913484 -0.080134
v 0.659230 0.914490 0.086145
v 0.656533 0.897033 0.099630
v 0.651039 0.889318 -0.096904
v 0.646136 0.832101 0.101345
v 0.637073 0.783291 0.107106
v 0.638721 0.702215 0.169413
v 0.643351 0.709354 0.139741
v 0.645931 0.704994 -0.145978
v 0.637886 0.702821 -0.136677
v 0.653421 0.720467 0.164544
v 0.652481 0.173159 0.149400
v 0.639972 0.182104 0.156828
v 0.658712 0.136936 0.104937
v 0.654596 0.119177 0.207285
v 0.651154 0.112624 -0.208302
v 0.646213 0.107397 -0.109271
v 0.639377 1.832548 0.008163
v 0.659645 1.811434 0.036324
v 0.656987 1.708706 0.109421
v 0.627682 1.531510 0.165415
v 0.641951 1.458310 0.180232
v 0.639632 1.456342 -0.181513
v 0.646771 1.407439 0.195653
v 0.647030 1.410459 -0.194901
v 0.627444 1.320788 -0.240023
v 0.634113 1.317087 0.239077
v 0.647907 1.290920 -0.243235
v 0.637950 1.187479 0.256925
v 0.628611 0.920813 0.009247
v 0.649051 0.883482 0.217361
v 0.642109 0.903377 0.084741
v 0.644711 0.831705 -0.100961
v 0.652378 0.800387 -0.202080
v 0.636261 0.753199 -0.114532
v 0.639386 0.743616 0.119986
v 0.633417 0.717856 -0.180862
v 0.652006 0.713775 0.151960
v 0.643956 0.694625 -0.152653
v 0.635284 0.682065 0.160961
v 0.641336 0.694698 -0.160718
v 0.631919 0.177566 0.173371
v 0.638491 0.174345 -0.113719
v 0.638809 0.172799 0.112367
v 0.657707 0.117539 0.095920
v 0.650926 0.118780 -0.094879
v 0.656614 0.118796 -0.207284
v 0.633800 0.111431 -0.092915
v 0.614241 0.110224 0.160673
v 0.627582 0.107208 -0.097849
v 0.638454 1.826611 0.014640
v 0.611844 1.768500 0.045544
v 0.628784 1.526929 -0.166542
v 0.637079 1.147678 0.262127
v 0.630174 1.132902 -0.264600
v 0.648791 0.922642 -0.222817
v 0.647986 0.910708 0.077293
v 0.649620 0.914692 0.056809
v 0.637427 0.885057 0.090310
v 0.632852 0.859000 -0.216834
v 0.652472 0.799632 0.201651
v 0.639451 0.702138 -0.168912
v 0.641113 0.687660 0.150221
v 0.642719 0.184071 0.129140
v 0.644068 0.182526 -0.130775
v 0.630356 0.146106 0.198565
v 0.629236 0.168591 -0.183820
v 0.629716 0.112754 0.211208
v 0.626712 0.109545 0.144144
v 0.629254 0.109058 -0.140363
v 0.621959 1.812025 -0.016421
v 0.626713 1.801333 -0.023237
v 0.660965 1.812199 -0.036722
v 0.647119 1.597152 -0.149736
v 0.620232 1.398079 -0.207106
v 0.650275 1.281713 0.244288
v 0.634420 1.190076 -0.258086
v 0.620396 0.973609 -0.235077
v 0.628277 0.947315 -0.229477
v 0.641241 0.909414 -0.075461
v 0.626177 0.865822 0.219036
v 0.628908 0.740638 -0.190646
v 0.623925 0.700998 0.123398
v 0.629916 0.661068 0.141030
v 0.630993 0.659452 -0.147432
v 0.636249 0.193582 0.143382
v 0.635373 0.191969 0.121760
v 0.635532 0.192367 -0.123049
v 0.635319 0.193730 -0.146630
v 0.625885 0.173309 0.182414
v 0.626459 0.111562 0.092179
v 0.635935 0.108692 -0.195159
v 0.634671 0.109702 -0.205040
v 0.619332 1.600833 -0.143846
v 0.619671 1.492017 -0.176692
v 0.626645 1.143578 -0.265975
v 0.644620 1.103842 0.257945
v 0.623890 1.091583 -0.262566
v 0.625081 1.046317 -0.259374
v 0.622396 1.004658 -0.250107
v 0.624445 0.907485 0.072224
v 0.625070 0.902969 -0.078584
v 0.619982 0.891092 0.083311
v 0.620342 0.888831 -0.083902
v 0.633676 0.832537 -0.095574
v 0.630298 0.830515 0.094402
v 0.624004 0.783039 0.202736
v 0.625196 0.786537 -0.203601
v 0.624581 0.754828 -0.106411
v 0.632690 0.738018 0.188289
v 0.621648 0.701582 -0.121855
v 0.614563 0.673195 -0.174001
v 0.624803 0.655904 0.134339
v 0.629564 0.654124 0.150031
v 0.626722 0.647561 -0.141613
v 0.624591 0.650829 -0.135556
v 0.626938 0.650066 -0.154569
v 0.627389 0.663510 -0.160877
v 0.624241 0.190719 0.172299
v 0.624614 0.190796 -0.172149
v 0.624957 0.188109 -0.109049
v 0.620231 0.165829 -0.101948
v 0.624175 0.108313 0.202588
v 0.623368 1.820300 0.009480
v 0.606269 1.747815 0.057179
v 0.593215 1.663805 0.099573
v 0.620995 1.504920 0.172698
v 0.597766 1.461704 -0.189791
v 0.621384 1.236056 0.256984
v 0.617036 1.048589 0.260885
v 0.631202 1.008817 0.248949
v 0.628688 0.947011 0.228970
v 0.627808 0.908935 -0.067959
v 0.619951 0.767910 0.101442
v 0.610039 0.708206 0.111461
v 0.614622 0.670203 0.172947
v 0.613085 0.644627 -0.168562
v 0.620085 0.632506 0.158979
v 0.619785 0.207152 0.143904
v 0.607278 0.214280 0.160036
v 0.605985 0.216707 0.128613
v 0.617818 0.209124 -0.140751
v 0.607925 0.213515 -0.160297
v 0.623734 0.188254 0.108167
v 0.630496 0.167093 0.105125
v 0.614706 0.162777 0.099702
v 0.621770 0.119696 0.212514
v 0.620629 0.119097 -0.212872
v 0.618762 0.106369 0.098981
v 0.605761 0.110446 -0.157317
v 0.613745 1.806859 0.015469
v 0.622405 1.799081 0.022198
v 0.607631 1.537460 0.164013
v 0.611531 1.303819 0.247872
v 0.607066 1.250499 -0.258757
v 0.614565 0.973132 0.236191
v 0.621550 0.886180 -0.222856
v 0.615335 0.771413 -0.100073
v 0.609334 0.655314 0.119241
v 0.610336 0.643440 0.170569
v 0.615356 0.617364 0.125320
v 0.621551 0.616806 0.142432
v 0.619399 0.613388 0.134018
v 0.615267 0.618160 -0.125211
v 0.620652 0.616296 -0.149926
v 0.614534 0.604549 -0.162543
v 0.619409 0.606778 -0.137260
v 0.607485 0.204544 0.169519
v 0.607276 0.209425 0.121964
v 0.607545 0.211649 -0.124619
v 0.617480 0.180245 0.101603
v 0.614265 0.170684 -0.190092
v 0.626590 0.122712 -0.091771
v 0.625461 0.118824 0.091080
v 0.603678 0.104950 -0.109494
v 0.595506 1.802996 0.000469
v 0.643816 1.761315 -0.066333
v 0.605216 1.589496 0.144185
v 0.588989 1.416200 -0.208063
v 0.595223 1.364006 -0.231624
v 0.617950 1.134312 0.267445
v 0.594681 1.114748 -0.271847
v 0.618294 1.089620 0.262910
v 0.598211 1.044362 -0.263212
v 0.605500 0.918570 0.228471
v 0.613380 0.917692 -0.020675
v 0.609135 0.908300 0.067290
v 0.609324 0.906616 -0.071908
v 0.602851 0.893326 0.080764
v 0.607352 0.840227 -0.219752
v 0.606331 0.833477 0.089601
v 0.609759 0.811604 -0.092876
v 0.607586 0.708838 -0.110404
v 0.612150 0.655160 -0.121914
v 0.607222 0.607731 0.172349
v 0.609682 0.578988 0.163074
v 0.610265 0.589618 0.124713
v 0.609499 0.583558 -0.125397
v 0.610023 0.568795 -0.157775
v 0.616024 0.590606 0.151839
v 0.607191 0.542250 -0.140992
v 0.607470 0.554362 0.152591
v 0.606778 0.539553 0.139140
v 0.606128 0.540434 0.130968
v 0.605567 0.222535 0.151460
v 0.602359 0.228125 -0.151026
v 0.610264 0.197862 -0.113298
v 0.618152 0.180995 -0.102338
v 0.607844 0.180256 -0.190748
v 0.606984 0.164846 0.195132
v 0.611872 0.143752 0.095101
v 0.606668 0.144433 -0.204962
v 0.606180 0.138621 -0.094779
v 0.598832 0.114299 0.095123
v 0.601874 0.111730 -0.211063
v 0.608230 0.108195 0.097460
v 0.588551 1.794855 0.009389
v 0.613152 1.772873 -0.043149
v 0.599777 1.508385 -0.174013
v 0.593642 1.465507 0.189073
v 0.584350 1.346726 -0.240635
v 0.591754 1.275485 0.257429
v 0.599428 1.223948 -0.262613
v 0.598371 1.025635 -0.260118
v 0.596074 1.019459 0.258573
v 0.590530 0.992167 0.250332
v 0.591790 0.964287 0.237674
v 0.605383 0.946057 -0.233205
v 0.617770 0.920702 0.003699
v 0.596323 0.919904 -0.023574
v 0.595925 0.894861 -0.080532
v 0.608621 0.842950 0.219673
v 0.599007 0.727048 -0.196767
v 0.603138 0.714273 0.107491
v 0.599411 0.646435 -0.178277
v 0.598981 0.599795 0.112419
v 0.603796 0.608658 -0.115804
v 0.602487 0.568422 -0.169075
v 0.598645 0.569408 0.171948
v 0.600997 0.541566 0.122168
v 0.605711 0.540356 -0.130842
v 0.600269 0.547835 0.162445
v 0.591837 0.517165 -0.156776
v 0.607389 0.221558 0.141459
v 0.606821 0.221707 -0.137460
v 0.597932 0.202396 0.113609
v 0.605101 0.180519 0.191227
v 0.597962 0.166505 0.096778
v 0.605714 0.167752 -0.097708
v 0.606438 0.164389 -0.195670
v 0.610866 0.114866 -0.092791
v 0.585982 0.106835 0.202382
v 0.605783 0.107773 -0.098914
v 0.594525 0.106845 -0.203818
v 0.609667 1.790717 -0.021501
v 0.591204 1.775468 -0.023017
v 0.592348 1.548285 -0.158371
v 0.608563 1.539278 -0.163772
v 0.595013 1.359763 0.233181
v 0.605173 1.306178 -0.249007
v 0.600717 1.224710 0.261867
v 0.595574 1.114281 0.271226
v 0.593454 1.075281 0.264542
v 0.590871 0.966693 -0.239235
v 0.594206 0.921356 0.018439
v 0.590563 0.911814 -0.062234
v 0.610007 0.852639 -0.088056
v 0.585086 0.882257 0.086651
v 0.602274 0.724837 0.195012
v 0.582960 0.737772 0.099368
v 0.592689 0.728704 -0.102656
v 0.589408 0.679352 -0.186201
v 0.597882 0.654707 0.113031
v 0.598881 0.655314 -0.113715
v 0.599752 0.645833 0.177660
v 0.604880 0.609471 -0.174746
v 0.596749 0.556786 0.114919
v 0.601032 0.546617 -0.121017
v 0.582606 0.515571 0.164898
v 0.594898 0.510133 0.138807
v 0.594254 0.508893 -0.138593
v 0.587201 0.497086 -0.126729
v 0.600055 0.259845 0.159994
v 0.600106 0.261153 0.136120
v 0.600051 0.260039 -0.136443
v 0.600164 0.263020 -0.160176
v 0.598881 0.235698 0.159276
v 0.598825 0.239742 0.132432
v 0.600209 0.237658 -0.137742
v 0.597535 0.234485 -0.161769
v 0.595378 0.236217 -0.127188
v 0.591585 0.209986 0.174678
v 0.596570 0.202014 -0.113302
v 0.597417 0.206671 -0.173453
v 0.596840 0.197757 0.179064
v 0.596065 0.169495 -0.097614
v 0.597195 0.150776 0.098526
v 0.595373 0.148728 -0.099220
v 0.599465 0.129159 0.094384
v 0.593355 0.136636 0.206513
v 0.597634 0.124289 -0.210656
v 0.596419 0.113534 0.210766
v 0.586334 0.105604 0.189864
v 0.584884 0.105983 0.119399
v 0.576864 1.779507 0.015174
v 0.589485 1.795464 -0.010839
v 0.580038 1.719771 0.060071
v 0.590714 1.641659 -0.111718
v 0.587878 1.575065 -0.144095
v 0.574934 1.563532 0.144874
v 0.586499 1.487754 0.182283
v 0.572445 1.148205 0.275220
v 0.581574 1.069667 -0.265018
v 0.583960 1.036011 0.262657
v 0.585400 0.996171 -0.252479
v 0.581644 0.909705 -0.072203
v 0.588762 0.786491 -0.093950
v 0.592206 0.721579 0.196163
v 0.597906 0.684406 0.184296
v 0.581573 0.589739 0.103480
v 0.590922 0.615455 -0.108753
v 0.585652 0.566555 -0.106375
v 0.592187 0.597115 0.180861
v 0.590803 0.576447 -0.178917
v 0.578791 0.514643 -0.167496
v 0.589398 0.512801 0.157345
v 0.587259 0.497182 0.126252
v 0.588003 0.481108 -0.136983
v 0.596202 0.286121 0.136438
v 0.596682 0.283675 -0.136700
v 0.588098 0.313810 -0.144354
v 0.591362 0.288467 0.170205
v 0.597041 0.283782 0.159567
v 0.594305 0.290726 -0.163466
v 0.595555 0.265512 0.125944
v 0.591012 0.267511 -0.121768
v 0.595135 0.261905 0.173099
v 0.594033 0.262285 -0.175510
v 0.587475 0.228027 -0.173485
v 0.589022 0.228134 0.171685
v 0.582504 0.236252 0.114198
v 0.581470 0.233648 -0.113852
v 0.590915 0.216624 -0.116365
v 0.590989 0.219231 0.116989
v 0.589786 0.195163 0.109607
v 0.594072 0.173185 -0.195620
v 0.589848 0.154447 0.199143
v 0.591305 0.153221 -0.199773
v 0.591242 0.126642 -0.097603
v 0.588849 0.113839 -0.100758
v 0.571305 0.109829 -0.151700
v 0.583826 0.106095 -0.120936
v 0.581488 0.105505 -0.188792
v 0.574792 1.786445 -0.005778
v 0.581369 1.769176 0.021472
v 0.602701 1.746801 -0.056460
v 0.581641 1.627733 0.114494
v 0.591892 1.547022 0.158257
v 0.582848 1.498511 -0.178318
v 0.581911 1.341844 0.242260
v 0.578881 1.289712 -0.256388
v 0.573485 1.238230 0.264354
v 0.578556 1.175373 0.273015
v 0.575487 1.091102 0.270775
v 0.571683 1.088663 -0.271051
v 0.581803 0.913510 0.227627
v 0.592303 0.916428 -0.229192
v 0.590470 0.910234 0.067829
v 0.582702 0.901737 0.078731
v 0.577943 0.864929 0.221927
v 0.594236 0.808270 0.213091
v 0.577817 0.786911 0.094196
v 0.584385 0.726128 -0.197362
v 0.578486 0.730947 0.197371
v 0.579342 0.684040 0.187203
v 0.584064 0.658195 -0.183711
v 0.586880 0.656437 0.182640
v 0.592530 0.612717 -0.181518
v 0.581112 0.558927 0.105205
v 0.593130 0.556860 -0.112635
v 0.580139 0.511308 0.116388
v 0.586061 0.485426 -0.151041
v 0.582248 0.492199 -0.159722
v 0.585789 0.482177 0.150291
v 0.578287 0.487652 0.162889
v 0.586960 0.473392 0.139991
v 0.585649 0.466818 0.133943
v 0.577384 0.468078 0.119806
v 0.578761 0.491869 -0.118825
v 0.586855 0.315141 0.149662
v 0.582739 0.330040 0.135308
v 0.583554 0.311932 0.162104
v 0.594865 0.278645 -0.127884
v 0.589769 0.292752 0.125652
v 0.581681 0.298655 -0.119194
v 0.583717 0.314417 -0.160879
v 0.579201 0.285825 0.180459
v 0.588172 0.285772 -0.175059
v 0.586055 0.266935 0.180461
v 0.581660 0.262911 -0.111935
v 0.581253 0.261265 0.110999
v 0.579249 0.231922 0.178497
v 0.586292 0.195544 -0.181088
v 0.585355 0.187980 -0.108094
v 0.578520 0.141001 0.104227
v 0.579002 0.125522 0.203056
v 0.585845 0.108545 -0.204643
v 0.575139 0.109824 0.151373
v 0.583103 0.106952 0.111028
v 0.582186 0.108147 -0.110546
v 0.572972 1.774539 -0.016245
v 0.541583 1.714454 0.041202
v 0.570998 1.517250 -0.168509
v 0.572491 1.505762 0.174414
v 0.566631 1.471154 -0.191172
v 0.559085 1.387812 0.227657
v 0.572141 1.252718 -0.262391
v 0.577953 1.178060 -0.273201
v 0.570500 1.014180 0.258294
v 0.585716 0.922514 -0.011669
v 0.576635 0.925504 -0.038368
v 0.581332 0.886599 -0.085789
v 0.564292 0.882619 0.088756
v 0.578833 0.874191 -0.223645
v 0.565287 0.836977 -0.215967
v 0.570790 0.669454 0.104247
v 0.572989 0.667237 -0.105272
v 0.568002 0.649612 0.104417
v 0.573238 0.642837 -0.105666
v 0.575899 0.588624 -0.184622
v 0.577600 0.592012 0.184073
v 0.571687 0.588319 -0.100293
v 0.578503 0.574058 -0.182304
v 0.582324 0.562778 0.179030
v 0.581599 0.523406 -0.114645
v 0.574289 0.418162 0.158728
v 0.576054 0.445290 -0.122111
v 0.580333 0.422399 0.148730
v 0.572924 0.414818 -0.160545
v 0.580203 0.421483 -0.149128
v 0.574721 0.383872 0.128673
v 0.579466 0.390227 -0.138264
v 0.574741 0.385395 -0.129005
v 0.579496 0.387165 0.137886
v 0.578172 0.381222 0.150247
v 0.578251 0.375428 -0.150263
v 0.582441 0.340022 0.143106
v 0.583254 0.330110 -0.137408
v 0.577565 0.341885 0.155855
v 0.581899 0.336038 -0.149047
v 0.576877 0.326936 0.124626
v 0.576754 0.329523 -0.125349
v 0.569732 0.337446 0.165617
v 0.573593 0.307971 0.172473
v 0.577787 0.299524 0.116375
v 0.567688 0.314742 -0.173365
v 0.573453 0.251251 -0.184402
v 0.572714 0.219971 0.176913
v 0.573677 0.220474 0.112180
v 0.575388 0.213631 -0.177296
v 0.576497 0.200707 0.111862
v 0.572839 0.196961 0.178739
v 0.586919 0.167494 0.196807
v 0.593043 0.172907 0.098917
v 0.577811 0.155890 -0.100610
v 0.580779 0.163350 -0.196645
v 0.565847 0.153510 0.192612
v 0.567995 0.154021 -0.194040
v 0.575401 0.143438 0.196132
v 0.574421 0.143451 -0.196121
v 0.576029 0.139110 -0.106022
v 0.580728 0.129015 -0.204088
v 0.575875 0.125218 0.106583
v 0.575209 0.119878 -0.108223
v 0.551193 1.765774 -0.008882
v 0.537969 1.687452 -0.057696
v 0.599787 1.681598 -0.092452
v 0.561175 1.613756 0.113957
v 0.560978 1.548805 -0.149602
v 0.558892 1.472889 0.190412
v 0.565833 1.420238 -0.210559
v 0.589147 1.416136 0.207841
v 0.552255 1.398877 -0.223611
v 0.571170 1.148436 -0.275642
v 0.562742 1.059634 0.262627
v 0.553802 0.991742 -0.249939
v 0.572473 0.957076 0.234860
v 0.573210 0.956120 -0.235079
v 0.568238 0.909949 -0.224499
v 0.578545 0.924799 0.037288
v 0.576251 0.919008 0.059792
v 0.576444 0.921978 0.011175
v 0.574341 0.918038 -0.065319
v 0.564260 0.917143 0.071638
v 0.567248 0.800548 0.094008
v 0.566320 0.814204 0.211395
v 0.559267 0.762537 -0.200247
v 0.559042 0.754779 0.198269
v 0.573490 0.752945 -0.097080
v 0.570785 0.655994 0.183778
v 0.563485 0.586456 0.097937
v 0.562799 0.517287 -0.172650
v 0.567132 0.510610 0.111487
v 0.567344 0.518614 0.172203
v 0.568808 0.423089 0.164683
v 0.570680 0.437977 -0.165097
v 0.568073 0.399459 0.120623
v 0.568143 0.409443 -0.120242
v 0.572903 0.373635 0.158176
v 0.576422 0.339935 -0.158709
v 0.566578 0.342223 -0.167859
v 0.576213 0.277353 -0.184479
v 0.575514 0.264665 0.184748
v 0.565063 0.224424 -0.179139
v 0.577987 0.206020 -0.113066
v 0.573255 0.187886 -0.180696
v 0.579603 0.183887 0.185492
v 0.575961 0.153719 0.100816
v 0.568661 0.148982 -0.105347
v 0.570862 0.114207 -0.194915
v 0.571268 0.107514 0.183628
v 0.570750 0.107665 -0.183913
v 0.571005 0.108651 -0.126627
v 0.559124 1.734040 -0.038192
v 0.561813 1.620040 -0.110735
v 0.548671 1.377645 -0.233101
v 0.546914 1.226176 -0.269123
v 0.570824 1.024624 -0.261200
v 0.564806 0.945945 0.229840
v 0.561802 0.906253 0.221191
v 0.567855 0.927514 0.038384
v 0.556490 0.926213 -0.035269
v 0.561589 0.931607 -0.055118
v 0.571930 0.871983 -0.089593
v 0.564066 0.794261 -0.094434
v 0.569669 0.705481 0.098948
v 0.555722 0.719720 -0.095917
v 0.569355 0.678815 -0.185338
v 0.568202 0.656124 -0.183938
v 0.557004 0.653067 -0.103669
v 0.554095 0.609465 0.099362
v 0.554491 0.562258 0.097529
v 0.562438 0.563169 -0.099353
v 0.557779 0.549331 -0.179129
v 0.567370 0.511270 -0.111808
v 0.561075 0.489131 0.170197
v 0.572710 0.483874 -0.166435
v 0.566398 0.431597 0.117210
v 0.568277 0.448945 -0.116654
v 0.566233 0.390231 0.165048
v 0.569215 0.375230 -0.162996
v 0.570203 0.366814 0.122841
v 0.567502 0.367131 -0.121145
v 0.563354 0.331266 0.116676
v 0.567637 0.330936 -0.119043
v 0.556951 0.293138 -0.182448
v 0.565958 0.287997 -0.106932
v 0.559118 0.281024 0.184938
v 0.567936 0.264514 0.102826
v 0.567716 0.262720 -0.103303
v 0.558497 0.248312 0.185914
v 0.567187 0.228191 0.110288
v 0.556420 0.242172 -0.185146
v 0.567682 0.226030 -0.111497
v 0.560439 0.202391 -0.174762
v 0.562340 0.178700 -0.115664
v 0.578967 0.181592 0.107642
v 0.564696 0.134033 0.115610
v 0.570391 0.114215 0.193440
v 0.568714 0.109480 0.135605
v 0.564786 0.112034 0.129497
v 0.552524 1.746517 0.019291
v 0.549537 1.653325 -0.083832
v 0.550836 1.543949 0.150644
v 0.553678 1.319584 0.250091
v 0.544109 1.289708 -0.255661
v 0.557228 1.115820 -0.275498
v 0.550369 1.019817 0.257367
v 0.554596 1.014182 -0.257266
v 0.560433 0.931637 0.059123
v 0.556342 0.930467 -0.064725
v 0.559925 0.906989 -0.081012
v 0.557620 0.847220 0.214667
v 0.558733 0.856758 -0.216510
v 0.552746 0.850703 0.094468
v 0.558664 0.656869 0.181575
v 0.561340 0.576694 0.183451
v 0.552314 0.491103 -0.111277
v 0.554015 0.450795 0.112543
v 0.552192 0.452489 -0.112481
v 0.558877 0.430948 -0.116601
v 0.558659 0.407499 -0.169739
v 0.561204 0.430995 0.169063
v 0.560664 0.356019 0.117680
v 0.554862 0.347994 -0.172294
v 0.558393 0.346433 0.170868
v 0.560230 0.325836 -0.116090
v 0.558940 0.308761 0.176959
v 0.567001 0.299351 0.110512
v 0.554636 0.277801 -0.101877
v 0.547610 0.326068 -0.175716
v 0.550431 0.267111 0.186730
v 0.555619 0.241607 0.103852
v 0.554785 0.240080 -0.104848
v 0.547370 0.213607 0.118203
v 0.554669 0.199863 -0.118983
v 0.559589 0.185139 0.118186
v 0.562126 0.184530 -0.176089
v 0.558574 0.175089 0.176031
v 0.559271 0.145067 -0.112142
v 0.564220 0.135722 0.188863
v 0.560659 0.129142 -0.183531
v 0.561498 0.132319 -0.120676
v 0.571079 0.115361 0.114144
v 0.562163 0.114191 0.174959
v 0.560210 0.115094 0.147160
v 0.563611 0.113997 -0.128656
v 0.560774 0.114165 -0.167834
v 0.550776 1.771026 -0.001931
v 0.547612 1.762696 0.008509
v 0.549428 1.651986 0.084216
v 0.537568 1.434513 -0.205443
v 0.548237 1.155024 -0.276568
v 0.561698 1.120758 0.275273
v 0.534673 1.116854 0.275177
v 0.545523 1.052575 -0.260049
v 0.551058 0.989376 0.247994
v 0.548063 0.930018 -0.218351
v 0.536207 0.918453 -0.001470
v 0.532435 0.919908 -0.016223
v 0.558985 0.907556 0.080495
v 0.554688 0.900489 -0.217223
v 0.560392 0.835760 -0.094083
v 0.547072 0.725188 0.094741
v 0.553387 0.681114 -0.181650
v 0.555274 0.680967 0.182018
v 0.550602 0.671314 -0.102457
v 0.545018 0.605590 -0.180223
v 0.547081 0.607448 -0.099644
v 0.555336 0.584386 -0.183389
v 0.549590 0.578061 0.181747
v 0.548693 0.583747 -0.096240
v 0.550628 0.513463 -0.109167
v 0.549155 0.508769 0.109798
v 0.547875 0.376244 -0.172751
v 0.555989 0.391588 0.117740
v 0.557181 0.375053 -0.118560
v 0.549359 0.350919 0.172806
v 0.549021 0.214557 -0.117816
v 0.554242 0.149373 -0.182158
v 0.560356 0.144482 0.110544
v 0.551418 0.145149 0.178425
v 0.551425 0.139467 -0.176031
v 0.555600 0.126907 0.168557
v 0.555355 0.126642 0.135568
v 0.555353 0.125382 -0.137490
v 0.554481 0.126736 -0.161320
v 0.539626 1.762887 0.002696
v 0.541049 1.567582 0.133967
v 0.557328 1.422795 0.210060
v 0.518747 1.410357 0.220751
v 0.551390 1.283107 0.256876
v 0.540132 1.220926 0.269873
v 0.543984 1.156801 0.276078
v 0.531724 1.083359 0.269701
v 0.537577 1.049715 0.257841
v 0.537390 0.948909 -0.221022
v 0.547489 0.910102 0.212895
v 0.543481 0.929212 0.077921
v 0.532874 0.920923 0.021045
v 0.542991 0.842173 0.204658
v 0.546888 0.844904 -0.208251
v 0.547295 0.761470 -0.195951
v 0.542336 0.748081 0.190920
v 0.545920 0.581927 0.095853
v 0.546195 0.563385 -0.097339
v 0.547748 0.508972 0.170556
v 0.543600 0.513770 -0.170828
v 0.558598 0.489124 -0.171128
v 0.550518 0.454200 0.171815
v 0.546595 0.446031 -0.171860
v 0.543034 0.424951 0.117581
v 0.552736 0.284116 0.102920
v 0.557614 0.216158 0.175378
v 0.542059 0.213729 -0.170492
v 0.554475 0.198429 0.170575
v 0.535496 0.203969 -0.157618
v 0.544092 0.186068 0.129915
v 0.547103 0.187833 -0.126472
v 0.547060 0.187991 -0.162254
v 0.548895 0.170884 0.164374
v 0.548881 0.160691 -0.125560
v 0.552907 0.173787 -0.170305
v 0.547194 0.141351 0.129850
v 0.547098 0.140201 -0.131884
v 0.543477 0.140719 0.145551
v 0.546058 0.137703 0.162217
v 0.544733 0.136961 -0.153804
v 0.539804 1.571378 -0.131960
v 0.537687 1.486498 -0.183899
v 0.532404 1.491438 0.180382
v 0.549564 1.323717 -0.249293
v 0.524774 1.095985 -0.272278
v 0.536358 1.077735 -0.268468
v 0.529885 1.023594 -0.252990
v 0.527778 0.984316 -0.240065
v 0.548316 0.949062 0.225184
v 0.555833 0.948270 -0.227503
v 0.530116 0.937031 -0.072052
v 0.544388 0.926881 -0.079129
v 0.538336 0.917910 -0.208110
v 0.519597 0.926750 0.088425
v 0.540306 0.887246 -0.095100
v 0.539868 0.878787 -0.202771
v 0.543418 0.860992 -0.096416
v 0.538449 0.828953 -0.198958
v 0.535666 0.796951 0.192955
v 0.540517 0.763019 -0.094561
v 0.537779 0.751632 -0.188941
v 0.539450 0.717574 -0.096696
v 0.540849 0.666215 0.172446
v 0.538567 0.666560 -0.171411
v 0.549594 0.659162 0.103426
v 0.549645 0.660082 -0.178209
v 0.536347 0.602300 0.175784
v 0.537178 0.574968 0.176645
v 0.541945 0.566059 -0.178186
v 0.538626 0.554444 0.099188
v 0.541577 0.413153 -0.118574
v 0.540684 0.355068 0.172971
v 0.540877 0.370523 0.118635
v 0.540132 0.363151 -0.118599
v 0.539228 0.303153 -0.107133
v 0.536471 0.290817 0.106201
v 0.548479 0.267816 0.100067
v 0.540893 0.254426 -0.101418
v 0.543315 0.251216 0.101417
v 0.539629 0.243495 -0.184474
v 0.542482 0.239383 0.183831
v 0.540741 0.228823 -0.179501
v 0.546475 0.193138 0.162537
v 0.539571 0.189665 0.148860
v 0.540354 0.187973 -0.136884
v 0.542083 0.183672 -0.150080
v 0.543645 0.173381 0.148061
v 0.543944 0.171786 -0.137494
v 0.544457 0.168081 -0.155045
v 0.545155 0.175909 0.131291
v 0.543904 0.146489 -0.162614
v 0.543085 0.146245 0.159253
v 0.542758 0.144601 -0.146606
v 0.532811 1.756965 -0.004801
v 0.512437 1.730256 0.012078
v 0.548741 1.741701 -0.021032
v 0.530762 1.439586 0.202024
v 0.516242 1.409177 -0.221538
v 0.533417 1.391457 0.228250
v 0.515988 1.041723 -0.251193
v 0.537738 0.936342 0.064266
v 0.558753 0.930605 -0.047781
v 0.540915 0.888356 0.204189
v 0.530902 0.870794 0.190960
v 0.530586 0.865666 0.099568
v 0.534710 0.816034 0.094732
v 0.534635 0.822784 -0.095578
v 0.530469 0.675801 -0.167305
v 0.533972 0.658956 0.106384
v 0.536613 0.660213 -0.105676
v 0.526140 0.602414 0.103622
v 0.533606 0.585925 0.098548
v 0.533656 0.585880 -0.098873
v 0.532526 0.575975 -0.174351
v 0.537615 0.555132 -0.099679
v 0.534030 0.515195 0.166700
v 0.531086 0.531292 0.107138
v 0.535834 0.479298 0.166920
v 0.518386 0.465600 -0.116927
v 0.539600 0.481047 -0.168730
v 0.535522 0.401771 0.170849
v 0.534318 0.343489 -0.172848
v 0.530221 0.327526 -0.112608
v 0.543022 0.314018 0.177389
v 0.536089 0.283292 -0.106390
v 0.537133 0.264047 0.102877
v 0.529613 0.279312 0.180452
v 0.541408 0.210467 0.167106
v 0.531893 0.213259 -0.125529
v 0.536080 0.195194 0.137002
v 0.529429 0.206539 -0.133203
v 0.512534 1.733585 -0.010516
v 0.522644 1.718356 0.021102
v 0.517835 1.692036 0.042902
v 0.526077 1.607768 0.103864
v 0.516484 1.547293 -0.141796
v 0.513392 1.366591 -0.236006
v 0.514553 1.267286 0.260083
v 0.523227 1.133023 -0.275495
v 0.521996 1.014306 0.248500
v 0.508835 1.004802 -0.241924
v 0.513428 0.983988 0.234727
v 0.525728 0.935611 0.076910
v 0.529047 0.924869 -0.085737
v 0.515174 0.924154 -0.036840
v 0.522490 0.908728 0.190355
v 0.535409 0.889973 0.095762
v 0.523005 0.891449 -0.102989
v 0.526981 0.867344 -0.101772
v 0.524286 0.782793 -0.179863
v 0.524164 0.780499 -0.098205
v 0.525628 0.742109 0.176355
v 0.527862 0.729213 -0.099387
v 0.525329 0.741734 -0.176325
v 0.532574 0.726085 0.097268
v 0.527693 0.676496 0.164422
v 0.522929 0.656224 0.158800
v 0.526713 0.614924 -0.168445
v 0.523635 0.600535 -0.105101
v 0.526630 0.567832 -0.103685
v 0.530499 0.525028 -0.109144
v 0.518498 0.503958 0.113601
v 0.528802 0.496570 -0.162895
v 0.528243 0.442488 -0.116240
v 0.525977 0.439040 0.116384
v 0.524936 0.403892 -0.118015
v 0.534738 0.397686 -0.171138
v 0.525626 0.400431 0.117606
v 0.527620 0.328655 0.171316
v 0.532302 0.320049 0.110600
v 0.534354 0.307562 -0.177116
v 0.527280 0.266559 0.102015
v 0.525576 0.263961 -0.102242
v 0.550946 0.267266 -0.187351
v 0.523188 0.238249 -0.106443
v 0.525728 0.229840 0.174570
v 0.523921 0.235993 0.107157
v 0.522591 0.230700 -0.173764
v 0.532562 0.211895 0.126092
v 0.528286 0.205124 0.151945
v 0.529019 0.202517 -0.143686
v 0.514675 1.742654 0.003348
v 0.523895 1.719841 -0.021369
v 0.520048 1.699595 -0.037280
v 0.509794 1.679492 -0.048355
v 0.525786 1.665525 0.065306
v 0.506034 1.661238 -0.060728
v 0.523525 1.506876 -0.170424
v 0.520954 1.170939 0.274188
v 0.529208 0.942338 0.211214
v 0.506284 0.940410 -0.074273
v 0.513076 0.935253 -0.085657
v 0.517887 0.918055 -0.095158
v 0.519464 0.896947 0.104489
v 0.511058 0.899589 -0.173317
v 0.519616 0.832646 0.101364
v 0.519591 0.833766 -0.101787
v 0.513139 0.805858 -0.165270
v 0.521968 0.783809 0.176379
v 0.524020 0.779592 0.097910
v 0.518947 0.703674 0.109627
v 0.520494 0.661674 0.113446
v 0.522092 0.662131 -0.112235
v 0.519799 0.606757 0.163157
v 0.526809 0.569038 0.103157
v 0.517827 0.546947 0.108041
v 0.524570 0.519988 0.160810
v 0.526658 0.522334 -0.163391
v 0.517035 0.501384 -0.114961
v 0.525309 0.482230 0.159555
v 0.518984 0.462625 0.116660
v 0.525979 0.386015 0.167680
v 0.512696 0.404146 0.118770
v 0.510800 0.395082 -0.119654
v 0.520325 0.383976 -0.164365
v 0.524445 0.347461 0.115287
v 0.524454 0.344760 -0.115545
v 0.520697 0.319501 -0.169183
v 0.521608 0.256227 -0.180657
v 0.520048 0.254775 0.179804
v 0.508798 0.257145 0.106390
v 0.522309 0.224196 0.118586
v 0.520448 0.216759 0.131479
v 0.507274 0.223350 -0.156089
v 0.519545 1.517140 0.162495
v 0.512314 1.368306 0.235050
v 0.497682 1.334678 0.242230
v 0.505278 1.321790 -0.246235
v 0.519588 1.271535 -0.259695
v 0.526045 1.165480 -0.275164
v 0.510719 1.070559 -0.262899
v 0.493715 0.985433 -0.226313
v 0.506405 0.970382 -0.221758
v 0.511131 0.937098 -0.194332
v 0.510678 0.922274 0.098728
v 0.524383 0.907636 -0.192290
v 0.514739 0.892872 0.174878
v 0.513810 0.873631 0.110153
v 0.513490 0.879621 -0.111241
v 0.514242 0.771431 0.103444
v 0.514860 0.772001 -0.103332
v 0.516138 0.735215 0.162669
v 0.517006 0.702868 -0.112636
v 0.516219 0.734907 -0.163084
v 0.517315 0.679627 0.152244
v 0.521257 0.665135 -0.155783
v 0.512963 0.617326 -0.113462
v 0.513996 0.601712 -0.157966
v 0.512600 0.578531 -0.109697
v 0.520514 0.573683 0.165074
v 0.512464 0.536787 -0.111562
v 0.518084 0.574945 -0.163463
v 0.507245 0.519141 0.143012
v 0.507081 0.518477 -0.143080
v 0.508808 0.430225 0.147955
v 0.523820 0.451461 -0.161225
v 0.512749 0.332623 0.161962
v 0.504894 0.334020 -0.119482
v 0.512011 0.287981 0.169496
v 0.509890 0.288328 -0.111994
v 0.510074 0.287177 0.111238
v 0.505959 0.270299 -0.170439
v 0.505461 0.224366 -0.135021
v 0.505012 1.703554 0.019324
v 0.507296 1.704731 -0.020216
v 0.513673 1.600510 -0.104765
v 0.494681 1.477678 -0.178474
v 0.500536 1.462507 0.186672
v 0.485669 1.438713 -0.202017
v 0.532425 1.214856 -0.270858
v 0.501295 1.106396 0.270796
v 0.508198 1.043136 0.248128
v 0.510002 1.050963 -0.252746
v 0.501809 0.938352 0.092649
v 0.509640 0.926888 0.186228
v 0.509927 0.904835 -0.111024
v 0.510872 0.896648 0.113467
v 0.505865 0.896522 0.158494
v 0.510756 0.885568 -0.168126
v 0.506451 0.836311 -0.112338
v 0.508588 0.831328 0.109622
v 0.509195 0.800216 0.159405
v 0.507781 0.763725 0.111265
v 0.507630 0.772192 -0.110958
v 0.504583 0.761612 -0.117521
v 0.513224 0.690070 -0.145279
v 0.510894 0.702750 0.124368
v 0.511163 0.676791 -0.137350
v 0.512655 0.671222 0.124756
v 0.511374 0.645185 0.143473
v 0.511170 0.642177 -0.122152
v 0.509044 0.644619 -0.130716
v 0.511526 0.645161 -0.144168
v 0.510471 0.635727 0.120981
v 0.509235 0.646538 0.130807
v 0.512996 0.615821 0.112801
v 0.508791 0.601381 0.150731
v 0.512453 0.577805 0.109500
v 0.506428 0.559039 0.148600
v 0.509044 0.541410 0.113431
v 0.508199 0.499951 -0.120586
v 0.507947 0.498167 0.121111
v 0.510323 0.461102 -0.121379
v 0.510402 0.457725 0.120801
v 0.506489 0.430519 -0.145745
v 0.499212 0.378917 0.144529
v 0.509300 0.335593 0.117998
v 0.508167 0.332189 -0.158435
v 0.505015 0.269402 0.109738
v 0.507342 0.262180 -0.107704
v 0.509492 0.247920 -0.174190
v 0.505380 0.238388 0.117713
v 0.507771 0.234780 -0.118484
v 0.504274 0.223916 0.153240
v 0.501015 0.226164 -0.147614
v 0.495275 1.720548 0.000943
v 0.500371 1.719213 -0.010256
v 0.492116 1.666478 0.050881
v 0.505085 1.603436 0.100180
v 0.498872 1.566112 0.124899
v 0.480096 1.552997 0.127809
v 0.494154 1.511627 -0.159732
v 0.507415 1.065056 0.259638
v 0.511749 0.942563 0.199870
v 0.497293 0.944454 0.183606
v 0.501185 0.941706 0.078545
v 0.509903 0.938995 0.068736
v 0.500587 0.936704 -0.064044
v 0.490553 0.943477 -0.098097
v 0.517519 0.926859 0.042508
v 0.500442 0.935956 -0.098746
v 0.500386 0.927564 0.171783
v 0.498325 0.925972 0.117568
v 0.501419 0.924061 -0.113280
v 0.505266 0.905525 0.120234
v 0.469795 0.912172 -0.009746
v 0.502787 0.925958 -0.176624
v 0.504536 0.886203 -0.125414
v 0.504369 0.829209 0.155171
v 0.501651 0.835293 0.118072
v 0.503648 0.828219 -0.154711
v 0.498551 0.836231 -0.124967
v 0.502060 0.773151 -0.144582
v 0.500587 0.770483 0.139094
v 0.512869 0.690233 -0.123814
v 0.510109 0.702610 0.137898
v 0.509103 0.707895 -0.132047
v 0.511189 0.675912 0.136942
v 0.501060 0.586785 0.137534
v 0.500786 0.585623 -0.135489
v 0.504159 0.590354 -0.144934
v 0.499884 0.576200 0.128162
v 0.500244 0.574635 -0.125338
v 0.503024 0.576315 0.119150
v 0.502407 0.555199 -0.119105
v 0.502864 0.545963 0.119183
v 0.508267 0.485499 0.142600
v 0.504562 0.491118 0.130317
v 0.506100 0.487550 -0.127390
v 0.508452 0.490549 -0.142945
v 0.504065 0.440280 0.127610
v 0.504228 0.431444 0.141558
v 0.502738 0.425274 -0.127947
v 0.504031 0.396972 -0.123568
v 0.499579 0.351173 0.124480
v 0.498859 0.379653 -0.143935
v 0.499363 0.331043 0.150508
v 0.502284 0.313376 0.118406
v 0.499390 0.312683 -0.120520
v 0.505353 0.270583 0.169631
v 0.509176 0.247045 0.173553
v 0.499272 0.248574 0.118135
v 0.495103 0.241995 0.154215
v 0.510963 0.218780 0.135353
v 0.500766 1.717071 0.011394
v 0.475481 1.676200 -0.033909
v 0.489048 1.510894 0.158641
v 0.476152 1.157782 -0.269897
v 0.492179 1.114029 -0.270826
v 0.474486 1.083243 -0.260216
v 0.490102 0.971791 -0.210088
v 0.494314 0.954589 -0.190925
v 0.489971 0.940060 0.115168
v 0.490549 0.932036 0.057146
v 0.495105 0.938550 -0.161347
v 0.502968 0.907512 0.152099
v 0.497792 0.922611 0.136267
v 0.501389 0.913026 -0.128860
v 0.501933 0.916722 -0.159359
v 0.501881 0.900726 0.136339
v 0.502604 0.899980 -0.150074
v 0.470363 0.911949 0.007528
v 0.502825 0.883215 0.128089
v 0.501277 0.884082 -0.139392
v 0.496921 0.836045 -0.134251
v 0.498291 0.829138 -0.143787
v 0.497016 0.834844 0.131193
v 0.498480 0.825026 0.144273
v 0.500731 0.763867 -0.131005
v 0.501718 0.764702 0.124163
v 0.503570 0.551613 -0.144207
v 0.500759 0.544725 0.136705
v 0.499808 0.542681 -0.132495
v 0.500271 0.540567 0.128170
v 0.505179 0.485753 -0.134292
v 0.503607 0.446216 0.134651
v 0.502225 0.428860 -0.138066
v 0.498581 0.394270 -0.134629
v 0.494745 0.348987 0.135787
v 0.502157 0.402517 0.125554
v 0.496704 0.342161 -0.128377
v 0.497410 0.333837 -0.148035
v 0.494110 0.314715 0.126271
v 0.494899 0.281484 0.156006
v 0.499075 0.285430 -0.160170
v 0.493543 0.276269 -0.122548
v 0.499604 0.247740 -0.118176
v 0.495889 0.236936 0.133335
v 0.497087 0.234771 -0.134042
v 0.495133 0.234167 0.145808
v 0.482054 1.710696 -0.005900
v 0.488157 1.693274 0.019375
v 0.487623 1.692850 -0.019237
v 0.475047 1.654835 -0.054105
v 0.509425 1.452076 -0.193915
v 0.482333 1.442092 0.199042
v 0.476751 1.367499 0.230038
v 0.483797 1.359537 -0.233857
v 0.475905 1.311684 0.247441
v 0.481428 1.255293 0.260716
v 0.493785 1.139799 0.272013
v 0.470543 1.074558 0.254945
v 0.497519 0.999898 0.235322
v 0.481815 1.003274 -0.228178
v 0.483936 0.993075 0.224258
v 0.487731 0.965544 0.198338
v 0.486671 0.963066 -0.180494
v 0.491693 0.938077 -0.143656
v 0.496436 0.930268 0.146040
v 0.497921 0.922790 -0.138249
v 0.440589 0.925625 -0.056493
v 0.460553 0.916177 0.029744
v 0.463274 0.916813 -0.031406
v 0.495026 0.343902 0.142173
v 0.494284 0.336296 -0.142583
v 0.493815 0.336132 -0.135478
v 0.489718 0.298755 0.143849
v 0.489405 0.292049 -0.131204
v 0.489347 0.293355 -0.144365
v 0.492286 0.263252 0.156336
v 0.494627 0.281937 0.121282
v 0.492874 0.262745 -0.157654
v 0.492319 0.249957 -0.130464
v 0.492842 0.253692 0.127006
v 0.493840 0.239011 -0.150650
v 0.482334 1.711290 0.004832
v 0.475836 1.682386 0.025731
v 0.471001 1.665627 0.042969
v 0.473865 1.651635 0.056127
v 0.472333 1.471617 0.178016
v 0.483332 1.406536 0.218372
v 0.472874 1.305829 -0.249201
v 0.468718 1.029563 0.228693
v 0.464618 1.028608 -0.226889
v 0.486844 0.963199 0.180761
v 0.492112 0.940856 0.152250
v 0.477023 0.950374 0.095316
v 0.476892 0.944925 0.081035
v 0.480545 0.948828 -0.095745
v 0.488923 0.290037 0.133524
v 0.489127 0.258132 0.144701
v 0.489316 0.259624 -0.145802
v 0.475828 1.701349 0.003852
v 0.475951 1.701075 -0.004624
v 0.478863 1.244546 -0.262729
v 0.464306 1.118717 0.265078
v 0.469928 0.990815 0.208617
v 0.470692 0.979562 0.170569
v 0.473799 0.976041 -0.172677
v 0.463583 0.978660 0.149794
v 0.468070 0.965581 0.133130
v 0.487280 0.943030 -0.127493
v 0.469525 0.957743 0.113898
v 0.477656 0.946337 -0.083495
v 0.473817 0.955950 -0.119598
v 0.462935 1.687265 -0.006727
v 0.467418 1.679387 -0.025587
v 0.470499 1.594868 -0.098912
v 0.485381 1.551150 -0.130688
v 0.472519 1.473429 -0.177260
v 0.460285 1.255399 0.258033
v 0.468765 1.220344 0.264647
v 0.473598 1.195873 -0.268010
v 0.467726 1.182373 0.267811
v 0.456820 1.046366 0.232069
v 0.460803 1.007828 -0.213895
v 0.468306 0.987170 -0.200702
v 0.469059 0.971032 -0.148607
v 0.464303 0.969278 -0.134791
v 0.462249 1.686910 0.005919
v 0.459308 1.675941 0.026733
v 0.461944 1.498541 0.160335
v 0.483436 1.406616 -0.218734
v 0.457204 1.259795 -0.256947
v 0.454892 1.197980 -0.264758
v 0.458985 1.108239 -0.261857
v 0.467502 1.092065 0.260664
v 0.452078 1.029759 -0.219414
v 0.466955 0.986833 0.193798
v 0.458418 0.994852 0.165601
v 0.462417 0.961299 -0.115880
v 0.430375 1.533628 0.130618
v 0.457158 1.338647 -0.237862
v 0.453097 1.323152 0.241122
v 0.450143 1.199807 0.262860
v 0.458100 1.148888 -0.266237
v 0.461417 1.072101 -0.250743
v 0.454749 1.023100 0.217765
v 0.458269 0.959159 0.108923
v 0.455837 0.958058 -0.107310
v 0.448769 1.678654 0.012929
v 0.436931 1.638258 0.059168
v 0.459903 1.599890 0.092602
v 0.455487 1.501566 -0.157650
v 0.420244 1.433765 0.193106
v 0.438686 1.407085 0.208102
v 0.434859 1.365643 0.223439
v 0.454114 1.159039 0.265262
v 0.452390 1.072753 0.245834
v 0.456972 1.047976 -0.233572
v 0.445807 1.022181 -0.201942
v 0.449596 1.013422 0.191890
v 0.455271 1.000767 0.175434
v 0.457413 0.996200 -0.167051
v 0.450362 1.008026 -0.180072
v 0.450123 0.986806 0.151196
v 0.450586 0.986168 -0.150579
v 0.450580 1.679497 -0.012258
v 0.428097 1.668112 -0.023910
v 0.419486 1.423819 -0.198326
v 0.455471 1.388861 -0.218193
v 0.427512 1.246539 -0.251189
v 0.442332 1.029006 0.204423
v 0.440167 1.026536 -0.200075
v 0.446029 1.005654 0.173652
v 0.434602 0.970114 -0.129294
v 0.423512 1.654933 -0.041345
v 0.417461 1.484647 0.159763
v 0.411171 1.451898 0.181480
v 0.439806 1.400022 -0.211514
v 0.426983 1.332073 -0.233165
v 0.423413 1.246292 0.249918
v 0.422484 1.188868 0.255269
v 0.426128 1.182045 -0.256906
v 0.432831 1.122326 0.252956
v 0.428706 1.099973 0.244447
v 0.431933 1.105193 -0.248328
v 0.432295 1.074950 -0.234653
v 0.437011 1.046378 0.217307
v 0.437305 1.045119 -0.216683
v 0.443107 1.001673 -0.168999
v 0.423712 0.912193 0.018139
v 0.422038 0.910331 -0.004638
v 0.421429 1.671213 -0.009149
v 0.433896 1.640617 -0.057013
v 0.408582 1.623599 0.064662
v 0.425100 1.316967 0.235948
v 0.431824 1.139155 -0.256116
v 0.432613 1.024848 -0.195905
v 0.432656 1.023991 0.194714
v 0.427727 1.001662 0.172341
v 0.406658 0.914188 -0.028183
v 0.415255 1.660764 0.030166
v 0.411218 1.617906 -0.070553
v 0.415512 1.600143 0.083117
v 0.417464 1.559446 -0.111698
v 0.413795 1.560989 0.109629
v 0.412084 1.350425 -0.227049
v 0.413362 1.354488 0.225424
v 0.426785 1.151965 0.255528
v 0.412770 1.143146 -0.252939
v 0.419437 1.115846 -0.248404
v 0.428154 1.076991 0.233480
v 0.420134 1.075349 -0.233005
v 0.422574 1.052719 0.219400
v 0.418382 1.044779 -0.213773
v 0.418258 1.020490 0.193092
v 0.434140 0.974027 0.134641
v 0.416200 0.921030 0.049225
v 0.388292 0.918742 -0.042830
v 0.419441 1.669705 0.011931
v 0.409951 1.449828 -0.182956
v 0.397531 1.396403 -0.210308
v 0.400337 1.397890 0.209519
v 0.408843 1.239796 -0.251154
v 0.414471 1.183028 -0.255497
v 0.414925 1.132019 0.251025
v 0.413719 1.102316 0.243688
v 0.405496 1.066418 -0.230317
v 0.409589 1.045974 0.216545
v 0.418642 1.020255 -0.193159
v 0.384648 0.992856 -0.174475
v 0.389559 1.645189 -0.039729
v 0.427631 1.534178 -0.130014
v 0.418801 1.483266 -0.161219
v 0.402378 1.305894 0.238112
v 0.400440 1.298549 -0.240176
v 0.402202 1.248852 0.249904
v 0.401400 1.195209 0.255146
v 0.399369 1.176677 -0.256264
v 0.454438 0.926061 0.054140
v 0.387362 1.653855 -0.024732
v 0.404268 1.643637 0.046250
v 0.395841 1.199052 -0.256250
v 0.395785 1.170840 0.256462
v 0.382349 0.951046 0.110282
v 0.387079 1.653619 0.024579
v 0.380360 1.654977 0.010688
v 0.387240 1.658731 -0.007007
v 0.368673 1.559589 0.100418
v 0.394428 1.251830 -0.250859
v 0.379412 1.130598 0.255808
v 0.384469 0.992415 0.173576
v 0.382577 0.923246 -0.055363
v 0.381607 1.527863 -0.128098
v 0.386303 1.524588 0.130931
v 0.374623 1.500046 0.144054
v 0.373429 1.437626 0.188253
v 0.376610 1.337356 0.232204
v 0.375091 0.968313 -0.142581
v 0.369898 0.956131 -0.121590
v 0.363691 1.636937 0.034975
v 0.367804 1.624986 0.049876
v 0.367194 1.623430 -0.051321
v 0.405643 1.596876 -0.083504
v 0.356377 1.459795 0.173308
v 0.371290 1.412231 -0.202774
v 0.380394 1.335324 -0.232884
v 0.407986 1.152560 0.253795
v 0.400871 1.115310 -0.249116
v 0.385542 1.092887 -0.245117
v 0.377375 0.965172 0.136764
v 0.389536 0.935506 -0.081404
v 0.381647 1.496265 -0.147887
v 0.342748 1.457520 -0.174894
v 0.364718 1.438910 -0.187775
v 0.376427 1.370330 0.221032
v 0.360915 1.285406 0.248309
v 0.368353 1.149878 -0.260746
v 0.397535 1.072177 0.234347
v 0.367908 1.032592 0.218717
v 0.338887 1.015459 -0.211861
v 0.390885 0.915784 0.031904
v 0.349012 1.582012 0.077905
v 0.355510 1.579114 -0.082668
v 0.334848 1.475965 -0.160655
v 0.347845 1.411595 0.203334
v 0.378210 1.363182 -0.223793
v 0.325301 1.311285 0.246776
v 0.337652 1.293876 -0.250366
v 0.397827 1.233985 0.253131
v 0.314286 1.041503 -0.237872
v 0.345996 1.008740 0.202898
v 0.354687 1.640247 -0.019290
v 0.355292 1.630172 -0.037954
v 0.342958 1.365971 0.225525
v 0.351294 1.374007 -0.221643
v 0.333711 1.249956 0.262075
v 0.386588 1.101798 0.247410
v 0.316213 1.026417 0.226741
v 0.351715 1.641012 -0.004054
v 0.339514 1.504784 0.136495
v 0.363634 0.915472 0.021956
v 0.371234 1.558078 -0.102522
v 0.311383 1.472028 0.162314
v 0.319279 1.394681 -0.214378
v 0.274734 1.118761 -0.274386
v 0.343267 1.053513 0.237582
v 0.342768 1.030377 -0.223916
v 0.336382 0.996662 0.191956
v 0.336334 0.997693 -0.193530
v 0.322553 0.950787 -0.119584
v 0.317991 0.947469 0.112546
v 0.372234 0.912729 -0.003401
v 0.353517 1.639270 0.019495
v 0.303382 1.607199 -0.021203
v 0.312430 1.592722 0.051868
v 0.309739 1.378725 0.223033
v 0.315337 1.331206 0.242029
v 0.319512 1.243743 -0.265879
v 0.294190 1.084015 -0.261402
v 0.297751 1.081356 0.259159
v 0.302113 1.608998 0.009571
v 0.307199 1.503878 -0.133887
v 0.306827 1.437562 0.188656
v 0.332416 0.927464 0.063347
v 0.323024 1.571843 0.077711
v 0.320891 1.561683 -0.086791
v 0.294631 1.531118 0.108678
v 0.299773 1.414960 -0.203775
v 0.255976 1.289654 -0.267425
v 0.300978 1.603658 0.025945
v 0.300336 1.598157 -0.036466
v 0.320498 1.593346 -0.056316
v 0.275199 1.529080 -0.106888
v 0.285353 1.362961 -0.233903
v 0.316399 0.935486 -0.085243
v 0.287649 1.560096 0.077393
v 0.334613 1.506324 -0.135081
v 0.258270 1.288687 0.266751
v 0.306907 1.037555 0.236593
v 0.298411 1.573431 -0.066079
v 0.303661 1.326371 -0.245756
v 0.263418 1.216161 -0.279778
v 0.268166 1.175684 0.280528
v 0.267478 1.123287 0.276128
v 0.284804 0.980306 -0.181674
v 0.280343 0.957694 -0.144769
v 0.277805 0.920507 -0.003439
v 0.281789 1.597222 -0.008636
v 0.286662 1.589861 0.037216
v 0.302036 1.501867 0.134968
v 0.283510 1.452414 0.178135
v 0.258418 1.351344 0.242331
v 0.272448 1.098414 0.269655
v 0.292469 0.985261 0.186698
v 0.270049 1.435586 -0.191764
v 0.268789 1.203338 0.279704
v 0.263971 1.147516 -0.280420
v 0.261367 1.147688 0.280454
v 0.288379 0.961503 0.150458
v 0.265694 0.947118 -0.116524
v 0.268257 1.460552 -0.171883
v 0.294269 1.406068 0.209479
v 0.286978 0.923474 -0.037333
v 0.271360 1.590667 0.015875
v 0.247244 1.334765 -0.251586
v 0.259609 1.014020 0.225878
v 0.266728 1.023499 -0.232948
v 0.252280 1.008589 -0.221822
v 0.274508 0.922612 0.026908
v 0.260153 1.583462 -0.022636
v 0.267380 1.582002 -0.035017
v 0.260256 1.569698 -0.051585
v 0.245573 1.473260 0.160067
v 0.258455 1.430331 0.196032
v 0.216699 1.382464 -0.231633
v 0.244945 1.522735 -0.107075
v 0.265614 1.492295 -0.141987
v 0.219457 1.376249 0.234530
v 0.266408 1.188508 -0.281127
v 0.233056 1.169549 -0.286779
v 0.254691 1.069387 0.262176
v 0.208441 0.964363 -0.169536
v 0.263927 0.940054 0.098000
v 0.258867 1.564373 0.058960
v 0.225994 1.250248 0.280100
v 0.250165 1.071420 -0.264295
v 0.252129 1.043366 -0.248686
v 0.243870 0.995785 -0.207676
v 0.211455 0.963376 0.167223
v 0.256725 0.947667 0.118417
v 0.257504 1.551217 -0.077505
v 0.244402 1.520599 0.108861
v 0.237395 0.997238 0.210422
v 0.267980 0.929770 -0.064305
v 0.247347 1.579172 0.019916
v 0.248356 1.581433 -0.005296
v 0.236444 1.567912 0.039112
v 0.228577 1.533651 0.090085
v 0.222549 1.493513 0.137703
v 0.226863 1.223595 0.284602
v 0.254055 1.041758 0.247059
v 0.205287 1.559846 -0.039516
v 0.231670 1.318792 0.260379
v 0.227136 1.290837 0.270107
v 0.226291 1.102290 -0.278650
v 0.225963 0.925438 0.037482
v 0.217285 0.922384 -0.002274
v 0.225760 1.566869 -0.034422
v 0.150490 1.438617 -0.194845
v 0.192993 1.331981 -0.260661
v 0.230383 1.546956 0.072248
v 0.218886 1.542387 -0.075644
v 0.213363 1.207892 -0.288490
v 0.211359 1.133812 -0.287169
v 0.209702 1.101821 0.280542
v 0.267955 0.936027 -0.086428
v 0.224489 1.571852 -0.015593
v 0.222841 1.519491 -0.106819
v 0.227227 1.467678 -0.165969
v 0.213427 1.177300 0.289313
v 0.213083 1.138583 0.287188
v 0.207061 1.076686 -0.272567
v 0.211475 1.070422 0.268751
v 0.191743 1.029122 -0.244527
v 0.186056 0.977024 -0.188726
v 0.210121 0.958731 -0.157307
v 0.256406 0.955320 0.142061
v 0.186999 1.405955 0.218813
v 0.177499 1.414032 -0.213967
v 0.186607 1.334731 0.259736
v 0.219925 1.279324 -0.274298
v 0.229904 1.242209 -0.281480
v 0.176969 1.047999 0.259449
v 0.180276 0.985707 0.201556
v 0.190964 0.989079 -0.205634
v 0.214609 0.924659 -0.030380
v 0.192149 1.558169 0.035537
v 0.187852 1.562767 -0.015324
v 0.185971 1.499860 -0.128846
v 0.176294 1.048862 -0.260475
v 0.157991 0.941677 -0.109033
v 0.192556 1.548509 0.056586
v 0.203478 1.512583 0.112775
v 0.210141 1.481257 -0.151649
v 0.173427 1.434736 0.197001
v 0.202810 1.007487 0.224799
v 0.184599 1.005646 -0.224189
v 0.262123 0.929517 0.062628
v 0.156665 0.931492 -0.066539
v 0.156574 0.925629 0.024386
v 0.211769 1.568496 0.012580
v 0.201099 1.530199 -0.089001
v 0.130164 1.452056 0.182608
v 0.162226 1.360946 0.249952
v 0.167756 1.035790 0.251086
v 0.194104 0.962402 0.165555
v 0.108568 1.475313 0.158190
v 0.168540 1.354376 -0.252888
v 0.181585 1.276433 -0.279683
v 0.182022 1.277874 0.278910
v 0.180865 1.236122 0.288285
v 0.180742 1.231248 -0.289539
v 0.173536 1.162482 0.293689
v 0.174097 1.124050 0.289377
v 0.176310 1.561823 0.003792
v 0.167723 1.555962 -0.031861
v 0.164570 1.530045 0.083441
v 0.163274 1.382157 0.237558
v 0.155903 1.380354 -0.240011
v 0.173333 1.202823 0.292711
v 0.171090 1.176206 -0.294587
v 0.167325 1.101898 -0.285273
v 0.153568 0.952606 0.142558
v 0.163656 1.557462 0.023427
v 0.197588 1.531652 0.085709
v 0.169270 1.072812 0.274230
v 0.153041 1.506654 0.118434
v 0.168806 1.074113 -0.275188
v 0.151862 0.924507 -0.000277
v 0.144223 1.537756 -0.068619
v 0.134129 1.490289 -0.140548
v 0.138200 0.955751 -0.151548
v 0.165996 1.548904 -0.049934
v 0.162542 1.522637 -0.095620
v 0.127347 1.395946 0.231142
v 0.128003 1.257510 0.287110
v 0.169563 1.131574 -0.291423
v 0.113859 0.995628 0.214099
v 0.114627 0.994335 -0.213106
v 0.131494 1.557057 -0.008713
v 0.144022 1.545125 0.053937
v 0.132226 1.316783 0.269337
v 0.133714 1.290117 0.278324
v 0.132386 1.258558 -0.287131
v 0.166397 1.101157 0.284736
v 0.113741 0.982642 -0.196602
v 0.155140 0.940167 0.103355
v 0.142232 1.557185 0.013996
v 0.106649 1.419577 0.213726
v 0.149810 1.306183 -0.272727
v 0.140434 1.223234 0.292608
v 0.129151 1.115602 0.290527
v 0.121878 1.047730 0.261249
v 0.155295 0.931276 0.064377
v 0.111921 1.413312 -0.218987
v 0.144667 1.225110 -0.292618
v 0.121038 1.188822 0.296364
v 0.121855 1.183835 -0.296817
v 0.114069 1.145056 -0.295922
v 0.129804 1.103910 -0.288141
v 0.126840 1.087010 0.281971
v 0.103713 1.076355 -0.278346
v 0.100116 1.072969 0.276348
v 0.121420 1.045692 -0.260540
v 0.110257 1.018223 -0.237724
v 0.103315 1.516889 -0.104485
v 0.110567 0.983776 0.198245
v 0.107416 0.948862 -0.124499
v 0.152086 0.926187 -0.027075
v 0.103548 1.537671 0.068209
v 0.101790 1.516221 0.105169
v 0.112370 1.462274 -0.172985
v 0.115826 1.396195 -0.230940
v 0.122281 1.364763 -0.248220
v 0.122482 1.354301 0.253372
v 0.099100 1.316175 -0.270411
v 0.116527 1.026453 0.244823
v 0.109311 0.928953 -0.000027
v 0.100631 1.344540 -0.258559
v 0.107295 0.931780 -0.038691
v 0.123011 1.553501 0.028728
v 0.112802 1.546201 -0.050334
v 0.082726 1.547515 0.048094
v 0.089290 1.392119 0.231800
v 0.078129 1.227974 0.291630
v 0.107499 1.212139 -0.294696
v 0.120267 1.154290 0.296128
v 0.093873 1.127622 0.293118
v 0.107731 1.010981 0.230250
v 0.129660 0.957031 0.152810
v 0.108265 0.946151 0.115435
v 0.089528 1.556389 0.013404
v 0.117077 1.553367 -0.030214
v 0.101378 1.285909 -0.280146
v 0.067526 1.103261 -0.287815
v 0.110041 0.939513 -0.088879
v 0.059161 1.504980 -0.124836
v 0.054215 1.453801 0.184529
v 0.079443 1.398787 -0.227505
v 0.073837 1.337865 0.260776
v 0.058980 1.046325 0.258394
v 0.110529 0.936098 0.070876
v 0.110221 0.930811 0.030868
v 0.077626 1.365656 -0.247737
v 0.071899 1.313219 0.270367
v 0.074148 1.281675 0.280246
v 0.062727 1.036995 -0.251786
v 0.060745 1.124392 -0.292184
v 0.068339 0.964917 -0.157116
v 0.065652 0.945009 -0.086074
v 0.065817 0.939526 -0.049208
v 0.071951 1.554269 -0.028750
v 0.068581 1.532190 -0.081224
v 0.033207 1.452826 -0.185201
v 0.075613 1.253847 -0.287200
v 0.080822 0.985681 0.198382
v 0.078450 0.984304 -0.196507
v 0.039214 1.557584 -0.011724
v 0.105667 1.490984 0.139934
v 0.071164 1.478063 -0.157970
v 0.047943 1.211319 -0.292277
v 0.071811 1.183220 0.295465
v 0.072746 0.964030 0.155584
v 0.066034 0.937381 0.027393
v 0.065453 1.412071 0.217456
v 0.046597 1.057238 -0.264878
v 0.051938 1.027927 0.242187
v 0.047207 1.372171 0.242990
v 0.036022 1.297630 0.273196
v 0.057962 1.147533 0.294420
v 0.036928 1.144139 -0.293029
v 0.030340 1.081043 -0.276870
v 0.049005 1.066733 0.270456
v 0.035605 1.011480 0.222664
v 0.062510 0.979323 0.183680
v 0.067668 0.953662 0.124533
v 0.066864 0.942879 0.075788
v 0.068823 0.953003 -0.123178
v 0.067523 0.935609 -0.005036
v 0.025067 1.511345 0.119406
v 0.075341 1.453000 -0.185104
v 0.025471 1.436052 -0.198822
v 0.038228 1.313664 -0.268684
v 0.063816 1.108074 0.288658
v 0.041003 1.089380 0.280805
v 0.005497 1.559168 0.009844
v 0.021674 1.555414 0.030316
v 0.020055 1.279943 -0.277106
v 0.018561 1.273108 0.278152
v 0.070462 1.180682 -0.295921
v 0.030038 0.973668 0.161648
v 0.030597 0.976516 -0.167924
v 0.023654 1.546392 -0.057743
v 0.048776 1.339785 -0.259194
v 0.016476 1.238981 -0.285049
v 0.033006 1.223432 0.288983
v 0.023831 1.171173 -0.292550
v 0.027459 0.955437 0.101941
v 0.024625 0.949911 0.065507
v 0.024403 0.949909 -0.065519
v 0.027040 0.955587 -0.102587
v 0.026579 0.945575 0.028574
v 0.009435 0.947980 -0.003145
v 0.025605 0.945774 -0.028572
v 0.031742 1.336169 0.259259
v 0.021311 1.172078 0.291939
v 0.026940 1.139664 0.291234
v 0.005668 0.998266 -0.197697
v 0.027533 0.962496 0.129612
v -0.000682 1.558021 -0.022971
v -0.041077 1.530158 -0.098553
v 0.001157 1.475552 0.164213
v -0.008787 1.366256 0.242152
v -0.000067 1.073738 0.268980
v 0.033505 1.019755 -0.232117
v -0.016672 1.531447 0.092768
v 0.047810 1.484046 0.152757
v 0.002735 1.474861 -0.165065
v -0.007202 1.308966 0.265486
v 0.002033 0.997094 0.194488
v 0.028829 0.964494 -0.137689
v -0.003447 1.107708 0.282319
v -0.014413 0.963003 0.087534
v 0.005051 1.432832 0.200830
v -0.018049 1.346355 -0.250710
v -0.021867 1.336527 0.253968
v -0.006612 1.193390 0.287083
v -0.002058 1.016883 0.220149
v 0.014561 1.011715 -0.218913
v 0.018742 1.396578 -0.227374
v 0.004737 1.229009 0.284635
v -0.024810 1.098394 -0.276367
v 0.003608 1.042755 0.247666
v 0.000849 1.052697 -0.255469
v -0.011564 0.964355 -0.099123
v -0.027624 1.556017 -0.038567
v -0.050982 1.560472 0.029624
v -0.045383 1.539887 0.081391
v -0.004992 1.184068 -0.288426
v -0.032212 1.153596 0.284497
v 0.003347 1.118114 -0.286036
v -0.010693 1.069697 -0.265190
v -0.008388 0.980355 0.156519
v -0.005368 0.988385 -0.176129
v -0.014203 0.969583 0.118832
v -0.052407 1.519834 0.117308
v -0.007834 1.411950 0.215634
v -0.020221 1.317861 -0.261328
v -0.027916 1.089516 0.271619
v -0.027718 1.047445 -0.244538
v -0.027693 1.023735 -0.220422
v -0.009890 0.973338 -0.136370
v -0.015139 0.958672 -0.057753
v -0.083591 1.516406 -0.126645
v -0.055215 1.495311 0.147871
v 0.008103 1.368293 -0.243036
v -0.047659 1.249455 -0.273630
v -0.033752 1.122428 0.280754
v -0.029184 1.025025 0.221174
v -0.052575 1.563198 -0.015323
v -0.018308 1.547297 0.060561
v -0.071069 1.511763 0.130880
v -0.040296 1.493821 -0.149079
v -0.066613 1.441168 -0.193040
v -0.071445 1.216850 -0.274751
v -0.045265 1.116764 -0.277628
v -0.011405 0.955887 0.040694
v -0.085999 1.421561 -0.205278
v -0.044626 1.291884 -0.265348
v -0.046044 1.278945 0.267805
v -0.064581 1.222925 0.274939
v -0.048754 1.194654 -0.280186
v -0.044355 0.990135 0.153527
v -0.040311 1.004941 -0.187409
v -0.046788 0.978052 0.113628
v -0.059546 1.463247 -0.175858
v -0.047617 1.456563 0.180852
v -0.086969 1.411741 0.210610
v -0.087113 1.192738 0.272908
v -0.066064 1.062433 -0.245212
v -0.042868 0.991742 -0.158669
v -0.057877 0.977549 -0.096286
v -0.032631 1.546009 -0.067058
v -0.068236 1.431297 0.199624
v -0.072433 1.086176 -0.259743
v -0.068738 0.970909 -0.027686
v -0.055589 1.012351 0.191236
v -0.047755 0.983388 -0.131519
v -0.067693 0.974289 -0.058502
v -0.051969 1.563863 0.007429
v -0.064899 1.562274 -0.031071
v -0.049293 1.518465 -0.119310
v -0.078113 1.105605 0.266757
v -0.069223 1.037716 -0.219616
v -0.070830 0.971818 0.029307
v -0.049750 0.963973 0.003360
v -0.037490 1.151785 -0.283897
v -0.069328 1.141589 0.276450
v -0.090711 1.135372 -0.271712
v -0.038989 1.052319 0.245010
v -0.085293 1.006752 -0.157861
v -0.062065 0.973776 0.066401
v -0.063393 1.554112 -0.055950
v -0.096920 1.502246 -0.143146
v -0.119430 1.347094 0.236787
v -0.138786 1.323436 0.241409
v -0.084951 1.016133 0.177906
v -0.084801 1.018683 -0.183053
v -0.077512 0.994578 0.132838
v -0.074450 1.559592 0.044858
v -0.092380 1.545406 -0.084093
v -0.105043 1.401234 -0.215332
v -0.129498 1.352171 -0.234106
v -0.048132 1.076041 0.260204
v -0.077054 1.043849 0.222986
v -0.113996 0.983244 -0.000501
v -0.099086 1.560112 -0.058054
v -0.078492 1.546559 0.077635
v -0.087587 1.379090 0.227392
v -0.108545 1.110744 -0.260911
v -0.105297 1.057557 -0.224204
v -0.091690 0.990512 0.099694
v -0.117741 1.575213 -0.025333
v -0.104136 1.474986 0.168045
v -0.122543 1.161212 -0.266664
v -0.085175 1.072306 0.245809
v -0.094081 0.997126 -0.120810
v -0.108459 1.448068 0.188151
v -0.129472 1.449201 -0.188194
v -0.126388 1.283030 0.252648
v -0.108892 1.228893 -0.264542
v -0.102405 1.132116 0.268108
v -0.124095 1.550873 0.086862
v -0.112728 1.528151 0.116623
v -0.172881 1.231848 -0.251799
v -0.115440 1.008918 0.129297
v -0.124314 1.575845 0.029360
v -0.131981 1.569011 0.056266
v -0.123631 1.542955 -0.098607
v -0.112499 1.506267 0.140399
v -0.113679 1.371197 -0.228558
v -0.081942 1.029756 -0.203091
v -0.125912 1.017051 -0.140295
v -0.117745 0.991901 0.058579
v -0.113425 1.476177 -0.168317
v -0.143063 1.428991 -0.200820
v -0.124570 1.329313 -0.242307
v -0.135942 1.279683 -0.251842
v -0.203480 1.167083 0.252120
v -0.152816 1.175713 -0.261599
v -0.136117 1.048684 0.194240
v -0.140713 1.034904 -0.167100
v -0.125755 0.989690 -0.027465
v -0.118460 1.576781 0.016134
v -0.135612 1.581336 -0.003623
v -0.127227 1.527702 -0.120429
v -0.137390 1.308442 -0.245721
v -0.121100 1.100766 -0.253870
v -0.122584 1.096652 0.250462
v -0.130330 1.096279 -0.247781
v -0.106390 1.048933 0.213926
v -0.135441 1.047934 -0.193987
v -0.140775 1.035903 0.168601
v -0.117775 1.019624 0.155646
v -0.142349 1.560947 -0.078654
v -0.134300 1.516408 -0.134681
v -0.143501 1.462709 0.180460
v -0.138524 1.163186 0.263536
v -0.141790 1.108887 0.252600
v -0.123353 0.996674 -0.071348
v -0.148220 1.572077 -0.060135
v -0.135245 1.393840 0.217146
v -0.103296 1.234356 0.264574
v -0.138172 1.428421 0.200518
v -0.143067 1.401299 -0.214196
v -0.156983 1.370265 -0.225843
v -0.129249 0.990598 0.023303
v -0.146146 1.525400 0.128830
v -0.142594 1.490155 0.159926
v -0.156409 1.488611 -0.163910
v -0.159624 1.410593 0.211209
v -0.166333 1.302158 0.242829
v -0.169806 1.124701 -0.253247
v -0.137285 1.095603 0.244145
v -0.162376 1.440063 0.197485
v -0.168080 1.326001 -0.238263
v -0.167415 1.122755 0.252478
v -0.204507 1.035674 0.089823
v -0.189340 1.588791 -0.029204
v -0.180894 1.492362 0.166562
v -0.162796 1.413038 -0.211369
v -0.160685 1.364097 0.227615
v -0.167608 1.094059 -0.228764
v -0.188668 1.588574 0.033478
v -0.174062 1.568118 0.083119
v -0.185572 1.490709 -0.169719
v -0.181454 1.467841 0.185027
v -0.165349 1.448231 -0.193929
v -0.170590 1.268311 -0.248016
v -0.163429 1.103402 -0.243446
v -0.168992 1.094185 0.227814
v -0.206649 1.073526 0.176637
v -0.198227 1.018212 -0.023320
v -0.176712 1.550218 -0.109694
v -0.195404 1.528361 0.140811
v -0.172280 1.397421 0.219034
v -0.183065 1.321256 0.238982
v -0.171421 1.250511 0.249711
v -0.211128 1.066932 -0.161939
v -0.205860 1.025339 0.046303
v -0.189184 1.529170 -0.138336
v -0.171407 1.389107 -0.221979
v -0.177657 1.366408 0.229118
v -0.181677 1.347063 -0.234386
v -0.179904 1.107348 0.239964
v -0.182601 1.546082 0.116816
v -0.190550 1.281223 0.244470
v -0.186115 1.299676 -0.242429
v -0.213204 1.140330 0.247064
v -0.214474 1.119911 0.239348
v -0.208769 1.055736 0.141431
v -0.202257 1.042718 0.115489
v -0.195683 1.015276 -0.000747
v -0.199476 1.026069 -0.061670
v -0.190320 1.585307 0.056102
v -0.189244 1.586569 -0.049647
v -0.213813 1.589906 -0.063691
v -0.205284 1.437430 -0.211401
v -0.210140 1.430984 0.215479
v -0.218312 1.405902 0.228503
v -0.214896 1.382916 0.235232
v -0.207264 1.378425 -0.234803
v -0.193773 1.336179 0.238350
v -0.189142 1.152674 -0.253769
v -0.190948 1.108475 -0.237031
v -0.191130 1.105020 0.232019
v -0.204655 1.020622 0.021630
v -0.196509 1.590208 -0.003944
v -0.229636 1.473278 -0.197031
v -0.227271 1.470223 0.197808
v -0.226733 1.367695 0.241717
v -0.205516 1.303471 -0.244372
v -0.201892 1.236101 -0.248276
v -0.208574 1.173122 -0.251130
v -0.212838 1.133720 -0.245627
v -0.186008 1.079575 -0.200656
v -0.204054 1.040116 -0.105959
v -0.216056 1.264858 -0.247602
v -0.196503 1.094011 -0.213933
v -0.259184 1.530416 -0.165227
v -0.229128 1.328663 -0.247901
v -0.204665 1.296818 0.244187
v -0.224719 1.250020 0.248971
v -0.208880 1.220581 0.248067
v -0.233953 1.188372 0.247696
v -0.231138 1.171852 -0.248373
v -0.242794 1.159332 0.246506
v -0.233894 1.123710 -0.238373
v -0.208850 1.095186 0.207383
v -0.217176 1.581515 -0.085212
v -0.248268 1.516154 0.172778
v -0.246916 1.497820 0.186376
v -0.216173 1.109627 -0.230273
v -0.240592 1.079651 0.162160
v -0.219495 1.582868 0.083824
v -0.212919 1.408526 -0.226703
v -0.235792 1.390875 -0.237067
v -0.229471 1.362728 -0.243463
v -0.231737 1.207624 -0.248982
v -0.239009 1.030811 -0.000843
v -0.257488 1.506964 -0.183555
v -0.248330 1.197210 0.249800
v -0.247306 1.145982 -0.244686
v -0.234423 1.111477 0.228912
v -0.238700 1.111115 -0.228931
v -0.228201 1.102803 0.213662
v -0.249344 1.063343 -0.123605
v -0.231901 1.035831 -0.052972
v -0.260081 1.608831 0.037860
v -0.260002 1.607391 0.052536
v -0.256074 1.277358 -0.257281
v -0.242045 1.231746 -0.252340
v -0.209624 1.052531 -0.133513
v -0.250757 1.047509 0.075232
v -0.252473 1.606717 -0.040641
v -0.222897 1.563386 0.114374
v -0.297535 1.544303 0.167708
v -0.264836 1.490433 -0.197495
v -0.244942 1.465467 0.205258
v -0.255838 1.454170 -0.213901
v -0.265559 1.433149 -0.224469
v -0.293364 1.307773 -0.262477
v -0.234501 1.326177 0.249033
v -0.250896 1.191467 -0.249789
v -0.245065 1.121938 0.236921
v -0.226783 1.101673 -0.211641
v -0.249003 1.062077 0.120549
v -0.256082 1.448501 0.216055
v -0.262334 1.409262 0.232509
v -0.242486 1.379259 0.240871
v -0.276133 1.231387 -0.261401
v -0.282461 1.229334 0.262459
v -0.266916 1.149955 0.245189
v -0.260967 1.130344 0.240082
v -0.269637 1.103394 0.228005
v -0.249848 1.102177 0.215493
v -0.252977 1.102323 -0.217821
v -0.283085 1.042726 -0.001488
v -0.247537 1.603848 0.000490
v -0.268593 1.595971 -0.091258
v -0.285375 1.566491 0.141546
v -0.209954 1.557506 -0.115786
v -0.270745 1.322139 0.256019
v -0.300193 1.273899 0.266736
v -0.268020 1.151690 -0.246163
v -0.268373 1.102187 -0.226454
v -0.272155 1.072145 0.128168
v -0.244665 1.089231 -0.176816
v -0.266410 1.042032 0.030716
v -0.246802 1.035801 -0.027091
v -0.276440 1.609776 -0.063009
v -0.278520 1.387706 -0.240888
v -0.292666 1.181840 -0.259030
v -0.263150 1.132431 -0.241388
v -0.266530 1.119273 -0.238117
v -0.269911 1.095567 0.214418
v -0.262958 1.099057 0.191362
v -0.275173 1.064741 -0.111965
v -0.276949 1.578057 -0.123730
v -0.318269 1.498412 0.209128
v -0.281121 1.420380 0.231834
v -0.309537 1.314588 0.263421
v -0.290723 1.174781 0.257082
v -0.271242 1.126053 0.243122
v -0.270847 1.091457 0.171955
v -0.265491 1.098522 -0.192369
v -0.268362 1.087295 -0.161366
v -0.276787 1.059046 0.095321
v -0.278822 1.049543 0.056598
v -0.253256 1.049573 -0.080258
v -0.270382 1.594154 0.095804
v -0.307839 1.321419 -0.261940
v -0.302813 1.260017 -0.267998
v -0.288534 1.100654 -0.241123
v -0.280266 1.094103 0.225443
v -0.282697 1.086422 0.204936
v -0.284748 1.091371 -0.227184
v -0.284370 1.085701 0.176889
v -0.274996 1.092585 -0.213514
v -0.296101 1.614426 0.001622
v -0.296965 1.126508 0.254435
v -0.292639 1.099381 0.242575
v -0.283594 1.084864 -0.199670
v -0.288997 1.082113 0.150653
v -0.286449 1.080940 -0.144881
v -0.301634 1.061893 0.095273
v -0.289453 1.052797 -0.065223
v -0.306552 1.616021 0.063745
v -0.310069 1.521967 0.190627
v -0.298303 1.390252 -0.243219
v -0.326519 1.340705 0.257826
v -0.314859 1.222960 -0.269073
v -0.293443 1.123688 -0.252887
v -0.295083 1.082954 0.231946
v -0.294128 1.083614 -0.232199
v -0.295944 1.074628 0.128222
v -0.297997 1.061621 -0.095186
v -0.295961 1.052835 0.063315
v -0.308602 1.609746 -0.084766
v -0.346873 1.168888 -0.271032
v -0.315671 1.188842 0.265450
v -0.306556 1.065569 0.222457
v -0.301105 1.065480 0.195493
v -0.304544 1.072840 0.148827
v -0.305454 1.074101 0.135951
v -0.291571 1.081131 -0.158436
v -0.306420 1.064866 -0.167856
v -0.301117 1.065570 -0.188544
v -0.301481 1.066796 -0.204636
v -0.288607 1.046761 -0.032856
v -0.291154 1.609287 0.075682
v -0.321615 1.527527 -0.190378
v -0.331610 1.504653 -0.210060
v -0.358029 1.481952 0.230116
v -0.314295 1.452361 0.231446
v -0.314612 1.256330 0.269675
v -0.314128 1.133635 -0.260809
v -0.310128 1.070066 -0.119780
v -0.307131 1.061563 0.172333
v -0.308636 1.063335 -0.222547
v -0.307379 1.049132 0.032306
v -0.321318 1.055264 -0.070346
v -0.315955 1.598314 -0.109382
v -0.314085 1.573783 -0.142792
v -0.291638 1.553894 -0.157239
v -0.348018 1.479760 -0.229024
v -0.325790 1.438190 -0.240251
v -0.348764 1.349474 0.259955
v -0.348052 1.341936 -0.261218
v -0.321622 1.073501 -0.241918
v -0.319191 1.066414 0.111513
v -0.306958 1.072961 -0.143416
v -0.324261 1.051138 0.046639
v -0.302064 1.389289 0.243768
v -0.317722 1.147286 0.262657
v -0.315584 1.109498 0.255801
v -0.317268 1.099367 -0.253331
v -0.323579 1.055740 0.145400
v -0.326100 1.058313 0.083765
v -0.327525 1.033091 0.203431
v -0.335454 1.018042 0.189676
v -0.322584 1.050507 -0.038579
v -0.334887 1.018514 -0.183776
v -0.332063 1.024140 -0.196747
v -0.336171 1.030356 -0.213447
v -0.323031 1.618262 -0.000466
v -0.319102 1.619335 0.048468
v -0.295556 1.615914 -0.044302
v -0.315953 1.571871 0.145076
v -0.336292 1.535286 0.187471
v -0.362163 1.316246 -0.267847
v -0.325442 1.284517 -0.270254
v -0.340910 1.277036 0.272108
v -0.339508 1.218823 0.272753
v -0.340386 1.038249 0.224018
v -0.326229 1.064617 -0.118883
v -0.324420 1.054175 -0.146620
v -0.334864 1.019313 0.177214
v -0.316611 1.047961 0.000473
v -0.319355 1.617791 -0.064060
v -0.334776 1.430502 0.244268
v -0.343643 1.405603 0.251535
v -0.338917 1.059505 0.106716
v -0.332372 1.060874 -0.099107
v -0.349669 1.012633 0.208471
v -0.345126 1.008965 -0.168998
v -0.323373 1.609226 0.090885
v -0.314436 1.591332 0.119216
v -0.321239 1.077188 0.243931
v -0.349215 1.018076 -0.149516
v -0.346952 1.016161 0.154342
v -0.346553 1.552505 -0.172956
v -0.358800 1.506663 -0.215567
v -0.359454 1.503057 0.217913
v -0.363887 1.453347 0.243328
v -0.358046 1.434378 -0.248470
v -0.345421 1.231953 -0.274178
v -0.353032 1.050671 -0.239790
v -0.358040 1.052381 0.077267
v -0.353250 1.050265 0.051029
v -0.349040 1.042065 -0.126805
v -0.343807 1.050450 0.123049
v -0.343649 1.037667 -0.226035
v -0.351276 0.999584 0.184611
v -0.352396 0.999001 -0.187028
v -0.345642 1.619966 0.062691
v -0.349060 1.611297 -0.092422
v -0.368852 1.530962 0.196809
v -0.369366 1.531700 -0.196479
v -0.355674 1.404413 -0.254716
v -0.357859 1.151811 0.271055
v -0.357677 1.073556 -0.252770
v -0.348081 1.055920 -0.095180
v -0.362993 1.051308 -0.074221
v -0.353896 1.045774 0.236868
v -0.352497 1.049822 -0.043201
v -0.343826 1.048796 -0.001686
v -0.377117 0.995803 -0.139329
v -0.376857 0.999461 0.218686
v -0.359578 0.995673 -0.196934
v -0.364029 1.000319 -0.210254
v -0.348878 1.598686 0.115365
v -0.358656 1.564505 0.161038
v -0.366592 1.361027 -0.261661
v -0.366464 1.319010 0.267212
v -0.375345 1.232285 -0.276241
v -0.381327 1.162611 -0.275096
v -0.384779 1.126552 -0.271686
v -0.399144 1.095052 0.267935
v -0.380545 1.098337 -0.265918
v -0.359867 1.090949 0.259097
v -0.343217 1.055942 -0.112586
v -0.367109 1.044680 -0.099668
v -0.373657 1.005768 0.133399
v -0.364791 0.990691 0.166137
v -0.345037 1.620104 0.000550
v -0.339866 1.621007 -0.044927
v -0.349791 1.612376 0.089303
v -0.359510 1.587653 -0.133750
v -0.363436 1.592112 0.127384
v -0.361586 1.460640 -0.240444
v -0.357722 1.063810 0.248146
v -0.372802 1.047367 0.084682
v -0.374337 1.025182 -0.116811
v -0.360175 0.997148 0.200425
v -0.352891 0.998634 -0.176037
v -0.372944 1.414144 0.255540
v -0.376450 1.241390 0.275785
v -0.373915 1.619650 0.000141
v -0.373345 1.620749 -0.047287
v -0.360864 1.621597 0.052557
v -0.357384 1.620411 -0.063356
v -0.374053 1.612676 0.088267
v -0.395078 1.478537 -0.237907
v -0.382198 1.362421 0.262777
v -0.394855 1.055380 -0.257216
v -0.372534 1.036399 0.105598
v -0.384671 1.014673 -0.235316
v -0.386894 0.989823 -0.215470
v -0.406921 0.953312 0.172153
v -0.382788 1.603240 -0.106953
v -0.364311 1.275051 -0.273737
v -0.390798 1.060668 0.257371
v -0.389496 1.033540 0.246474
v -0.388241 1.039661 0.086005
v -0.397886 1.044974 0.000035
v -0.392222 1.046306 -0.052973
v -0.400963 1.034446 -0.084329
v -0.396916 1.026049 -0.097305
v -0.410979 0.954960 0.143159
v -0.402006 1.551277 -0.176040
v -0.391600 1.548345 0.179086
v -0.394625 1.510138 -0.216416
v -0.413105 1.452605 0.250326
v -0.416532 1.429796 -0.258139
v -0.386941 1.046753 0.055212
v -0.383487 1.046161 -0.074698
v -0.398706 1.024207 0.097463
v -0.412677 0.965074 0.129550
v -0.405674 0.963574 0.191836
v -0.413935 0.954951 -0.139179
v -0.409165 0.950593 0.160719
v -0.405556 0.955278 -0.156035
v -0.385556 1.615427 -0.076861
v -0.398025 1.590508 -0.126475
v -0.404253 1.575843 -0.147014
v -0.399299 1.455166 -0.248231
v -0.430624 1.394324 0.264772
v -0.403358 1.042312 0.068263
v -0.403484 1.029856 -0.248547
v -0.401625 1.006216 0.109552
v -0.411393 0.965290 -0.130784
v -0.403045 0.956199 -0.170322
v -0.400898 1.616340 0.002691
v -0.409031 1.586440 0.130361
v -0.404499 1.509268 0.216021
v -0.397029 1.488555 0.231666
v -0.416751 1.426432 0.258581
v -0.402448 1.168289 0.275654
v -0.385639 1.157697 0.274833
v -0.410017 1.010779 0.239959
v -0.390999 1.006109 0.231994
v -0.411476 0.964067 -0.197938
v -0.431847 1.400061 -0.264631
v -0.400301 1.173057 -0.276110
v -0.427485 1.122416 -0.273735
v -0.413059 1.084039 -0.267147
v -0.406381 1.041463 -0.068861
v -0.418155 0.984294 -0.223238
v -0.410991 0.953553 -0.179422
v -0.398658 1.617355 -0.050533
v -0.397176 1.617647 0.050418
v -0.391010 1.614974 0.074411
v -0.429559 1.595141 -0.107072
v -0.427774 1.489275 -0.230419
v -0.448260 1.157521 -0.275714
v -0.432203 1.121189 0.273224
v -0.413284 1.052006 0.258230
v -0.421352 1.058053 -0.260499
v -0.427849 1.041767 0.055286
v -0.431835 1.044647 0.021498
v -0.441597 1.005224 0.090020
v -0.407693 0.986049 0.221932
v -0.442262 0.933225 -0.138345
v -0.402426 1.573955 0.149582
v -0.442943 1.459313 0.247709
v -0.441338 1.447822 -0.253172
v -0.424976 1.328917 0.269850
v -0.423189 1.330623 -0.269902
v -0.448034 1.042779 0.046599
v -0.415071 1.044701 -0.031303
v -0.431524 1.043127 -0.049221
v -0.417812 1.030831 0.079633
v -0.408105 1.006994 -0.237984
v -0.398784 1.009826 -0.109382
v -0.428474 0.978709 0.218276
v -0.442897 0.959468 0.115084
v -0.441864 0.931627 0.142140
v -0.419125 1.598648 0.103688
v -0.437147 1.580025 -0.131190
v -0.434415 1.479169 0.236822
v -0.436374 1.036067 0.251402
v -0.435040 1.007355 -0.092117
v -0.432553 0.997014 -0.232411
v -0.434171 0.945274 0.185189
v -0.439745 0.940446 0.131754
v -0.451668 0.923914 0.163119
v -0.431007 0.935972 -0.156050
v -0.437570 1.608778 -0.050638
v -0.439353 1.602742 -0.079191
v -0.433710 1.604906 0.076274
v -0.449614 1.153494 0.275043
v -0.431729 1.088758 0.268067
v -0.445314 1.062901 0.260350
v -0.438359 1.041793 -0.254119
v -0.445934 1.033423 0.065309
v -0.440661 1.032618 -0.068559
v -0.434743 0.945192 -0.185727
v -0.443469 1.607259 0.050824
v -0.449269 1.539747 0.181888
v -0.453231 1.287909 -0.274244
v -0.462693 1.200179 -0.275520
v -0.461541 1.045236 0.035054
v -0.464929 1.043829 -0.043657
v -0.433424 0.999744 0.233498
v -0.456594 1.019276 0.075549
v -0.452253 0.971236 0.103601
v -0.456638 0.921925 -0.167448
v -0.466254 1.543348 -0.174636
v -0.454745 1.284855 0.274036
v -0.437946 1.097945 -0.269938
v -0.450035 1.077693 -0.264326
v -0.451924 0.972992 0.211970
v -0.452395 0.945659 0.190407
v -0.459284 0.926735 0.176421
v -0.455816 0.928929 -0.176950
v -0.452767 0.919650 -0.146730
v -0.456359 0.917253 -0.157267
v -0.465400 1.601530 -0.033251
v -0.470042 1.586215 0.100149
v -0.476775 1.583556 -0.101550
v -0.457768 1.576771 0.126905
v -0.457966 1.373533 -0.267752
v -0.463095 1.347149 0.269456
v -0.455116 1.102170 0.268891
v -0.471574 1.003191 -0.081677
v -0.469133 0.999775 -0.228093
v -0.462915 0.976346 -0.096200
v -0.455715 0.972388 -0.211707
v -0.443483 0.963287 -0.112762
v -0.449951 0.950977 -0.194571
v -0.477213 0.919471 0.113801
v -0.442245 0.943593 -0.127019
v -0.448124 0.923969 0.151272
v -0.484736 1.539916 0.172923
v -0.491100 1.515663 -0.200978
v -0.501911 1.475864 0.231734
v -0.447739 1.429585 0.258439
v -0.454700 1.421523 -0.260401
v -0.462702 1.396808 0.264546
v -0.470827 1.022370 -0.239108
v -0.468031 1.008299 0.232646
v -0.451735 1.023932 -0.073727
v -0.468121 0.976429 0.093751
v -0.487139 0.898092 -0.123314
v -0.449717 1.466810 -0.243425
v -0.517957 1.397065 -0.262003
v -0.481867 1.061030 0.252532
v -0.461954 1.046514 0.024419
v -0.482342 1.037577 -0.053976
v -0.483003 0.950303 -0.097351
v -0.475027 0.912793 -0.176122
v -0.500429 1.493258 -0.219496
v -0.462076 1.046516 -0.023241
v -0.485341 1.037620 0.053257
v -0.490109 0.999889 0.077737
v -0.474550 0.981547 -0.218832
v -0.468095 0.968971 0.210254
v -0.487394 0.896544 0.124411
v -0.497731 0.877844 0.137653
v -0.478942 0.895917 -0.138277
v -0.494926 1.584469 0.080520
v -0.496386 1.585755 -0.074064
v -0.496651 1.533594 -0.176861
v -0.515767 1.431180 0.252615
v -0.459149 1.194005 0.275404
v -0.460112 1.114667 -0.270439
v -0.495984 1.089421 -0.258270
v -0.483744 1.025128 -0.065362
v -0.477146 0.937762 0.193479
v -0.473571 0.935558 -0.190942
v -0.498643 0.905325 -0.185732
v -0.495782 1.499543 0.214618
v -0.521770 1.453198 0.242210
v -0.513311 1.054620 -0.017207
v -0.488454 1.001933 0.229601
v -0.490219 0.954523 0.092957
v -0.502032 0.939417 -0.202293
v -0.494103 0.927809 0.100052
v -0.510279 0.872371 0.168357
v -0.527696 0.848360 0.157046
v -0.496620 0.881574 -0.163732
v -0.499168 1.588067 0.057377
v -0.476032 1.595189 -0.064854
v -0.498372 1.556884 -0.140194
v -0.513961 1.549590 0.143244
v -0.486857 1.520633 0.196383
v -0.514735 1.463971 -0.237741
v -0.511554 1.443408 -0.248559
v -0.519953 1.422778 -0.255327
v -0.524451 1.373135 0.264611
v -0.524746 1.272675 -0.271421
v -0.528922 1.272348 0.270839
v -0.503489 1.189273 -0.271453
v -0.506986 1.154044 -0.267051
v -0.486848 1.054481 -0.249571
v -0.498298 1.050677 0.026379
v -0.498282 1.050373 -0.027752
v -0.509442 1.048969 -0.037826
v -0.519899 1.012649 0.066853
v -0.498525 1.021221 -0.237870
v -0.507740 0.972444 -0.082916
v -0.520436 0.938531 0.206328
v -0.523298 0.851038 0.145631
v -0.481697 1.596485 0.040398
v -0.495628 1.212795 0.272847
v -0.491171 1.164101 0.270354
v -0.498612 1.107068 0.260978
v -0.501658 1.063791 0.251416
v -0.497257 1.052200 0.007128
v -0.520615 0.968458 -0.222734
v -0.551063 0.873551 0.095994
v -0.501311 0.905452 0.186544
v -0.516637 0.873505 -0.175733
v -0.522415 0.861396 -0.125719
v -0.515902 1.404459 0.260223
v -0.533182 1.323330 -0.268808
v -0.520131 1.174714 0.268319
v -0.510571 1.029579 0.240948
v -0.497090 1.045845 0.040933
v -0.528766 1.020093 -0.062779
v -0.511608 0.982770 0.079005
v -0.529381 0.937086 -0.207754
v -0.485442 0.919668 -0.108417
v -0.515184 0.874630 0.119469
v -0.525850 0.850021 -0.138565
v -0.522691 1.492970 0.212573
v -0.530448 1.485852 -0.216459
v -0.533237 1.219133 -0.270871
v -0.527029 0.969935 0.224287
v -0.525406 0.944007 0.084508
v -0.530905 0.913176 -0.199460
v -0.538187 0.869586 0.105842
v -0.530032 0.879866 -0.187645
v -0.533912 0.868500 -0.109517
v -0.525304 0.850513 -0.156826
v -0.511324 1.586769 0.000956
v -0.553742 1.540036 0.132716
v -0.528842 1.332439 0.268174
v -0.533672 1.183786 -0.268949
v -0.520721 1.039143 -0.244920
v -0.549938 1.051689 0.042167
v -0.504171 1.005451 -0.072884
v -0.545844 0.978968 -0.074283
v -0.564564 0.893356 0.082620
v -0.515965 0.875841 0.176826
v -0.534860 0.851350 0.173221
v -0.535621 0.848107 -0.170663
v -0.499759 1.590160 -0.040110
v -0.563644 1.537411 -0.130366
v -0.530183 1.362138 -0.265896
v -0.537178 1.201978 0.269526
v -0.543552 1.041630 0.050729
v -0.526609 1.032316 -0.056662
v -0.533518 0.933582 -0.084551
v -0.526919 0.889570 0.189891
v -0.547568 0.829105 0.130471
v -0.540645 0.832035 -0.151377
v -0.553170 1.507913 -0.183169
v -0.542520 1.419451 0.251500
v -0.539625 1.434955 -0.246201
v -0.537342 1.060572 0.250476
v -0.553386 1.060620 0.024919
v -0.523387 1.025930 0.059990
v -0.547320 0.938344 0.210383
v -0.538213 0.918993 0.202248
v -0.548882 0.833406 -0.123187
v -0.545004 0.848939 -0.181131
v -0.547708 0.838502 0.120094
v -0.563716 1.568255 0.004541
v -0.554987 1.528181 -0.153054
v -0.554424 1.383801 0.257995
v -0.544553 1.254640 -0.269474
v -0.534976 1.111698 -0.261099
v -0.576403 1.068606 0.003814
v -0.534926 0.996481 -0.235567
v -0.530099 0.998803 0.235112
v -0.552017 0.940685 -0.212234
v -0.567398 1.549360 -0.095915
v -0.554302 1.378533 -0.259331
v -0.549661 1.340502 0.264995
v -0.559978 1.344880 -0.262789
v -0.561335 1.146292 0.262621
v -0.554903 1.133054 -0.262461
v -0.538159 1.111742 0.260724
v -0.547197 1.067388 -0.252320
v -0.533211 1.049253 -0.042781
v -0.555745 0.984234 0.232067
v -0.558200 0.968750 -0.226169
v -0.557757 0.858605 -0.191776
v -0.557597 0.872644 -0.093523
v -0.555462 0.862261 0.191658
v -0.550829 0.849982 0.184802
v -0.557223 0.821483 0.171865
v -0.559686 0.817872 -0.171820
v -0.557285 0.810359 0.138684
v -0.557730 0.809588 -0.138807
v -0.585657 1.553560 0.054855
v -0.568807 1.460131 -0.221445
v -0.560949 1.274572 0.265957
v -0.558314 1.047629 -0.047446
v -0.561217 1.015956 0.241403
v -0.571676 1.019853 -0.242579
v -0.552481 0.956208 0.076666
v -0.579364 0.917951 -0.207215
v -0.572909 0.892926 -0.203605
v -0.574536 0.828294 0.102985
v -0.568564 0.834224 -0.105032
v -0.558579 0.808363 0.151730
v -0.541030 1.518804 0.175173
v -0.575416 1.489350 -0.191251
v -0.561571 1.468617 0.217916
v -0.553463 1.401015 -0.254092
v -0.565622 1.342065 0.261102
v -0.569543 1.296981 -0.263409
v -0.577109 1.064515 -0.025303
v -0.559817 1.005413 -0.065475
v -0.553860 0.953293 -0.076982
v -0.590911 0.838518 0.088141
v -0.581797 0.805160 0.184848
v -0.572512 0.811903 -0.113392
v -0.566438 0.804500 -0.126054
v -0.566849 0.798451 -0.156724
v -0.566253 1.566706 -0.017913
v -0.578852 1.468071 -0.210811
v -0.575853 1.448661 0.225174
v -0.577113 1.025183 0.243202
v -0.552757 0.994417 0.069261
v -0.563547 0.995274 -0.235845
v -0.575755 0.941296 0.212163
v -0.556739 0.891831 -0.086532
v -0.568983 0.807380 0.119817
v -0.576880 1.559784 -0.042936
v -0.558257 1.503534 0.184912
v -0.587015 1.429842 -0.230797
v -0.604818 1.416817 0.228719
v -0.598201 1.210621 -0.259144
v -0.587692 1.196900 0.261102
v -0.575224 1.177121 -0.263096
v -0.594787 1.087397 -0.252499
v -0.588421 1.055378 -0.248514
v -0.590085 1.063938 0.249500
v -0.608065 0.884624 0.070407
v -0.586786 0.780432 0.170987
v -0.585051 0.787220 -0.175963
v -0.576150 0.778560 -0.144278
v -0.603079 1.064693 -0.034819
v -0.596184 1.061887 0.035789
v -0.601624 1.054584 -0.043711
v -0.599674 1.043994 -0.049174
v -0.574688 0.974233 -0.071934
v -0.576836 0.937844 -0.211196
v -0.610231 0.906443 0.068607
v -0.571351 0.894102 0.202999
v -0.621040 0.847250 0.072136
v -0.592230 0.843136 -0.086331
v -0.591087 0.810088 0.191357
v -0.584248 0.812038 -0.189791
v -0.597707 0.776981 0.180971
v -0.588775 0.760955 0.130962
v -0.590885 0.766407 0.120786
v -0.591143 0.761737 -0.124986
v -0.592005 0.753697 0.138213
v -0.578782 1.470703 0.208019
v -0.616801 1.277286 0.251314
v -0.581535 1.068867 -0.012549
v -0.577047 1.041280 0.050616
v -0.583510 0.979300 0.228818
v -0.584985 0.980668 -0.229501
v -0.589208 0.978371 0.070045
v -0.589740 0.901342 -0.073434
v -0.611551 0.820501 0.198651
v -0.596779 0.777130 0.107305
v -0.605760 0.755734 -0.110884
v -0.594710 0.773011 -0.175925
v -0.602870 0.740758 0.149395
v -0.599123 0.746243 -0.150278
v -0.574525 1.562957 0.027793
v -0.596855 1.511109 0.148389
v -0.605297 1.509143 -0.145135
v -0.603006 1.440384 0.216465
v -0.605320 1.396498 -0.236457
v -0.596677 1.139773 -0.256251
v -0.590198 1.105517 0.254621
v -0.592224 1.067953 0.025022
v -0.596300 0.967590 -0.071101
v -0.595022 0.959032 0.070792
v -0.609751 0.861842 -0.207510
v -0.605988 0.858840 0.205594
v -0.604059 0.821761 -0.197244
v -0.610349 0.788969 0.091819
v -0.599695 0.742667 -0.134847
v -0.562696 1.547461 0.106639
v -0.613410 1.361844 -0.242850
v -0.613959 1.339487 0.246339
v -0.603816 1.051717 0.045712
v -0.603640 0.997431 0.065875
v -0.602857 0.952694 -0.213737
v -0.595924 0.914319 0.208198
v -0.608560 0.909342 -0.208697
v -0.620072 0.859215 0.208059
v -0.606900 0.861821 -0.074600
v -0.610792 0.784174 -0.190581
v -0.627451 0.722281 0.165795
v -0.589679 1.526746 0.126378
v -0.618098 1.311396 -0.248577
v -0.621537 1.227677 0.252015
v -0.613263 1.105818 0.250604
v -0.610648 0.999263 -0.065680
v -0.615533 0.971877 -0.071748
v -0.601730 0.952582 0.213708
v -0.588024 0.933431 0.209914
v -0.615249 0.913314 -0.068308
v -0.611857 0.795214 -0.089077
v -0.612878 0.765342 -0.099632
v -0.617498 0.762343 -0.185059
v -0.626930 0.726683 -0.169877
v -0.645890 1.544087 0.001798
v -0.620207 1.491380 0.158551
v -0.602987 1.440362 -0.216854
v -0.613634 1.382411 0.237252
v -0.618471 1.240216 -0.252897
v -0.609821 1.102451 -0.251588
v -0.630397 1.079688 -0.020359
v -0.607756 0.931993 -0.209139
v -0.624741 0.865012 -0.069446
v -0.634950 0.728795 0.098486
v -0.645712 0.692218 0.110126
v -0.646100 0.690866 -0.111025
v -0.647241 0.679995 0.120018
v -0.617266 1.518123 -0.113682
v -0.635432 1.503601 0.121631
v -0.621355 1.491543 -0.157154
v -0.636907 1.455139 -0.183758
v -0.625562 1.131604 0.248425
v -0.624798 1.080652 0.009181
v -0.616495 1.078166 -0.007790
v -0.630665 1.034335 0.234731
v -0.623099 1.075918 0.024744
v -0.631233 1.067248 0.038613
v -0.620233 0.997895 -0.228364
v -0.620120 0.979513 0.070853
v -0.627343 0.906509 0.067803
v -0.626689 0.925846 0.206189
v -0.623730 0.802004 0.080591
v -0.645237 0.680327 -0.139303
v -0.646652 0.676721 0.131378
v -0.630655 1.347535 0.237160
v -0.633585 1.304147 0.242509
v -0.633684 1.084079 0.241162
v -0.629525 1.080468 -0.242494
v -0.631584 1.061030 -0.043446
v -0.628688 1.050360 0.048149
v -0.635184 1.043885 -0.052092
v -0.631950 0.999240 0.068109
v -0.638124 0.899000 -0.068866
v -0.624387 0.879342 0.209165
v -0.632821 0.806104 -0.200963
v -0.615862 0.774316 0.188649
v -0.651567 0.725818 -0.089280
v -0.633775 0.709121 -0.159574
v -0.643066 0.683230 -0.126025
v -0.622819 1.520135 0.100900
v -0.642052 1.415125 0.204959
v -0.616179 1.409562 -0.225566
v -0.625951 1.360664 -0.237270
v -0.640914 1.256728 0.243442
v -0.642108 1.221404 -0.244529
v -0.629408 1.134936 -0.247324
v -0.634340 1.073480 -0.034346
v -0.641158 1.022090 -0.230025
v -0.645323 0.969596 -0.077017
v -0.638927 0.950112 -0.205932
v -0.631883 0.925166 -0.205526
v -0.618661 0.883189 -0.209751
v -0.642147 0.854262 -0.068359
v -0.641266 0.845549 0.068604
v -0.649309 0.830445 -0.205937
v -0.631141 0.794176 -0.079708
v -0.640631 1.525327 0.061342
v -0.645602 1.485935 -0.141422
v -0.652857 1.460733 -0.165840
v -0.642221 1.410420 -0.207664
v -0.650228 1.378224 0.215597
v -0.659816 1.292544 -0.230046
v -0.638304 1.269457 -0.243968
v -0.639593 0.994554 -0.071840
v -0.628279 0.998364 0.226161
v -0.643000 0.963417 0.207489
v -0.647958 0.970711 0.077464
v -0.629907 0.952832 0.072400
v -0.643285 0.941038 -0.075544
v -0.644912 0.790329 0.198990
v -0.652549 0.742594 0.186710
v -0.650455 0.733185 0.087163
v -0.646731 0.718388 -0.175160
v -0.630065 0.735407 0.176992
v -0.659026 0.689844 -0.098785
v -0.659537 0.687084 0.161778
v -0.645090 0.680734 0.139960
v -0.651365 0.679602 -0.149377
v -0.646198 1.541938 0.011907
v -0.640633 1.540312 -0.024681
v -0.643121 1.522725 -0.063883
v -0.644240 1.499225 -0.117758
v -0.626279 1.481006 0.166002
v -0.654822 1.362579 -0.218268
v -0.645081 1.210654 0.242583
v -0.648433 1.116033 0.238924
v -0.657689 1.080614 0.038245
v -0.660390 1.060169 0.231412
v -0.680048 1.015707 0.071849
v -0.657202 0.936061 0.198852
v -0.654025 0.911755 0.201423
v -0.653605 0.865724 0.205661
v -0.647777 0.845811 0.206582
v -0.658003 0.805427 0.202355
v -0.643673 0.795963 0.074451
v -0.645607 0.801735 -0.073319
v -0.660010 0.727480 -0.182545
v -0.660644 0.689427 0.097112
v -0.654786 0.693917 -0.164045
v -0.656179 0.673907 0.148902
v -0.645394 1.543531 -0.006974
v -0.642537 1.451702 0.181970
v -0.659297 1.339143 0.220880
v -0.664060 1.289489 0.227777
v -0.657408 1.152968 0.235360
v -0.667304 1.164036 -0.231217
v -0.650975 1.120360 -0.238537
v -0.652990 1.093213 0.013844
v -0.642585 1.089120 -0.004689
v -0.662443 1.096311 -0.021645
v -0.656557 1.085910 -0.032444
v -0.656057 1.053716 -0.232208
v -0.670757 1.055971 0.056000
v -0.671271 0.917021 0.081541
v -0.654095 0.926220 -0.199864
v -0.639986 0.911181 0.070201
v -0.647594 0.867032 -0.207339
v -0.659523 0.657832 -0.116597
v -0.656276 1.529108 0.035158
v -0.672604 1.513102 -0.046000
v -0.658491 1.458601 0.161757
v -0.664718 1.075100 -0.045055
v -0.650343 1.025357 0.226895
v -0.642482 0.963611 -0.208167
v -0.673027 0.943195 0.193150
v -0.658497 0.868964 0.070184
v -0.658011 0.867757 -0.070294
v -0.662604 0.831856 0.069647
v -0.652672 0.798278 -0.201536
v -0.667948 0.756979 0.192758
v -0.653808 0.759772 -0.192727
v -0.663499 0.746975 0.078820
v -0.661403 0.745061 -0.079903
v -0.660296 0.710757 0.174838
v -0.675045 0.661599 -0.155460
v -0.668648 0.642033 0.135932
v -0.670175 0.633971 -0.124700
v -0.658173 1.529520 -0.032771
v -0.674835 1.413390 0.185175
v -0.671432 1.404418 -0.193225
v -0.694571 1.239733 0.217099
v -0.671288 1.086428 -0.231025
v -0.659012 1.090861 0.027161
v -0.663032 1.101365 -0.006943
v -0.670406 0.898307 -0.080525
v -0.671530 0.855965 -0.073790
v -0.672845 0.833435 -0.200579
v -0.670672 0.811578 -0.071305
v -0.674873 0.803332 0.199144
v -0.670135 0.774673 -0.073629
v -0.668427 0.785562 0.072313
v -0.677248 0.689181 0.087915
v -0.672820 0.664303 0.155321
v -0.669304 0.648247 0.142704
v -0.674165 0.650837 -0.149754
v -0.667534 0.642918 0.112516
v -0.666534 1.535278 0.020330
v -0.670146 1.534537 -0.019923
v -0.681807 1.493254 0.066914
v -0.695099 1.470647 0.098404
v -0.682689 1.464953 -0.126243
v -0.684606 1.378052 0.196851
v -0.673963 1.109622 0.007288
v -0.682040 1.015727 -0.072868
v -0.675547 0.948637 0.086889
v -0.676322 0.949289 -0.087602
v -0.663549 0.913076 -0.198531
v -0.671396 0.894443 0.079838
v -0.672530 0.794758 -0.199499
v -0.685161 0.744759 -0.189627
v -0.685178 0.702416 -0.082873
v -0.677955 0.691750 -0.168517
v -0.673944 0.692054 -0.089083
v -0.692669 0.662740 -0.163179
v -0.672224 0.656762 0.099848
v -0.674683 0.651573 -0.099594
v -0.668098 0.644358 -0.137611
v -0.670385 0.633199 0.124197
v -0.684359 1.493276 -0.062394
v -0.652235 1.482069 0.138342
v -0.684170 1.382232 -0.195848
v -0.689768 1.124745 0.224550
v -0.672077 1.093078 0.230924
v -0.688029 1.095960 0.041931
v -0.694254 1.101001 -0.041977
v -0.673288 1.069924 0.051884
v -0.674822 1.024050 0.215148
v -0.674814 1.027254 -0.216618
v -0.687478 0.984331 0.087121
v -0.683568 0.961888 -0.192067
v -0.684264 0.965395 0.192508
v -0.686825 0.933594 -0.185297
v -0.676410 0.921728 0.190380
v -0.688621 0.889613 -0.084638
v -0.680194 0.881644 0.194845
v -0.682306 0.818260 0.196530
v -0.690302 0.800887 -0.074839
v -0.681464 0.762718 0.193217
v -0.699970 0.700205 0.080340
v -0.685501 0.640784 0.155953
v -0.683672 0.624807 0.097094
v -0.680513 0.629405 -0.099092
v -0.690617 0.603706 -0.102365
v -0.703331 1.539044 0.011670
v -0.701724 1.538473 -0.011413
v -0.686214 1.498178 0.052893
v -0.687563 1.446986 0.141763
v -0.693305 1.435951 -0.146922
v -0.694386 1.340758 0.202440
v -0.693653 1.348391 -0.201106
v -0.690981 1.308565 -0.211615
v -0.701444 1.269408 0.211410
v -0.683883 1.118908 -0.005727
v -0.693728 1.018592 0.205748
v -0.695917 0.953870 0.096268
v -0.683477 0.875057 -0.194251
v -0.697568 0.842835 -0.083402
v -0.690933 0.766724 0.074430
v -0.692352 0.753088 -0.075590
v -0.694440 0.602418 0.150701
v -0.687342 0.602735 0.140691
v -0.690879 0.601857 -0.146729
v -0.690646 0.592108 -0.119985
v -0.674063 0.114958 0.155000
v -0.684729 0.125530 0.166089
v -0.678106 0.113949 0.129234
v -0.690321 0.133309 0.131771
v -0.679757 0.113638 -0.125489
v -0.673752 0.114479 -0.147723
v -0.679083 0.114674 -0.169298
v -0.675514 0.108059 0.150084
v -0.692012 0.107406 0.177513
v -0.681049 0.107498 0.126644
v -0.680877 0.107558 -0.127145
v -0.675371 0.108502 -0.150288
v -0.709538 1.529430 0.024629
v -0.677951 1.522337 0.031873
v -0.684659 1.516697 -0.035096
v -0.693212 1.511513 0.036242
v -0.691624 1.472443 -0.100731
v -0.697535 1.303178 0.208615
v -0.692618 1.242657 -0.218316
v -0.687137 1.115597 0.019292
v -0.693706 1.131051 0.000302
v -0.689685 1.116154 -0.021894
v -0.672321 1.061486 -0.055253
v -0.695404 1.024305 0.075251
v -0.692840 1.005923 -0.202785
v -0.686469 0.982784 -0.087764
v -0.697181 0.954431 -0.097239
v -0.695676 0.845435 0.189150
v -0.693676 0.797128 0.075197
v -0.692478 0.669937 0.085626
v -0.681973 0.690643 0.168570
v -0.687316 0.662223 -0.089227
v -0.700227 0.667939 0.165244
v -0.694382 0.657372 0.162343
v -0.697877 0.625637 0.086037
v -0.690384 0.625118 -0.156074
v -0.690805 0.595226 0.113754
v -0.700609 0.595021 0.097584
v -0.692074 0.588444 -0.132533
v -0.682670 0.124997 -0.163474
v -0.681881 0.114884 0.173344
v -0.704271 0.137707 0.113883
v -0.699284 0.136792 -0.119396
v -0.696213 0.112336 -0.103332
v -0.697124 0.119144 -0.187240
v -0.691006 0.105703 0.133402
v -0.690597 0.105692 -0.124930
v -0.704683 1.541024 -0.000931
v -0.696472 1.503303 -0.039513
v -0.704696 1.487615 -0.040919
v -0.688868 1.391081 0.187067
v -0.687414 1.118852 -0.226165
v -0.701582 1.122563 0.218496
v -0.703436 1.137152 -0.012982
v -0.691081 1.085931 0.221883
v -0.694180 1.075528 -0.219164
v -0.708046 1.088651 -0.061955
v -0.698390 1.020440 -0.078516
v -0.698463 0.958091 0.180373
v -0.714565 0.912831 -0.169520
v -0.715434 0.910910 0.168722
v -0.727201 0.893355 -0.098686
v -0.700957 0.766403 -0.188271
v -0.706306 0.757034 0.184740
v -0.701155 0.733456 0.183232
v -0.693167 0.726244 0.182875
v -0.709159 0.694562 0.169854
v -0.698685 0.631312 -0.162852
v -0.697005 0.627075 -0.086657
v -0.704558 0.600273 -0.156390
v -0.693556 0.584979 0.129006
v -0.706489 0.156129 0.148492
v -0.722306 0.179056 0.128052
v -0.713563 0.161567 -0.153082
v -0.689019 0.113579 0.182689
v -0.691285 0.110044 -0.182582
v -0.699183 0.106569 0.104471
v -0.696903 0.106734 -0.106324
v -0.716900 1.527024 -0.023030
v -0.698364 1.498870 0.042532
v -0.703409 1.453790 0.116850
v -0.707783 1.394118 0.166744
v -0.707194 1.399463 -0.163441
v -0.685540 1.406369 -0.180763
v -0.702697 1.206626 -0.213812
v -0.699824 1.057825 -0.071042
v -0.698682 0.978466 0.094714
v -0.706034 0.988631 0.186506
v -0.707294 0.978720 -0.100797
v -0.700620 0.968432 -0.182393
v -0.707628 0.932754 0.171501
v -0.715843 0.906351 0.096302
v -0.707965 0.810590 0.181333
v -0.708776 0.802093 -0.181132
v -0.701525 0.733199 -0.183526
v -0.710470 0.691492 -0.168992
v -0.707238 0.704335 -0.080139
v -0.705622 0.677094 -0.081920
v -0.701714 0.629229 0.162978
v -0.707657 0.597525 -0.090971
v -0.715523 0.588843 0.156241
v -0.715031 0.574821 -0.106970
v -0.704909 0.583411 0.144428
v -0.703176 0.578444 0.116867
v -0.701366 0.580067 -0.118224
v -0.704877 0.577382 -0.133969
v -0.707416 0.581637 -0.146266
v -0.721829 0.176090 0.120410
v -0.721073 0.173204 -0.118509
v -0.723397 0.180443 -0.128410
v -0.698945 0.133245 0.176391
v -0.698206 0.129870 -0.179524
v -0.693125 0.112993 0.106119
v -0.705684 0.105364 0.112126
v -0.712700 1.467811 0.053983
v -0.703815 1.476432 -0.052520
v -0.700712 1.477835 0.062734
v -0.711452 1.460100 -0.085704
v -0.715357 1.452062 0.097080
v -0.718065 1.445742 -0.106752
v -0.723768 1.427536 -0.125954
v -0.703449 1.205709 0.213224
v -0.722052 1.244857 -0.199702
v -0.727696 1.178519 0.003322
v -0.721778 1.170147 -0.003398
v -0.705184 1.124983 -0.216388
v -0.700859 1.058412 0.071252
v -0.715874 1.079487 -0.205907
v -0.711099 1.005715 0.093315
v -0.708067 0.969616 0.174290
v -0.709582 0.969933 0.105036
v -0.715124 0.954598 -0.110782
v -0.704995 0.947704 -0.100874
v -0.709329 0.942643 -0.169483
v -0.697662 0.865824 0.084506
v -0.717589 0.759490 0.177157
v -0.723570 0.722188 -0.081362
v -0.711018 0.744991 -0.181481
v -0.714564 0.673891 0.165406
v -0.706885 0.654548 0.082110
v -0.710514 0.619073 -0.163058
v -0.720609 0.583684 -0.156365
v -0.706876 0.573650 0.124860
v -0.715019 0.578440 0.099661
v -0.716764 0.561535 0.137041
v -0.715660 0.560749 0.112470
v -0.710954 0.565332 -0.121561
v -0.716208 0.562331 -0.137381
v -0.737089 0.180852 0.157926
v -0.723511 0.170696 0.112546
v -0.739608 0.180040 -0.161916
v -0.712762 0.137286 -0.106070
v -0.704488 0.119201 0.191461
v -0.717535 0.134890 0.101310
v -0.722711 0.133561 -0.192090
v -0.708628 0.111396 0.192522
v -0.711794 0.111243 -0.194219
v -0.717617 0.108495 0.188657
v -0.726957 1.516782 0.032264
v -0.710928 1.485030 0.044655
v -0.718176 1.472040 -0.037497
v -0.714603 1.465349 -0.041239
v -0.717124 1.456477 0.063310
v -0.701369 1.269699 -0.211777
v -0.727720 1.195925 0.200368
v -0.718804 1.189968 -0.206473
v -0.730410 1.176540 0.010673
v -0.704579 1.137528 0.014027
v -0.713783 1.110136 -0.050965
v -0.700600 1.111470 0.036615
v -0.711474 1.081521 0.209134
v -0.708740 1.092781 0.059665
v -0.726399 1.037719 -0.098600
v -0.715164 0.979557 -0.109084
v -0.715307 0.946468 0.162735
v -0.710446 0.951542 0.105328
v -0.723390 0.826947 -0.089003
v -0.702570 0.832441 0.083959
v -0.723276 0.804978 -0.089114
v -0.732462 0.745300 -0.085276
v -0.720250 0.667158 0.080540
v -0.705230 0.669049 -0.165850
v -0.714697 0.629262 -0.081168
v -0.714465 0.597994 0.087554
v -0.726463 0.561732 0.147910
v -0.724069 0.558291 0.102776
v -0.727597 0.168473 -0.108358
v -0.744853 0.172824 -0.174187
v -0.721823 0.127631 -0.096398
v -0.725432 0.127622 0.195742
v -0.691565 0.107201 -0.168833
v -0.745261 1.506030 -0.033715
v -0.733507 1.490038 -0.039916
v -0.725207 1.457301 0.046112
v -0.716055 1.456921 -0.052529
v -0.724731 1.426966 0.125103
v -0.729415 1.399523 -0.143227
v -0.740042 1.347459 0.162500
v -0.736321 1.321747 0.175301
v -0.736190 1.329911 -0.173235
v -0.723632 1.256428 0.197171
v -0.728897 1.170833 -0.013661
v -0.707739 0.992318 -0.186150
v -0.737390 1.034873 -0.165441
v -0.718665 0.971862 0.158419
v -0.717502 0.976404 0.114085
v -0.720502 0.977748 -0.158783
v -0.714552 0.968022 -0.165642
v -0.718024 0.953995 0.114145
v -0.718164 0.944345 -0.160329
v -0.725366 0.920667 -0.108434
v -0.726962 0.819538 0.089281
v -0.700539 0.840528 -0.186460
v -0.729230 0.792834 0.089344
v -0.724826 0.713740 0.080808
v -0.730907 0.645973 -0.164209
v -0.732309 0.634374 0.163336
v -0.724709 0.623396 0.080934
v -0.720274 0.612096 0.161948
v -0.722218 0.592032 -0.088755
v -0.723923 0.583460 0.156489
v -0.728079 0.577104 0.094092
v -0.727948 0.564060 -0.150322
v -0.723161 0.533821 0.129518
v -0.725853 0.545030 -0.106418
v -0.722899 0.533498 -0.125412
v -0.726903 0.522791 0.118879
v -0.729400 0.518940 -0.115569
v -0.731498 0.186650 -0.142881
v -0.719396 0.113101 0.091538
v -0.725674 0.119079 -0.199546
v -0.726490 0.106843 -0.093020
v -0.739292 1.521971 0.026420
v -0.735788 1.531159 -0.011334
v -0.730496 1.471445 0.044138
v -0.733127 1.478386 -0.040819
v -0.731821 1.460840 -0.035980
v -0.726912 1.445237 -0.034032
v -0.735547 1.427283 0.046885
v -0.730047 1.430398 -0.036227
v -0.726222 1.415370 0.134091
v -0.731750 1.431475 0.100018
v -0.735141 1.379900 0.149819
v -0.710578 1.302229 -0.199921
v -0.725070 1.136271 0.036927
v -0.735517 1.170207 0.021405
v -0.738727 1.138060 0.191431
v -0.725479 1.136939 -0.037306
v -0.724651 1.114441 0.059653
v -0.734275 1.081562 -0.188039
v -0.746626 1.056430 0.112506
v -0.724657 0.976397 0.144288
v -0.719539 0.975140 -0.118466
v -0.725923 0.980109 -0.135301
v -0.724155 0.964031 0.130133
v -0.723200 0.958092 -0.126392
v -0.724095 0.952222 -0.146260
v -0.723584 0.951363 0.148220
v -0.730010 0.936700 0.127981
v -0.736765 0.889799 0.152079
v -0.728259 0.885682 0.161755
v -0.728903 0.871001 -0.162982
v -0.734630 0.864271 0.097266
v -0.735989 0.874574 -0.099557
v -0.735126 0.782580 0.160201
v -0.732061 0.786057 -0.162837
v -0.717604 0.759135 -0.177523
v -0.728019 0.715936 0.167982
v -0.728035 0.721519 -0.168862
v -0.730961 0.689096 0.162289
v -0.739449 0.669407 0.081531
v -0.722944 0.681070 -0.164748
v -0.725005 0.624884 -0.081445
v -0.724960 0.578274 -0.097066
v -0.734401 0.545834 -0.099417
v -0.731321 0.528548 -0.143103
v -0.736916 0.506862 0.108093
v -0.739187 0.505437 -0.105910
v -0.727952 0.516504 -0.131232
v -0.731938 0.189028 0.138659
v -0.738367 0.186832 0.112058
v -0.735620 0.166437 0.102971
v -0.738068 0.154574 0.184758
v -0.729923 0.111028 0.198143
v -0.726312 0.106742 0.092659
v -0.752357 1.529124 -0.002931
v -0.745511 1.519924 -0.022472
v -0.735151 1.421249 0.055253
v -0.743036 1.414264 0.089587
v -0.736018 1.412283 -0.043391
v -0.732577 1.359133 -0.164588
v -0.748274 1.289727 -0.174759
v -0.746970 1.280295 0.177298
v -0.748648 1.171125 0.184881
v -0.741904 1.162347 -0.035318
v -0.735521 1.124006 -0.065666
v -0.743790 1.136202 0.066890
v -0.739349 1.090027 0.088335
v -0.726448 1.075481 0.082619
v -0.731380 1.037804 0.102692
v -0.733505 1.026551 -0.110738
v -0.734292 1.022548 0.163228
v -0.737402 1.014913 -0.126333
v -0.740810 1.027346 -0.153816
v -0.741775 1.026132 0.149407
v -0.736173 1.011321 0.126327
v -0.725948 0.980695 0.134536
v -0.724897 0.976963 -0.144597
v -0.725010 0.957036 -0.137006
v -0.732199 0.931087 0.135917
v -0.725520 0.922589 0.109001
v -0.735924 0.919578 -0.126952
v -0.737672 0.896158 0.107682
v -0.729997 0.893949 0.099593
v -0.738692 0.879202 -0.152465
v -0.743823 0.808495 0.152683
v -0.742810 0.799801 -0.092877
v -0.729450 0.744522 0.083819
v -0.732750 0.603946 -0.161189
v -0.735040 0.582031 -0.092222
v -0.735684 0.582803 0.091667
v -0.736155 0.538152 0.099888
v -0.731520 0.529374 0.143280
v -0.746522 0.478177 0.146926
v -0.741296 0.508877 -0.148176
v -0.745368 0.444409 0.128971
v -0.741125 0.478043 0.141010
v -0.744010 0.455538 0.118670
v -0.743639 0.457049 -0.118981
v -0.745994 0.445471 0.134925
v -0.741830 0.465599 -0.138104
v -0.735920 0.190447 -0.119883
v -0.750170 0.177724 0.173373
v -0.723841 0.110014 -0.197272
v -0.746707 1.530047 0.007271
v -0.751526 1.503774 0.035983
v -0.741108 1.429635 0.042914
v -0.736714 1.433210 -0.031966
v -0.738518 1.421938 -0.100028
v -0.745385 1.406057 0.108816
v -0.744019 1.401634 -0.119509
v -0.744459 1.383583 -0.135920
v -0.751054 1.374242 0.132024
v -0.748325 1.343310 -0.154974
v -0.745196 1.224605 0.186173
v -0.740064 1.197672 -0.192281
v -0.738744 1.181419 0.004998
v -0.738522 1.171166 -0.014626
v -0.745047 1.166455 -0.027146
v -0.743824 1.164276 0.037646
v -0.724893 1.078420 0.196762
v -0.737509 1.088190 -0.087285
v -0.742550 1.063421 -0.103588
v -0.738828 1.012301 -0.139426
v -0.743098 0.885604 0.142944
v -0.742399 0.885940 -0.144832
v -0.738651 0.894175 -0.108305
v -0.745968 0.845069 0.148317
v -0.748170 0.824210 0.097552
v -0.748735 0.819867 -0.097741
v -0.743247 0.776727 -0.092430
v -0.762091 0.746238 0.140231
v -0.741286 0.704429 -0.158690
v -0.751172 0.696426 0.152159
v -0.740647 0.677450 -0.082114
v -0.747830 0.646931 0.084044
v -0.751334 0.586206 -0.157807
v -0.754769 0.575548 0.156170
v -0.749312 0.533895 0.096065
v -0.738608 0.567562 0.154283
v -0.749034 0.484763 0.103122
v -0.742105 0.201909 0.150841
v -0.740589 0.205309 0.139674
v -0.741960 0.206043 0.123496
v -0.740504 0.202738 -0.148091
v -0.745920 0.198818 0.110758
v -0.741226 0.188444 -0.110677
v -0.755187 0.191056 0.173965
v -0.747734 0.186195 -0.168989
v -0.727669 0.112863 -0.089636
v -0.730385 0.118389 0.200362
v -0.759981 0.109721 -0.178414
v -0.762171 0.105916 0.098110
v -0.753682 1.457477 0.045464
v -0.760542 1.450632 -0.045659
v -0.751352 1.444567 -0.038624
v -0.750881 1.415933 0.041991
v -0.743477 1.407320 -0.030722
v -0.743803 1.412227 -0.086767
v -0.751610 1.379269 0.054016
v -0.748264 1.399576 0.044038
v -0.744474 1.390745 -0.033731
v -0.747841 1.232063 -0.183640
v -0.743251 1.167691 -0.007210
v -0.745240 1.171604 0.008846
v -0.747988 1.161852 -0.019112
v -0.746339 1.125194 -0.000480
v -0.752514 1.147334 -0.178649
v -0.747725 1.128717 -0.012580
v -0.751095 1.110413 0.010673
v -0.749364 1.115070 -0.091036
v -0.744293 1.102379 -0.089438
v -0.748943 1.122576 0.083557
v -0.749181 1.097994 -0.173656
v -0.742052 1.079202 0.177484
v -0.753423 1.105455 0.105112
v -0.748232 1.058892 -0.114528
v -0.749413 0.878838 0.120135
v -0.748867 0.880255 0.131100
v -0.746715 0.866228 -0.106860
v -0.742188 0.874080 0.103784
v -0.752699 0.837061 -0.103126
v -0.752273 0.804851 -0.145719
v -0.743411 0.797047 0.092559
v -0.758848 0.725597 -0.091802
v -0.755203 0.637879 0.157154
v -0.749883 0.652797 -0.084571
v -0.739115 0.626610 -0.085096
v -0.748410 0.587798 0.091979
v -0.747384 0.579654 -0.092937
v -0.748447 0.573178 -0.156579
v -0.754606 0.539105 -0.095649
v -0.749722 0.511313 -0.098976
v -0.748612 0.501984 0.150969
v -0.759909 0.442972 -0.104628
v -0.753625 0.444231 -0.109053
v -0.752261 0.461921 -0.149192
v -0.756000 0.439545 0.107885
v -0.757954 0.393580 -0.129283
v -0.754582 0.429185 -0.144542
v -0.754020 0.210497 0.116892
v -0.748729 0.207282 -0.115785
v -0.741086 0.205676 -0.125675
v -0.749018 0.207655 -0.152943
v -0.752634 0.179515 0.104078
v -0.740326 0.168701 -0.102975
v -0.735091 0.114611 0.088338
v -0.754709 0.118229 -0.201134
v -0.763804 0.110407 0.194331
v -0.764952 0.107570 0.091517
v -0.765668 0.107423 -0.092046
v -0.725246 0.105647 -0.105870
v -0.764251 1.519129 -0.011518
v -0.756273 1.494082 -0.038028
v -0.749969 1.402611 -0.030608
v -0.754076 1.374179 0.045947
v -0.755966 1.384573 -0.099049
v -0.750246 1.370869 -0.041277
v -0.762856 1.355589 -0.068857
v -0.756926 1.376685 -0.033958
v -0.755515 1.356614 -0.046320
v -0.763191 1.323229 0.142494
v -0.754547 1.300077 0.163761
v -0.745170 1.158069 -0.187771
v -0.753165 1.174645 0.044122
v -0.748372 1.173718 0.029389
v -0.753421 1.163603 0.022112
v -0.753478 1.159475 -0.024860
v -0.754031 1.165341 -0.060198
v -0.764533 1.172562 0.074920
v -0.754937 1.132628 0.022287
v -0.754586 1.127693 -0.023210
v -0.754867 1.123738 0.171461
v -0.758489 1.050278 -0.005458
v -0.752074 1.084735 0.163693
v -0.752350 1.067116 0.119215
v -0.758123 0.846378 0.114368
v -0.751690 0.870116 -0.117646
v -0.748168 0.881382 -0.132589
v -0.757753 0.842682 0.130286
v -0.753912 0.842304 0.105034
v -0.756171 0.791803 0.142772
v -0.778484 0.678661 -0.091618
v -0.765669 0.624452 0.090801
v -0.758281 0.627217 -0.089050
v -0.752633 0.532651 0.153989
v -0.757190 0.519627 -0.154235
v -0.754746 0.489833 -0.152949
v -0.758582 0.413115 0.144262
v -0.761255 0.390656 -0.119219
v -0.759711 0.389515 -0.137177
v -0.761380 0.389601 0.119039
v -0.755670 0.215168 0.148047
v -0.755685 0.216230 0.124364
v -0.753273 0.215193 -0.130211
v -0.757961 0.189282 -0.176716
v -0.757811 0.175261 -0.102983
v -0.762820 0.173752 -0.181981
v -0.763867 0.150295 -0.192679
v -0.752949 0.114474 -0.087949
v -0.764750 0.111129 -0.195101
v -0.775181 0.109853 0.157939
v -0.772439 1.506780 0.026589
v -0.775193 1.496871 0.034107
v -0.764835 1.479592 0.042105
v -0.767090 1.412490 -0.041103
v -0.758215 1.380920 0.041623
v -0.763454 1.362214 -0.100227
v -0.761323 1.368305 0.089188
v -0.760177 1.364028 -0.118284
v -0.764865 1.351257 0.117852
v -0.755126 1.356952 -0.038158
v -0.761252 1.345278 -0.133441
v -0.760455 1.298999 -0.156273
v -0.763052 1.266759 0.161121
v -0.757729 1.215442 0.174137
v -0.761046 1.185057 0.054056
v -0.754329 1.173520 0.033067
v -0.758810 1.176553 -0.039023
v -0.755513 1.175973 -0.043437
v -0.762372 1.168526 -0.033553
v -0.765193 1.137221 -0.117019
v -0.763898 1.057137 0.022296
v -0.754314 1.068584 -0.126480
v -0.761505 1.069800 -0.018879
v -0.758108 1.084146 0.131414
v -0.759241 1.047492 0.007800
v -0.741489 1.019709 0.139437
v -0.764865 1.003113 -0.012890
v -0.761182 0.836896 0.121254
v -0.758896 0.840988 -0.111524
v -0.760206 0.838825 -0.126117
v -0.766675 0.784053 0.131265
v -0.759140 0.810379 0.102224
v -0.767467 0.781141 -0.131142
v -0.763082 0.804367 -0.104746
v -0.762923 0.766390 0.097162
v -0.747673 0.689419 -0.155700
v -0.770091 0.643737 0.149669
v -0.758375 0.637623 -0.156408
v -0.762291 0.508605 0.096860
v -0.764148 0.459089 -0.100590
v -0.764032 0.464131 0.099719
v -0.760473 0.460748 0.152519
v -0.761932 0.431542 0.150419
v -0.763247 0.409511 -0.109485
v -0.766370 0.399135 0.109459
v -0.760033 0.382261 0.132336
v -0.755241 0.283154 0.131992
v -0.761245 0.312248 0.126541
v -0.756552 0.289881 -0.130276
v -0.756603 0.289291 -0.143999
v -0.761537 0.301127 0.150953
v -0.755476 0.281404 0.140614
v -0.761442 0.300250 -0.151495
v -0.766540 0.282788 0.109787
v -0.762567 0.274458 0.159935
v -0.761755 0.274862 -0.158980
v -0.756466 0.272363 -0.133409
v -0.763030 0.245045 0.134158
v -0.762464 0.248610 0.143491
v -0.766912 0.243794 0.126164
v -0.763450 0.246085 -0.131620
v -0.762770 0.246331 -0.143225
v -0.761672 0.229977 0.146998
v -0.757017 0.222396 0.131896
v -0.759960 0.229913 -0.131119
v -0.757974 0.221507 -0.144301
v -0.761407 0.217040 -0.119715
v -0.766135 0.217495 -0.157177
v -0.762359 0.201388 0.104511
v -0.765531 0.198168 -0.102501
v -0.767351 0.168234 0.184996
v -0.756532 0.152744 0.097238
v -0.777383 0.151748 0.191070
v -0.759288 0.118005 0.200322
v -0.757971 0.113722 0.088482
v -0.759842 0.110569 0.132372
v -0.758278 0.110588 -0.135035
v -0.775868 1.515369 0.006842
v -0.769903 1.473829 -0.041913
v -0.767765 1.439551 0.047521
v -0.772629 1.424505 -0.046236
v -0.779899 1.410089 0.048275
v -0.768739 1.340713 0.108575
v -0.762402 1.350309 0.054134
v -0.769235 1.348453 0.046467
v -0.780676 1.353083 -0.045617
v -0.762987 1.351431 0.063943
v -0.761497 1.354558 -0.040499
v -0.761581 1.337843 -0.047421
v -0.771393 1.297923 -0.137449
v -0.763094 1.256887 -0.162915
v -0.770298 1.218494 0.155647
v -0.760894 1.196337 -0.171528
v -0.764956 1.178378 0.164118
v -0.763035 1.181225 0.042258
v -0.764442 1.187090 -0.050247
v -0.765159 1.189455 -0.061929
v -0.764980 1.168457 0.033925
v -0.763433 1.156116 -0.088251
v -0.759749 1.134405 0.101571
v -0.771132 1.122384 0.036966
v -0.759832 1.102466 -0.153695
v -0.769483 1.110918 -0.033859
v -0.769640 1.081699 0.033318
v -0.769106 1.072343 -0.028422
v -0.769372 1.021143 -0.024356
v -0.763186 0.998806 0.000684
v -0.771103 0.963288 0.019467
v -0.769478 0.956953 0.005525
v -0.771273 0.956229 -0.008904
v -0.765288 0.805545 0.108159
v -0.771559 0.761748 -0.102429
v -0.759482 0.774848 -0.096889
v -0.757834 0.778876 -0.143282
v -0.770204 0.646532 -0.149631
v -0.784100 0.665726 -0.093778
v -0.772629 0.646457 -0.096472
v -0.766650 0.560504 0.153632
v -0.771140 0.523050 -0.153306
v -0.777212 0.452408 0.154024
v -0.768943 0.477606 -0.098540
v -0.769241 0.420911 0.103176
v -0.765564 0.433063 -0.152967
v -0.764971 0.411215 -0.150428
v -0.766551 0.372566 0.145511
v -0.771579 0.373366 -0.151181
v -0.765512 0.365683 -0.142739
v -0.763557 0.356177 -0.134018
v -0.763410 0.356636 0.132457
v -0.768535 0.345123 -0.119944
v -0.769008 0.343947 0.119075
v -0.763672 0.336418 -0.133097
v -0.764746 0.336176 0.140622
v -0.763255 0.333642 0.131360
v -0.767195 0.337887 -0.147354
v -0.766513 0.315955 -0.120277
v -0.772265 0.300449 0.162909
v -0.770745 0.295360 -0.163590
v -0.766916 0.283417 -0.109871
v -0.776911 0.274558 0.104463
v -0.772447 0.269699 -0.110213
v -0.771299 0.266927 -0.167406
v -0.768771 0.244819 -0.153651
v -0.775530 0.249947 0.118009
v -0.777215 0.255653 -0.114928
v -0.764300 0.211264 0.157843
v -0.773331 0.208535 0.109723
v -0.766071 0.207025 -0.162599
v -0.770650 0.192147 0.178388
v -0.760683 0.187803 0.100831
v -0.763818 0.186396 -0.100424
v -0.768085 0.197945 -0.172866
v -0.763745 0.174595 0.182160
v -0.771098 0.172664 0.101847
v -0.762129 0.147785 -0.097044
v -0.789536 0.111274 -0.134009
v -0.763484 0.105882 -0.098809
v -0.796558 1.501299 -0.003856
v -0.783813 1.448817 0.046320
v -0.786589 1.450395 -0.045415
v -0.783518 1.374215 -0.045843
v -0.778052 1.349918 0.047022
v -0.776595 1.302398 0.078554
v -0.772448 1.310366 -0.067066
v -0.771407 1.326422 -0.116254
v -0.768710 1.330520 0.046126
v -0.770245 1.336750 -0.044636
v -0.776189 1.303840 -0.077979
v -0.766645 1.325669 0.054191
v -0.768562 1.322163 -0.046059
v -0.774753 1.302630 0.122651
v -0.768466 1.312098 -0.055155
v -0.774879 1.264142 0.138880
v -0.771727 1.230693 -0.152077
v -0.768846 1.173024 -0.157266
v -0.768742 1.200676 0.059380
v -0.771654 1.199299 0.055297
v -0.770153 1.184097 0.047550
v -0.767697 1.196146 -0.052470
v -0.769882 1.202227 -0.061131
v -0.773431 1.182193 -0.048270
v -0.775089 1.156447 0.045918
v -0.771398 1.146947 -0.036197
v -0.761216 1.101404 0.146613
v -0.757191 1.078505 -0.138400
v -0.777099 1.004343 -0.028616
v -0.775778 0.977800 0.034960
v -0.773974 0.968066 -0.018087
v -0.774791 0.943345 -0.021555
v -0.768943 0.915630 0.011619
v -0.772189 0.925465 -0.000650
v -0.772211 0.892396 0.021682
v -0.771749 0.915762 -0.019444
v -0.769125 0.851463 0.003850
v -0.767230 0.840611 -0.010871
v -0.767470 0.846155 0.010593
v -0.770290 0.863508 -0.018842
v -0.768321 0.803802 -0.004526
v -0.774646 0.798114 0.028418
v -0.774106 0.803765 -0.027106
v -0.769744 0.795478 0.115741
v -0.768949 0.798495 -0.115662
v -0.771401 0.781613 0.123356
v -0.774457 0.770346 -0.122233
v -0.767524 0.797398 0.014176
v -0.773429 0.776355 -0.108181
v -0.769117 0.753323 0.003934
v -0.768811 0.801059 -0.017170
v -0.775141 0.768186 0.108332
v -0.768887 0.742227 -0.003443
v -0.770296 0.751405 -0.021429
v -0.768503 0.774525 0.101978
v -0.770732 0.757095 0.021293
v -0.768943 0.736953 -0.017552
v -0.770901 0.712540 -0.009767
v -0.771792 0.729431 -0.097860
v -0.774639 0.713776 0.030517
v -0.770491 0.732466 0.021730
v -0.770304 0.736946 -0.134844
v -0.773278 0.715714 -0.029232
v -0.782704 0.709742 0.128994
v -0.774417 0.672573 0.089429
v -0.774143 0.691991 0.025045
v -0.771835 0.662129 0.000743
v -0.773835 0.667258 -0.017955
v -0.779881 0.681351 -0.033911
v -0.773861 0.662485 0.009765
v -0.774429 0.657719 0.019607
v -0.778225 0.660057 -0.140696
v -0.771658 0.645849 0.095791
v -0.776834 0.622932 0.146390
v -0.779213 0.625684 -0.093707
v -0.777726 0.576295 0.147950
v -0.769049 0.581727 -0.152805
v -0.776584 0.522579 0.151337
v -0.777769 0.449750 -0.154470
v -0.778014 0.447025 0.099466
v -0.774324 0.415625 0.154048
v -0.774372 0.406461 -0.103501
v -0.774534 0.371293 0.152158
v -0.770198 0.343053 0.149549
v -0.781636 0.340145 -0.159438
v -0.781121 0.337191 0.159264
v -0.774115 0.316048 0.112836
v -0.769513 0.276318 0.166878
v -0.768695 0.245966 0.153338
v -0.778604 0.236993 -0.118604
v -0.768503 0.210053 -0.111665
v -0.773562 0.206368 0.164219
v -0.781455 0.190191 0.100831
v -0.775645 0.184283 -0.182946
v -0.780035 0.166843 -0.185777
v -0.785511 0.109195 0.184539
v -0.780866 1.495212 -0.023193
v -0.771606 1.496771 -0.030611
v -0.782249 1.434659 -0.047533
v -0.787660 1.318021 0.050716
v -0.777682 1.322199 0.048752
v -0.770133 1.297670 0.052930
v -0.776703 1.308458 -0.048273
v -0.779063 1.285625 -0.087905
v -0.770990 1.293328 -0.055241
v -0.772869 1.293700 0.056824
v -0.775207 1.283252 -0.054175
v -0.775146 1.282803 -0.062943
v -0.777234 1.272731 -0.127067
v -0.777345 1.226394 -0.137262
v -0.773778 1.181772 0.146624
v -0.775389 1.216872 -0.060012
v -0.773739 1.176533 -0.145405
v -0.778268 1.212594 0.086147
v -0.774226 1.211924 0.066929
v -0.775913 1.212040 0.059984
v -0.779006 1.196055 -0.052900
v -0.774887 1.193062 0.087875
v -0.776307 1.185618 0.135586
v -0.773184 1.178512 0.110883
v -0.775688 1.196882 -0.086825
v -0.771870 1.175919 -0.106698
v -0.771857 1.155646 0.128824
v -0.772312 1.155604 -0.132022
v -0.775259 1.111074 -0.043545
v -0.776311 1.157027 -0.046130
v -0.773685 1.111387 0.042542
v -0.783839 1.090577 0.050173
v -0.779809 1.066598 -0.042488
v -0.776872 1.031665 0.042262
v -0.777548 1.047591 -0.034114
v -0.782269 1.022628 -0.041957
v -0.780423 1.001752 -0.036430
v -0.778853 0.945508 0.038383
v -0.783719 0.961692 -0.030210
v -0.778836 0.912784 0.034989
v -0.780883 0.862356 -0.034019
v -0.782212 0.858064 0.035951
v -0.786386 0.752162 0.040664
v -0.780630 0.748080 -0.115211
v -0.785595 0.750587 -0.037304
v -0.781573 0.733941 0.123389
v -0.779107 0.705834 -0.034599
v -0.764031 0.725159 0.093089
v -0.792806 0.672709 0.095849
v -0.777665 0.663038 0.140256
v -0.788265 0.659738 0.094977
v -0.784079 0.640353 0.035220
v -0.780114 0.628137 -0.022628
v -0.780911 0.598773 0.000473
v -0.781016 0.615701 -0.010263
v -0.780508 0.610635 0.020570
v -0.781100 0.607345 0.009206
v -0.776881 0.620645 -0.146871
v -0.783203 0.597555 -0.097110
v -0.780459 0.573540 -0.146341
v -0.792406 0.539401 -0.099841
v -0.784348 0.478867 -0.151694
v -0.778675 0.407176 0.101706
v -0.778017 0.394057 -0.154946
v -0.780379 0.342904 0.110102
v -0.773774 0.367257 -0.110626
v -0.779547 0.323403 -0.111552
v -0.779981 0.286993 0.102353
v -0.781079 0.275451 -0.104046
v -0.772488 0.242803 -0.121747
v -0.781817 0.242365 -0.160804
v -0.785204 0.226831 0.160386
v -0.773536 0.229805 0.118750
v -0.788636 0.234708 0.116473
v -0.785652 0.225599 -0.161004
v -0.787261 0.200831 -0.108108
v -0.789592 0.171939 0.098965
v -0.782189 0.177059 0.184260
v -0.792979 0.168821 -0.099914
v -0.789799 0.161448 -0.101662
v -0.774514 0.137812 0.096780
v -0.781762 0.130409 -0.097420
v -0.786819 0.147234 -0.190400
v -0.776404 0.119024 -0.196933
v -0.783668 0.119951 0.194431
v -0.789424 0.112970 0.190484
v -0.790095 0.112792 -0.190578
v -0.776977 0.109682 -0.159868
v -0.802756 0.105533 -0.109358
v -0.798179 1.492613 -0.014132
v -0.793645 1.456113 0.041787
v -0.783384 1.404717 -0.047421
v -0.788944 1.390202 0.050406
v -0.794753 1.338527 0.053948
v -0.791229 1.319589 -0.048169
v -0.787146 1.288728 0.051563
v -0.798368 1.292060 -0.049015
v -0.777980 1.266816 0.122729
v -0.776043 1.277337 0.064160
v -0.781209 1.278671 0.053248
v -0.783653 1.281399 -0.050285
v -0.780525 1.266944 -0.083344
v -0.777222 1.266714 0.059515
v -0.780468 1.269766 0.083793
v -0.776281 1.262820 -0.058732
v -0.780504 1.241290 0.060186
v -0.778618 1.211780 -0.129029
v -0.776521 1.246080 0.066210
v -0.777680 1.239690 -0.060549
v -0.778597 1.218102 0.129917
v -0.774669 1.217103 -0.066625
v -0.778935 1.221026 -0.088183
v -0.783422 1.210549 0.055117
v -0.789151 1.214978 -0.052995
v -0.781206 1.190144 0.052315
v -0.792933 1.178898 -0.053088
v -0.787505 1.151341 0.052734
v -0.792394 1.082049 -0.051418
v -0.793717 1.031064 0.061336
v -0.786631 0.995961 0.051061
v -0.789463 0.990748 -0.044117
v -0.789132 0.946704 0.052325
v -0.791212 0.941068 -0.038007
v -0.782578 0.922134 -0.036199
v -0.792760 0.891750 0.041601
v -0.782089 0.836134 -0.033388
v -0.784149 0.820340 0.037345
v -0.779050 0.771887 -0.031651
v -0.780949 0.746776 0.115250
v -0.787255 0.716408 0.108352
v -0.785597 0.720990 -0.108243
v -0.784224 0.725448 -0.123226
v -0.784439 0.707613 -0.100811
v -0.789458 0.665977 0.041758
v -0.792789 0.641753 0.094944
v -0.793113 0.602502 -0.039368
v -0.782840 0.596620 0.096849
v -0.793422 0.578199 0.037059
v -0.787104 0.573758 -0.014578
v -0.790191 0.575831 0.028336
v -0.787247 0.589636 -0.024317
v -0.789850 0.549793 0.021375
v -0.792255 0.584589 -0.136088
v -0.791057 0.555515 -0.016429
v -0.787855 0.522857 0.145135
v -0.800264 0.513870 0.100900
v -0.789394 0.537813 0.001623
v -0.791039 0.476305 0.148807
v -0.783072 0.428584 0.154650
v -0.791529 0.396612 -0.101158
v -0.787449 0.378025 -0.157117
v -0.790394 0.319034 0.107211
v -0.779784 0.276853 0.170547
v -0.780195 0.291514 -0.103121
v -0.781900 0.279905 -0.171113
v -0.776441 0.260470 0.167545
v -0.779513 0.244175 0.160140
v -0.788004 0.225943 -0.115703
v -0.790113 0.217960 0.113811
v -0.782792 0.197294 0.168301
v -0.784565 0.202249 -0.166794
v -0.790725 0.187733 0.176612
v -0.798756 0.166729 -0.185590
v -0.790660 0.160979 0.185494
v -0.796823 0.154178 0.101644
v -0.794053 0.111312 0.133534
v -0.802237 0.107406 -0.177980
v -0.800455 1.471041 0.037465
v -0.790366 1.474296 -0.031541
v -0.793806 1.454164 -0.039747
v -0.802802 1.410990 0.048879
v -0.792657 1.412061 -0.047583
v -0.800980 1.357373 0.054418
v -0.795719 1.348833 -0.051005
v -0.798140 1.273540 0.054894
v -0.790732 1.252333 0.054438
v -0.793640 1.224350 0.055359
v -0.790961 1.191629 0.054990
v -0.795703 1.126787 0.061855
v -0.800717 1.147823 0.062825
v -0.800309 1.106623 -0.055185
v -0.793909 1.034260 -0.050556
v -0.794898 0.979175 0.057826
v -0.790920 0.875469 -0.037319
v -0.790782 0.870191 0.039019
v -0.792881 0.840901 -0.039349
v -0.790101 0.815435 -0.040760
v -0.796650 0.793498 0.046679
v -0.793133 0.704957 0.119107
v -0.793597 0.703869 -0.116272
v -0.781226 0.720993 0.102277
v -0.798336 0.668673 -0.044064
v -0.781717 0.712991 -0.129609
v -0.787910 0.657466 -0.038799
v -0.796844 0.664201 -0.097217
v -0.797608 0.657571 -0.133065
v -0.792445 0.630213 0.136377
v -0.792533 0.640525 -0.095319
v -0.790657 0.625767 -0.137635
v -0.796618 0.606094 0.044507
v -0.793236 0.582023 0.135112
v -0.799803 0.572736 -0.038999
v -0.799204 0.551456 0.034428
v -0.796613 0.537164 0.135835
v -0.796319 0.526422 0.021218
v -0.786658 0.414271 -0.155118
v -0.795755 0.391785 0.154896
v -0.789730 0.368074 0.157682
v -0.800486 0.339879 0.105303
v -0.787816 0.352566 -0.106568
v -0.787831 0.329434 -0.163762
v -0.790671 0.317738 -0.107593
v -0.795057 0.299339 0.102926
v -0.794506 0.263121 0.172353
v -0.799251 0.253889 0.110492
v -0.801912 0.251416 0.169744
v -0.795781 0.236462 0.160437
v -0.803281 0.176942 -0.101507
v -0.784568 0.187167 -0.180453
v -0.797434 0.171604 0.184530
v -0.802636 0.153126 -0.182646
v -0.803178 0.153252 0.181876
v -0.792113 0.114438 0.098691
v -0.798163 0.113647 -0.100943
v -0.808524 0.110466 0.144694
v -0.796763 0.107074 -0.102524
v -0.809950 1.455058 0.040421
v -0.806245 1.408668 -0.048760
v -0.808573 1.390986 0.050836
v -0.803777 1.350960 -0.051961
v -0.801815 1.255998 -0.047935
v -0.794739 1.244920 -0.049343
v -0.805400 0.990088 0.063913
v -0.802148 0.951471 0.063209
v -0.800272 0.902309 -0.043496
v -0.806790 0.886871 0.054833
v -0.799210 0.868169 -0.048117
v -0.803246 0.833791 0.054998
v -0.802686 0.817521 -0.054287
v -0.799616 0.796302 -0.047615
v -0.797368 0.753981 -0.041676
v -0.798528 0.738912 0.047468
v -0.803995 0.715459 -0.045791
v -0.803698 0.672124 -0.124897
v -0.805200 0.670083 -0.105870
v -0.798967 0.656474 0.045763
v -0.801968 0.660685 0.129856
v -0.796191 0.599899 0.102242
v -0.796360 0.598245 -0.102684
v -0.811400 0.576971 0.050865
v -0.799902 0.557066 -0.102679
v -0.796644 0.545019 -0.135488
v -0.805644 0.554505 -0.036293
v -0.807861 0.527619 0.041496
v -0.804777 0.544372 -0.026374
v -0.799862 0.527220 -0.014257
v -0.803201 0.491931 0.136884
v -0.787126 0.513961 -0.147126
v -0.811273 0.470722 0.102706
v -0.801398 0.451941 -0.145095
v -0.808390 0.435831 0.142624
v -0.795851 0.394985 0.101150
v -0.800643 0.368962 -0.157318
v -0.802877 0.350988 -0.105090
v -0.796150 0.336854 0.162888
v -0.799482 0.289399 -0.174065
v -0.793961 0.303708 0.170616
v -0.794373 0.298131 -0.103062
v -0.800847 0.281934 0.174099
v -0.803155 0.273314 0.103948
v -0.798122 0.277166 -0.103596
v -0.793745 0.257537 -0.171793
v -0.810174 0.253216 -0.110731
v -0.807468 0.229004 0.116821
v -0.808208 0.232529 -0.116396
v -0.799015 0.233675 -0.160377
v -0.805601 0.196581 0.162460
v -0.801794 0.188863 0.168356
v -0.801662 0.188404 -0.168888
v -0.805328 0.175140 0.101720
v -0.795638 0.126853 -0.189309
v -0.807721 0.107669 0.173691
v -0.811648 0.112692 -0.136351
v -0.812224 0.106532 0.161043
v -0.806139 0.105718 0.110312
v -0.819224 1.484184 0.004700
v -0.801898 1.383422 -0.047761
v -0.808785 1.368131 -0.048502
v -0.804410 1.301204 -0.052326
v -0.802398 1.298458 0.056496
v -0.815382 1.264747 0.060120
v -0.804040 1.176847 -0.054157
v -0.803570 1.143188 -0.055208
v -0.807492 1.069098 0.068468
v -0.816067 1.026556 0.073591
v -0.803091 1.012568 -0.053271
v -0.808046 0.963869 -0.050146
v -0.807787 0.939951 -0.046861
v -0.804200 0.917428 0.059226
v -0.813545 0.891029 -0.056983
v -0.806992 0.846977 -0.057121
v -0.804217 0.789308 0.055565
v -0.803887 0.768749 -0.051477
v -0.805545 0.670475 0.122841
v -0.808677 0.667689 0.115671
v -0.805334 0.670159 0.105793
v -0.807793 0.671088 -0.113343
v -0.804581 0.644013 0.100717
v -0.808284 0.642042 -0.104258
v -0.809319 0.643599 -0.126589
v -0.803173 0.641170 0.130884
v -0.805425 0.613113 0.050281
v -0.807610 0.593065 -0.048406
v -0.802306 0.605708 -0.106171
v -0.801991 0.600134 0.106905
v -0.802998 0.592705 -0.129209
v -0.807284 0.585240 0.125839
v -0.807650 0.580756 -0.111996
v -0.809223 0.544937 0.128673
v -0.806741 0.480915 -0.102420
v -0.802228 0.521873 0.021013
v -0.813276 0.516727 0.033123
v -0.802395 0.525511 -0.004711
v -0.802576 0.496733 -0.136927
v -0.811993 0.403971 -0.146467
v -0.807852 0.339603 0.160172
v -0.810817 0.318269 -0.107419
v -0.809473 0.315420 0.106635
v -0.805274 0.304441 0.169344
v -0.814068 0.284983 0.104051
v -0.809330 0.263479 -0.171858
v -0.807582 0.247078 -0.167564
v -0.814733 0.223518 0.154398
v -0.807666 0.212793 -0.117092
v -0.812215 0.214554 0.153991
v -0.807836 0.195443 -0.162101
v -0.806990 0.190036 -0.110292
v -0.808364 0.190935 0.110701
v -0.814371 0.173784 0.174646
v -0.807909 0.176862 -0.177456
v -0.816210 0.156184 -0.105505
v -0.810319 0.163387 0.181065
v -0.807211 0.148992 -0.105263
v -0.806028 0.114779 0.182121
v -0.807393 0.114444 -0.181397
v -0.819474 0.107092 -0.158821
v -0.814623 1.471147 0.028440
v -0.812601 1.467354 -0.027164
v -0.827369 1.406168 0.045852
v -0.816567 1.380103 -0.049503
v -0.808874 1.334116 0.056276
v -0.813987 1.259894 -0.053229
v -0.806431 1.222922 -0.048730
v -0.823406 1.226123 0.061949
v -0.812838 1.215260 -0.050127
v -0.826827 1.193017 0.064952
v -0.811088 1.179177 -0.052352
v -0.812169 1.147922 -0.052405
v -0.810628 1.064431 -0.050691
v -0.811212 1.017115 -0.051006
v -0.812535 0.999784 -0.054001
v -0.811896 0.941913 0.068141
v -0.821172 0.912635 0.069363
v -0.825190 0.905392 -0.065224
v -0.814549 0.788126 -0.062566
v -0.825147 0.743354 -0.066805
v -0.827748 0.669542 -0.062586
v -0.806895 0.645480 0.053803
v -0.811010 0.648101 -0.055939
v -0.810462 0.642870 0.124023
v -0.809894 0.645590 0.106518
v -0.809028 0.614272 0.112259
v -0.815912 0.612422 -0.062355
v -0.807661 0.605872 0.123133
v -0.808135 0.603659 -0.116021
v -0.807852 0.607676 -0.123115
v -0.807797 0.585511 0.114806
v -0.808488 0.582222 -0.123849
v -0.809452 0.548922 0.108386
v -0.821742 0.552367 -0.045108
v -0.810227 0.540706 -0.128826
v -0.812760 0.519381 -0.108096
v -0.815596 0.512262 0.129004
v -0.815420 0.522221 -0.020875
v -0.811972 0.513624 0.105970
v -0.823257 0.520493 -0.028472
v -0.810607 0.492092 -0.103825
v -0.819075 0.518330 0.047976
v -0.814867 0.527716 -0.001148
v -0.810610 0.459663 -0.137499
v -0.812504 0.404783 0.145694
v -0.811946 0.349515 -0.156107
v -0.804560 0.321696 -0.165432
v -0.812028 0.288846 0.170781
v -0.813327 0.283452 -0.104144
v -0.809989 0.292530 -0.171540
v -0.811174 0.258559 0.169946
v -0.814091 0.241157 0.162692
v -0.816316 0.222658 -0.153615
v -0.817756 0.207808 -0.121025
v -0.809581 0.208908 0.116522
v -0.810176 0.213717 -0.155390
v -0.820365 0.155759 0.106909
v -0.809772 0.166234 -0.181163
v -0.816355 0.144020 0.109530
v -0.824088 0.135523 0.167164
v -0.804436 0.109045 0.103940
v -0.809416 0.111631 0.130555
v -0.816072 0.110545 -0.117959
v -0.823574 1.459208 -0.025325
v -0.814202 1.446963 -0.034343
v -0.823914 1.357186 0.051066
v -0.821232 1.339633 -0.047581
v -0.816661 1.306689 -0.052597
v -0.830080 1.273322 0.058272
v -0.819043 1.175104 -0.054143
v -0.821101 1.138640 -0.060178
v -0.814815 1.035190 -0.054468
v -0.820214 1.085520 -0.062182
v -0.819867 1.032382 -0.061258
v -0.814034 0.978844 0.070332
v -0.816529 0.984917 -0.055338
v -0.815942 0.957406 -0.058541
v -0.815714 0.933221 -0.058144
v -0.824898 0.875424 0.069827
v -0.821794 0.791942 0.071079
v -0.816905 0.728629 0.061370
v -0.816340 0.670884 0.061152
v -0.812476 0.647191 -0.113978
v -0.812611 0.643365 0.115543
v -0.821808 0.622845 0.068785
v -0.815077 0.614097 0.062991
v -0.815450 0.593969 -0.060039
v -0.816964 0.578715 0.057471
v -0.814353 0.542812 0.121619
v -0.813545 0.546707 0.114053
v -0.814528 0.540809 -0.122455
v -0.813278 0.549074 -0.114647
v -0.818037 0.519369 -0.114869
v -0.822534 0.513325 0.043084
v -0.823763 0.466585 0.129875
v -0.821800 0.461428 -0.107623
v -0.826195 0.436728 -0.106700
v -0.823146 0.366513 0.143677
v -0.823979 0.302838 0.157933
v -0.825136 0.277882 -0.164244
v -0.822246 0.223958 0.121054
v -0.823897 0.206315 0.124946
v -0.826659 0.207759 -0.143107
v -0.824046 0.201876 0.144991
v -0.819977 0.180361 0.158842
v -0.821045 0.187785 -0.119099
v -0.821797 0.152262 0.173609
v -0.820541 0.139975 -0.112885
v -0.823634 0.136579 -0.167568
v -0.818931 0.114246 0.169197
v -0.812800 0.112170 -0.110228
v -0.822753 0.113941 -0.164833
v -0.816958 0.112895 0.116238
v -0.820980 0.115475 -0.137421
v -0.827045 1.460464 0.023083
v -0.844539 1.428520 0.028192
v -0.823576 1.436240 0.040032
v -0.818190 1.431742 -0.036577
v -0.818651 1.422683 -0.038574
v -0.823090 1.359310 -0.048787
v -0.827449 1.334145 0.051672
v -0.828566 1.312198 -0.048048
v -0.822415 1.220537 -0.056604
v -0.831663 1.173596 -0.062601
v -0.815541 1.150048 0.065690
v -0.821865 1.090350 0.073065
v -0.824648 1.062281 -0.062533
v -0.826153 0.976766 -0.059110
v -0.828418 0.939314 0.074450
v -0.824089 0.864301 -0.065082
v -0.824284 0.724341 0.074000
v -0.821860 0.694411 0.067254
v -0.834841 0.691514 -0.066071
v -0.825261 0.683608 0.074114
v -0.829094 0.633818 -0.067318
v -0.835620 0.612403 -0.070215
v -0.823846 0.567319 -0.054616
v -0.829115 0.556440 0.065480
v -0.820676 0.528477 0.055062
v -0.819846 0.510710 0.115246
v -0.823821 0.524242 0.019682
v -0.822454 0.498801 -0.122576
v -0.821500 0.502369 0.123382
v -0.817908 0.500336 -0.129071
v -0.827484 0.467518 0.114360
v -0.823819 0.434552 0.105319
v -0.832178 0.428681 0.130667
v -0.843128 0.319840 -0.113401
v -0.828929 0.291941 0.109483
v -0.828208 0.282698 -0.109620
v -0.826704 0.257800 0.111204
v -0.831897 0.219225 -0.143595
v -0.822215 0.189141 0.120949
v -0.826577 0.177827 -0.152624
v -0.830371 0.163014 -0.114614
v -0.824304 0.166356 0.110050
v -0.821884 0.151303 -0.173898
v -0.824456 0.136852 0.116518
v -0.823255 0.129576 -0.117705
v -0.821692 0.115670 0.135590
v -0.825075 0.120572 -0.130840
v -0.822442 0.109049 0.156509
v -0.827870 1.473977 0.005673
v -0.824481 1.412079 -0.039582
v -0.834191 1.387476 0.046894
v -0.833689 1.335334 -0.048521
v -0.837800 1.292468 -0.049533
v -0.824468 1.271150 -0.055379
v -0.836388 1.236797 -0.053768
v -0.828325 1.214581 -0.057667
v -0.821390 1.143019 0.068934
v -0.834184 1.021299 0.076830
v -0.831249 1.010505 -0.061480
v -0.833677 0.969682 0.074344
v -0.841551 0.925038 -0.070178
v -0.830568 0.895547 0.071842
v -0.840147 0.863385 -0.069929
v -0.828611 0.808024 0.073450
v -0.827506 0.798010 -0.070675
v -0.831196 0.753557 0.075716
v -0.835515 0.677346 0.078957
v -0.832035 0.642591 0.075948
v -0.828666 0.613690 0.073936
v -0.837489 0.524545 -0.035116
v -0.840246 0.524132 0.010058
v -0.841550 0.512460 0.036959
v -0.830530 0.457952 0.122083
v -0.830553 0.451958 -0.115250
v -0.829630 0.461028 -0.122566
v -0.824470 0.466742 -0.129672
v -0.826971 0.448614 0.109368
v -0.829170 0.428291 -0.133017
v -0.827790 0.401864 0.105239
v -0.828236 0.397183 -0.105817
v -0.841020 0.370860 0.134565
v -0.830809 0.358766 -0.108613
v -0.832007 0.369884 0.107516
v -0.823491 0.363184 -0.144468
v -0.834991 0.255953 0.159739
v -0.836995 0.251686 -0.158627
v -0.823112 0.222873 -0.121986
v -0.829515 0.213178 0.141685
v -0.827609 0.204953 0.134565
v -0.827427 0.204679 -0.132602
v -0.824006 0.199173 -0.146216
v -0.835888 0.165857 0.142876
v -0.829057 0.186134 0.130604
v -0.829366 0.184795 -0.130860
v -0.823005 0.163825 -0.171268
v -0.829911 0.154446 0.165011
v -0.834960 0.149293 0.117796
v -0.836212 0.149854 -0.119228
v -0.828044 0.130717 0.123282
v -0.826682 0.114410 0.155965
v -0.834005 0.131997 0.143586
v -0.826490 0.114600 -0.152522
v -0.833964 0.133273 -0.145878
v -0.825866 1.476028 -0.005456
v -0.839174 1.435589 -0.024400
v -0.840434 1.416014 0.039065
v -0.837994 1.394920 -0.034646
v -0.844988 1.345195 -0.044357
v -0.835449 1.303487 0.052551
v -0.836239 1.269210 -0.047224
v -0.837610 1.257861 -0.051338
v -0.837393 1.180963 0.065892
v -0.837146 1.181948 -0.061777
v -0.841215 1.137143 -0.068425
v -0.847535 1.125507 0.072507
v -0.848128 1.098898 0.073786
v -0.834262 1.065425 -0.062198
v -0.835358 1.059993 0.076093
v -0.834446 1.029500 -0.061385
v -0.837005 0.990546 -0.065921
v -0.838908 0.807398 0.073827
v -0.833955 0.824525 -0.069342
v -0.836507 0.761335 -0.071938
v -0.839206 0.723971 -0.072289
v -0.833960 0.660722 -0.065814
v -0.837338 0.613209 0.075553
v -0.839917 0.599603 -0.067962
v -0.840152 0.567878 -0.055011
v -0.839367 0.517403 0.060043
v -0.843971 0.544152 -0.044742
v -0.838256 0.519194 0.026639
v -0.846265 0.519166 -0.022485
v -0.843876 0.510444 0.049645
v -0.836511 0.423246 0.115193
v -0.841459 0.407556 -0.122234
v -0.838185 0.410882 -0.128778
v -0.838626 0.402666 0.112183
v -0.839598 0.399111 -0.113311
v -0.838839 0.334074 -0.145226
v -0.836436 0.338989 0.144836
v -0.839262 0.323118 0.112094
v -0.830225 0.273170 0.161794
v -0.840948 0.271743 -0.112112
v -0.840789 0.249033 0.116489
v -0.841318 0.235218 0.149008
v -0.838922 0.230576 -0.148099
v -0.830356 0.216211 0.129984
v -0.840812 0.155421 0.135027
v -0.838123 0.157049 0.123480
v -0.836889 0.162814 -0.145259
v -0.840413 0.156716 -0.131822
v -0.833616 0.149900 -0.161197
v -0.838805 0.146459 0.149660
v -0.839099 0.145925 -0.148384
v -0.840262 0.142642 0.133002
v -0.840622 0.143119 -0.134616
v -0.845071 1.439773 0.009205
v -0.856036 1.420330 0.003544
v -0.845805 1.359598 0.044990
v -0.839819 1.368436 -0.042611
v -0.845185 1.307529 0.051858
v -0.851561 1.304396 -0.047466
v -0.845369 1.286091 -0.051537
v -0.844175 1.251641 0.055169
v -0.845189 1.209282 0.059943
v -0.853558 1.228190 -0.051072
v -0.847078 1.148397 -0.068376
v -0.837871 1.101131 -0.067710
v -0.848374 1.062740 -0.068704
v -0.843684 1.012143 0.077430
v -0.847506 1.037345 -0.070347
v -0.844255 0.978168 0.075685
v -0.839683 0.953720 -0.068676
v -0.842291 0.890683 0.072638
v -0.848178 0.812903 -0.069825
v -0.837373 0.726235 0.079189
v -0.847538 0.671393 0.079081
v -0.842014 0.663798 -0.063469
v -0.843468 0.636771 0.076782
v -0.847481 0.651142 -0.067684
v -0.855763 0.526158 -0.035633
v -0.853488 0.521604 -0.000966
v -0.860027 0.519487 -0.028682
v -0.842753 0.398986 0.121563
v -0.843785 0.380777 0.129077
v -0.840849 0.370920 -0.135035
v -0.844030 0.355866 -0.114163
v -0.846018 0.320817 -0.143188
v -0.851484 0.282435 0.148086
v -0.845670 0.273542 0.113104
v -0.849807 0.257172 0.150774
v -0.847445 0.259177 -0.152857
v -0.830606 0.215498 -0.130510
v -0.849730 0.234630 0.137400
v -0.856518 1.415714 -0.011893
v -0.859616 1.415087 0.010133
v -0.853858 1.410514 0.028807
v -0.849463 1.413071 -0.026865
v -0.855428 1.367284 0.036229
v -0.847294 1.372442 -0.032588
v -0.851361 1.256900 -0.052215
v -0.856100 1.196112 0.055167
v -0.849942 1.141359 0.070031
v -0.849678 1.122111 -0.070100
v -0.848248 1.012273 -0.070555
v -0.849652 0.980480 -0.069183
v -0.844867 0.939693 0.075074
v -0.849036 0.922872 -0.070346
v -0.849832 0.917305 0.072853
v -0.848072 0.839532 -0.070347
v -0.849438 0.773152 0.074380
v -0.848884 0.720647 0.078175
v -0.850659 0.677211 -0.067775
v -0.854739 0.593872 0.071478
v -0.854561 0.577505 -0.054334
v -0.844959 0.554296 0.068247
v -0.856148 0.560000 -0.044537
v -0.849839 0.517998 0.060730
v -0.845809 0.372155 -0.128104
v -0.847006 0.366409 0.120729
v -0.847726 0.361100 -0.120830
v -0.850459 0.325003 0.136966
v -0.854674 0.320788 0.128396
v -0.844338 0.352935 0.114065
v -0.851575 0.325023 -0.135761
v -0.845953 0.319931 0.143221
v -0.848172 0.308121 0.115520
v -0.854298 0.274861 -0.118674
v -0.849887 0.241093 0.125353
v -0.844485 0.246285 -0.119193
v -0.854489 0.246722 -0.127614
v -0.853440 1.394384 -0.025106
v -0.862984 1.348083 -0.024769
v -0.860176 1.318187 0.043431
v -0.857862 1.253253 0.051311
v -0.861575 1.281772 -0.047054
v -0.849898 1.193605 -0.054209
v -0.847358 1.179056 -0.058676
v -0.858360 1.129579 -0.063128
v -0.863625 1.114018 0.063961
v -0.856666 1.084879 -0.066075
v -0.856830 1.028565 0.073563
v -0.862134 0.969836 -0.065868
v -0.856107 0.903204 0.066134
v -0.855109 0.887550 -0.064500
v -0.850736 0.862614 0.072234
v -0.860222 0.841456 -0.061936
v -0.847947 0.761642 -0.069544
v -0.859966 0.737007 0.071707
v -0.849804 0.716723 -0.071608
v -0.855158 0.677597 -0.067710
v -0.858847 0.687934 0.074743
v -0.856082 0.637186 0.073616
v -0.855023 0.625109 -0.066890
v -0.855345 0.540162 0.064803
v -0.854890 0.539223 -0.040717
v -0.862034 0.516174 -0.008810
v -0.867755 0.508600 0.014812
v -0.868441 0.506398 0.032502
v -0.860625 0.507800 0.041287
v -0.853445 0.327299 -0.127986
v -0.851918 0.321003 0.120984
v -0.851819 0.322610 -0.121612
v -0.856330 0.275232 0.120774
v -0.852179 0.284118 -0.147645
v -0.856440 0.259390 -0.143701
v -0.857005 0.253498 0.140879
v -0.852036 0.238830 -0.139724
v -0.864725 1.378970 -0.015544
v -0.863379 1.368807 0.026750
v -0.867400 1.339241 0.031848
v -0.861196 1.318874 -0.037586
v -0.866924 1.291131 0.042355
v -0.865252 1.240174 -0.047382
v -0.865801 1.231714 0.048285
v -0.866744 1.151921 0.056402
v -0.871039 1.043207 0.063626
v -0.860523 1.031487 -0.067632
v -0.866938 1.002358 0.067311
v -0.866883 0.903557 -0.060487
v -0.862610 0.876859 0.064347
v -0.867060 0.861303 -0.058300
v -0.860714 0.824141 0.066074
v -0.862525 0.782930 -0.063867
v -0.872240 0.754422 0.058421
v -0.866841 0.669388 0.067729
v -0.862222 0.594254 0.065426
v -0.872657 0.574485 -0.051732
v -0.856195 0.513574 0.055566
v -0.859816 0.284224 0.137938
v -0.860239 0.278323 -0.128446
v -0.859926 0.280427 -0.138244
v -0.860008 0.265622 0.127720
v -0.860060 0.258575 0.134218
v -0.859789 0.257116 -0.134183
v -0.865394 1.388512 -0.008515
v -0.877888 1.341771 0.014956
v -0.880259 1.292585 0.027777
v -0.879588 1.292609 -0.017028
v -0.868662 1.285468 -0.038419
v -0.874217 1.255521 0.040590
v -0.871022 1.193190 -0.044052
v -0.868584 1.162938 0.050993
v -0.867409 1.155597 -0.049716
v -0.870988 1.115821 0.058373
v -0.869517 1.098395 -0.062199
v -0.869053 1.064832 -0.061680
v -0.870479 1.016814 -0.064094
v -0.864940 0.939017 0.065192
v -0.874071 0.757769 -0.053412
v -0.868994 0.718553 0.063563
v -0.872273 0.655871 -0.060735
v -0.879854 0.602476 0.056343
v -0.869627 0.535607 0.059491
v -0.876518 1.352093 -0.001644
v -0.880715 1.336633 0.008157
v -0.874389 1.332275 -0.015927
v -0.879716 1.211014 0.038092
v -0.879866 1.207179 -0.034132
v -0.874968 1.066517 -0.057361
v -0.873948 1.068283 0.060624
v -0.871628 0.974373 0.062334
v -0.868501 0.972360 -0.062241
v -0.872356 0.923363 0.055543
v -0.877627 0.841783 0.049160
v -0.875142 0.894900 -0.048663
v -0.882406 0.789637 -0.044374
v -0.878734 0.735824 -0.050555
v -0.879875 0.671206 0.057772
v -0.875783 0.600388 -0.055397
v -0.879554 0.544229 0.054475
v -0.875329 0.541738 -0.047636
v -0.886403 0.523427 0.039527
v -0.877422 0.517153 -0.029721
v -0.877733 0.506615 0.028938
v -0.883116 0.507349 0.008681
v -0.883737 1.306405 -0.004663
v -0.886319 1.236807 -0.016295
v -0.888808 1.246520 0.021761
v -0.873499 1.244627 -0.039511
v -0.881616 1.223792 -0.023514
v -0.880128 1.172853 -0.035153
v -0.880565 1.120909 0.039478
v -0.874903 1.126975 0.046841
v -0.881607 1.117636 -0.043855
v -0.877617 1.071044 0.050507
v -0.884410 1.080327 -0.041433
v -0.884978 1.056620 0.040566
v -0.878456 1.052412 -0.050670
v -0.880741 1.017612 0.050158
v -0.880037 1.007997 -0.048780
v -0.881451 0.967128 0.048216
v -0.883401 0.980112 -0.042457
v -0.874242 0.927535 -0.049808
v -0.881481 0.927969 0.044288
v -0.882715 0.877850 0.041976
v -0.880810 0.844778 -0.043039
v -0.883797 0.704147 0.049037
v -0.881147 0.703789 -0.052250
v -0.886517 0.610604 -0.049049
v -0.883817 0.594343 -0.051310
v -0.885485 0.519934 -0.028892
v -0.880386 0.511390 -0.004598
v -0.888031 1.291594 0.007928
v -0.887933 1.288331 0.014907
v -0.888526 1.259766 -0.006025
v -0.889504 1.184981 -0.015748
v -0.887371 1.164960 0.026466
v -0.886121 1.164499 -0.023829
v -0.884965 1.100743 0.029670
v -0.888262 1.059616 0.029498
v -0.886351 1.027314 -0.042202
v -0.886083 1.000814 0.037758
v -0.883199 0.953946 0.040765
v -0.883436 0.950891 -0.037074
v -0.886636 0.910749 0.030378
v -0.883237 0.896874 -0.042979
v -0.886469 0.849807 -0.036082
v -0.885741 0.850843 0.029188
v -0.882425 0.813998 0.043086
v -0.884660 0.793380 0.035848
v -0.889121 0.754967 -0.020570
v -0.886161 0.741557 0.028878
v -0.885435 0.722165 0.041405
v -0.882404 0.739751 -0.037900
v -0.889547 0.724268 -0.020947
v -0.888647 0.700222 -0.032998
v -0.888638 0.673882 -0.041677
v -0.886484 0.655784 0.048791
v -0.883411 0.654575 -0.052617
v -0.887110 0.573024 0.048064
v -0.890892 0.599133 -0.040265
v -0.884094 0.548819 -0.046737
v -0.892218 0.546872 0.037885
v -0.886009 0.514496 -0.011370
v -0.892845 1.223704 0.013893
v -0.891061 1.222674 -0.005010
v -0.891235 1.205394 0.021323
v -0.891867 1.156663 0.015889
v -0.892510 1.147148 -0.000552
v -0.891137 1.117789 0.021066
v -0.889648 1.139540 -0.018258
v -0.891331 1.102285 -0.020017
v -0.893344 1.070332 0.023037
v -0.888123 1.076823 -0.031872
v -0.895608 1.018431 0.019944
v -0.896013 1.032534 -0.021751
v -0.890454 1.024457 0.028451
v -0.892250 0.925836 -0.023474
v -0.889299 0.857663 0.022202
v -0.891882 0.907473 0.016474
v -0.891744 0.809227 -0.016885
v -0.887678 0.810351 -0.033367
v -0.891034 0.790755 0.002802
v -0.889323 0.786189 0.020917
v -0.891094 0.742868 0.018957
v -0.892763 0.731317 0.000251
v -0.891517 0.710421 -0.010431
v -0.892467 0.705840 0.020218
v -0.890466 0.687464 0.026933
v -0.893832 0.663638 -0.017597
v -0.893504 0.646394 0.025348
v -0.891986 0.631199 0.035343
v -0.888153 0.624751 0.041975
v -0.893088 0.638679 -0.034945
v -0.895561 0.557490 -0.032337
v -0.892192 0.550175 -0.000454
v -0.892385 0.540401 -0.013381
v -0.892380 0.524985 -0.017020
v -0.888205 0.521084 -0.007153
v -0.890790 0.515479 0.014936
v -0.897834 1.073621 -0.000854
v -0.895642 1.066799 0.016505
v -0.893452 1.066505 -0.023897
v -0.899427 1.009019 0.003644
v -0.898167 1.012431 -0.009066
v -0.896736 0.999937 -0.019503
v -0.897353 0.958485 -0.003999
v -0.892850 0.953475 0.021944
v -0.895889 0.905381 0.001027
v -0.893711 0.910402 -0.011111
v -0.893008 0.895987 -0.024010
v -0.892299 0.849568 0.003192
v -0.894527 0.878503 -0.017303
v -0.895319 0.682450 0.001747
v -0.895012 0.665180 0.014850
v -0.896238 0.618590 0.012825
v -0.895095 0.635900 -0.005291
v -0.893439 0.596032 -0.016967
v -0.895743 0.605224 -0.024168
v -0.895257 0.586573 0.019795
v -0.895847 0.546662 0.023585
v -0.894920 0.558011 0.009862
v -0.892299 0.572716 0.001538
v -0.895001 0.536929 -0.024603
v -0.895209 0.529197 0.017417
vn -0.0000 -0.0000 1.0000
vn -0.0000 -1.0000 -0.0000
vn 0.9218 0.3877 -0.0000
vn -0.0000 1.0000 -0.0000
vn 0.1951 0.9808 -0.0000
vn 0.5556 -0.8315 -0.0000
vn 0.3827 -0.9239 -0.0000
vn -0.9239 0.3827 -0.0000
vn -0.8315 0.5556 -0.0000
vn 0.7071 -0.7071 -0.0000
vn -0.9808 0.1951 -0.0000
vn 0.8315 -0.5556 -0.0000
vn -1.0000 -0.0000 -0.0000
vn 0.9239 -0.3827 -0.0000
vn -0.9808 -0.1951 -0.0000
vn 0.9808 -0.1951 -0.0000
vn -0.9239 -0.3827 -0.0000
vn 1.0000 -0.0000 -0.0000
vn -0.8315 -0.5556 -0.0000
vn 0.9808 0.1951 -0.0000
vn -0.7071 -0.7071 -0.0000
vn 0.9239 0.3827 -0.0000
vn -0.5556 -0.8315 -0.0000
vn 0.8315 0.5556 -0.0000
vn -0.3827 -0.9239 -0.0000
vn -0.1951 0.9808 -0.0000
vn 0.7071 0.7071 -0.0000
vn -0.1951 -0.9808 -0.0000
vn -0.3827 0.9239 -0.0000
vn 0.5556 0.8315 -0.0000
vn -0.5556 0.8315 -0.0000
vn 0.3827 0.9239 -0.0000
vn 0.1951 -0.9808 -0.0000
vn -0.7071 0.7071 -0.0000
vn 0.8359 -0.5488 -0.0000
vn 0.7771 -0.4734 0.4148
vn -0.0000 -0.0000 -1.0000
vn 0.7771 -0.4734 -0.4148
vn 0.9544 0.2409 -0.1766
vn 0.9339 0.3536 0.0536
vn 0.9791 0.1638 0.1204
vn 0.9945 -0.0405 -0.0969
vn 0.9991 -0.0387 -0.0149
vn 0.9875 -0.1333 0.0836
vn 0.9998 -0.0198 -0.0003
vn 0.9749 -0.0301 0.2205
vn 0.5719 0.0048 0.8203
vn 0.4745 -0.1942 0.8586
vn 0.9385 -0.3092 -0.1536
vn 0.9255 -0.2027 0.3199
vn 0.9963 0.0566 0.0647
vn 0.9077 -0.3878 0.1605
vn 0.9094 0.3292 0.2541
vn 0.9166 0.2758 0.2893
vn 0.8991 0.3467 -0.2673
vn 0.8580 0.1906 -0.4769
vn 0.9344 0.1003 -0.3419
vn 0.6534 0.0020 -0.7570
vn 0.2762 -0.1222 0.9533
vn 0.9467 -0.2890 -0.1425
vn 0.3485 -0.1229 -0.9292
vn 0.2923 -0.0969 -0.9514
vn 0.9299 -0.3399 0.1408
vn 0.9481 -0.3135 -0.0528
vn 0.8258 -0.5606 0.0608
vn 0.8549 0.4873 -0.1780
vn 0.7261 0.2707 -0.6321
vn 0.6763 0.4594 -0.5758
vn 0.4351 -0.0109 -0.9003
vn 0.0456 0.0585 0.9972
vn 0.3956 -0.2116 -0.8937
vn 0.8301 -0.5267 0.1834
vn 0.6699 -0.7182 0.1882
vn 0.7245 -0.6281 -0.2839
vn 0.8068 0.5115 0.2957
vn 0.4106 -0.0104 -0.9117
vn 0.1315 0.0635 -0.9893
vn -0.3486 0.0483 -0.9360
vn -0.2661 0.2257 -0.9372
vn -0.2699 -0.1198 -0.9554
vn 0.3455 -0.1782 -0.9214
vn 0.8666 -0.3524 -0.3532
vn 0.6081 -0.5769 -0.5453
vn 0.7301 0.3002 0.6139
vn 0.5390 0.4705 0.6987
vn 0.3582 0.2304 -0.9048
vn -0.0751 0.3603 0.9298
vn -0.1818 0.2554 0.9496
vn -0.0814 0.1878 0.9788
vn 0.7042 -0.6076 0.3672
vn 0.5586 -0.4831 0.6742
vn 0.6587 -0.6480 -0.3825
vn 0.5431 -0.8337 0.0998
vn 0.6311 -0.6960 0.3426
vn 0.3334 -0.4903 0.8053
vn 0.4294 -0.1791 0.8852
vn 0.5547 -0.2193 0.8026
vn 0.7364 -0.2493 0.6290
vn 0.6214 -0.0899 0.7783
vn 0.7799 0.0448 0.6243
vn 0.5622 -0.4500 -0.6938
vn 0.3144 -0.4860 -0.8155
vn 0.7826 -0.1241 -0.6100
vn 0.4821 0.4316 -0.7624
vn 0.6055 0.2083 -0.7681
vn 0.4632 0.3663 -0.8070
vn 0.3128 -0.2964 -0.9024
vn 0.3625 -0.1678 0.9167
vn 0.3252 -0.2857 0.9014
vn 0.5110 -0.4494 -0.7327
vn 0.5700 -0.5436 -0.6162
vn 0.5035 -0.8640 0.0068
vn 0.6273 0.4962 0.6002
vn 0.7477 0.5472 0.3761
vn 0.7482 0.5238 -0.4073
vn 0.5478 0.4611 -0.6981
vn 0.5896 0.4831 -0.6473
vn 0.0085 0.0105 -0.9999
vn 0.7993 -0.1488 -0.5822
vn 0.6693 0.4933 0.5556
vn 0.6443 0.0620 -0.7622
vn 0.4255 -0.2471 -0.8706
vn 0.4794 -0.2689 0.8354
vn 0.4889 -0.8722 0.0131
vn 0.6304 -0.5383 -0.5593
vn 0.6680 -0.3492 -0.6571
vn 0.2903 -0.9565 0.0294
vn 0.8073 0.5863 -0.0671
vn 0.6681 0.5004 -0.5507
vn 0.1737 -0.0623 -0.9828
vn 0.3407 -0.1877 0.9212
vn 0.1394 -0.2967 0.9447
vn 0.1512 -0.3213 -0.9348
vn 0.1163 -0.2997 -0.9469
vn 0.1351 -0.7052 -0.6960
vn 0.0395 -0.7951 -0.6052
vn 0.0853 -0.7861 -0.6121
vn 0.7550 0.5447 -0.3650
vn 0.4888 0.4191 0.7651
vn 0.0455 0.1173 -0.9920
vn 0.2386 0.2758 -0.9311
vn 0.0271 -0.1609 -0.9866
vn 0.4259 -0.2103 0.8800
vn 0.5241 0.0932 0.8466
vn 0.6148 -0.7062 0.3512
vn 0.4905 -0.5324 0.6898
vn 0.2012 -0.5593 0.8042
vn 0.3389 -0.5599 -0.7561
vn -0.2467 -0.9379 0.2437
vn 0.0705 -0.9922 0.1028
vn 0.2691 -0.9631 0.0029
vn -0.0745 0.0161 0.9971
vn -0.1000 0.1366 0.9856
vn 0.0407 0.0672 0.9969
vn 0.3311 0.1721 0.9278
vn 0.1163 -0.4990 0.8588
vn -0.1927 -0.9554 0.2235
vn -0.2494 -0.9101 0.3309
vn -0.3533 -0.8779 -0.3232
vn -0.2613 -0.8858 -0.3835
vn -0.2883 -0.9009 -0.3244
vn -0.2054 -0.8615 -0.4643
vn 0.6650 0.4560 -0.5915
vn 0.1708 -0.0386 0.9845
vn 0.1193 -0.1218 0.9854
vn 0.4613 0.2448 0.8528
vn 0.3800 -0.9242 0.0388
vn 0.6378 -0.7368 0.2245
vn 0.7435 -0.6463 0.1716
vn 0.6697 -0.6913 -0.2714
vn 0.5430 -0.7701 -0.3347
vn 0.3459 -0.9382 -0.0086
vn 0.7863 0.5368 0.3058
vn 0.8310 0.5555 -0.0289
vn 0.4696 0.3936 -0.7903
vn 0.5293 0.3553 -0.7704
vn 0.1435 0.0060 -0.9896
vn 0.1769 -0.1920 -0.9653
vn 0.1552 -0.1532 0.9759
vn 0.1402 -0.3703 0.9183
vn 0.3880 -0.5846 0.7125
vn 0.0972 -0.6276 0.7724
vn 0.1142 -0.6271 -0.7705
vn 0.4238 0.2523 0.8699
vn 0.3774 0.2604 0.8887
vn 0.1997 0.0704 -0.9773
vn 0.2168 0.0157 0.9761
vn 0.0876 -0.0210 0.9959
vn 0.1429 -0.1735 -0.9744
vn 0.1158 -0.0017 -0.9933
vn 0.4164 0.1708 -0.8930
vn -0.2115 -0.9771 -0.0214
vn -0.3073 -0.9491 0.0698
vn -0.2456 -0.9693 0.0154
vn -0.3563 -0.9342 -0.0175
vn 0.0889 -0.3285 0.9403
vn -0.2007 -0.9090 0.3652
vn -0.1055 -0.8847 0.4541
vn -0.1714 -0.9045 -0.3906
vn -0.1961 -0.8984 -0.3931
vn 0.7975 0.5453 0.2581
vn 0.7934 0.5512 -0.2582
vn 0.6253 0.3881 -0.6770
vn 0.3042 0.2713 0.9132
vn 0.2341 0.1017 0.9669
vn -0.0189 -0.4956 -0.8683
vn 0.0855 -0.3269 -0.9412
vn 0.4414 -0.8951 0.0632
vn 0.4499 -0.8931 0.0022
vn 0.3109 -0.9496 -0.0398
vn 0.4558 -0.8881 0.0598
vn 0.6744 0.4546 0.5819
vn 0.7189 0.4976 0.4854
vn 0.7020 0.4268 -0.5701
vn 0.0302 0.0431 0.9986
vn 0.1025 0.0293 -0.9943
vn -0.1295 -0.2301 0.9645
vn 0.0077 -0.5125 0.8587
vn 0.0245 -0.6015 0.7985
vn 0.3623 -0.8072 0.4660
vn 0.3207 -0.7644 -0.5593
vn 0.4373 -0.6309 -0.6409
vn 0.3233 -0.7641 -0.5582
vn -0.0957 -0.8888 0.4481
vn 0.1165 -0.9458 -0.3032
vn -0.0481 -0.0281 -0.9984
vn -0.1653 -0.1688 0.9717
vn -0.0768 -0.1123 -0.9907
vn 0.3262 -0.9371 0.1244
vn 0.5084 -0.8604 0.0356
vn 0.4329 0.2154 0.8753
vn 0.5716 0.3629 0.7360
vn 0.4135 0.2091 -0.8862
vn 0.3892 0.2220 -0.8940
vn -0.1321 -0.0081 0.9912
vn -0.2220 -0.4233 -0.8784
vn -0.1583 -0.2109 -0.9646
vn -0.2463 -0.4594 -0.8534
vn -0.3468 -0.4196 -0.8389
vn -0.0889 -0.9959 0.0180
vn 0.5108 0.2283 -0.8288
vn -0.3128 -0.2641 0.9124
vn -0.4852 -0.5162 0.7058
vn 0.2896 0.1172 0.9499
vn 0.2925 0.1062 -0.9504
vn 0.2219 0.0832 -0.9715
vn -0.5811 -0.4490 -0.6787
vn -0.5423 -0.7078 0.4527
vn -0.3920 -0.9178 0.0627
vn -0.4508 -0.8918 -0.0374
vn -0.4173 -0.9083 0.0307
vn -0.1064 -0.9942 -0.0132
vn 0.8191 0.5737 0.0062
vn 0.7524 0.5248 -0.3981
vn 0.7932 0.5377 -0.2860
vn 0.7895 0.5059 0.3476
vn 0.7280 0.3696 0.5775
vn 0.7806 0.4456 -0.4383
vn 0.7401 0.3467 -0.5762
vn 0.6274 0.3069 0.7157
vn -0.0278 -0.1342 -0.9906
vn -0.1998 -0.0882 -0.9759
vn -0.2770 -0.2805 -0.9190
vn -0.2703 -0.4120 0.8702
vn -0.4227 -0.3814 0.8221
vn -0.6539 -0.4414 0.6145
vn -0.6698 -0.6579 -0.3442
vn -0.7390 -0.4297 -0.5188
vn -0.2798 -0.8378 -0.4689
vn -0.6071 -0.7946 0.0054
vn 0.8185 0.5735 0.0332
vn 0.5098 0.1733 0.8426
vn 0.3165 0.0561 -0.9469
vn 0.3256 0.1115 0.9389
vn 0.1973 0.0001 -0.9803
vn 0.1919 0.0120 0.9813
vn -0.4197 -0.3417 -0.8409
vn -0.7189 -0.6951 -0.0013
vn -0.8753 -0.4732 -0.0992
vn -0.8255 -0.5586 0.0810
vn -0.8831 -0.4557 0.1119
vn -0.8047 -0.5934 -0.0196
vn -0.8354 -0.4954 0.2382
vn -0.8585 -0.5052 -0.0883
vn -0.8987 -0.4377 0.0267
vn -0.8553 -0.5156 -0.0509
vn 0.7098 0.1780 0.6815
vn 0.1434 0.0160 0.9895
vn 0.0813 -0.1075 0.9909
vn -0.0189 -0.1084 0.9939
vn -0.1985 -0.1585 0.9672
vn -0.8056 -0.5678 -0.1693
vn 0.8315 0.3351 0.4431
vn 0.4598 0.1482 -0.8756
vn 0.3471 0.0737 0.9349
vn 0.8294 0.4713 -0.3000
vn -0.3378 -0.3958 0.8540
vn -0.5808 -0.6233 0.5236
vn -0.6232 -0.7740 -0.1122
vn 0.8263 0.1143 -0.5516
vn 0.8273 0.1116 -0.5505
vn 0.8255 0.1115 -0.5533
vn 0.8107 0.5587 0.1750
vn 0.8445 0.3355 -0.4175
vn 0.5450 0.0753 0.8350
vn 0.6234 0.1803 -0.7609
vn 0.2569 0.0102 0.9664
vn 0.1001 -0.0691 -0.9926
vn 0.0346 -0.1859 -0.9820
vn -0.6302 -0.6594 -0.4099
vn -0.4465 -0.5410 -0.7127
vn -0.5088 -0.8543 0.1062
vn 0.7911 0.5914 -0.1560
vn 0.8118 0.5596 -0.1668
vn 0.7321 0.0870 -0.6756
vn 0.2924 0.0257 0.9560
vn -0.4485 -0.7071 -0.5467
vn -0.5254 -0.8179 0.2347
vn -0.6728 -0.7265 0.1396
vn -0.4869 -0.8709 -0.0666
vn 0.7987 0.5797 0.1613
vn 0.8028 0.5962 -0.0066
vn 0.4741 0.0129 -0.8804
vn -0.0550 -0.1919 0.9799
vn 0.0003 -0.2797 0.9601
vn -0.1436 -0.3985 0.9059
vn -0.3226 -0.6148 0.7197
vn -0.4249 -0.7110 0.5603
vn 0.8923 0.3903 0.2268
vn 0.7468 0.5987 0.2896
vn 0.8817 0.1364 -0.4516
vn 0.7983 0.5092 -0.3214
vn 0.5671 -0.0296 0.8231
vn 0.3034 0.0265 -0.9525
vn 0.1874 -0.0803 0.9790
vn 0.1309 -0.1496 -0.9800
vn -0.4308 -0.9002 -0.0635
vn -0.4627 -0.8864 0.0166
vn 0.2000 0.9719 0.1243
vn 0.2018 0.9703 0.1338
vn 0.2043 0.9703 0.1291
vn 0.6074 -0.0581 -0.7922
vn 0.7386 0.1048 -0.6660
vn 0.2509 -0.0082 -0.9680
vn 0.1779 -0.1609 0.9708
vn 0.0183 -0.2675 -0.9634
vn -0.1384 -0.3639 -0.9211
vn -0.2803 -0.6270 -0.7269
vn 0.8242 0.5562 -0.1066
vn 0.7279 0.0461 0.6842
vn 0.8585 0.4180 0.2971
vn 0.6011 0.4670 0.6485
vn 0.7227 -0.0427 0.6898
vn 0.8883 0.1462 0.4354
vn 0.5603 -0.1150 0.8203
vn 0.6461 -0.0594 0.7610
vn 0.5682 -0.1420 -0.8105
vn 0.5812 -0.0304 -0.8132
vn 0.3980 -0.0781 0.9141
vn 0.3823 -0.1326 -0.9145
vn 0.3617 -0.0436 0.9313
vn 0.8300 0.5497 0.0946
vn 0.5286 -0.1774 -0.8301
vn 0.7064 -0.1387 -0.6941
vn 0.2736 -0.0344 0.9612
vn -0.4311 -0.8034 -0.4108
vn -0.5857 -0.8100 -0.0289
vn 0.7771 0.6087 0.1598
vn 0.6430 0.6426 0.4167
vn 0.8082 0.5678 -0.1562
vn 0.7922 0.5897 -0.1570
vn 0.7363 0.6440 -0.2077
vn 0.4965 0.2398 -0.8342
vn 0.6154 0.5522 -0.5624
vn 0.3399 0.2390 -0.9096
vn 0.5560 -0.0709 -0.8282
vn 0.8168 -0.0655 0.5732
vn 0.5936 -0.2116 0.7765
vn 0.5945 -0.1445 -0.7910
vn 0.6646 0.1256 -0.7366
vn 0.2911 -0.2482 -0.9239
vn 0.3729 -0.1102 -0.9213
vn 0.3465 -0.1043 -0.9322
vn 0.1154 -0.2904 0.9499
vn 0.1938 -0.2084 0.9587
vn 0.7968 0.6013 -0.0592
vn 0.5094 0.6288 0.5874
vn 0.3301 -0.0646 0.9417
vn 0.4818 0.3366 0.8090
vn 0.4566 0.2493 0.8540
vn 0.5155 0.3195 -0.7951
vn 0.3243 -0.3516 0.8782
vn 0.3489 -0.1107 0.9306
vn 0.2163 -0.0931 -0.9719
vn 0.2509 -0.2785 -0.9271
vn -0.1616 -0.5455 0.8224
vn 0.8071 0.5751 0.1339
vn 0.7399 0.5931 0.3175
vn 0.2723 0.3286 0.9044
vn 0.3151 0.0702 0.9465
vn 0.4946 -0.0347 0.8684
vn 0.1826 -0.3412 0.9221
vn 0.1779 -0.3093 0.9342
vn 0.2422 -0.0189 0.9700
vn 0.2475 -0.2056 0.9468
vn 0.2292 -0.1273 -0.9650
vn 0.2789 -0.0440 -0.9593
vn 0.0161 -0.4944 0.8691
vn -0.1142 -0.4655 -0.8776
vn -0.2481 -0.7326 -0.6339
vn -0.0939 -0.6089 -0.7877
vn 0.7911 0.6115 -0.0124
vn 0.7998 0.5594 -0.2176
vn 0.4770 0.5952 -0.6467
vn 0.3122 0.0319 -0.9495
vn 0.2033 0.3237 -0.9241
vn 0.2982 0.1798 -0.9374
vn 0.0772 -0.1519 0.9854
vn -0.3823 0.0695 0.9214
vn 0.1273 -0.1558 -0.9796
vn 0.0696 -0.0738 -0.9948
vn -0.4651 -0.8728 -0.1482
vn -0.4700 -0.8721 0.1358
vn 0.8140 0.5522 0.1801
vn 0.6865 0.6154 -0.3872
vn 0.1160 -0.3648 0.9238
vn 0.1969 -0.1325 0.9714
vn 0.1970 -0.1402 -0.9703
vn 0.1335 -0.3908 -0.9107
vn 0.1999 -0.1553 0.9674
vn 0.1607 -0.1632 -0.9734
vn 0.1930 -0.1555 0.9688
vn 0.1764 -0.3054 0.9357
vn -0.3880 -0.8499 0.3565
vn -0.2935 -0.7614 0.5780
vn -0.4065 -0.8686 -0.2835
vn 0.2016 0.6244 -0.7546
vn 0.4837 0.5634 -0.6698
vn 0.1492 0.5598 -0.8151
vn 0.8768 -0.4300 -0.2154
vn 0.8118 -0.5114 -0.2818
vn 0.9852 -0.1687 0.0287
vn 0.7971 -0.5062 -0.3292
vn 0.8799 -0.0785 -0.4686
vn 0.9637 -0.1824 -0.1947
vn 0.9540 -0.1907 -0.2312
vn 0.9867 -0.1389 0.0847
vn 0.7671 0.6117 -0.1934
vn 0.5400 0.6064 -0.5836
vn 0.4875 0.5845 0.6486
vn 0.1240 0.4173 0.9003
vn 0.0246 -0.0056 0.9997
vn 0.1032 -0.3674 -0.9243
vn 0.1647 -0.2907 -0.9425
vn 0.1540 0.9025 0.4021
vn 0.2041 0.8865 0.4154
vn 0.2733 0.8962 0.3496
vn -0.1799 0.7185 0.6718
vn -0.3834 0.8575 0.3430
vn -0.2354 0.7397 0.6304
vn 0.1522 0.7239 -0.6729
vn 0.0379 0.7488 -0.6617
vn 0.1774 0.7462 -0.6417
vn -0.0736 0.6207 -0.7806
vn 0.0186 0.6149 0.7884
vn 0.3613 0.1194 -0.9248
vn 0.4545 0.2106 -0.8655
vn 0.2360 0.1021 -0.9664
vn 0.7450 -0.5865 -0.3178
vn 0.6046 -0.5639 0.5627
vn 0.7333 -0.5682 0.3735
vn 0.6975 -0.6070 0.3808
vn 0.5356 0.1159 0.8365
vn 0.5388 0.1117 0.8350
vn 0.5444 0.1195 0.8303
vn 0.8789 -0.0873 -0.4690
vn 0.0474 0.9068 0.4190
vn 0.0860 0.9186 0.3856
vn 0.0895 0.9217 0.3774
vn 0.7645 0.6296 0.1382
vn 0.7439 0.5742 0.3419
vn 0.6179 0.5302 0.5806
vn 0.3534 0.5663 -0.7446
vn 0.0657 -0.2321 -0.9705
vn 0.1603 -0.2334 -0.9591
vn 0.0983 -0.2232 0.9698
vn 0.1494 -0.1583 -0.9760
vn -0.0082 -0.1093 0.9940
vn 0.1627 -0.1767 -0.9707
vn 0.0631 -0.5083 -0.8588
vn -0.4409 -0.8769 0.1913
vn -0.6079 0.7572 0.2390
vn -0.0980 0.5686 0.8168
vn 0.5351 -0.4930 -0.6860
vn 0.5175 -0.5921 -0.6177
vn 0.7171 -0.6487 -0.2548
vn 0.3232 -0.5434 0.7748
vn 0.3670 -0.3757 -0.8510
vn 0.1580 -0.1711 0.9725
vn 0.1173 -0.1373 0.9836
vn 0.1688 -0.0644 -0.9835
vn 0.2439 -0.0655 -0.9676
vn -0.6108 0.7910 0.0350
vn -0.4946 0.8503 -0.1800
vn 0.8280 -0.5588 0.0468
vn 0.2695 0.2960 -0.9164
vn 0.5692 0.0670 -0.8195
vn 0.4534 0.0986 -0.8858
vn 0.6589 -0.0515 -0.7505
vn 0.6340 -0.1369 -0.7611
vn 0.7399 -0.1341 0.6592
vn 0.6055 -0.0193 0.7956
vn 0.7723 -0.2898 0.5653
vn 0.6380 0.4864 -0.5970
vn 0.7331 0.5543 -0.3940
vn 0.2571 0.5486 0.7956
vn -0.0210 0.0420 -0.9989
vn -0.0575 0.3643 -0.9295
vn -0.6202 0.7836 0.0366
vn -0.6793 0.7107 0.1828
vn -0.7145 0.5721 0.4028
vn -0.6192 0.7850 -0.0192
vn -0.6153 0.5032 -0.6068
vn -0.6270 0.4925 -0.6036
vn -0.6108 0.5342 -0.5845
vn 0.3876 -0.0759 -0.9187
vn 0.3805 -0.0436 -0.9238
vn -0.0797 0.5616 -0.8236
vn -0.2344 0.6805 0.6943
vn 0.7973 -0.5971 0.0879
vn 0.7535 -0.6556 0.0488
vn 0.5068 -0.7406 0.4412
vn 0.4485 0.0557 0.8921
vn 0.4122 0.1836 0.8924
vn 0.3900 -0.4386 0.8097
vn -0.0724 -0.2183 0.9732
vn 0.5645 -0.4902 0.6642
vn 0.7932 -0.5967 0.1215
vn 0.7936 -0.5852 0.1667
vn 0.7396 -0.6598 0.1330
vn 0.9514 -0.0858 0.2959
vn 0.9183 -0.1404 0.3701
vn 0.9462 -0.1468 0.2884
vn 0.6021 -0.1439 -0.7854
vn 0.7310 -0.2060 0.6506
vn 0.8838 -0.2870 -0.3694
vn 0.9404 -0.2497 -0.2310
vn 0.9251 -0.3455 0.1576
vn 0.8913 -0.4318 0.1381
vn 0.1723 0.5225 -0.8351
vn -0.0605 0.3814 0.9224
vn -0.0887 0.3073 0.9475
vn -0.1238 0.0284 -0.9919
vn -0.0099 -0.0937 -0.9955
vn 0.1039 -0.0511 0.9933
vn 0.0893 -0.0494 -0.9948
vn 0.2456 -0.0312 0.9689
vn 0.0550 -0.3060 0.9504
vn -0.0162 -0.5014 0.8651
vn -0.1802 -0.6838 0.7070
vn -0.4135 -0.8579 0.3050
vn -0.2980 -0.8184 0.4913
vn 0.1380 0.0413 0.9896
vn 0.1767 -0.0008 0.9843
vn 0.1000 -0.0395 0.9942
vn -0.4196 0.2372 -0.8762
vn -0.4843 0.3821 -0.7871
vn -0.2741 0.1964 -0.9414
vn 0.1482 0.4131 0.8985
vn 0.4527 -0.6276 -0.6334
vn 0.5610 0.0210 0.8276
vn 0.4761 -0.2060 0.8549
vn 0.3038 -0.2127 0.9287
vn 0.3507 -0.2501 0.9025
vn 0.6542 -0.2108 0.7263
vn 0.9203 -0.3804 -0.0916
vn 0.7433 0.6553 0.1347
vn 0.6910 0.7227 0.0146
vn 0.4505 0.4784 0.7538
vn -0.1292 0.1914 -0.9730
vn -0.1120 0.1217 0.9862
vn 0.0202 -0.1201 0.9926
vn -0.2855 -0.8198 -0.4965
vn -0.1507 -0.6552 -0.7403
vn -0.6657 0.6328 -0.3955
vn -0.6258 0.7764 -0.0747
vn -0.4052 0.7791 0.4783
vn 0.0881 -0.0129 0.9960
vn -0.3399 0.1169 0.9332
vn -0.0941 -0.0122 0.9955
vn 0.7955 -0.4499 -0.4060
vn 0.7929 -0.4563 -0.4039
vn 0.7826 -0.4716 -0.4064
vn 0.0327 -0.1281 -0.9912
vn 0.0371 -0.2666 -0.9631
vn -0.0457 0.1125 -0.9926
vn 0.7671 -0.1873 0.6136
vn 0.2718 -0.5579 0.7841
vn 0.2873 -0.6263 0.7247
vn 0.3119 -0.6258 0.7150
vn 0.4698 0.0661 -0.8803
vn 0.1802 0.1839 -0.9663
vn 0.9564 -0.0419 0.2891
vn 0.9913 -0.0187 0.1300
vn 0.7094 0.7044 0.0240
vn 0.8790 -0.0980 -0.4667
vn 0.9217 -0.0741 -0.3809
vn 0.9279 -0.0175 -0.3723
vn 0.8009 0.5880 -0.1132
vn 0.7774 0.1709 -0.6053
vn 0.7734 0.5019 -0.3873
vn 0.3903 0.4737 -0.7895
vn 0.5437 0.0926 -0.8342
vn 0.1667 0.4850 0.8585
vn 0.0096 0.3676 0.9299
vn -0.0836 0.3219 -0.9431
vn -0.0605 0.2603 0.9636
vn -0.1337 0.0038 0.9910
vn 0.0093 -0.3886 -0.9213
vn -0.1669 -0.7105 0.6836
vn -0.4573 -0.8663 0.2007
vn -0.4440 -0.8796 -0.1709
vn -0.4345 -0.8970 -0.0818
vn -0.4360 -0.8841 -0.1680
vn -0.4569 -0.8701 0.1846
vn -0.6634 0.5767 0.4767
vn 0.8679 -0.4236 0.2594
vn 0.7248 -0.6844 -0.0794
vn 0.8164 -0.4188 0.3976
vn -0.2733 -0.1013 0.9566
vn 0.9411 -0.2372 0.2408
vn 0.9407 -0.2783 0.1941
vn 0.9181 -0.3865 0.0881
vn 0.7771 0.4865 -0.3993
vn 0.6814 0.4763 -0.5557
vn 0.8629 0.2840 -0.4181
vn 0.2935 0.1969 -0.9355
vn 0.1240 0.3984 -0.9088
vn -0.6622 0.6111 -0.4336
vn -0.6136 0.3715 0.6967
vn 0.4856 0.3637 0.7950
vn -0.0609 0.5684 0.8205
vn 0.7717 -0.5225 -0.3626
vn 0.8233 -0.2137 -0.5258
vn 0.7675 -0.4666 -0.4395
vn 0.2120 -0.0970 0.9725
vn 0.0671 -0.3024 0.9508
vn 0.4251 -0.6296 0.6503
vn 0.8987 -0.3330 0.2855
vn 0.7443 -0.5011 0.4414
vn 0.7119 -0.3922 0.5826
vn 0.6690 -0.3398 0.6610
vn -0.0476 0.0465 -0.9978
vn 0.5722 0.6193 -0.5377
vn 0.7287 0.3901 -0.5629
vn 0.7003 0.1950 -0.6867
vn -0.2250 0.7112 0.6661
vn 0.0512 0.8651 0.4989
vn -0.1836 0.9496 0.2541
vn 0.0399 0.3618 0.9314
vn 0.6453 0.7616 -0.0590
vn 0.6699 0.7419 0.0304
vn -0.2682 0.7800 -0.5653
vn -0.2435 0.7060 -0.6651
vn -0.3673 0.6876 -0.6263
vn 0.5567 -0.2321 0.7976
vn 0.4473 0.1385 0.8836
vn 0.7535 0.2872 0.5914
vn -0.0253 -0.0149 0.9996
vn 0.0326 -0.0562 0.9979
vn 0.1520 -0.0664 0.9861
vn 0.0921 -0.1760 0.9801
vn -0.6553 0.6370 0.4061
vn 0.0027 0.4531 -0.8914
vn -0.1319 0.6041 -0.7859
vn 0.2131 0.4031 -0.8900
vn -0.4057 0.0469 0.9128
vn 0.5967 -0.6677 0.4451
vn 0.7522 -0.5683 0.3335
vn 0.9233 -0.1662 0.3464
vn 0.1923 -0.1800 -0.9647
vn 0.0883 -0.2720 -0.9582
vn -0.0257 -0.2866 -0.9577
vn -0.1549 -0.1075 -0.9821
vn 0.5581 0.5507 -0.6207
vn 0.7163 0.4691 0.5167
vn 0.4179 0.4076 0.8119
vn 0.5163 0.4258 0.7431
vn 0.7072 0.2412 0.6646
vn 0.5851 -0.4048 -0.7027
vn 0.2667 0.9440 0.1943
vn 0.8649 -0.2775 0.4182
vn 0.6703 -0.3452 -0.6569
vn 0.2842 -0.1500 -0.9470
vn -0.0814 -0.0354 0.9961
vn 0.0935 -0.0918 -0.9914
vn 0.0379 -0.2057 -0.9779
vn -0.1569 -0.4878 -0.8588
vn -0.3531 -0.8046 0.4775
vn -0.2882 -0.6851 -0.6690
vn -0.4311 -0.8836 0.1829
vn -0.4848 -0.8737 -0.0396
vn -0.3441 0.7744 -0.5309
vn -0.6499 0.7493 0.1273
vn -0.5512 0.7883 -0.2733
vn -0.4503 0.7498 -0.4848
vn -0.2481 0.6681 -0.7015
vn -0.6105 0.3632 -0.7038
vn 0.7920 -0.5494 0.2664
vn -0.4311 0.0449 -0.9012
vn 0.4433 0.2073 0.8721
vn 0.7864 0.3719 -0.4933
vn 0.8093 0.3941 -0.4355
vn 0.7893 0.2434 -0.5638
vn 0.4320 0.8859 -0.1690
vn 0.4018 0.9138 -0.0593
vn 0.4859 0.8707 -0.0762
vn 0.1087 -0.3703 0.9225
vn 0.1199 -0.0109 0.9927
vn 0.0343 0.2251 0.9737
vn -0.0157 0.2042 0.9788
vn -0.0497 -0.0313 -0.9983
vn -0.1462 -0.4357 0.8882
vn -0.2760 -0.6316 0.7245
vn -0.4322 -0.9017 -0.0116
vn -0.4339 0.7601 0.4837
vn -0.3455 0.6508 0.6761
vn 0.7137 0.7004 -0.0049
vn 0.5256 0.6928 0.4937
vn 0.6204 0.7793 0.0889
vn 0.3712 0.8726 -0.3175
vn -0.1315 0.5060 0.8524
vn -0.0145 0.6595 -0.7516
vn 0.3171 0.9375 -0.1432
vn 0.5032 0.8640 0.0167
vn 0.9851 -0.0404 -0.1672
vn 0.9811 -0.1119 -0.1579
vn 0.9478 -0.0660 -0.3119
vn -0.2520 -0.1608 -0.9543
vn 0.2558 0.2303 0.9389
vn 0.1863 0.1439 -0.9719
vn 0.0395 0.2370 -0.9707
vn 0.0344 0.2729 -0.9614
vn -0.0004 0.2327 -0.9725
vn -0.0675 -0.1052 -0.9922
vn 0.0207 -0.0266 -0.9994
vn -0.4380 -0.8429 0.3125
vn -0.4273 -0.8471 -0.3159
vn -0.3653 -0.8325 -0.4164
vn -0.3980 -0.8564 -0.3290
vn -0.4554 -0.8201 -0.3465
vn -0.6537 0.7513 -0.0902
vn -0.6340 0.7726 -0.0350
vn 0.3671 0.8742 0.3178
vn 0.1102 0.9936 -0.0247
vn 0.1815 0.9833 -0.0131
vn 0.4511 0.8899 -0.0674
vn -0.1101 -0.2283 0.9673
vn -0.2183 -0.0921 0.9715
vn -0.0805 0.0244 -0.9965
vn -0.0152 -0.2212 0.9751
vn -0.1038 -0.3072 -0.9460
vn -0.4094 -0.8940 -0.1821
vn 0.1496 0.7138 0.6842
vn 0.1498 0.9731 -0.1753
vn 0.1054 0.9729 -0.2059
vn -0.2816 0.0667 -0.9572
vn -0.4504 0.2932 -0.8433
vn -0.1351 0.0889 -0.9868
vn -0.1074 -0.0339 -0.9936
vn -0.5841 0.5456 0.6009
vn -0.6385 0.5723 -0.5146
vn -0.5706 0.7793 -0.2593
vn -0.4756 0.8104 -0.3422
vn -0.1239 -0.0320 -0.9918
vn -0.0956 -0.0948 0.9909
vn -0.6386 0.7532 -0.1579
vn -0.2057 0.9764 -0.0656
vn -0.1169 0.9923 -0.0409
vn -0.0854 0.9066 0.4133
vn -0.2129 0.9593 0.1858
vn -0.1149 0.0963 0.9887
vn -0.1319 0.0022 -0.9913
vn -0.4576 -0.7437 -0.4873
vn 0.0078 0.7336 -0.6795
vn -0.0148 0.9608 -0.2769
vn -0.5222 0.7343 0.4336
vn -0.1703 0.9624 0.2117
vn 0.0562 0.9644 0.2585
vn 0.1210 0.9739 0.1920
vn -0.0302 0.9589 -0.2820
vn -0.1985 0.1469 0.9690
vn -0.1574 0.2827 0.9462
vn -0.1600 0.0230 -0.9868
vn -0.0547 0.1345 -0.9894
vn -0.0884 0.0132 0.9960
vn -0.0941 0.0394 0.9948
vn -0.1741 -0.3101 0.9346
vn -0.2198 -0.2772 -0.9353
vn -0.3505 -0.5446 -0.7620
vn -0.4797 -0.8107 0.3356
vn -0.5134 -0.8395 0.1779
vn -0.3335 0.4144 0.8468
vn -0.4209 0.2149 0.8813
vn -0.0419 0.1782 0.9831
vn -0.1435 0.0124 0.9896
vn -0.0885 0.9880 0.1264
vn 0.0566 0.9981 0.0237
vn -0.2823 0.9038 -0.3215
vn -0.1310 0.7584 -0.6385
vn -0.4910 0.6984 -0.5207
vn -0.1175 0.2622 -0.9578
vn -0.0435 0.0931 -0.9947
vn -0.2000 0.0221 -0.9796
vn -0.4338 -0.6138 0.6596
vn -0.4814 -0.8485 -0.2198
vn -0.3269 0.7381 0.5902
vn -0.4143 0.6021 0.6825
vn -0.5423 0.4454 -0.7124
vn -0.3324 0.4631 -0.8216
vn -0.1147 0.1582 0.9807
vn -0.2314 -0.1019 -0.9675
vn -0.2272 -0.2125 0.9504
vn -0.3253 -0.4165 0.8490
vn -0.3875 -0.4054 -0.8279
vn -0.5283 -0.8490 0.0082
vn -0.0279 0.6403 0.7676
vn -0.0767 0.6289 0.7737
vn -0.1656 0.6606 0.7323
vn -0.0902 0.5823 -0.8080
vn -0.1285 0.2863 0.9495
vn -0.1710 -0.0113 0.9852
vn -0.1499 0.0078 -0.9887
vn -0.5783 -0.7469 0.3281
vn -0.5569 -0.7720 -0.3063
vn -0.5793 -0.7749 -0.2529
vn -0.4629 -0.8846 -0.0569
vn -0.5481 -0.8074 -0.2185
vn -0.2917 0.7054 -0.6460
vn -0.1868 0.0189 0.9822
vn -0.4123 -0.2201 -0.8841
vn -0.5383 -0.6357 -0.5533
vn -0.0428 0.5883 0.8075
vn -0.0866 0.6818 -0.7264
vn -0.2540 0.6291 0.7346
vn -0.2409 0.4905 0.8375
vn -0.1465 0.2666 -0.9526
vn -0.1292 0.2796 -0.9514
vn -0.2024 0.4287 -0.8805
vn -0.2153 -0.0798 0.9733
vn -0.4054 -0.2107 0.8895
vn -0.1751 0.9817 0.0747
vn -0.1443 0.9880 0.0548
vn -0.1441 0.8341 0.5325
vn -0.1088 0.6796 0.7255
vn -0.1947 0.8489 0.4913
vn -0.2397 0.5840 -0.7756
vn -0.1555 0.3439 0.9260
vn -0.2656 0.0851 0.9603
vn -0.2021 0.0767 0.9764
vn -0.2574 0.0894 -0.9622
vn -0.5594 -0.8271 0.0551
vn -0.1435 0.5343 -0.8331
vn -0.3333 -0.0608 0.9409
vn -0.3304 -0.0674 -0.9414
vn -0.4896 -0.3524 0.7975
vn -0.5291 -0.8425 -0.1015
vn -0.1315 0.6065 -0.7842
vn -0.1107 0.5872 0.8018
vn -0.1077 0.2304 0.9671
vn -0.2716 0.0506 0.9611
vn -0.0065 -0.1905 0.9817
vn -0.6618 -0.6362 -0.3966
vn -0.5285 -0.4323 -0.7307
vn -0.6003 -0.7173 0.3537
vn -0.5444 -0.7802 0.3081
vn -0.5095 -0.7627 -0.3984
vn -0.1519 0.5252 0.8373
vn -0.2599 0.8508 0.4567
vn -0.2097 0.8928 0.3986
vn -0.2557 0.8091 0.5291
vn -0.2263 0.6713 0.7058
vn -0.2451 0.0236 -0.9692
vn -0.5962 -0.7175 -0.3602
vn -0.2087 -0.9566 -0.2032
vn -0.3814 -0.8913 0.2452
vn -0.2675 0.7765 0.5705
vn -0.6477 -0.6180 0.4456
vn -0.6338 -0.6797 0.3692
vn -0.5669 -0.5393 0.6227
vn -0.2310 0.6863 -0.6897
vn -0.1133 0.2990 -0.9475
vn -0.0724 0.3346 -0.9396
vn 0.0567 -0.1754 -0.9829
vn 0.0868 -0.1596 -0.9834
vn -0.1405 -0.0494 -0.9888
vn -0.2785 0.0354 0.9598
vn -0.5493 -0.1893 -0.8139
vn -0.4513 -0.1560 0.8786
vn -0.5752 -0.4358 0.6922
vn -0.0715 0.1160 -0.9907
vn -0.1129 0.1391 -0.9838
vn -0.4501 -0.3565 -0.8187
vn -0.1905 -0.8923 -0.4093
vn -0.4605 -0.6962 -0.5507
vn 0.0350 -0.9740 -0.2239
vn -0.1925 0.8274 -0.5276
vn -0.2075 0.6967 -0.6867
vn -0.2694 0.8011 -0.5345
vn 0.1041 -0.1866 -0.9769
vn -0.2137 -0.0838 0.9733
vn 0.0146 -0.0914 0.9957
vn -0.1558 -0.0113 -0.9877
vn -0.3186 -0.1076 -0.9418
vn -0.3250 -0.2818 0.9027
vn -0.6468 -0.5994 -0.4715
vn -0.2509 -0.5772 -0.7771
vn 0.0132 -0.8563 0.5162
vn -0.4699 -0.6591 0.5871
vn -0.2012 0.6696 0.7149
vn -0.1866 0.5381 0.8220
vn -0.1985 0.6820 -0.7039
vn -0.2477 0.6683 0.7014
vn -0.0810 0.2294 0.9700
vn -0.0475 -0.0047 0.9989
vn -0.0646 0.1066 0.9922
vn -0.0452 -0.0174 -0.9988
vn 0.0799 -0.1796 0.9805
vn -0.4311 -0.5277 0.7319
vn 0.0723 -0.6963 0.7141
vn 0.0232 -0.6710 -0.7411
vn 0.3907 -0.6419 -0.6598
vn 0.3674 -0.7416 -0.5613
vn 0.5033 -0.8223 -0.2654
vn 0.4691 -0.8831 0.0023
vn 0.5177 -0.8164 0.2558
vn -0.1840 0.5161 -0.8366
vn -0.1686 0.4301 -0.8869
vn -0.2267 0.5765 -0.7850
vn 0.1301 -0.2089 -0.9692
vn -0.0859 -0.2008 -0.9759
vn -0.0341 -0.4722 -0.8808
vn 0.3058 -0.5032 0.8083
vn 0.1234 -0.4877 0.8643
vn -0.2694 0.6472 -0.7131
vn -0.2971 0.7698 0.5650
vn 0.1190 -0.1951 0.9735
vn -0.0134 -0.0305 0.9994
vn 0.2166 -0.3235 -0.9211
vn 0.6338 -0.7008 -0.3274
vn -0.2259 0.5184 -0.8248
vn -0.3113 0.7747 -0.5503
vn -0.0372 0.0569 -0.9977
vn -0.1268 0.1993 -0.9717
vn -0.0212 -0.0175 -0.9996
vn 0.1868 -0.1874 -0.9644
vn 0.1867 -0.1854 0.9648
vn 0.0693 -0.2885 0.9550
vn -0.1908 0.5638 -0.8036
vn 0.1382 -0.4067 0.9031
vn 0.2586 -0.2188 0.9409
vn 0.4158 -0.4365 0.7978
vn 0.3888 -0.6575 0.6454
vn 0.5170 -0.5453 -0.6598
vn 0.7171 -0.6365 0.2838
vn -0.3079 0.7733 -0.5542
vn -0.3115 0.7300 -0.6083
vn 0.0358 0.0362 0.9987
vn 0.1206 -0.0975 0.9879
vn 0.2834 -0.2713 -0.9198
vn 0.4908 -0.3699 -0.7888
vn 0.4068 -0.4306 -0.8057
vn -0.1368 0.4680 -0.8731
vn -0.2102 0.6108 -0.7634
vn -0.2954 0.6595 0.6912
vn -0.2439 0.6349 0.7331
vn 0.3150 -0.3007 0.9002
vn 0.5448 -0.4273 0.7215
vn 0.5177 -0.5829 0.6262
vn 0.6407 -0.4925 0.5891
vn 0.8148 -0.5597 -0.1510
vn 0.6912 -0.5385 -0.4820
vn 0.1148 -0.0897 -0.9893
vn 0.0326 -0.0225 -0.9992
vn 0.6882 -0.4084 0.5996
vn 0.8200 -0.5428 0.1817
vn 0.7737 -0.4184 0.4757
vn -0.2412 0.5918 0.7692
vn -0.2626 0.5883 0.7648
vn -0.1309 0.4150 0.9004
vn 0.1963 -0.0965 0.9758
vn 0.6504 -0.4694 -0.5971
vn 0.7289 -0.3909 -0.5620
vn -0.3734 0.8666 0.3310
vn -0.4308 0.8704 0.2384
vn -0.2489 0.5336 -0.8083
vn -0.2823 0.6378 -0.7166
vn -0.0530 0.1964 -0.9791
vn 0.0351 0.0615 -0.9975
vn -0.0329 0.1556 0.9873
vn 0.5956 -0.4047 -0.6939
vn 0.6238 -0.3452 -0.7012
vn 0.8520 -0.4225 0.3091
vn 0.8692 -0.4940 -0.0193
vn -0.1086 0.3424 0.9333
vn -0.2402 0.5255 0.8162
vn -0.3123 0.7480 0.5857
vn -0.3585 0.7651 -0.5349
vn -0.3681 0.7477 -0.5527
vn -0.3172 0.7177 0.6199
vn 0.1280 -0.0338 -0.9912
vn 0.4233 -0.3304 -0.8436
vn 0.3420 -0.3733 -0.8623
vn 0.4527 -0.2920 0.8425
vn 0.6231 -0.3340 0.7072
vn -0.2007 0.4620 0.8639
vn -0.1661 0.3939 0.9040
vn -0.1432 0.4072 0.9021
vn 0.3682 -0.3635 0.8557
vn 0.3945 -0.3071 0.8660
vn 0.7105 -0.3385 0.6169
vn -0.2623 0.5456 0.7959
vn -0.1668 0.4037 -0.8995
vn -0.1894 0.4413 -0.8772
vn -0.2568 0.5500 -0.7947
vn -0.3112 0.7017 -0.6409
vn -0.1042 0.2610 0.9597
vn 0.0008 0.1044 -0.9945
vn 0.0695 0.0260 0.9972
vn 0.3201 -0.1804 0.9300
vn 0.4655 -0.2949 0.8345
vn 0.4889 -0.2697 -0.8296
vn 0.7302 -0.3381 -0.5937
vn 0.8313 -0.4295 -0.3528
vn -0.2211 0.5637 -0.7958
vn 0.1378 -0.0296 0.9900
vn 0.5748 -0.2780 0.7696
vn -0.3051 0.6319 -0.7125
vn -0.2996 0.6256 -0.7203
vn 0.1081 0.0272 -0.9938
vn 0.4846 -0.2622 0.8345
vn 0.7226 -0.3659 0.5865
vn 0.8811 -0.4480 0.1512
vn 0.8779 -0.4457 -0.1747
vn -0.2873 0.6452 -0.7079
vn -0.2653 0.6186 0.7395
vn -0.0764 0.2443 -0.9667
vn -0.1454 0.3765 -0.9149
vn 0.4800 -0.2423 -0.8431
vn 0.3904 -0.2620 -0.8825
vn 0.5284 -0.2512 -0.8110
vn 0.5134 -0.2696 -0.8147
vn 0.5857 -0.2854 -0.7586
vn 0.7823 -0.3973 -0.4797
vn 0.5226 -0.2250 0.8223
vn -0.2637 0.5667 0.7805
vn -0.2620 0.5160 0.8156
vn 0.1906 -0.0392 0.9809
vn 0.8894 -0.4572 -0.0031
vn -0.2974 0.6544 0.6952
vn -0.2316 0.5721 0.7868
vn -0.2150 0.5496 -0.8073
vn -0.2469 0.5976 -0.7629
vn 0.1838 -0.0288 -0.9825
vn 0.1633 -0.0593 -0.9848
vn 0.2699 -0.1602 -0.9495
vn 0.6029 -0.3111 -0.7346
vn 0.8635 -0.4376 -0.2509
vn 0.8160 -0.3916 -0.4253
vn 0.8489 -0.4009 0.3443
vn 0.5128 -0.2517 0.8208
vn 0.5336 -0.2461 0.8092
vn -0.2646 0.6492 -0.7131
vn 0.0121 0.1313 0.9913
vn 0.1092 0.0266 0.9937
vn 0.1160 0.0064 0.9932
vn 0.1522 -0.0132 -0.9883
vn 0.3387 -0.0756 -0.9378
vn 0.3379 -0.1415 -0.9305
vn 0.5658 -0.2640 0.7811
vn 0.5959 -0.2550 0.7615
vn 0.5560 -0.2628 -0.7886
vn -0.2781 0.6370 0.7190
vn -0.2680 0.5450 -0.7944
vn -0.0620 0.2234 0.9728
vn 0.0139 0.1362 -0.9906
vn 0.1926 -0.0042 0.9813
vn 0.3719 -0.1300 0.9191
vn 0.4862 -0.1724 -0.8566
vn 0.5777 -0.2600 -0.7737
vn 0.6157 -0.2454 -0.7488
vn 0.6037 -0.2932 0.7413
vn 0.7480 -0.3914 0.5360
vn 0.9162 -0.3866 0.1055
vn 0.9081 -0.3935 -0.1434
vn -0.3937 0.8614 0.3209
vn -0.2324 0.4858 -0.8426
vn 0.1234 0.0132 -0.9923
vn 0.1518 -0.0092 0.9884
vn 0.5192 -0.1747 0.8366
vn -0.2540 0.6388 0.7263
vn 0.7250 -0.3339 0.6024
vn 0.7046 -0.3673 -0.6071
vn 0.7213 -0.3347 -0.6063
vn 0.5849 -0.2907 -0.7572
vn -0.2581 0.6156 -0.7446
vn -0.3277 0.6750 -0.6611
vn -0.3153 0.6659 0.6761
vn -0.2966 0.6227 0.7241
vn -0.1866 0.3847 -0.9040
vn 0.5953 -0.2771 -0.7542
vn 0.6808 -0.2642 -0.6832
vn -0.2782 0.6021 0.7484
vn -0.2901 0.6475 0.7047
vn -0.2789 0.5795 0.7658
vn -0.2545 0.5188 0.8161
vn 0.1609 0.0309 -0.9865
vn 0.1896 0.0102 -0.9818
vn 0.5830 -0.2799 0.7627
vn 0.6260 -0.2394 0.7421
vn 0.6104 -0.2552 -0.7498
vn 0.6025 -0.3322 0.7257
vn 0.8114 -0.3060 -0.4979
vn 0.9162 -0.2779 -0.2889
vn 0.8239 -0.1524 -0.5459
vn 0.1637 0.0326 0.9860
vn 0.7700 -0.2325 0.5942
vn 0.8639 -0.1939 0.4649
vn 0.8881 -0.3014 0.3471
vn 0.9613 -0.1379 0.2386
vn 0.9457 -0.3247 0.0125
vn 0.9889 -0.1426 -0.0416
vn 0.9515 -0.0943 -0.2928
vn 0.9991 -0.0375 -0.0180
vn 0.9995 0.0173 0.0270
vn 0.9882 0.1158 0.1007
vn 0.9900 -0.0751 -0.1190
vn 0.9988 -0.0008 0.0493
vn 0.9891 -0.1375 0.0523
vn -0.4111 0.8049 0.4279
vn 0.6731 -0.2307 0.7027
vn 0.6987 -0.2440 -0.6725
vn 0.7345 -0.2571 -0.6280
vn 0.6593 -0.2641 0.7040
vn 0.6902 -0.2802 0.6672
vn 0.9616 0.1107 0.2511
vn 0.8799 -0.0419 0.4733
vn 0.8732 0.0382 -0.4858
vn 0.9687 0.1190 -0.2180
vn 0.9999 0.0126 -0.0068
vn 0.9303 0.2300 0.2857
vn 0.9505 0.0661 0.3036
vn 0.9893 0.1007 -0.1060
vn 0.9525 -0.0344 -0.3026
vn 0.9406 -0.0700 0.3323
vn 0.9833 -0.0045 0.1821
vn 0.9978 -0.0666 0.0035
vn 0.9844 -0.1758 -0.0101
vn 0.9454 -0.0365 0.3238
vn 0.9902 -0.0316 0.1361
vn 0.9915 -0.1239 0.0388
vn 0.9537 -0.0443 -0.2976
vn 0.9969 -0.0338 -0.0710
vn 0.9832 -0.0494 0.1754
vn 0.9800 -0.0510 -0.1922
vn 0.9950 -0.0028 0.1001
vn 0.9811 -0.1752 0.0823
vn -0.3103 0.6027 -0.7352
vn -0.1700 0.3684 0.9140
vn 0.9265 0.1892 0.3252
vn 0.8697 -0.0140 0.4933
vn 0.9153 0.1438 -0.3763
vn 0.9245 0.1927 0.3289
vn 0.9411 0.2302 -0.2475
vn 0.9435 0.0960 -0.3172
vn 0.8545 0.0043 -0.5194
vn 0.8810 0.2024 -0.4276
vn 0.8715 -0.0025 0.4904
vn 0.8502 -0.0279 0.5258
vn 0.9582 -0.1986 -0.2058
vn 0.9758 -0.2189 0.0028
vn 0.9911 -0.0403 -0.1270
vn 0.9534 0.0057 0.3016
vn 0.9981 -0.0154 -0.0602
vn 0.9997 -0.0241 0.0036
vn 0.9782 -0.1093 0.1763
vn 0.8866 -0.0648 -0.4580
vn 0.9647 0.0266 -0.2620
vn 0.9693 -0.1418 0.2007
vn 0.8948 -0.1999 -0.3992
vn 0.9366 -0.3077 0.1674
vn 0.9555 -0.2137 -0.2034
vn -0.1218 0.3265 -0.9373
vn 0.1824 0.0182 -0.9831
vn 0.1007 0.0874 -0.9911
vn 0.1672 0.0295 0.9855
vn 0.3843 -0.0523 0.9217
vn 0.4301 -0.1269 0.8938
vn 0.3155 -0.0467 0.9478
vn 0.6052 -0.1829 -0.7748
vn 0.7322 -0.2157 0.6460
vn 0.8112 -0.2275 -0.5387
vn 0.7824 -0.2351 0.5767
vn 0.7748 -0.1654 -0.6102
vn 0.8734 -0.0079 -0.4870
vn 0.8739 0.0670 0.4815
vn 0.7933 0.0694 0.6048
vn 0.8617 0.0132 0.5073
vn 0.8849 -0.0995 0.4550
vn 0.9772 -0.1372 -0.1622
vn 0.9719 -0.1905 -0.1380
vn 0.8896 -0.3610 -0.2799
vn 0.9421 -0.3337 0.0316
vn 0.9055 -0.2382 0.3512
vn 0.8642 -0.3344 0.3760
vn 0.9318 -0.3472 -0.1057
vn 0.8701 -0.3713 -0.3241
vn -0.3244 0.6618 -0.6758
vn -0.1561 0.3672 0.9170
vn -0.2188 0.4553 0.8630
vn 0.0128 0.1738 -0.9847
vn 0.0810 0.1045 0.9912
vn -0.0071 0.1888 0.9820
vn 0.3422 -0.0274 -0.9392
vn 0.3407 -0.0582 -0.9384
vn 0.4972 -0.1327 -0.8575
vn 0.7821 -0.2039 0.5889
vn 0.9302 0.1831 -0.3180
vn 0.8181 0.1084 -0.5648
vn 0.7935 -0.2130 -0.5701
vn 0.9080 -0.3850 0.1651
vn 0.8397 -0.4803 0.2533
vn -0.4062 0.9129 -0.0391
vn -0.2653 0.5523 0.7903
vn -0.2203 0.4509 -0.8649
vn 0.2166 0.0511 -0.9749
vn 0.8782 -0.0503 0.4756
vn 0.8922 -0.0188 -0.4513
vn 0.8820 0.1387 0.4504
vn 0.8470 0.1976 0.4934
vn 0.8518 0.1144 0.5112
vn 0.8465 0.0353 -0.5312
vn 0.8628 0.0233 -0.5050
vn 0.8190 -0.0499 -0.5716
vn 0.8097 -0.5041 0.3003
vn 0.8261 -0.5597 0.0652
vn -0.0541 0.2611 0.9638
vn -0.0439 0.2388 -0.9701
vn 0.1853 0.0324 -0.9822
vn 0.2174 0.0374 -0.9754
vn 0.4765 -0.0729 -0.8762
vn 0.6198 -0.1221 -0.7752
vn 0.8252 -0.1868 -0.5331
vn 0.8864 0.1505 -0.4377
vn 0.8974 0.0478 0.4386
vn 0.8259 0.0201 0.5635
vn 0.8214 -0.0857 0.5639
vn 0.8244 -0.1680 0.5405
vn 0.7168 -0.2648 -0.6451
vn 0.6717 -0.3516 -0.6521
vn 0.7797 -0.4398 0.4457
vn 0.7603 -0.2323 0.6066
vn 0.6897 -0.3089 0.6549
vn 0.7837 -0.5735 0.2388
vn -0.3135 0.6528 -0.6897
vn -0.3079 0.5713 -0.7608
vn 0.6516 -0.1010 0.7518
vn 0.7811 -0.1045 0.6156
vn 0.8542 -0.1026 -0.5097
vn 0.7651 0.0197 0.6436
vn 0.7650 -0.1343 -0.6298
vn 0.7111 -0.2655 -0.6510
vn 0.7448 -0.6673 -0.0034
vn 0.7487 -0.6275 -0.2135
vn -0.4180 0.8282 0.3733
vn -0.3787 0.8027 0.4607
vn 0.3237 0.0215 0.9459
vn 0.2377 0.0383 0.9706
vn 0.3259 0.0443 -0.9444
vn 0.5434 -0.1089 0.8324
vn 0.5358 0.0051 0.8443
vn 0.6910 -0.0277 -0.7223
vn 0.7677 -0.1413 -0.6250
vn 0.7750 0.0359 -0.6309
vn 0.8651 0.1495 -0.4788
vn 0.8760 0.0456 -0.4801
vn 0.8713 0.0889 0.4826
vn 0.8500 0.1114 -0.5148
vn 0.9073 0.1053 -0.4070
vn 0.9120 0.0986 0.3981
vn 0.9233 0.0644 -0.3787
vn 0.8942 0.0437 -0.4455
vn 0.8778 -0.0160 -0.4787
vn 0.8969 -0.1293 0.4230
vn 0.8762 -0.0005 0.4820
vn 0.9335 -0.0253 0.3576
vn 0.9034 -0.1830 -0.3878
vn 0.8465 -0.2459 -0.4722
vn 0.7375 -0.2294 0.6352
vn 0.8443 -0.5358 0.0083
vn 0.7372 -0.6482 0.1909
vn 0.6708 -0.5446 0.5034
vn 0.6674 -0.6754 -0.3137
vn 0.7660 -0.4491 -0.4599
vn -0.2358 0.6715 -0.7025
vn -0.2322 0.5191 -0.8226
vn -0.2811 0.5378 0.7948
vn 0.0649 0.1641 0.9843
vn 0.1460 0.1065 0.9835
vn 0.2463 0.0441 -0.9682
vn 0.6773 0.0281 0.7352
vn 0.8507 0.1290 -0.5096
vn 0.8939 0.0468 0.4458
vn 0.8920 -0.0318 0.4510
vn 0.9316 -0.0234 -0.3628
vn 0.8797 -0.0478 -0.4730
vn 0.7931 -0.6061 -0.0596
vn 0.7787 -0.5890 -0.2161
vn 0.7888 -0.6013 0.1274
vn -0.3823 0.6492 -0.6576
vn -0.3269 0.6055 -0.7256
vn 0.2346 0.0440 0.9711
vn 0.2176 0.0419 0.9751
vn 0.5071 0.0259 -0.8615
vn 0.8189 0.0829 -0.5679
vn 0.7779 0.1996 -0.5959
vn 0.8682 0.1475 0.4739
vn 0.7867 0.1461 0.5998
vn 0.8706 0.0273 -0.4913
vn 0.8639 -0.2493 0.4377
vn 0.8906 -0.1444 0.4313
vn 0.8574 -0.3608 0.3670
vn 0.8573 -0.3387 -0.3878
vn 0.6592 -0.4072 0.6321
vn 0.6388 -0.4125 0.6495
vn 0.7757 -0.6236 0.0976
vn 0.6016 -0.7411 0.2982
vn 0.7323 -0.6781 0.0623
vn -0.1889 0.4142 -0.8904
vn -0.2571 0.4976 -0.8284
vn 0.8539 0.1347 0.5028
vn 0.8020 0.1999 0.5629
vn 0.7050 0.0747 -0.7053
vn 0.7992 -0.0539 0.5987
vn 0.7432 0.0740 0.6650
vn 0.8256 -0.2217 0.5188
vn 0.8493 -0.2005 -0.4883
vn 0.6616 -0.5029 -0.5562
vn 0.5674 -0.5829 0.5816
vn 0.5397 -0.5821 0.6082
vn 0.6350 -0.4387 -0.6359
vn 0.5959 -0.5601 -0.5754
vn 0.5364 -0.5918 -0.6017
vn 0.5260 -0.7016 0.4807
vn 0.5240 -0.6967 -0.4900
vn -0.4192 0.9078 0.0091
vn -0.3031 0.5652 0.7672
vn -0.3135 0.6085 0.7290
vn 0.3585 0.1061 -0.9275
vn 0.5218 0.1545 0.8389
vn 0.5974 0.1113 -0.7942
vn 0.8103 0.0311 0.5852
vn 0.7127 0.1219 0.6908
vn 0.7236 0.1926 0.6628
vn 0.7731 -0.0538 -0.6319
vn 0.7207 -0.1301 -0.6809
vn 0.7549 -0.3398 0.5610
vn 0.8066 -0.4448 -0.3894
vn -0.1175 0.3328 -0.9356
vn 0.6459 0.1758 -0.7429
vn 0.6356 -0.0093 -0.7720
vn 0.7062 -0.1154 0.6985
vn 0.7495 -0.3051 -0.5875
vn 0.7860 -0.4383 0.4359
vn 0.7833 -0.4142 -0.4635
vn 0.4955 -0.6245 0.6038
vn 0.7553 -0.6490 -0.0918
vn 0.6538 -0.7567 0.0029
vn -0.4788 0.8778 0.0133
vn -0.4798 0.8726 -0.0914
vn -0.2120 0.4344 0.8754
vn 0.0535 0.1299 -0.9901
vn 0.2718 0.0690 0.9599
vn 0.5849 0.1972 0.7868
vn 0.6979 0.2180 0.6822
vn 0.5756 0.2214 0.7872
vn 0.5288 0.0895 0.8440
vn 0.6592 -0.0234 0.7516
vn 0.6786 -0.2202 0.7008
vn 0.7415 -0.5494 -0.3850
vn 0.6702 -0.5572 0.4902
vn 0.7857 -0.4365 0.4383
vn 0.4865 -0.6251 -0.6104
vn -0.2826 0.5404 -0.7925
vn -0.2099 0.4706 -0.8570
vn -0.3516 0.5540 -0.7546
vn -0.3754 0.6534 0.6573
vn -0.3435 0.5618 0.7526
vn -0.1649 0.3991 0.9020
vn -0.2574 0.4927 0.8313
vn -0.1470 0.3493 0.9254
vn 0.2640 0.0644 -0.9624
vn 0.2922 0.0959 -0.9515
vn 0.3398 0.1223 -0.9325
vn 0.3830 0.0853 0.9198
vn 0.3746 0.2167 0.9015
vn 0.5474 0.2165 -0.8084
vn 0.7284 0.1977 -0.6561
vn 0.5016 0.0893 -0.8605
vn 0.5292 0.0047 0.8485
vn 0.5728 -0.1128 -0.8119
vn 0.5582 -0.1044 0.8231
vn 0.7678 -0.4280 0.4768
vn 0.7883 -0.5288 0.3146
vn 0.5292 -0.8403 0.1178
vn 0.6223 -0.7819 -0.0381
vn 0.6960 -0.7085 0.1163
vn -0.3918 0.6153 0.6841
vn 0.3026 0.1144 0.9462
vn 0.2663 0.0656 0.9617
vn 0.3406 0.1362 0.9303
vn 0.4212 0.1956 -0.8856
vn 0.4116 0.2917 0.8634
vn 0.5620 0.2610 0.7849
vn 0.4305 0.2639 -0.8631
vn 0.6320 0.2346 -0.7386
vn 0.4846 0.2927 -0.8243
vn 0.8020 -0.4996 -0.3274
vn 0.6535 -0.6561 0.3774
vn -0.2720 0.4389 -0.8564
vn 0.1455 0.1168 0.9824
vn 0.3748 0.2119 -0.9026
vn 0.4474 0.2691 -0.8529
vn 0.4155 0.0227 0.9093
vn 0.4766 0.0129 -0.8790
vn 0.4560 -0.0349 -0.8893
vn 0.6108 -0.2519 0.7507
vn 0.5789 -0.6285 0.5196
vn 0.5281 -0.7906 0.3099
vn -0.5335 0.8453 0.0288
vn -0.5601 0.8224 -0.1000
vn -0.2715 0.5486 -0.7908
vn -0.3637 0.5542 -0.7487
vn -0.0566 0.2755 0.9596
vn 0.3396 0.1753 -0.9241
vn 0.3792 0.2876 0.8795
vn 0.3690 0.2171 0.9037
vn 0.3954 0.2844 -0.8734
vn 0.4247 -0.0206 0.9051
vn 0.7518 -0.4173 -0.5106
vn 0.6571 -0.6366 -0.4038
vn 0.6918 -0.6099 -0.3866
vn 0.5338 -0.6001 -0.5958
vn 0.4895 -0.8719 0.0130
vn 0.4830 -0.8572 -0.1787
vn 0.5919 -0.8056 -0.0235
vn 0.0505 0.1944 -0.9796
vn 0.0828 0.1702 -0.9819
vn 0.0961 0.1367 -0.9859
vn 0.0636 0.1750 -0.9825
vn 0.3445 0.1717 0.9230
vn 0.3708 0.1675 0.9135
vn 0.4393 0.1744 0.8812
vn 0.4116 0.1699 -0.8954
vn 0.3887 0.0421 -0.9204
vn 0.6578 -0.2306 -0.7170
vn 0.6746 -0.3541 -0.6478
vn 0.6610 -0.3527 0.6624
vn 0.7873 -0.4308 0.4412
vn 0.5599 -0.6208 0.5488
vn 0.5974 -0.7044 0.3833
vn -0.4116 0.6204 -0.6676
vn -0.2384 0.4309 -0.8704
vn 0.3756 0.2787 -0.8839
vn 0.3916 0.0891 0.9158
vn 0.3923 0.0030 -0.9198
vn 0.8266 -0.4675 -0.3134
vn 0.8062 -0.5317 -0.2597
vn 0.8021 -0.5972 -0.0027
vn 0.7878 -0.6067 -0.1061
vn 0.3925 -0.9192 0.0332
vn 0.5362 -0.8441 -0.0039
vn 0.4792 -0.8772 -0.0282
vn -0.3889 0.5660 -0.7269
vn -0.2479 0.4410 0.8626
vn 0.3473 0.2426 -0.9058
vn 0.3610 0.1831 -0.9144
vn 0.3719 0.0264 -0.9279
vn 0.3944 -0.0616 -0.9169
vn 0.8954 -0.3847 0.2242
vn 0.7434 -0.3508 0.5694
vn 0.8699 -0.4377 -0.2272
vn 0.7556 -0.3556 -0.5501
vn 0.7912 -0.6001 0.1179
vn 0.9041 -0.4221 0.0661
vn 0.4965 -0.8378 0.2271
vn 0.3844 -0.9187 -0.0911
vn 0.4188 -0.9080 -0.0114
vn -0.5207 0.8531 0.0337
vn -0.5228 0.8015 0.2905
vn -0.3105 0.5584 0.7692
vn -0.4314 0.7226 0.5401
vn -0.3101 0.4868 0.8166
vn -0.3577 0.5503 0.7545
vn 0.0547 0.1862 0.9810
vn 0.3381 0.2625 0.9038
vn 0.4452 0.2635 0.8558
vn 0.3472 0.0632 0.9357
vn 0.6078 -0.3457 0.7148
vn 0.5256 -0.6452 -0.5545
vn 0.5428 -0.7833 -0.3030
vn 0.3217 -0.9455 -0.0508
vn 0.1099 0.1438 0.9835
vn 0.0488 0.1964 0.9793
vn 0.2563 0.2864 -0.9232
vn 0.3780 0.0142 -0.9257
vn 0.9365 -0.3397 -0.0875
vn 0.9093 -0.4103 -0.0699
vn 0.9001 -0.4295 -0.0737
vn 0.7199 -0.5600 -0.4101
vn -0.3746 0.5357 0.7568
vn -0.3184 0.4693 -0.8237
vn -0.3825 0.4945 -0.7805
vn -0.3883 0.5097 0.7678
vn 0.1176 0.1610 -0.9799
vn 0.1198 0.1884 0.9748
vn 0.1966 0.1387 0.9706
vn 0.1884 0.2258 -0.9558
vn 0.2380 0.2119 0.9478
vn 0.3435 0.2560 0.9036
vn 0.3455 0.3006 -0.8889
vn 0.2667 0.3385 -0.9024
vn 0.3554 0.0395 -0.9339
vn 0.7832 -0.5350 0.3168
vn 0.9322 -0.2948 0.2099
vn 0.8936 -0.1095 -0.4353
vn 0.7227 -0.1733 -0.6691
vn 0.9494 -0.1376 0.2823
vn 0.9816 -0.1891 0.0266
vn 0.7785 -0.5439 0.3133
vn 0.8994 -0.4339 -0.0535
vn 0.8825 -0.4700 -0.0173
vn 0.9335 -0.2447 -0.2620
vn 0.9944 -0.1026 -0.0266
vn 0.9991 -0.0137 0.0402
vn 0.9614 -0.1443 -0.2344
vn 0.9761 -0.0313 -0.2151
vn 0.9617 -0.0116 -0.2740
vn 0.9891 -0.0867 0.1194
vn 0.9857 -0.0699 -0.1532
vn 0.9817 -0.0349 0.1870
vn 0.9090 -0.0915 0.4066
vn 0.9695 -0.1255 0.2106
vn 0.9266 0.3561 0.1204
vn 0.8745 0.4238 -0.2358
vn 0.8513 0.5206 0.0649
vn 0.8783 0.4780 -0.0097
vn 0.9426 0.3161 -0.1077
vn 0.8073 0.4641 -0.3646
vn 0.4750 -0.8517 0.2212
vn 0.4637 -0.8622 0.2038
vn 0.3704 -0.9270 -0.0592
vn 0.1139 0.1598 0.9806
vn 0.3349 0.2417 0.9107
vn 0.3020 0.1437 0.9424
vn 0.5341 -0.3246 0.7806
vn 0.4720 -0.1659 0.8658
vn 0.9152 -0.3168 0.2492
vn 0.9077 -0.2013 -0.3681
vn 0.7176 -0.6618 -0.2171
vn 0.6153 -0.7758 0.1398
vn 0.7882 -0.0762 0.6107
vn 0.8612 -0.0918 -0.5000
vn 0.9648 -0.0547 -0.2572
vn 0.8396 -0.0520 -0.5408
vn 0.9542 -0.1577 -0.2543
vn 0.8662 -0.0239 0.4990
vn 0.8669 -0.1545 0.4739
vn 0.9407 -0.1601 -0.2990
vn 0.9614 -0.2244 -0.1595
vn 0.9553 -0.2214 0.1960
vn 0.8095 -0.2442 0.5340
vn 0.9479 -0.2588 0.1860
vn 0.5339 -0.8415 0.0827
vn 0.1767 -0.9693 0.1710
vn 0.3764 -0.9264 -0.0069
vn 0.4057 -0.7191 0.5642
vn 0.2198 -0.9633 -0.1541
vn 0.5621 -0.8237 -0.0742
vn -0.3412 0.4393 0.8310
vn -0.3302 0.4223 -0.8442
vn 0.1915 0.2921 0.9370
vn 0.3588 0.3102 0.8804
vn 0.3768 0.0197 0.9261
vn 0.3620 0.0329 0.9316
vn 0.3762 -0.1237 0.9182
vn 0.3862 -0.0212 0.9222
vn 0.5631 -0.1516 0.8124
vn 0.4198 -0.3518 0.8366
vn 0.7087 -0.1288 0.6936
vn 0.6128 -0.2937 -0.7336
vn 0.5879 -0.1173 -0.8004
vn 0.7451 -0.0794 -0.6623
vn 0.8732 -0.1176 0.4729
vn 0.5263 -0.8502 0.0129
vn 0.5871 -0.8060 -0.0754
vn 0.6862 -0.1860 -0.7033
vn 0.8140 -0.1666 -0.5564
vn 0.8137 -0.2369 -0.5308
vn 0.9590 -0.2544 -0.1248
vn 0.9082 -0.3181 -0.2719
vn 0.8729 -0.3022 0.3830
vn 0.7367 0.6756 -0.0304
vn 0.8401 0.4430 0.3130
vn 0.6999 0.5901 0.4024
vn 0.4596 -0.7040 0.5415
vn -0.5191 0.8538 0.0407
vn -0.5564 0.8307 0.0165
vn -0.3830 0.5356 -0.7526
vn -0.4016 0.5314 0.7459
vn -0.2573 0.3561 -0.8984
vn -0.0092 0.2237 0.9746
vn 0.2436 0.1547 -0.9575
vn 0.3174 0.2743 -0.9077
vn 0.3362 0.0824 -0.9382
vn 0.2904 0.1464 -0.9456
vn 0.3944 -0.3429 0.8526
vn 0.4187 -0.3249 -0.8480
vn 0.5662 -0.3107 -0.7635
vn 0.5732 -0.1044 0.8127
vn 0.8054 -0.3950 -0.4419
vn 0.7300 -0.6765 0.0972
vn 0.8583 -0.3871 0.3369
vn 0.9210 -0.1205 0.3706
vn 0.7927 -0.2666 -0.5483
vn 0.8893 -0.3098 -0.3364
vn 0.9166 -0.3842 0.1108
vn 0.8166 -0.3382 0.4677
vn 0.9364 -0.3467 0.0539
vn 0.6669 0.5948 -0.4489
vn 0.6039 0.5078 -0.6144
vn 0.5521 0.4679 -0.6901
vn 0.5927 0.4970 0.6338
vn 0.5994 0.4794 0.6410
vn 0.7568 0.1118 0.6441
vn 0.7949 0.3741 0.4777
vn 0.5630 0.2822 0.7768
vn 0.5652 -0.0015 -0.8250
vn 0.6609 0.2949 -0.6901
vn 0.8379 0.2099 -0.5039
vn 0.0885 -0.9820 -0.1668
vn 0.1199 -0.9831 -0.1381
vn -0.3992 0.5325 -0.7464
vn -0.4242 0.6073 -0.6718
vn -0.0815 0.2943 -0.9522
vn 0.1002 0.1716 -0.9801
vn 0.1354 0.1758 -0.9751
vn 0.1543 0.2691 0.9507
vn 0.2045 0.3659 0.9079
vn 0.3337 0.3232 0.8856
vn 0.2779 0.3435 0.8971
vn 0.2723 0.3474 -0.8973
vn 0.3730 0.0192 -0.9276
vn 0.3319 -0.0197 -0.9431
vn 0.3081 -0.0872 -0.9473
vn 0.4855 -0.1889 -0.8536
vn 0.7858 -0.6069 0.1195
vn 0.6740 -0.7029 -0.2273
vn 0.7089 -0.1245 0.6942
vn 0.7294 -0.1272 0.6721
vn 0.7958 -0.1311 0.5912
vn 0.7009 -0.1807 0.6900
vn 0.6625 -0.3043 0.6845
vn 0.6046 -0.3172 -0.7307
vn 0.6619 0.7235 -0.1963
vn 0.6850 0.6151 -0.3903
vn -0.0220 -0.9997 0.0111
vn 0.0754 -0.9921 0.1001
vn -0.3576 0.5642 -0.7441
vn -0.3321 0.5037 -0.7975
vn 0.2751 0.2299 -0.9335
vn 0.3063 0.0497 0.9506
vn 0.3122 -0.2037 0.9279
vn 0.3579 -0.1846 -0.9153
vn 0.5748 -0.1030 -0.8118
vn 0.3444 -0.0955 0.9340
vn 0.3576 -0.2077 0.9105
vn 0.5570 -0.6943 0.4558
vn 0.3464 -0.1301 -0.9290
vn 0.5511 -0.1533 -0.8202
vn 0.5046 -0.2183 -0.8353
vn 0.4687 -0.2169 0.8563
vn 0.4981 -0.1556 0.8531
vn 0.4138 0.4092 0.8133
vn 0.3554 0.1705 -0.9190
vn 0.4675 0.5635 -0.6811
vn 0.3977 -0.0207 0.9173
vn 0.0915 -0.9453 0.3131
vn 0.0803 -0.9787 0.1890
vn 0.0165 -0.9998 0.0069
vn -0.0087 -0.9998 0.0193
vn 0.0122 -0.9993 -0.0356
vn 0.0242 -0.9973 -0.0697
vn -0.0014 -1.0000 0.0013
vn 0.0091 -0.9995 -0.0313
vn -0.0285 -0.9988 -0.0396
vn 0.1841 0.3502 0.9184
vn 0.2615 0.0918 -0.9608
vn 0.2448 -0.9532 -0.1773
vn 0.1032 -0.9890 0.1057
vn 0.2522 -0.9520 -0.1734
vn 0.5784 -0.3741 0.7249
vn 0.5353 -0.2473 0.8076
vn 0.6509 -0.2784 -0.7062
vn 0.6953 -0.1365 -0.7057
vn 0.5280 -0.1622 -0.8336
vn 0.6808 -0.2355 -0.6936
vn 0.5335 -0.2031 -0.8211
vn 0.4983 -0.3432 0.7962
vn 0.6990 -0.3741 0.6095
vn 0.9181 -0.3894 0.0734
vn 0.7191 0.6943 0.0303
vn 0.5664 0.4626 0.6820
vn 0.4502 0.4260 -0.7848
vn 0.2946 0.1493 -0.9439
vn 0.2882 0.2352 0.9282
vn 0.2137 -0.0603 -0.9750
vn -0.3326 0.4901 0.8057
vn 0.0706 0.2321 0.9701
vn 0.1318 0.1743 0.9758
vn 0.1712 0.2628 0.9495
vn 0.1839 0.2697 -0.9452
vn 0.1750 0.2792 -0.9441
vn 0.2644 0.3039 0.9153
vn 0.2953 -0.0665 0.9531
vn 0.2453 -0.1046 -0.9638
vn 0.1523 -0.9809 -0.1213
vn 0.5813 -0.7655 -0.2758
vn 0.3927 -0.6057 -0.6921
vn 0.5238 -0.1582 0.8370
vn 0.6753 -0.1863 0.7137
vn 0.3023 -0.2430 -0.9217
vn 0.5903 -0.2439 0.7695
vn 0.6863 -0.2481 0.6836
vn 0.2995 -0.2411 0.9231
vn 0.6070 -0.2628 -0.7500
vn 0.9323 -0.3611 -0.0203
vn 0.8778 -0.4113 -0.2458
vn 0.8792 -0.3100 0.3618
vn 0.9040 -0.4059 0.1344
vn 0.8977 -0.3402 0.2801
vn 0.8260 -0.3878 -0.4089
vn 0.6959 0.6409 0.3241
vn 0.6226 0.5360 0.5701
vn 0.5822 0.4330 0.6881
vn 0.0425 -0.9460 -0.3213
vn 0.1151 -0.9374 -0.3287
vn -0.4419 0.6756 0.5901
vn -0.3796 0.5491 0.7446
vn -0.3928 0.6230 0.6765
vn -0.4315 0.5744 0.6956
vn 0.2523 0.3096 -0.9168
vn 0.2887 -0.0447 -0.9564
vn 0.2063 -0.1410 -0.9683
vn 0.3272 -0.2014 -0.9232
vn 0.2098 -0.1236 0.9699
vn 0.3426 -0.9316 0.1215
vn 0.2570 -0.8977 0.3579
vn 0.2567 -0.1424 0.9559
vn 0.2186 -0.1559 -0.9633
vn 0.4600 -0.3332 -0.8230
vn 0.7355 -0.3681 -0.5689
vn 0.6610 -0.3809 -0.6466
vn 0.6163 -0.3350 0.7127
vn 0.6052 -0.3609 0.7096
vn 0.7722 0.6023 -0.2023
vn 0.6808 0.7104 0.1784
vn 0.3995 0.2741 -0.8748
vn 0.5804 0.4129 -0.7019
vn 0.4649 0.5228 -0.7146
vn 0.2719 0.4915 0.8273
vn 0.1127 -0.0499 0.9924
vn 0.0937 -0.0416 0.9947
vn 0.3784 0.3296 0.8650
vn 0.2161 0.1432 0.9658
vn 0.0386 -0.9989 -0.0279
vn 0.0072 -0.9977 0.0669
vn 0.0116 -0.9967 -0.0806
vn -0.0182 -0.9998 -0.0114
vn -0.3940 0.5167 -0.7601
vn -0.3617 0.4695 -0.8054
vn -0.4429 0.5871 -0.6776
vn 0.1328 0.2608 0.9562
vn 0.2528 0.3929 -0.8841
vn 0.1887 0.3413 -0.9208
vn 0.2662 0.0351 -0.9633
vn 0.2080 -0.0875 -0.9742
vn 0.2828 -0.0474 0.9580
vn 0.1694 -0.1234 0.9778
vn 0.2594 -0.3408 0.9036
vn 0.2353 -0.3411 -0.9101
vn 0.3785 -0.3280 -0.8656
vn 0.2044 -0.1163 -0.9720
vn 0.2455 -0.2875 -0.9258
vn 0.7702 -0.2877 -0.5692
vn 0.6371 -0.1995 -0.7445
vn 0.6743 -0.2957 -0.6766
vn 0.9477 -0.3193 0.0043
vn 0.7572 0.6420 0.1205
vn 0.6846 0.6086 -0.4010
vn 0.7552 0.6336 -0.1680
vn 0.7739 0.6081 0.1767
vn 0.1679 -0.7996 -0.5766
vn 0.1613 -0.7944 -0.5856
vn 0.0463 -0.4703 -0.8813
vn -0.3825 0.5170 0.7657
vn -0.4204 0.4685 -0.7771
vn -0.2801 0.3779 0.8825
vn -0.2061 0.3412 0.9171
vn -0.3166 0.4057 0.8574
vn -0.2201 0.3354 -0.9160
vn -0.0708 0.2637 -0.9620
vn 0.2712 0.2116 0.9390
vn 0.2037 0.1014 0.9738
vn 0.2301 -0.0073 0.9731
vn 0.2240 -0.2953 0.9288
vn 0.1867 -0.6888 0.7004
vn 0.4079 -0.2086 -0.8889
vn 0.2006 -0.3571 -0.9122
vn 0.3053 -0.1511 -0.9402
vn 0.2130 -0.2272 0.9503
vn 0.1906 -0.1446 0.9710
vn 0.3729 -0.2998 0.8781
vn 0.4897 -0.2420 -0.8376
vn 0.9058 -0.2519 -0.3407
vn 0.7887 -0.1459 -0.5972
vn 0.9296 -0.2018 0.3086
vn 0.8681 -0.2513 -0.4281
vn 0.5790 0.5795 0.5735
vn 0.5865 0.5769 -0.5685
vn 0.3093 0.1828 0.9332
vn 0.0409 0.0820 0.9958
vn -0.0056 -0.9999 0.0097
vn -0.4028 0.4631 0.7895
vn -0.3897 0.4432 -0.8072
vn 0.1816 0.3144 0.9318
vn 0.1680 0.2333 -0.9578
vn 0.1906 -0.0940 0.9772
vn 0.1607 -0.8549 -0.4933
vn 0.1255 -0.9435 0.3066
vn 0.3784 -0.8788 -0.2906
vn 0.3375 -0.1880 -0.9223
vn 0.4716 -0.1860 -0.8620
vn 0.6199 -0.2013 0.7584
vn 0.4330 -0.2002 0.8789
vn 0.4842 -0.2181 0.8473
vn 0.8482 -0.1796 0.4983
vn 0.9571 -0.2750 0.0911
vn 0.9864 -0.1644 -0.0053
vn 0.6846 0.7285 0.0263
vn 0.6888 0.5249 0.5000
vn 0.6821 0.7302 0.0397
vn 0.6930 0.5505 -0.4655
vn 0.3940 0.5240 -0.7551
vn 0.5023 0.4572 0.7339
vn 0.1490 0.1235 -0.9811
vn 0.0322 -0.9960 0.0830
vn -0.0558 -0.9938 0.0966
vn -0.3199 0.4841 -0.8144
vn -0.5040 0.6680 -0.5476
vn -0.0471 0.3089 -0.9499
vn 0.0974 0.2371 -0.9666
vn 0.2183 0.3915 -0.8939
vn 0.1783 0.2395 0.9544
vn 0.1704 0.1277 -0.9771
vn 0.1152 0.1749 0.9778
vn 0.3357 -0.1401 0.9315
vn 0.0652 -0.1202 0.9906
vn 0.1692 -0.1375 0.9760
vn 0.6560 -0.1214 -0.7449
vn 0.9336 -0.1473 -0.3265
vn 0.7737 -0.0870 -0.6276
vn 0.9684 -0.1992 -0.1499
vn 0.9615 -0.1789 0.2087
vn 0.9630 -0.1683 0.2105
vn 0.3877 0.6070 0.6937
vn 0.2207 0.3100 -0.9247
vn 0.3892 0.2351 -0.8907
vn 0.2048 0.3308 -0.9212
vn 0.0639 -0.0076 -0.9979
vn 0.0198 0.3742 -0.9271
vn -0.5766 0.8167 -0.0230
vn -0.5759 0.8171 0.0257
vn -0.5501 0.7570 0.3525
vn -0.4214 0.5126 -0.7481
vn -0.3046 0.4243 -0.8527
vn -0.1841 0.3898 -0.9023
vn 0.2027 0.3748 -0.9047
vn 0.1786 0.1190 -0.9767
vn 0.1683 -0.0858 0.9820
vn 0.1627 -0.0839 -0.9831
vn 0.0758 -0.1006 -0.9920
vn 0.0999 -0.1655 -0.9811
vn 0.0767 -0.1462 0.9863
vn 0.1494 -0.1248 -0.9809
vn -0.0055 -0.9513 -0.3083
vn -0.0288 -0.9990 -0.0339
vn 0.0931 -0.1743 -0.9803
vn 0.2145 -0.2550 0.9428
vn 0.0687 -0.1239 -0.9899
vn 0.4267 -0.1671 0.8888
vn 0.6032 -0.1163 0.7890
vn 0.5892 -0.0691 -0.8050
vn 0.8591 -0.1415 -0.4918
vn 0.7848 -0.0742 0.6152
vn 0.8021 -0.1272 0.5835
vn 0.8369 -0.1960 0.5110
vn 0.8094 -0.1141 0.5761
vn 0.9060 -0.2261 -0.3579
vn 0.9502 -0.2922 -0.1081
vn 0.9088 -0.2699 0.3181
vn 0.9444 -0.3153 0.0930
vn 0.6938 0.5533 -0.4610
vn 0.8509 0.5181 -0.0868
vn 0.5616 0.5726 0.5972
vn 0.1499 0.5947 0.7899
vn 0.4533 0.4893 0.7450
vn 0.2747 0.4351 -0.8574
vn 0.1993 0.3606 0.9112
vn -0.3234 -0.3883 -0.8629
vn 0.0285 0.0365 -0.9989
vn -0.1985 -0.0614 -0.9782
vn -0.0252 -0.7330 0.6798
vn 0.0609 -0.8234 0.5642
vn -0.1520 -0.2836 0.9468
vn 0.0217 -0.8461 -0.5325
vn -0.5193 0.7013 0.4884
vn -0.1762 0.4014 0.8988
vn -0.0468 0.3211 0.9459
vn 0.0832 0.3012 -0.9499
vn 0.1585 0.2596 -0.9526
vn 0.1320 0.3162 -0.9395
vn 0.2184 0.3784 0.8995
vn 0.1184 0.3007 0.9463
vn 0.2671 0.0882 0.9596
vn 0.1832 0.1149 0.9763
vn 0.0425 -0.1598 -0.9862
vn 0.1113 -0.2248 -0.9680
vn 0.0863 -0.3690 0.9254
vn 0.1136 -0.2424 0.9635
vn 0.0756 -0.3438 -0.9360
vn -0.0379 -0.9839 0.1744
vn 0.0201 -0.8564 0.5159
vn -0.0301 -0.1469 -0.9887
vn 0.1181 -0.1690 0.9785
vn 0.2783 -0.2429 0.9293
vn 0.2414 -0.2423 0.9397
vn 0.1661 -0.1978 -0.9661
vn 0.6284 -0.0766 0.7741
vn 0.4427 -0.0606 -0.8946
vn 0.5716 -0.0438 -0.8193
vn 0.6692 -0.0841 0.7383
vn 0.6300 -0.0760 -0.7729
vn 0.6914 -0.2320 -0.6842
vn 0.5946 -0.2138 0.7751
vn 0.9061 -0.2674 0.3277
vn 0.7852 -0.1164 -0.6081
vn 0.9198 -0.2420 -0.3087
vn 0.7254 -0.2205 -0.6520
vn 0.7163 -0.1919 0.6708
vn 0.7536 -0.2928 0.5886
vn 0.8118 -0.2849 -0.5098
vn 0.8717 0.4594 0.1707
vn 0.8315 0.5205 0.1941
vn 0.1928 0.4560 0.8689
vn 0.3573 0.4348 -0.8266
vn 0.1613 0.4271 -0.8897
vn -0.1385 0.1746 0.9748
vn 0.0384 -0.9778 0.2059
vn 0.0466 -0.8978 0.4380
vn -0.1261 -0.9528 0.2760
vn -0.0384 -0.9385 -0.3431
vn -0.4156 0.4755 0.7754
vn -0.3804 0.5211 0.7640
vn -0.3558 0.4348 0.8273
vn 0.0833 -0.1952 0.9772
vn 0.0687 -0.2936 0.9534
vn -0.2220 -0.8473 -0.4825
vn -0.1347 -0.9881 -0.0748
vn -0.2503 -0.9246 0.2872
vn -0.1889 -0.9738 0.1265
vn -0.0395 -0.3365 -0.9409
vn -0.1568 -0.5280 -0.8347
vn -0.0760 -0.4041 0.9115
vn -0.1505 -0.2205 -0.9637
vn 0.2964 -0.1351 0.9455
vn 0.0392 -0.1011 0.9941
vn 0.1664 -0.1015 -0.9808
vn 0.3032 -0.1543 -0.9403
vn 0.2176 -0.1324 0.9670
vn 0.4379 -0.0338 0.8984
vn 0.4086 -0.0443 0.9116
vn 0.5877 -0.0494 0.8076
vn 0.6189 -0.1355 -0.7737
vn 0.9488 -0.3117 0.0509
vn 0.9517 -0.3065 -0.0197
vn 0.8207 -0.1888 0.5393
vn 0.9789 0.0569 -0.1960
vn 0.9627 0.2243 0.1512
vn 0.9692 0.0474 0.2416
vn 0.8968 0.0137 0.4422
vn 0.9814 0.0500 -0.1853
vn 0.9824 0.0335 0.1838
vn 0.8954 0.1151 -0.4301
vn 0.9698 0.1876 0.1557
vn 0.8796 0.4505 -0.1524
vn 0.9161 0.1549 -0.3698
vn 0.9081 0.4050 0.1064
vn 0.2979 0.3211 0.8990
vn 0.1669 0.4395 0.8826
vn -0.0079 0.0650 -0.9979
vn -0.1937 0.3138 -0.9295
vn -0.1269 0.1992 0.9717
vn 0.1476 0.0048 0.9890
vn 0.2555 0.3184 0.9129
vn -0.1815 0.0231 0.9831
vn -0.0047 0.1955 -0.9807
vn -0.2696 0.0460 -0.9619
vn -0.1377 0.0423 -0.9896
vn -0.2019 0.2775 0.9393
vn 0.0601 0.1085 0.9923
vn -0.1534 0.2631 0.9525
vn -0.2852 0.0266 0.9581
vn -0.1323 -0.9886 0.0719
vn 0.0229 -0.9995 -0.0194
vn -0.0913 -0.9958 -0.0078
vn -0.3546 -0.8406 -0.4094
vn -0.1233 -0.9921 0.0225
vn 0.0234 -0.9997 0.0102
vn -0.1666 -0.9782 -0.1236
vn -0.4059 0.4911 0.7708
vn -0.4106 0.4853 0.7719
vn -0.4111 0.4818 0.7739
vn -0.4085 0.5048 -0.7605
vn 0.0710 0.1903 -0.9791
vn 0.0742 -0.2104 -0.9748
vn 0.0925 -0.1345 0.9866
vn 0.0033 -0.1211 0.9926
vn 0.0553 -0.3456 -0.9367
vn -0.2312 -0.7383 0.6336
vn -0.1250 -0.1521 0.9804
vn -0.1355 -0.1214 -0.9833
vn -0.0542 -0.2070 -0.9768
vn 0.1931 -0.2418 -0.9509
vn 0.0745 -0.2285 0.9707
vn -0.0222 -0.1898 0.9816
vn 0.2169 -0.0734 0.9734
vn 0.3483 -0.0362 -0.9367
vn 0.3936 0.0402 0.9184
vn 0.3893 -0.0826 0.9174
vn 0.4256 -0.1689 -0.8890
vn 0.4666 -0.1995 -0.8617
vn 0.8130 -0.2598 0.5211
vn 0.8220 -0.1824 -0.5396
vn 0.9521 0.2343 0.1967
vn 0.9546 0.2179 -0.2030
vn 0.9364 0.1689 -0.3076
vn 0.9037 0.2898 -0.3152
vn 0.9535 0.2900 -0.0822
vn 0.8261 0.0723 -0.5588
vn 0.7965 -0.0073 0.6046
vn 0.7574 0.3164 0.5712
vn 0.7844 0.1808 0.5933
vn 0.7327 0.0014 -0.6806
vn 0.5688 0.0202 0.8222
vn 0.5067 -0.0250 -0.8618
vn 0.3950 0.2115 0.8940
vn 0.4481 -0.0123 0.8939
vn 0.1351 0.5141 0.8470
vn -0.0425 0.4032 -0.9141
vn -0.0348 0.3715 -0.9278
vn -0.1645 0.3177 0.9338
vn -0.1745 0.2378 -0.9555
vn -0.2185 0.1144 -0.9691
vn -0.3822 -0.0230 0.9238
vn -0.4382 -0.4147 0.7975
vn -0.2451 -0.9693 0.0181
vn 0.0580 -0.9982 -0.0130
vn -0.1462 -0.7849 -0.6021
vn -0.5708 0.7481 -0.3385
vn 0.1011 0.0187 0.9947
vn -0.1114 -0.3225 -0.9400
vn -0.4735 -0.8518 -0.2240
vn -0.0641 -0.1063 -0.9923
vn -0.1693 -0.1013 0.9803
vn -0.2534 -0.1581 -0.9544
vn -0.1228 -0.1972 0.9727
vn 0.1731 -0.1060 -0.9792
vn 0.3820 -0.0412 -0.9232
vn -0.0198 -0.1741 0.9845
vn 0.1212 -0.0760 -0.9897
vn 0.2839 -0.2003 0.9377
vn 0.3858 -0.1345 -0.9127
vn 0.5465 -0.2212 0.8077
vn 0.4902 -0.1956 -0.8494
vn 0.4537 -0.2056 0.8671
vn 0.9041 -0.1547 0.3984
vn 0.6160 -0.1265 0.7775
vn 0.9261 -0.1627 -0.3403
vn 0.9763 -0.1136 -0.1843
vn 0.9826 -0.1530 0.1057
vn 0.9367 0.3032 0.1749
vn 0.7781 0.3453 0.5247
vn 0.9516 0.1950 0.2374
vn 0.3888 0.2854 0.8760
vn 0.7527 0.0494 0.6565
vn 0.8489 0.1524 0.5060
vn 0.6260 0.2288 0.7455
vn 0.6373 0.2963 -0.7114
vn 0.3708 -0.2169 0.9031
vn -0.3355 -0.0203 0.9418
vn -0.2878 0.2782 -0.9164
vn -0.3779 -0.0380 -0.9251
vn -0.3959 -0.1477 -0.9063
vn -0.1821 -0.7894 0.5862
vn -0.4443 -0.7796 0.4413
vn -0.4063 0.5455 -0.7330
vn -0.3850 0.4573 -0.8016
vn -0.4863 0.5452 0.6828
vn -0.3311 0.4770 -0.8142
vn -0.2574 0.4534 0.8533
vn -0.0584 0.4329 0.8995
vn 0.0670 0.3576 0.9315
vn 0.1219 0.3978 0.9093
vn 0.1985 0.3809 0.9031
vn 0.0995 0.1544 0.9830
vn 0.1359 0.0959 0.9861
vn -0.0430 -0.2560 0.9657
vn -0.0518 -0.1782 -0.9826
vn -0.4616 -0.8111 -0.3593
vn 0.0044 -0.9973 0.0729
vn -0.0531 -0.9980 -0.0346
vn -0.2781 -0.9583 0.0656
vn -0.4357 -0.7403 0.5120
vn 0.1158 -0.0790 0.9901
vn 0.1766 -0.1023 -0.9789
vn 0.1943 -0.0760 0.9780
vn 0.2128 0.0401 0.9763
vn 0.1100 -0.0653 -0.9918
vn 0.3707 -0.0093 -0.9287
vn 0.1734 0.0384 -0.9841
vn 0.2574 0.0278 0.9659
vn 0.4485 -0.1141 0.8865
vn 0.1147 -0.0571 0.9918
vn 0.5634 -0.1527 0.8120
vn 0.5868 -0.0924 -0.8044
vn 0.7460 -0.1621 -0.6460
vn 0.4780 -0.0761 -0.8751
vn 0.7903 -0.0606 0.6098
vn 0.9864 -0.1419 0.0833
vn 0.9349 -0.0797 -0.3459
vn 0.7265 -0.0619 -0.6844
vn 0.9846 -0.0178 -0.1737
vn 0.9884 -0.0334 0.1484
vn 0.9377 0.0122 0.3472
vn 0.9334 -0.0776 0.3503
vn 0.9284 0.0377 -0.3696
vn 0.7953 0.2125 -0.5677
vn 0.7004 0.1966 -0.6862
vn 0.7367 0.1765 0.6528
vn 0.4649 0.3385 0.8181
vn 0.5786 0.2034 -0.7899
vn 0.7935 0.3476 -0.4996
vn 0.3965 0.2679 -0.8780
vn 0.5294 0.0349 0.8477
vn 0.6244 0.0365 0.7803
vn 0.2984 0.1391 -0.9443
vn 0.4863 0.0085 -0.8737
vn 0.2606 -0.1217 -0.9578
vn 0.0594 -0.0651 -0.9961
vn 0.4414 0.2052 -0.8735
vn 0.0757 0.0532 -0.9957
vn -0.1407 0.1003 -0.9850
vn -0.0540 0.3814 -0.9228
vn -0.3590 0.2542 -0.8980
vn -0.2787 0.3950 0.8754
vn -0.2388 0.1873 0.9528
vn -0.5454 0.1417 0.8261
vn -0.5367 0.1041 -0.8373
vn -0.5330 0.0153 0.8460
vn -0.4386 0.1328 0.8888
vn -0.5762 -0.1584 -0.8018
vn -0.6923 -0.4468 -0.5667
vn -0.2320 -0.9082 -0.3483
vn -0.4646 0.5683 -0.6790
vn -0.4594 0.5146 -0.7240
vn -0.3918 0.4952 -0.7754
vn -0.5025 0.5708 -0.6494
vn -0.1582 0.5030 0.8497
vn 0.0907 0.4212 0.9024
vn 0.1159 0.4271 -0.8968
vn 0.0475 -0.0728 0.9962
vn -0.0496 -0.1785 0.9827
vn -0.4220 -0.6294 -0.6525
vn -0.3074 -0.4390 0.8443
vn -0.1363 -0.1215 0.9832
vn -0.1986 -0.1742 0.9645
vn -0.1089 -0.0254 0.9937
vn -0.1394 -0.1394 -0.9804
vn 0.0756 -0.0852 0.9935
vn -0.1306 -0.0172 -0.9913
vn 0.2091 0.0081 -0.9779
vn 0.2454 -0.1500 -0.9578
vn 0.1941 -0.1724 0.9657
vn 0.5895 -0.0504 0.8062
vn 0.8260 -0.0014 -0.5636
vn 0.4871 -0.0705 -0.8705
vn 0.8260 -0.0160 0.5634
vn 0.6431 -0.0884 0.7606
vn 0.4679 -0.0651 0.8814
vn 0.6740 0.0244 -0.7383
vn 0.7982 0.1612 -0.5804
vn 0.5825 0.0325 -0.8122
vn 0.4783 0.0407 0.8772
vn 0.9582 0.1734 -0.2275
vn 0.5502 0.1565 -0.8202
vn 0.6034 0.1751 0.7780
vn -0.0877 0.0623 0.9942
vn -0.3335 0.2866 -0.8981
vn -0.5074 0.0974 0.8562
vn -0.2261 0.2925 0.9291
vn -0.3438 -0.3481 0.8721
vn -0.6671 -0.3924 -0.6333
vn -0.4507 -0.1646 0.8774
vn -0.6613 -0.2817 0.6952
vn -0.3588 -0.9334 -0.0042
vn -0.4576 -0.8787 0.1364
vn -0.5088 0.7014 -0.4991
vn -0.3626 0.4963 -0.7888
vn 0.0127 0.3878 0.9216
vn 0.0586 0.3441 -0.9371
vn -0.0028 0.1998 0.9798
vn -0.0029 0.2307 0.9730
vn 0.0280 -0.0870 -0.9958
vn 0.1018 0.0163 -0.9947
vn -0.1609 -0.3798 0.9110
vn -0.1408 -0.3675 -0.9193
vn -0.3077 -0.2190 0.9259
vn -0.4027 -0.1114 0.9085
vn -0.4039 -0.8883 -0.2185
vn -0.2170 -0.9690 0.1183
vn -0.1182 -0.9727 0.1999
vn 0.0006 -0.9621 -0.2728
vn -0.0418 -0.9639 -0.2630
vn -0.3534 -0.9323 0.0773
vn -0.0489 -0.0442 -0.9978
vn -0.1782 -0.0217 -0.9838
vn -0.0042 -0.0210 0.9998
vn -0.3179 -0.1469 0.9367
vn 0.0397 0.0144 0.9991
vn -0.0294 0.1046 -0.9941
vn -0.0668 -0.0326 0.9972
vn -0.0449 -0.1008 0.9939
vn 0.1175 -0.1344 -0.9839
vn 0.2105 -0.1376 0.9679
vn 0.2441 -0.1451 0.9588
vn 0.5825 -0.1030 0.8063
vn 0.3644 -0.0215 0.9310
vn 0.2125 -0.0329 0.9766
vn 0.3853 -0.0938 0.9180
vn 0.2642 -0.0967 -0.9596
vn 0.5798 -0.0110 0.8147
vn 0.7880 0.0407 0.6143
vn 0.3148 0.1449 -0.9380
vn 0.4298 0.1128 0.8959
vn 0.3432 0.2249 -0.9119
vn 0.2050 0.2573 0.9443
vn 0.3764 0.2163 0.9008
vn -0.0800 0.0554 -0.9953
vn 0.1144 -0.2783 -0.9537
vn 0.3428 0.0397 -0.9386
vn 0.0570 -0.2319 -0.9711
vn 0.0315 -0.2083 -0.9776
vn -0.2368 -0.3265 -0.9151
vn -0.3710 -0.1281 0.9198
vn -0.5772 0.1567 -0.8014
vn -0.6187 -0.2368 -0.7491
vn -0.7396 -0.1143 0.6632
vn -0.7008 -0.4409 0.5608
vn -0.4958 0.0976 -0.8629
vn -0.6487 0.0001 -0.7611
vn -0.6725 -0.0464 -0.7386
vn -0.7130 -0.6557 -0.2483
vn -0.7411 -0.6124 0.2752
vn -0.5200 0.7373 0.4313
vn -0.4484 0.5851 0.6757
vn -0.0222 0.2054 -0.9784
vn 0.0793 0.1610 -0.9838
vn 0.0034 0.1490 0.9888
vn -0.1849 -0.1973 0.9628
vn -0.3870 -0.1145 0.9149
vn -0.3932 -0.0962 -0.9144
vn -0.2942 -0.1298 -0.9469
vn -0.3044 -0.0024 0.9525
vn -0.0558 -0.0306 -0.9980
vn -0.0170 -0.1192 0.9927
vn -0.1739 -0.0548 -0.9832
vn 0.0390 -0.1010 0.9941
vn -0.0036 -0.0594 0.9982
vn 0.0575 -0.1007 -0.9933
vn 0.0834 -0.1045 0.9910
vn 0.4252 -0.0232 -0.9048
vn 0.5678 -0.0574 -0.8212
vn 0.2178 0.1644 0.9621
vn 0.1162 0.0101 0.9932
vn 0.2590 -0.0038 0.9659
vn 0.0555 0.1874 0.9807
vn -0.1097 0.0417 0.9931
vn 0.0557 -0.1481 0.9874
vn 0.0936 -0.2860 -0.9536
vn 0.0589 -0.2395 0.9691
vn 0.0834 -0.2843 0.9551
vn -0.2519 -0.3409 0.9057
vn -0.5157 -0.0148 -0.8567
vn -0.6533 -0.2377 0.7188
vn -0.7213 -0.4065 0.5608
vn -0.4466 -0.8798 0.1629
vn -0.8119 -0.5472 0.2034
vn -0.7873 -0.6164 -0.0160
vn -0.4459 -0.8937 0.0508
vn -0.4170 0.5168 0.7477
vn -0.1279 0.4523 0.8826
vn -0.0270 0.4249 -0.9048
vn 0.0506 0.3735 -0.9263
vn -0.1043 0.4307 -0.8964
vn -0.0047 0.4476 -0.8942
vn 0.1207 0.4113 -0.9035
vn 0.0215 0.3571 0.9338
vn -0.0091 0.2395 -0.9709
vn 0.0049 0.0358 -0.9993
vn 0.1314 0.1000 -0.9863
vn -0.0733 -0.2527 0.9648
vn -0.1339 -0.3218 0.9373
vn -0.3287 -0.3892 0.8605
vn 0.0722 -0.9745 0.2125
vn 0.0819 -0.9966 0.0012
vn 0.0782 -0.9785 -0.1906
vn -0.3860 -0.8227 0.4173
vn -0.3552 -0.5921 0.7233
vn -0.5138 -0.0967 -0.8525
vn -0.4986 -0.2480 -0.8306
vn -0.1798 -0.2775 0.9437
vn -0.3351 -0.2036 0.9199
vn -0.2344 -0.0119 0.9721
vn -0.0316 -0.0753 -0.9967
vn -0.3570 -0.1465 -0.9225
vn -0.4190 0.0010 -0.9080
vn -0.0678 -0.1647 -0.9840
vn -0.1686 -0.0737 0.9829
vn -0.0093 -0.1454 -0.9893
vn 0.0194 -0.1590 0.9871
vn 0.0576 0.0297 -0.9979
vn 0.0952 -0.0355 -0.9948
vn 0.0904 -0.0132 -0.9958
vn 0.1971 0.0364 -0.9797
vn 0.1430 0.0814 0.9864
vn 0.3236 0.0934 0.9416
vn -0.0609 0.1672 -0.9840
vn 0.0843 0.2053 -0.9751
vn -0.0461 0.0363 -0.9983
vn 0.1140 -0.1022 0.9882
vn -0.1768 -0.2461 0.9530
vn -0.7658 0.0436 -0.6415
vn -0.7909 0.1489 -0.5936
vn -0.8386 -0.0491 0.5425
vn -0.8709 -0.4280 0.2415
vn -0.8641 -0.4100 -0.2919
vn -0.8973 -0.3924 -0.2021
vn -0.8512 -0.5037 -0.1473
vn -0.6377 -0.6845 -0.3533
vn -0.0126 0.0366 0.9993
vn -0.1698 -0.2353 0.9570
vn -0.2953 -0.4290 -0.8537
vn -0.3807 -0.6481 -0.6596
vn -0.1893 -0.2289 -0.9549
vn -0.4663 -0.4936 -0.7341
vn -0.1190 -0.0249 0.9926
vn -0.2447 -0.1863 -0.9515
vn -0.4181 -0.1541 -0.8953
vn -0.4894 -0.1578 0.8576
vn -0.2650 -0.1833 0.9467
vn -0.0701 0.0275 -0.9972
vn -0.0077 0.0303 0.9995
vn -0.0277 -0.1164 0.9928
vn -0.2616 -0.0501 0.9639
vn 0.1120 -0.1538 -0.9817
vn -0.2692 -0.0949 -0.9584
vn -0.0155 0.0138 0.9998
vn -0.1085 0.0259 -0.9938
vn 0.0022 -0.0812 -0.9967
vn 0.3321 0.0806 -0.9398
vn 0.0491 0.0237 -0.9985
vn 0.0592 0.0577 0.9966
vn -0.0702 0.1615 0.9844
vn 0.3409 -0.0174 0.9400
vn 0.0792 0.1284 0.9886
vn -0.0468 -0.0996 0.9939
vn -0.2014 -0.2459 0.9482
vn -0.5133 -0.5399 -0.6671
vn -0.8767 0.0657 0.4766
vn -0.6540 0.1947 0.7310
vn -0.7516 -0.2340 0.6168
vn -0.9049 -0.0529 -0.4224
vn -0.7711 -0.3079 -0.5574
vn -0.8661 -0.4451 0.2273
vn -0.9767 -0.0559 0.2072
vn -0.8301 -0.2745 -0.4854
vn -0.9550 -0.0729 -0.2874
vn -0.8592 -0.3054 -0.4106
vn -0.8218 -0.5122 -0.2496
vn -0.9430 -0.3237 -0.0777
vn -0.8226 -0.5268 0.2141
vn -0.8635 -0.3248 0.3859
vn -0.8947 -0.4415 -0.0678
vn -0.3557 0.5124 0.7816
vn -0.3766 0.4872 0.7879
vn -0.0282 0.1344 -0.9905
vn -0.0439 -0.0862 0.9953
vn -0.0870 -0.1859 -0.9787
vn -0.2681 -0.1748 -0.9474
vn -0.1208 -0.2088 -0.9705
vn -0.1517 -0.2372 -0.9595
vn -0.2824 -0.4269 -0.8591
vn -0.3069 -0.3408 -0.8886
vn -0.1595 -0.9872 -0.0010
vn -0.1998 -0.9503 0.2388
vn -0.6085 -0.2004 -0.7678
vn -0.3868 -0.2025 -0.8997
vn -0.7149 -0.0787 -0.6948
vn -0.7276 -0.0683 0.6826
vn -0.6613 -0.0723 0.7467
vn -0.5726 -0.1652 0.8030
vn -0.5849 -0.0829 -0.8069
vn -0.2169 0.0340 0.9756
vn -0.2000 0.0208 -0.9796
vn -0.1888 -0.1003 0.9769
vn -0.5306 -0.0508 0.8461
vn -0.2465 -0.0324 0.9686
vn -0.4851 0.0446 0.8733
vn -0.4660 -0.0601 0.8827
vn -0.3445 -0.1107 -0.9322
vn -0.3841 0.0402 -0.9224
vn -0.4305 0.0220 0.9023
vn -0.3171 0.0225 -0.9481
vn -0.0967 -0.0537 0.9939
vn -0.0072 -0.0366 0.9993
vn -0.0670 0.1988 0.9777
vn -0.0722 0.1588 0.9847
vn 0.0777 0.2407 -0.9675
vn 0.0469 0.1362 -0.9896
vn -0.5284 -0.1044 0.8425
vn -0.4512 -0.4303 0.7819
vn -0.9696 0.0163 -0.2440
vn -0.7805 -0.1915 -0.5951
vn -0.9893 -0.0948 0.1109
vn -0.8265 -0.0088 0.5629
vn -0.9780 -0.0873 0.1893
vn -0.9853 -0.1448 0.0905
vn -0.5839 0.7036 -0.4050
vn -0.5179 0.6170 -0.5925
vn -0.3129 0.5457 -0.7774
vn -0.2215 0.5047 -0.8344
vn -0.2458 0.5433 -0.8028
vn -0.1932 0.4826 -0.8542
vn -0.1690 0.4974 -0.8509
vn -0.0373 0.4565 0.8889
vn -0.0795 0.2881 0.9543
vn -0.0789 0.2851 -0.9552
vn -0.7633 -0.0723 0.6419
vn -0.3623 -0.0948 -0.9272
vn -0.3261 -0.0145 -0.9452
vn -0.5134 -0.0344 -0.8574
vn -0.4446 -0.0783 0.8923
vn -0.2582 -0.1575 0.9532
vn -0.1865 -0.1606 0.9693
vn -0.3085 -0.0459 -0.9501
vn -0.2757 0.0307 0.9608
vn -0.0865 -0.0535 -0.9948
vn -0.0255 -0.0007 -0.9997
vn -0.2912 0.0286 -0.9562
vn -0.2582 0.0655 -0.9639
vn -0.1136 0.0548 0.9920
vn -0.2763 0.1504 -0.9492
vn -0.1362 0.1322 -0.9818
vn -0.2279 0.1627 0.9600
vn -0.7637 -0.4661 -0.4467
vn -0.4849 -0.5455 0.6836
vn -0.7032 -0.1937 0.6841
vn -0.6333 -0.5218 -0.5715
vn -0.9307 -0.2906 -0.2220
vn -0.7462 -0.6646 -0.0395
vn -0.8831 -0.3859 0.2668
vn -0.8249 -0.5606 0.0722
vn -0.5507 0.5543 -0.6241
vn -0.3756 0.5773 -0.7250
vn -0.0190 0.4443 0.8957
vn -0.0260 0.4312 -0.9019
vn -0.0624 0.2464 -0.9672
vn -0.0302 0.2137 -0.9764
vn 0.0336 0.1631 -0.9860
vn -0.0378 0.2102 0.9769
vn -0.3758 -0.5083 0.7749
vn -0.6159 -0.4655 -0.6356
vn -0.7084 -0.3762 0.5972
vn -0.6850 -0.2440 0.6865
vn 0.0832 -0.9269 -0.3659
vn -0.4269 0.0266 0.9039
vn -0.4595 -0.0872 0.8839
vn -0.3635 -0.0060 0.9316
vn -0.7155 -0.1167 0.6888
vn -0.6756 -0.0733 0.7337
vn -0.6463 -0.1795 -0.7417
vn -0.7268 -0.1112 -0.6778
vn -0.5663 -0.1368 -0.8127
vn -0.6790 -0.1053 0.7266
vn -0.6109 0.0804 -0.7876
vn -0.5738 -0.0501 -0.8175
vn -0.3566 0.0407 0.9334
vn -0.0810 0.1159 0.9899
vn -0.4298 0.0892 0.8985
vn -0.5869 -0.0969 -0.8039
vn -0.3177 -0.1224 -0.9403
vn -0.2171 -0.1908 -0.9573
vn -0.5749 -0.0153 -0.8181
vn -0.3191 -0.0450 0.9467
vn -0.4663 0.0467 0.8834
vn -0.3883 0.1008 0.9160
vn -0.3251 0.1201 0.9380
vn -0.0173 0.0998 -0.9949
vn -0.1247 0.0549 -0.9907
vn -0.3602 -0.0145 -0.9328
vn -0.1590 0.0850 0.9836
vn -0.0278 -0.1510 -0.9881
vn -0.1825 -0.1975 -0.9632
vn -0.3560 -0.0122 0.9344
vn -0.2908 -0.4176 0.8608
vn -0.2749 -0.4494 -0.8500
vn -0.5520 -0.5536 0.6236
vn -0.6666 -0.5853 0.4616
vn -0.8707 -0.3991 0.2874
vn -0.6265 0.7765 -0.0680
vn -0.6758 0.6721 -0.3027
vn -0.4457 0.4842 0.7530
vn -0.5028 0.4573 0.7336
vn -0.4401 0.4919 -0.7512
vn -0.1977 0.5389 -0.8188
vn -0.2202 0.5143 0.8289
vn -0.1801 0.5210 0.8343
vn -0.0781 0.2597 0.9625
vn -0.0704 0.0599 0.9957
vn -0.1665 -0.3637 -0.9165
vn -0.0526 -0.2823 -0.9579
vn -0.3395 -0.4595 0.8208
vn -0.4991 -0.4407 0.7461
vn 0.0126 -0.9122 -0.4096
vn -0.2191 -0.9670 -0.1297
vn -0.4306 -0.7479 0.5052
vn -0.5894 -0.4191 0.6906
vn -0.3797 0.0063 -0.9251
vn -0.6282 -0.2345 -0.7419
vn -0.4872 0.0565 -0.8715
vn -0.8101 -0.0500 -0.5842
vn -0.7120 -0.0628 -0.6994
vn -0.7663 -0.0599 -0.6397
vn -0.3641 -0.0118 -0.9313
vn -0.4914 0.0589 0.8689
vn -0.5912 0.0056 0.8065
vn -0.7593 -0.0075 -0.6507
vn -0.6902 0.0689 0.7203
vn -0.6366 -0.0754 0.7675
vn -0.4116 -0.0702 0.9087
vn -0.4846 -0.0972 0.8693
vn -0.3722 -0.0882 -0.9240
vn -0.3968 -0.0889 0.9136
vn -0.6398 0.0207 0.7683
vn -0.5805 0.0572 -0.8123
vn -0.0618 0.0716 -0.9955
vn -0.4955 0.1171 -0.8607
vn -0.4752 0.0963 0.8746
vn -0.3905 0.1440 -0.9093
vn -0.4050 0.1357 0.9042
vn -0.4859 -0.1048 -0.8677
vn -0.5933 -0.2138 0.7761
vn -0.5874 -0.2161 -0.7799
vn -0.4190 -0.4611 -0.7822
vn -0.3899 -0.4696 0.7921
vn -0.4035 -0.6723 -0.6206
vn -0.5873 -0.5168 0.6229
vn -0.3693 -0.5130 -0.7749
vn -0.6250 -0.6306 -0.4601
vn -0.5116 0.5486 0.6613
vn -0.4346 0.5762 0.6922
vn -0.1171 0.2434 -0.9628
vn -0.1683 -0.1281 -0.9774
vn -0.0753 -0.0347 -0.9966
vn -0.1482 -0.1606 0.9758
vn -0.3511 -0.2812 -0.8931
vn -0.4746 -0.4959 -0.7273
vn -0.4104 -0.5698 -0.7119
vn -0.6967 0.0413 -0.7162
vn -0.7187 0.0034 0.6953
vn -0.5471 -0.1774 0.8181
vn -0.8508 -0.0340 -0.5244
vn -0.8568 -0.0765 -0.5099
vn -0.8376 -0.0355 0.5451
vn -0.8349 -0.0573 0.5475
vn -0.6258 -0.0437 -0.7788
vn -0.7861 -0.1117 0.6080
vn -0.6166 -0.0516 0.7856
vn -0.3679 0.0909 -0.9254
vn -0.6668 0.0962 -0.7390
vn -0.6500 0.0222 -0.7596
vn -0.7184 0.1044 0.6878
vn -0.7662 0.0710 -0.6387
vn -0.6089 0.0239 0.7929
vn -0.6938 -0.0337 -0.7194
vn -0.3290 0.0089 -0.9443
vn -0.1082 0.0856 0.9904
vn -0.0176 -0.0189 0.9997
vn -0.3665 0.0288 0.9300
vn -0.3408 0.0916 -0.9357
vn -0.5510 0.1600 0.8190
vn -0.5952 0.1028 0.7970
vn -0.4360 -0.6487 -0.6238
vn -0.6477 -0.6905 0.3222
vn -0.3837 0.5612 0.7334
vn -0.4613 0.5364 -0.7067
vn -0.3158 0.6052 0.7307
vn -0.2881 0.5227 0.8023
vn -0.1215 0.4851 0.8660
vn -0.1938 0.5093 0.8385
vn -0.1353 -0.0267 0.9904
vn -0.1955 -0.3913 0.8992
vn -0.2995 -0.3089 0.9027
vn -0.2888 -0.2236 -0.9309
vn -0.5427 -0.5552 0.6303
vn -0.2708 -0.8727 -0.4062
vn -0.5439 -0.7775 -0.3158
vn -0.2453 -0.9694 -0.0080
vn -0.8173 -0.1708 0.5504
vn -0.8146 -0.2134 0.5393
vn -0.8069 -0.1512 -0.5710
vn -0.6943 0.0418 -0.7185
vn -0.7844 -0.0498 0.6182
vn -0.8430 -0.1000 0.5286
vn -0.8411 -0.1032 -0.5309
vn -0.9362 -0.0774 -0.3428
vn -0.7979 -0.0771 0.5979
vn -0.8902 -0.1076 0.4426
vn -0.9321 -0.0655 -0.3561
vn -0.9371 -0.0752 0.3408
vn -0.7259 0.0359 0.6869
vn -0.8584 -0.0488 0.5106
vn -0.9254 0.0956 0.3666
vn -0.9904 0.0082 0.1379
vn -0.9207 0.0909 -0.3795
vn -0.9966 0.0231 -0.0794
vn -0.9382 0.0155 -0.3457
vn -0.8894 0.1193 -0.4413
vn -0.9952 0.0910 -0.0348
vn -0.8863 0.1200 0.4472
vn -0.8146 -0.0747 -0.5752
vn -0.8612 -0.0537 -0.5054
vn -0.6071 -0.0915 -0.7894
vn -0.7285 -0.0983 0.6780
vn -0.6182 0.0609 -0.7837
vn -0.7989 0.0743 -0.5968
vn -0.8378 -0.0055 -0.5460
vn -0.6464 0.0106 -0.7630
vn -0.7580 0.0766 0.6477
vn -0.5784 0.0889 -0.8109
vn -0.6102 0.1207 -0.7830
vn -0.5153 -0.0202 0.8567
vn -0.5975 -0.4927 0.6327
vn -0.6311 -0.7136 -0.3042
vn -0.7036 -0.7095 0.0386
vn -0.6775 -0.7330 -0.0616
vn -0.5757 0.7603 -0.3009
vn -0.4013 0.3716 -0.8372
vn -0.2137 0.5618 0.7992
vn -0.1970 0.5158 -0.8337
vn -0.1958 0.5433 -0.8164
vn -0.1624 0.4484 -0.8790
vn -0.1055 0.1593 -0.9816
vn -0.1314 0.0832 -0.9878
vn -0.0667 0.0565 -0.9962
vn -0.1566 0.0044 -0.9877
vn -0.5853 -0.7913 0.1769
vn -0.8442 -0.3738 -0.3842
vn -0.7639 -0.5456 -0.3446
vn -0.7807 -0.4785 0.4018
vn -0.6877 -0.4528 -0.5675
vn -0.5620 -0.6476 0.5146
vn -0.8192 -0.4774 0.3180
vn -0.7045 -0.2426 -0.6670
vn -0.9492 -0.1132 0.2937
vn -0.8908 -0.3407 0.3006
vn -0.9177 -0.1931 -0.3472
vn 0.0649 -0.9494 -0.3073
vn 0.0692 -0.9902 -0.1211
vn -0.8395 -0.2269 -0.4937
vn -0.9367 -0.2766 -0.2147
vn -0.9290 -0.0058 0.3701
vn -0.9160 0.0515 -0.3979
vn -0.8660 0.0462 -0.4980
vn -0.7494 0.0523 0.6601
vn -0.9763 -0.0728 -0.2036
vn -0.8241 -0.0855 -0.5600
vn -0.9532 -0.1048 -0.2837
vn -0.9679 -0.0966 -0.2321
vn -0.9911 -0.1326 0.0136
vn -0.8405 0.0754 0.5365
vn -0.9693 0.0748 0.2343
vn -0.9912 0.0479 -0.1235
vn -0.9544 0.0543 0.2937
vn -0.9044 0.0665 -0.4215
vn -0.5997 0.0303 -0.7996
vn -0.8515 -0.0503 -0.5219
vn -0.8648 0.0603 -0.4985
vn -0.8518 -0.0261 0.5231
vn -0.7551 -0.0829 -0.6504
vn -0.9273 0.0595 -0.3697
vn -0.9976 -0.0321 -0.0609
vn -0.8972 0.0952 0.4312
vn -0.8558 0.0206 0.5169
vn -0.7849 0.0544 -0.6173
vn -0.7573 0.0679 -0.6496
vn -0.6434 0.1013 -0.7588
vn -0.8815 0.0838 -0.4647
vn -0.6926 0.0489 0.7197
vn -0.7304 0.1158 0.6731
vn -0.5607 0.0924 -0.8229
vn -0.7316 0.1573 -0.6634
vn -0.6001 -0.5093 -0.6169
vn -0.7719 -0.2269 -0.5939
vn -0.3088 0.7085 -0.6346
vn -0.2288 0.6220 -0.7489
vn -0.1487 0.3853 0.9107
vn -0.0932 0.5180 0.8503
vn -0.1508 0.3791 -0.9130
vn -0.1467 0.1226 0.9816
vn -0.0747 0.1715 0.9823
vn -0.2998 -0.2715 0.9146
vn -0.2591 -0.3240 -0.9099
vn -0.2354 -0.4040 -0.8839
vn -0.4016 -0.3131 0.8606
vn -0.3023 -0.2277 0.9256
vn -0.5990 -0.5929 -0.5382
vn 0.0667 -0.9218 0.3818
vn -0.0505 -0.9752 0.2155
vn 0.0765 -0.8695 0.4880
vn -0.8924 -0.4178 -0.1704
vn 0.0817 -0.8895 0.4495
vn -0.9801 -0.1972 -0.0237
vn -0.8714 -0.4285 -0.2389
vn -0.9646 -0.1882 0.1847
vn -0.9458 -0.3248 -0.0011
vn 0.0659 -0.9520 0.2991
vn 0.0682 -0.9925 0.1013
vn -0.9995 0.0311 0.0079
vn -0.9969 0.0463 0.0631
vn -0.9615 -0.0223 -0.2738
vn -0.9943 0.0282 -0.1032
vn -0.9370 0.0454 0.3463
vn -0.9938 -0.0992 0.0498
vn -0.9869 -0.1113 0.1172
vn -0.9952 0.0917 0.0352
vn -0.9890 0.0836 -0.1220
vn -0.8138 -0.0474 0.5793
vn -0.9564 -0.0540 0.2869
vn -0.8194 -0.0906 0.5660
vn -0.9955 -0.0685 -0.0652
vn -0.9568 -0.0433 0.2875
vn -0.9898 -0.0786 -0.1191
vn -0.9895 -0.0140 0.1441
vn -0.9953 0.0551 0.0801
vn -0.9294 0.0118 -0.3689
vn -0.9735 0.0831 -0.2130
vn -0.9954 0.0760 0.0589
vn -0.8895 0.0596 0.4530
vn -0.9878 0.1004 -0.1188
vn -0.8812 0.0903 0.4640
vn -0.8551 0.0698 0.5137
vn -0.7711 0.1046 -0.6281
vn -0.8419 0.0887 -0.5323
vn -0.6601 0.0813 0.7468
vn -0.7620 0.1453 0.6311
vn -0.7896 0.0284 -0.6130
vn -0.8709 -0.0120 0.4913
vn -0.6000 0.1357 0.7884
vn -0.8508 -0.0335 -0.5245
vn -0.8463 0.0103 0.5327
vn -0.7273 -0.2728 0.6297
vn -0.8384 -0.4573 -0.2966
vn -0.8490 -0.2703 0.4541
vn -0.8949 -0.4415 0.0648
vn -0.7617 -0.6434 -0.0763
vn -0.8946 -0.3577 -0.2678
vn -0.6246 0.6903 -0.3653
vn -0.7004 0.7108 -0.0650
vn -0.5278 0.6676 0.5251
vn -0.5078 0.4978 0.7031
vn -0.4504 0.4983 0.7408
vn -0.4696 0.6548 0.5922
vn -0.4900 0.3803 -0.7844
vn -0.4276 0.6638 -0.6136
vn -0.3686 0.7565 0.5403
vn -0.1362 0.5134 -0.8473
vn -0.0367 0.5209 -0.8528
vn -0.0888 0.5176 -0.8510
vn -0.1505 0.3077 0.9395
vn -0.1668 0.0483 0.9848
vn -0.2874 -0.4183 0.8616
vn -0.3641 -0.4215 -0.8306
vn -0.4160 -0.4681 -0.7796
vn -0.8145 -0.5457 0.1968
vn -0.8155 -0.5487 -0.1839
vn -0.8042 -0.5944 -0.0018
vn -0.8783 -0.4559 -0.1442
vn -0.9497 0.0991 -0.2972
vn -0.9892 0.1001 0.1071
vn -0.9299 0.1125 0.3503
vn -0.9561 0.0956 0.2771
vn -0.9548 0.0466 0.2936
vn -0.9119 -0.1627 -0.3767
vn -0.7391 0.6729 -0.0306
vn -0.1138 0.5353 0.8370
vn -0.2736 -0.1330 0.9526
vn -0.4155 -0.4576 0.7861
vn -0.4057 -0.3406 0.8482
vn -0.4303 -0.3443 -0.8344
vn -0.8560 -0.5002 0.1306
vn -0.7833 -0.5895 0.1972
vn 0.0677 -0.8760 0.4776
vn -0.3190 -0.9294 0.1857
vn -0.3864 -0.9121 -0.1371
vn -0.9776 0.0283 -0.2085
vn -0.9589 0.0788 -0.2726
vn -0.9916 -0.1122 0.0640
vn -0.9918 -0.1020 -0.0773
vn -0.9275 -0.2200 0.3023
vn -0.5623 0.4484 0.6948
vn -0.1671 0.5158 -0.8402
vn -0.2586 -0.0507 -0.9647
vn -0.2539 -0.0277 0.9668
vn -0.5175 -0.4731 0.7130
vn -0.6907 -0.5509 0.4684
vn -0.7148 -0.6199 0.3237
vn -0.6301 -0.6767 0.3810
vn -0.6504 -0.7022 0.2897
vn -0.7559 -0.5876 -0.2885
vn -0.6057 -0.7838 -0.1373
vn -0.5502 0.7907 -0.2683
vn -0.3002 0.8145 -0.4965
vn -0.1882 0.1770 0.9661
vn -0.3241 -0.2017 -0.9243
vn -0.6806 -0.4957 -0.5395
vn -0.4975 -0.3568 -0.7907
vn -0.7401 -0.5900 -0.3228
vn -0.5639 -0.7200 -0.4045
vn -0.7761 -0.5996 -0.1954
vn -0.5968 -0.7258 -0.3421
vn -0.5319 0.8083 0.2524
vn -0.7942 0.6070 -0.0283
vn -0.1791 0.6337 -0.7525
vn -0.1808 0.5591 -0.8091
vn -0.2041 0.5643 -0.8000
vn -0.1433 0.3746 0.9160
vn -0.1957 0.1800 -0.9640
vn -0.6242 -0.4494 -0.6391
vn -0.5906 -0.6996 0.4022
vn -0.0366 -0.9140 -0.4040
vn -0.3365 -0.8565 -0.3913
vn -0.3465 0.9125 0.2176
vn -0.2646 0.8165 0.5132
vn -0.1062 0.4662 0.8783
vn -0.1635 0.2985 -0.9403
vn -0.1723 0.3193 -0.9319
vn -0.1285 0.3000 -0.9453
vn -0.2472 0.0788 0.9658
vn -0.2293 0.0769 -0.9703
vn -0.6281 -0.4481 0.6362
vn -0.7716 -0.6050 0.1964
vn -0.6927 -0.6850 0.2256
vn -0.6893 -0.5834 -0.4296
vn -0.1989 -0.9056 0.3746
vn -0.3469 0.9085 -0.2330
vn -0.2286 0.7288 -0.6455
vn -0.1975 0.5412 0.8174
vn -0.1752 0.5442 0.8204
vn -0.0842 0.5364 0.8398
vn -0.1425 0.3518 -0.9252
vn -0.1203 0.3223 0.9390
vn -0.4192 -0.4122 0.8089
vn -0.5811 -0.6092 0.5396
vn -0.6355 -0.6897 0.3471
vn -0.0642 -0.8916 -0.4483
vn -0.1629 -0.7865 -0.5957
vn -0.2675 0.8169 0.5109
vn -0.2373 0.6990 0.6746
vn -0.1732 0.6271 0.7594
vn -0.2103 0.6113 0.7630
vn -0.2105 0.5961 -0.7748
vn -0.1560 0.5552 -0.8170
vn -0.1722 0.5476 -0.8189
vn -0.1201 0.5271 -0.8413
vn -0.1783 0.2670 0.9471
vn -0.1232 0.2411 0.9626
vn -0.1143 0.1548 0.9813
vn -0.2103 0.0173 -0.9775
vn -0.3227 -0.2153 0.9217
vn -0.3759 -0.5745 -0.7270
vn 0.1126 -0.8257 -0.5527
vn 0.1080 -0.8207 0.5610
vn -0.7034 -0.6241 0.3401
vn -0.7048 -0.6221 0.3409
vn -0.7057 -0.6229 0.3377
vn -0.0105 -0.9991 -0.0414
vn -0.3186 0.9373 -0.1410
vn -0.1607 0.5516 0.8185
vn -0.1224 0.5385 0.8337
vn -0.0815 0.5265 -0.8463
vn -0.0955 0.4496 -0.8881
vn -0.1246 0.2614 -0.9571
vn -0.1670 0.1522 -0.9741
vn -0.1512 0.0314 0.9880
vn -0.2220 -0.0799 0.9718
vn -0.3385 -0.3038 -0.8906
vn -0.2764 -0.1255 -0.9528
vn -0.3172 -0.4559 -0.8316
vn -0.2139 -0.4492 0.8674
vn -0.3616 -0.5741 0.7346
vn -0.4264 -0.7611 -0.4888
vn -0.0461 -0.7822 -0.6213
vn -0.1123 -0.7164 -0.6886
vn 0.0912 -0.8679 0.4883
vn 0.0284 -0.9274 0.3730
vn -0.0135 -0.9740 -0.2263
vn -0.0036 -0.9848 0.1737
vn -0.2061 0.6068 0.7677
vn -0.1780 0.5635 0.8067
vn -0.1411 -0.7113 0.6886
vn -0.2452 0.6942 0.6767
vn -0.1790 0.5662 0.8046
vn -0.1322 0.5693 0.8114
vn -0.1606 0.5083 0.8461
vn -0.0191 0.2944 -0.9555
vn -0.0143 0.2924 0.9562
vn -0.0149 -0.1184 -0.9929
vn -0.0302 -0.1796 0.9833
vn -0.0964 -0.2605 -0.9607
vn -0.0150 -0.4544 -0.8907
vn 0.0611 -0.5992 -0.7982
vn 0.1580 -0.6808 -0.7152
vn 0.1437 -0.7483 0.6476
vn 0.1278 -0.6773 0.7246
vn 0.0660 -0.8958 -0.4396
vn -0.0181 -0.9560 -0.2927
vn -0.0122 0.3885 -0.9214
vn -0.0192 0.4053 0.9140
vn 0.0581 0.1332 -0.9894
vn -0.0213 0.0099 -0.9997
vn 0.0351 -0.0700 0.9969
vn -0.2832 0.8565 -0.4314
vn -0.2877 0.7308 -0.6190
vn 0.0587 0.2274 0.9720
vn 0.0739 0.2156 -0.9737
vn 0.1026 0.0430 0.9938
vn 0.0222 -0.5718 0.8201
vn 0.1556 -0.4211 0.8936
vn 0.0032 -0.9284 -0.3717
vn -0.1750 0.5936 -0.7855
vn 0.0846 0.1984 0.9765
vn 0.1242 0.1076 0.9864
vn 0.1263 -0.0208 -0.9918
vn 0.1437 0.0609 -0.9877
vn 0.0327 -0.3077 0.9509
vn 0.1683 -0.2894 0.9423
vn 0.1773 -0.5756 0.7983
vn -0.0327 -0.9714 0.2351
vn -0.3054 0.9319 0.1957
vn -0.3501 0.8450 0.4043
vn -0.3861 0.9171 -0.0992
vn -0.4099 0.8996 0.1507
vn -0.3506 0.8522 -0.3883
vn -0.1811 0.5957 0.7825
vn 0.0668 0.3418 -0.9374
vn 0.0941 0.2784 -0.9558
vn 0.1591 0.2144 -0.9637
vn 0.1684 -0.1626 0.9722
vn 0.1716 -0.7647 0.6212
vn 0.1695 -0.7609 -0.6263
vn -0.2990 0.6423 -0.7057
vn -0.0944 0.5619 0.8218
vn 0.0645 0.3284 0.9423
vn 0.0875 0.2948 0.9515
vn -0.3836 0.7560 0.5304
vn -0.3058 0.6518 0.6940
vn -0.1317 0.5774 -0.8058
vn -0.0287 0.5795 0.8145
vn -0.0195 0.5101 0.8599
vn 0.0065 0.4578 -0.8890
vn 0.1808 -0.0983 -0.9786
vn 0.1279 -0.2436 -0.9614
vn 0.2055 -0.5909 0.7801
vn 0.1909 -0.5888 -0.7854
vn 0.1335 -0.8412 -0.5240
vn -0.0637 -0.9865 0.1510
vn -0.0614 -0.9978 -0.0269
vn -0.2634 0.6066 0.7501
vn -0.0141 0.5245 -0.8513
vn -0.0211 0.5780 -0.8158
vn 0.1477 -0.7653 0.6264
vn 0.1251 -0.8471 0.5166
vn -0.2386 0.6056 -0.7592
vn -0.0455 0.6291 -0.7760
vn -0.1005 0.5747 -0.8122
vn 0.0738 0.4146 -0.9070
vn 0.1519 0.2931 0.9440
vn 0.1523 0.2337 0.9603
vn 0.1769 0.1725 0.9690
vn 0.1783 -0.7001 0.6915
vn 0.1704 -0.6832 -0.7100
vn -0.4985 0.8665 -0.0265
vn -0.4005 0.7357 -0.5462
vn 0.1757 0.1568 -0.9719
vn -0.4779 0.8366 0.2677
vn -0.4632 0.8380 -0.2884
vn -0.1126 0.6130 -0.7820
vn -0.1053 0.6202 0.7773
vn -0.0302 0.6449 0.7636
vn 0.1873 -0.0223 0.9820
vn 0.1783 -0.3331 -0.9259
vn 0.1862 -0.3290 -0.9258
vn 0.0016 -0.9326 -0.3610
vn 0.0579 -0.9142 -0.4011
vn 0.0474 -0.8921 -0.4494
vn -0.0540 -0.9867 -0.1531
vn 0.1715 0.0718 0.9826
vn 0.1521 -0.7609 -0.6309
vn 0.0521 -0.9142 0.4020
vn -0.3589 0.6929 0.6253
vn 0.0486 0.5300 -0.8466
vn 0.0678 0.4678 -0.8812
vn 0.1108 0.4110 -0.9049
vn 0.1595 0.2648 -0.9510
vn 0.1410 0.3322 -0.9326
vn 0.1749 -0.1959 -0.9649
vn 0.1813 -0.3502 0.9190
vn -0.4907 0.8230 -0.2863
vn -0.3440 0.6806 -0.6469
vn 0.0198 0.5584 0.8294
vn 0.0246 0.4734 0.8805
vn 0.0861 0.3864 0.9183
vn 0.1355 0.3256 0.9357
vn 0.1672 -0.6241 0.7632
vn 0.1916 -0.4572 0.8685
vn 0.1031 -0.8693 -0.4834
vn 0.0750 -0.9012 -0.4268
vn -0.4162 0.7815 -0.4648
vn -0.2130 0.6780 -0.7036
vn -0.1354 0.6425 -0.7542
vn 0.1458 0.2738 -0.9507
vn 0.1121 -0.7978 0.5924
vn -0.2335 0.6766 0.6983
vn -0.0189 -0.9484 0.3165
vn -0.2762 0.7052 -0.6530
vn 0.1544 -0.5240 0.8376
vn -0.0560 -0.9982 -0.0202
vn -0.0513 -0.9916 0.1188
vn -0.4819 0.8165 0.3180
vn -0.4022 0.7924 0.4586
vn -0.0755 0.6717 0.7369
vn -0.1499 0.6634 0.7331
vn 0.0016 0.6524 -0.7579
vn -0.0767 0.6752 -0.7336
vn 0.0073 0.6250 0.7806
vn 0.1204 0.4132 0.9026
vn 0.1732 -0.0877 -0.9810
vn 0.1689 -0.0863 0.9818
vn 0.1712 -0.1742 0.9697
vn 0.1659 -0.2739 0.9473
vn 0.0913 -0.7072 -0.7011
vn 0.1070 -0.8135 -0.5716
vn 0.0944 -0.8782 0.4689
vn 0.0476 -0.9312 0.3614
vn 0.0139 -0.9446 0.3278
vn 0.0310 -0.9413 0.3363
vn -0.0450 0.7148 -0.6979
vn 0.0371 0.5916 -0.8054
vn 0.1726 -0.0091 0.9849
vn 0.1395 0.3704 -0.9183
vn 0.1138 -0.6188 -0.7773
vn -0.0235 -0.9708 -0.2389
vn 0.0006 -0.9523 -0.3051
vn 0.0695 0.5108 0.8569
vn -0.0213 -0.9721 0.2336
vn -0.5151 0.8470 0.1314
vn -0.4325 0.8836 0.1797
vn -0.3932 0.8863 -0.2447
vn -0.3746 0.8267 -0.4198
vn -0.2287 0.7772 -0.5862
vn 0.0898 0.5082 -0.8565
vn 0.1457 -0.0235 -0.9891
vn 0.1741 0.0228 -0.9845
vn 0.1672 -0.5105 -0.8435
vn 0.1080 -0.5278 -0.8425
vn -0.1259 0.7181 -0.6844
vn -0.1127 0.7349 0.6688
vn 0.0502 0.5829 0.8110
vn 0.1541 0.2700 0.9504
vn 0.1349 0.1984 0.9708
vn 0.1410 0.1185 0.9829
vn 0.1388 -0.4018 -0.9052
vn -0.2399 0.7320 0.6376
vn -0.2745 0.8010 0.5319
vn -0.2057 0.8189 0.5358
vn 0.1694 0.1054 -0.9799
vn 0.1386 0.1760 -0.9746
vn 0.1370 -0.2590 -0.9561
vn 0.1019 -0.6744 0.7313
vn 0.1083 -0.5375 0.8363
vn 0.0302 -0.9271 -0.3737
vn -0.3631 0.9085 0.2067
vn -0.3709 0.9280 -0.0362
vn -0.4809 0.8747 -0.0605
vn -0.2996 0.8011 -0.5182
vn 0.0045 0.6994 -0.7147
vn -0.2902 0.8704 0.3976
vn 0.1405 -0.4074 0.9024
vn -0.0284 -0.9996 -0.0097
vn -0.0230 -0.9923 -0.1218
vn -0.2734 0.9117 -0.3066
vn 0.0308 0.6674 -0.7440
vn 0.1266 0.3497 0.9283
vn 0.1135 0.2774 0.9540
vn 0.1103 0.2538 -0.9609
vn 0.0528 -0.6278 -0.7766
vn 0.0456 -0.6988 0.7139
vn 0.0763 -0.7676 0.6364
vn 0.0816 -0.7802 -0.6201
vn 0.0365 -0.8609 -0.5075
vn -0.0579 0.7909 0.6092
vn -0.0220 0.7520 0.6588
vn -0.3030 0.9412 -0.1498
vn -0.2517 0.9598 0.1243
vn -0.1753 0.8228 -0.5407
vn -0.0931 0.7731 -0.6274
vn 0.0683 0.5832 0.8095
vn 0.0875 0.3776 0.9218
vn 0.1339 0.0036 0.9910
vn 0.1338 -0.1219 0.9835
vn 0.1256 -0.1368 -0.9826
vn 0.1074 -0.3976 -0.9113
vn 0.0594 -0.5439 -0.8370
vn 0.0628 -0.5453 0.8359
vn 0.0434 -0.7853 -0.6176
vn 0.0152 -0.8297 -0.5580
vn -0.0456 -0.9814 -0.1866
vn -0.1636 0.9266 0.3385
vn -0.1704 0.9754 -0.1401
vn -0.1943 0.9079 -0.3714
vn -0.1388 0.8718 0.4698
vn -0.1539 0.7797 0.6069
vn 0.0960 0.3667 -0.9254
vn 0.0283 -0.7947 0.6064
vn -0.1070 0.8283 0.5500
vn 0.0581 0.6029 -0.7957
vn 0.0976 0.4925 0.8648
vn 0.0332 -0.7022 -0.7112
vn 0.0238 0.7050 0.7088
vn 0.0355 0.6461 0.7625
vn -0.0069 0.6989 0.7151
vn 0.1107 -0.4193 0.9010
vn 0.0642 -0.4222 0.9042
vn 0.0407 -0.6197 0.7838
vn 0.0131 -0.8822 0.4707
vn 0.0508 0.5155 -0.8554
vn 0.0631 0.4297 -0.9008
vn 0.0856 0.2631 0.9610
vn 0.0881 0.1642 0.9825
vn 0.1287 0.0796 -0.9885
vn 0.0886 0.1478 -0.9850
vn 0.0826 -0.0011 -0.9966
vn 0.0835 -0.0425 0.9956
vn 0.0846 -0.1680 0.9822
vn -0.1479 0.9884 0.0339
vn -0.1177 0.9519 -0.2829
vn -0.0880 0.9020 -0.4226
vn 0.0745 0.5299 0.8448
vn 0.0844 0.0688 0.9941
vn 0.1247 -0.2682 0.9553
vn 0.0802 -0.2719 -0.9590
vn 0.0824 -0.1425 -0.9864
vn 0.0733 -0.2838 0.9561
vn 0.0267 -0.8680 0.4958
vn -0.0088 -0.9402 0.3405
vn -0.0500 -0.9822 0.1810
vn -0.0277 -0.9645 0.2628
vn -0.1040 0.9829 0.1523
vn -0.0957 0.8208 -0.5632
vn -0.0342 0.8372 -0.5459
vn -0.0292 0.8757 -0.4819
vn 0.0606 -0.4185 -0.9062
vn -0.0513 0.8551 0.5158
vn -0.0158 0.8116 0.5840
vn 0.0129 0.5504 0.8348
vn -0.0603 -0.9936 0.0955
vn -0.0706 -0.9975 -0.0023
vn -0.0662 -0.9929 -0.0991
vn -0.0731 0.9919 0.1041
vn 0.0284 0.7486 0.6624
vn -0.0272 -0.7602 0.6492
vn -0.0233 0.9648 0.2621
vn -0.0485 0.9965 -0.0686
vn -0.0504 0.9049 0.4227
vn 0.0252 0.3529 0.9353
vn 0.0286 0.2896 0.9567
vn 0.0233 0.2180 -0.9757
vn 0.0873 0.2571 -0.9624
vn 0.0405 0.1274 -0.9910
vn -0.0075 -0.6507 0.7593
vn -0.0262 -0.8405 -0.5412
vn 0.0160 0.2116 0.9772
vn 0.0316 0.1299 0.9910
vn 0.0206 -0.0663 0.9976
vn 0.0314 -0.2129 0.9766
vn 0.0278 -0.2663 -0.9635
vn 0.0492 0.4414 0.8960
vn 0.0124 0.0467 0.9988
vn 0.0178 0.0269 -0.9995
vn 0.0097 -0.1002 -0.9949
vn 0.0216 -0.3483 0.9371
vn 0.0051 -0.5586 0.8294
vn -0.0141 -0.4414 0.8972
vn 0.0065 -0.5719 -0.8203
vn -0.0321 -0.7076 0.7059
vn -0.0346 -0.9156 -0.4006
vn -0.0515 -0.9136 0.4034
vn 0.0262 0.8370 -0.5465
vn -0.0246 0.7886 -0.6144
vn 0.0069 0.7794 -0.6265
vn 0.0389 0.7826 0.6213
vn 0.0103 0.6109 -0.7916
vn -0.0137 0.2731 -0.9619
vn 0.0433 0.3216 -0.9459
vn -0.0070 -0.4283 -0.9036
vn -0.0191 -0.6830 -0.7302
vn -0.0273 -0.7676 -0.6404
vn -0.0347 -0.8344 0.5501
vn -0.0060 0.9243 -0.3816
vn -0.0163 0.9676 -0.2518
vn 0.0270 0.8368 0.5468
vn -0.0069 0.5295 -0.8483
vn 0.0006 0.4642 -0.8857
vn -0.0026 0.4150 -0.9098
vn -0.0916 -0.9593 0.2672
vn -0.0001 0.4355 0.9002
vn -0.0121 0.1144 -0.9934
vn -0.1059 -0.9789 0.1747
vn 0.0101 0.9959 0.0895
vn 0.0284 0.9296 0.3675
vn 0.0132 0.8847 0.4660
vn 0.0314 0.7296 -0.6831
vn 0.0206 0.6925 -0.7211
vn -0.0440 0.1472 0.9881
vn 0.0447 0.8801 -0.4727
vn 0.0398 0.7550 -0.6546
vn 0.0518 0.8017 -0.5955
vn 0.0097 0.6785 0.7345
vn -0.0376 -0.2872 -0.9571
vn -0.0661 -0.6323 -0.7719
vn -0.0954 -0.8301 -0.5494
vn -0.0409 0.2513 0.9670
vn -0.0450 -0.2545 0.9660
vn -0.0651 -0.5869 0.8071
vn -0.0241 0.4032 0.9148
vn -0.0341 0.3311 0.9430
vn -0.0260 0.5911 0.8061
vn -0.0278 0.5216 0.8527
vn -0.0457 0.0220 -0.9987
vn -0.0862 -0.9531 -0.2900
vn -0.1233 -0.9093 -0.3974
vn -0.1619 -0.9730 0.1645
vn -0.1234 -0.9861 -0.1109
vn -0.1595 -0.9705 -0.1810
vn -0.0980 -0.9738 -0.2050
vn -0.0159 0.6541 -0.7562
vn -0.0886 -0.6812 0.7267
vn -0.1786 -0.9808 0.0783
vn -0.1229 -0.9876 0.0973
vn 0.0220 0.9713 -0.2368
vn -0.0375 0.4832 0.8747
vn -0.0807 0.1122 -0.9904
vn -0.0471 0.2000 -0.9787
vn -0.0481 0.0397 0.9981
vn -0.0556 -0.0758 0.9956
vn -0.1408 -0.9514 -0.2740
vn -0.1405 -0.9498 0.2794
vn -0.1736 -0.9782 -0.1140
vn -0.1284 -0.9917 -0.0003
vn -0.1801 -0.9835 -0.0164
vn -0.0780 -0.3697 0.9259
vn -0.0742 -0.5386 -0.8393
vn -0.1264 -0.7517 0.6473
vn -0.0876 -0.8220 0.5627
vn -0.1189 -0.7121 -0.6919
vn -0.1187 -0.9139 0.3882
vn -0.1280 -0.8644 0.4862
vn 0.0600 0.8162 0.5747
vn -0.0072 0.3447 -0.9387
vn -0.0690 0.3207 -0.9447
vn -0.0991 0.2400 -0.9657
vn -0.0838 -0.0801 -0.9933
vn -0.0431 -0.1639 -0.9855
vn -0.0925 -0.4092 -0.9078
vn 0.0488 0.9814 0.1857
vn 0.0060 0.6247 0.7808
vn -0.0267 0.5439 -0.8387
vn -0.0198 0.6156 -0.7878
vn -0.0369 0.5403 -0.8407
vn -0.0189 0.4787 -0.8778
vn -0.0507 0.3989 -0.9156
vn -0.0096 -0.1565 0.9876
vn -0.0663 0.4565 -0.8872
vn -0.0943 0.1342 0.9865
vn 0.0668 0.9176 0.3917
vn -0.1049 0.2199 0.9699
vn -0.1076 0.0192 0.9940
vn -0.1054 0.0118 -0.9944
vn -0.2011 -0.8319 0.5172
vn -0.1959 -0.9365 0.2908
vn -0.2049 -0.9572 0.2045
vn -0.2174 -0.9671 0.1322
vn -0.2167 -0.9670 -0.1336
vn -0.2074 -0.9559 -0.2079
vn -0.0779 0.2960 0.9520
vn -0.1132 0.2954 0.9487
vn -0.0999 -0.1102 0.9889
vn -0.1890 -0.8238 -0.5345
vn -0.1638 -0.7613 -0.6274
vn -0.1752 -0.8860 -0.4294
vn -0.1220 -0.2052 -0.9711
vn -0.1303 -0.2648 0.9555
vn 0.0808 0.7436 -0.6637
vn -0.0680 0.3795 0.9227
vn -0.0793 0.4455 0.8918
vn -0.0392 0.5492 0.8347
vn -0.0986 0.3880 -0.9164
vn -0.1343 0.1490 0.9797
vn -0.1446 0.0730 0.9868
vn -0.1536 -0.6374 0.7551
vn -0.1780 -0.7515 0.6353
vn -0.2241 -0.8719 -0.4354
vn -0.2577 -0.9461 -0.1962
vn 0.0537 0.9227 -0.3818
vn 0.0754 0.9571 -0.2797
vn -0.1089 0.3643 0.9249
vn -0.1428 0.0603 -0.9879
vn -0.1378 -0.4821 0.8652
vn -0.1784 -0.8984 0.4013
vn -0.2438 -0.8949 0.3738
vn -0.1952 -0.9297 -0.3122
vn -0.2591 -0.9587 -0.1173
vn -0.2202 -0.9724 -0.0778
vn 0.1268 0.9670 0.2208
vn -0.1156 0.3124 -0.9429
vn -0.1653 -0.0353 0.9856
vn -0.1728 -0.1939 0.9657
vn -0.2065 -0.6467 -0.7342
vn -0.1447 -0.6086 -0.7801
vn -0.2484 -0.9206 -0.3015
vn 0.0712 0.9081 -0.4126
vn 0.0456 0.7562 0.6528
vn 0.0378 0.6998 0.7133
vn 0.0185 0.6825 0.7306
vn -0.1522 0.2169 0.9643
vn -0.1652 -0.5060 -0.8465
vn -0.1696 -0.3446 -0.9233
vn -0.2309 -0.7413 0.6303
vn -0.2386 -0.9711 -0.0082
vn -0.1613 0.1736 -0.9715
vn -0.1186 0.1609 -0.9798
vn 0.0580 0.9956 0.0732
vn 0.0375 0.9971 -0.0662
vn 0.0539 0.9794 -0.1948
vn 0.1371 0.9847 -0.1079
vn 0.0202 0.6800 -0.7330
vn 0.0329 0.7078 -0.7057
vn -0.0165 0.6123 0.7904
vn 0.0052 0.6282 0.7781
vn -0.1474 0.2363 -0.9604
vn -0.1858 0.1201 -0.9752
vn -0.2158 -0.5104 0.8324
vn -0.2186 -0.6327 0.7429
vn 0.0847 0.8325 -0.5475
vn -0.2930 -0.8862 0.3588
vn -0.2869 -0.8188 0.4973
vn 0.0721 0.8721 0.4841
vn 0.0899 0.8194 0.5662
vn -0.0262 0.5584 0.8291
vn -0.0477 0.4868 0.8722
vn -0.1705 -0.0498 -0.9841
vn -0.1798 0.0504 -0.9824
vn -0.2989 -0.9241 0.2382
vn -0.3019 -0.9104 -0.2828
vn -0.2911 -0.8804 -0.3745
vn -0.2607 -0.9510 0.1662
vn -0.2588 -0.9319 0.2540
vn -0.3078 -0.9304 -0.1992
vn -0.3057 -0.9415 -0.1419
vn -0.3017 -0.9416 0.1493
vn -0.2959 -0.9506 0.0934
vn -0.2556 -0.9622 0.0936
vn 0.1654 0.9536 -0.2514
vn 0.1344 0.9187 -0.3714
vn 0.1655 0.9302 0.3276
vn -0.1754 0.1244 0.9766
vn -0.1873 0.0430 0.9814
vn -0.2172 -0.3347 0.9170
vn -0.1768 -0.3832 0.9066
vn -0.2269 -0.7468 -0.6252
vn -0.2717 -0.8307 -0.4860
vn -0.3178 -0.7754 -0.5456
vn 0.1479 0.8762 0.4587
vn 0.1342 0.7900 0.5983
vn -0.2535 -0.6146 -0.7470
vn -0.2312 -0.4695 -0.8521
vn -0.2911 -0.7101 0.6411
vn -0.2804 -0.7216 -0.6330
vn -0.0925 0.4174 0.9040
vn -0.1029 0.3235 -0.9406
vn -0.3331 -0.8277 -0.4516
vn -0.3528 -0.8973 -0.2654
vn -0.3401 -0.8666 -0.3652
vn -0.3377 -0.8910 0.3035
vn -0.3370 -0.8320 0.4408
vn 0.0139 0.6352 -0.7723
vn 0.0752 0.6947 -0.7154
vn -0.0840 0.3855 -0.9189
vn -0.3476 -0.9113 0.2206
vn 0.2058 0.9032 -0.3765
vn 0.0870 0.8664 -0.4917
vn 0.1617 0.8591 -0.4856
vn 0.1023 0.8809 0.4621
vn 0.1664 0.7709 -0.6149
vn -0.1323 0.2804 -0.9507
vn -0.1693 0.1839 0.9683
vn -0.2057 -0.3261 -0.9227
vn -0.1922 -0.2203 -0.9563
vn -0.3286 -0.6866 -0.6485
vn 0.1393 0.9889 0.0516
vn 0.2131 0.9709 0.1093
vn 0.0519 0.6307 0.7743
vn 0.0199 0.5568 0.8304
vn -0.2005 0.1409 -0.9695
vn -0.3348 -0.7224 0.6050
vn 0.0677 0.6188 -0.7826
vn -0.0107 0.5843 -0.8115
vn -0.0290 0.5109 -0.8592
vn 0.0572 0.5461 -0.8358
vn -0.1740 0.1732 -0.9694
vn -0.2085 0.1362 0.9685
vn -0.1856 0.0061 -0.9826
vn -0.1985 -0.0824 0.9766
vn 0.2101 0.9572 -0.1989
vn 0.1846 0.9826 -0.0226
vn 0.2365 0.8980 0.3709
vn 0.0952 0.6989 0.7088
vn -0.1517 0.1028 -0.9831
vn -0.3748 -0.8803 0.2908
vn -0.3685 -0.8563 0.3619
vn 0.2249 0.9495 0.2188
vn -0.0242 0.3923 0.9195
vn -0.3476 -0.9303 -0.1171
vn -0.3591 -0.9128 -0.1947
vn -0.3504 -0.9206 0.1721
vn -0.3494 -0.9306 0.1092
vn -0.1361 0.2112 -0.9679
vn -0.1597 -0.0226 0.9869
vn -0.1825 -0.0262 -0.9829
vn -0.2027 -0.2100 0.9565
vn -0.2261 -0.4427 0.8677
vn -0.2724 -0.6139 -0.7409
vn 0.2356 0.8395 -0.4896
vn 0.1502 0.6982 -0.7000
vn 0.1311 0.6366 0.7600
vn -0.1092 0.3275 0.9385
vn -0.2567 -0.5295 0.8085
vn -0.3857 -0.8209 0.4212
vn -0.3729 -0.7638 0.5268
vn -0.3896 -0.8277 -0.4039
vn -0.3741 -0.7620 -0.5286
vn -0.3802 -0.8672 -0.3217
vn 0.1539 0.6097 -0.7776
vn 0.0959 0.5557 0.8258
vn 0.0495 0.4741 0.8791
vn -0.2935 -0.6221 0.7258
vn -0.2795 -0.6051 0.7455
vn -0.3171 -0.7338 -0.6008
vn 0.2108 0.7971 -0.5658
vn 0.1874 0.7218 0.6663
vn 0.0665 0.4645 -0.8831
vn -0.0468 0.4425 -0.8956
vn 0.0149 0.3922 -0.9198
vn 0.0087 0.3032 -0.9529
vn 0.2243 0.9715 0.0763
vn 0.2224 0.9736 -0.0519
vn 0.0234 0.2937 0.9556
vn -0.1794 -0.1038 -0.9783
vn -0.2043 -0.1544 -0.9667
vn -0.2215 -0.3254 -0.9193
vn -0.3596 -0.7547 -0.5487
vn 0.2564 0.9314 0.2585
vn 0.2663 0.8160 0.5131
vn 0.2036 0.8296 0.5199
vn 0.2301 0.6047 0.7625
vn 0.1819 0.4880 0.8537
vn -0.1146 0.2507 0.9613
vn 0.2571 0.9475 -0.1900
vn 0.2453 0.7656 -0.5947
vn 0.1862 0.5095 -0.8401
vn 0.1743 0.3928 -0.9030
vn 0.1488 0.3903 0.9086
vn -0.0537 0.2271 -0.9724
vn -0.1232 0.1256 -0.9844
vn -0.1430 0.0342 -0.9891
vn -0.1842 -0.0320 0.9824
vn -0.1496 -0.2297 0.9617
vn -0.2616 -0.6437 -0.7192
vn -0.3093 -0.7285 0.6112
vn 0.2478 0.7487 0.6148
vn 0.2880 0.5547 0.7806
vn -0.2579 -0.6456 0.7188
vn -0.3560 -0.9345 -0.0036
vn -0.3512 -0.9277 -0.1271
vn 0.2441 0.6827 -0.6887
vn 0.2105 0.2973 -0.9313
vn -0.0929 0.1592 0.9829
vn 0.0429 0.1707 0.9844
vn -0.2162 -0.3514 0.9109
vn -0.3641 -0.8190 -0.4434
vn -0.3658 -0.8451 0.3899
vn -0.3551 -0.8898 -0.2866
vn -0.3580 -0.8585 -0.3673
vn -0.3505 -0.9125 -0.2108
vn -0.3515 -0.9008 0.2549
vn -0.3387 -0.9206 0.1942
vn 0.1663 0.1944 -0.9667
vn -0.2467 -0.6848 -0.6857
vn -0.2759 -0.8209 0.4999
vn 0.2350 0.9720 0.0056
vn 0.2830 0.8363 -0.4697
vn 0.2414 0.5914 -0.7694
vn 0.0072 0.1318 -0.9913
vn 0.0017 0.1066 0.9943
vn -0.1593 -0.5081 0.8465
vn -0.2848 -0.7931 -0.5384
vn -0.3784 -0.7910 0.4808
vn 0.2783 0.9013 -0.3319
vn 0.2486 0.8902 -0.3816
vn 0.2821 0.8441 0.4560
vn 0.2907 0.7561 0.5864
vn 0.2490 0.5104 -0.8231
vn 0.2142 0.4446 -0.8698
vn 0.2117 0.4326 0.8764
vn 0.1980 0.3549 -0.9137
vn 0.1871 0.2263 0.9559
vn 0.2368 0.3038 0.9229
vn 0.2143 0.2674 0.9395
vn 0.2071 0.1438 0.9677
vn -0.2554 -0.7673 0.5882
vn 0.2445 0.4997 0.8310
vn 0.1816 0.3496 0.9191
vn 0.1839 0.2031 0.9617
vn 0.2318 0.2433 -0.9418
vn 0.1568 0.0751 0.9848
vn -0.0453 0.0560 -0.9974
vn 0.1555 0.0236 -0.9876
vn 0.2857 0.6354 -0.7174
vn 0.1743 0.1959 -0.9650
vn 0.2595 0.6707 0.6949
vn 0.2747 0.5749 -0.7708
vn 0.1796 0.0778 -0.9807
vn 0.2088 0.1019 -0.9726
vn -0.0283 0.0325 0.9991
vn 0.1586 -0.0005 0.9873
vn 0.1281 0.3003 -0.9452
vn 0.0792 -0.0463 -0.9958
vn -0.1475 -0.0117 -0.9890
vn -0.0158 -0.7690 0.6390
vn -0.2619 -0.8561 -0.4456
vn -0.3418 -0.9327 0.1148
vn -0.3072 -0.9516 -0.0054
vn -0.2843 -0.9477 -0.1449
vn 0.2503 0.9663 -0.0593
vn 0.2311 0.4444 0.8655
vn 0.2036 0.1030 0.9736
vn 0.1650 -0.1140 0.9797
vn 0.0659 -0.0784 0.9947
vn -0.0742 -0.0837 0.9937
vn -0.1731 -0.2488 -0.9530
vn -0.0414 -0.1901 -0.9809
vn -0.0314 -0.4683 0.8830
vn -0.1250 -0.9057 0.4051
vn -0.1306 -0.8956 -0.4253
vn 0.0399 -0.7344 -0.6776
vn -0.1867 -0.7624 -0.6196
vn -0.3314 -0.9233 -0.1942
vn -0.2512 -0.9328 -0.2586
vn 0.2765 0.6058 0.7460
vn 0.2424 0.6589 0.7121
vn 0.2074 0.3861 0.8989
vn 0.1060 0.2817 0.9536
vn -0.3035 -0.8408 0.4482
vn -0.2817 -0.8816 -0.3786
vn -0.2837 -0.8859 0.3670
vn -0.3642 -0.8800 0.3050
vn 0.2629 0.5225 -0.8111
vn -0.2344 -0.9615 0.1437
vn 0.2641 0.8397 0.4746
vn 0.1189 0.3237 0.9386
vn 0.2169 0.0321 -0.9757
vn 0.2326 -0.0699 -0.9701
vn 0.2248 -0.0653 0.9722
vn 0.2349 -0.0696 -0.9695
vn 0.2167 -0.1657 0.9621
vn 0.2576 -0.9560 -0.1407
vn 0.1790 -0.9325 -0.3136
vn -0.1643 -0.9062 0.3896
vn 0.2542 0.7307 0.6336
vn 0.1655 0.1321 0.9773
vn 0.1818 0.0539 0.9819
vn 0.1404 -0.3128 0.9394
vn 0.3598 -0.7316 -0.5790
vn -0.0312 -0.9313 -0.3629
vn 0.1796 -0.9600 0.2146
vn 0.2498 0.6821 -0.6873
vn 0.2838 0.7456 -0.6029
vn 0.1605 0.1265 -0.9789
vn 0.0991 0.2151 -0.9716
vn 0.1818 -0.2406 -0.9535
vn -0.0736 -0.4632 -0.8832
vn 0.3482 -0.6815 0.6437
vn -0.2020 -0.9794 -0.0044
vn 0.2571 0.9472 0.1917
vn 0.2223 0.9131 0.3418
vn 0.2084 0.2841 0.9359
vn 0.1144 0.1810 0.9768
vn 0.4083 -0.3061 0.8600
vn -0.1689 -0.9130 -0.3715
vn -0.1582 -0.9364 0.3131
vn -0.1412 -0.9640 0.2254
vn -0.2669 -0.9299 0.2529
vn 0.2427 0.9701 -0.0016
vn 0.1726 0.9850 -0.0001
vn 0.4487 -0.4451 0.7750
vn 0.5398 -0.7255 0.4269
vn 0.4083 -0.8856 0.2213
vn 0.4572 -0.4714 -0.7542
vn 0.6121 -0.6992 -0.3693
vn 0.6280 -0.7719 0.0985
vn -0.1562 -0.9790 -0.1311
vn -0.1107 -0.9717 -0.2086
vn -0.0856 -0.9466 -0.3107
vn 0.3474 -0.2320 -0.9086
vn 0.2152 -0.1448 -0.9658
vn 0.6490 -0.7586 -0.0579
vn 0.4763 -0.8772 -0.0599
vn 0.4610 -0.8675 -0.1870
vn 0.1223 -0.9516 -0.2821
vn -0.0778 -0.9739 0.2134
vn 0.1704 0.9846 -0.0389
vn 0.2383 0.9416 -0.2379
vn 0.2494 0.5817 0.7742
vn 0.1964 0.3345 -0.9217
vn 0.2416 0.2863 -0.9272
vn 0.2247 0.4108 -0.8836
vn 0.1157 0.2270 0.9670
vn 0.2602 -0.1245 -0.9575
vn 0.2715 -0.4385 -0.8567
vn 0.2546 -0.9549 0.1527
vn 0.4368 -0.8902 0.1289
vn 0.6113 -0.7711 -0.1781
vn 0.0534 -0.9499 0.3078
vn -0.0319 -0.9513 0.3067
vn 0.5764 -0.8170 0.0177
vn 0.7676 -0.6394 0.0448
vn -0.1036 -0.9897 0.0990
vn 0.2658 0.8555 -0.4444
vn 0.1576 0.8429 -0.5145
vn 0.1716 0.9115 -0.3739
vn 0.2501 0.5112 0.8223
vn 0.2521 0.3512 0.9017
vn 0.2352 -0.1497 -0.9603
vn 0.3236 -0.2011 0.9246
vn 0.5256 -0.8416 0.1243
vn 0.7606 -0.6176 -0.2003
vn 0.1866 -0.9621 -0.1987
vn 0.5976 -0.6025 -0.5290
vn 0.6452 -0.6372 -0.4216
vn 0.2626 0.7707 -0.5806
vn 0.1725 0.7571 -0.6301
vn 0.2349 0.5312 -0.8140
vn 0.2143 0.6225 -0.7527
vn 0.2268 0.2557 0.9398
vn 0.2103 0.1788 0.9611
vn 0.1689 -0.0875 -0.9817
vn 0.1841 -0.0565 -0.9813
vn 0.2756 -0.1263 0.9529
vn 0.2244 -0.0917 0.9702
vn 0.2812 -0.3323 -0.9003
vn 0.3710 -0.5124 -0.7744
vn 0.4196 -0.9067 0.0427
vn 0.1839 -0.9599 0.2117
vn 0.0609 -0.9716 0.2285
vn -0.0029 -0.9930 0.1181
vn -0.0869 -0.9962 0.0041
vn 0.1187 0.9754 -0.1859
vn 0.1323 0.9045 0.4054
vn 0.2091 0.4410 -0.8728
vn 0.1921 0.2112 -0.9584
vn 0.1812 0.0179 -0.9833
vn 0.1128 0.1000 -0.9886
vn 0.2569 -0.2778 0.9256
vn 0.2326 -0.1127 0.9660
vn 0.3574 -0.4858 0.7976
vn 0.5978 -0.6046 0.5264
vn 0.3781 -0.9258 -0.0009
vn 0.7595 -0.6361 -0.1360
vn 0.7889 -0.6103 0.0718
vn 0.7373 -0.6341 -0.2330
vn -0.0300 -0.9949 -0.0959
vn 0.0292 -0.9788 -0.2027
vn 0.1614 0.7496 0.6420
vn 0.1668 0.6583 0.7340
vn 0.1820 0.4445 0.8771
vn 0.1790 0.1669 -0.9696
vn 0.0863 0.1581 -0.9836
vn 0.1838 0.1453 -0.9722
vn 0.1036 0.2813 -0.9540
vn 0.0855 0.0872 0.9925
vn 0.7383 -0.6401 0.2126
vn 0.6935 -0.6060 0.3895
vn 0.7765 -0.6053 -0.1753
vn 0.4239 -0.8985 -0.1143
vn 0.5510 -0.7868 0.2781
vn 0.2140 -0.9633 -0.1619
vn 0.0877 -0.9928 0.0818
vn 0.0261 -0.9997 -0.0001
vn 0.6943 -0.5932 -0.4075
vn 0.7008 -0.5821 -0.4125
vn 0.5864 -0.6214 -0.5196
vn 0.0551 0.9982 -0.0220
vn 0.1112 0.9938 0.0001
vn 0.1053 0.7160 -0.6901
vn 0.2092 0.1649 0.9639
vn 0.1591 0.1479 0.9761
vn 0.1088 -0.0066 -0.9940
vn 0.1345 -0.0359 0.9903
vn 0.3504 -0.4676 -0.8116
vn 0.3694 -0.9254 0.0848
vn 0.6422 -0.6462 0.4122
vn 0.4615 -0.5573 0.6902
vn 0.5956 -0.6279 0.5009
vn 0.0619 0.8578 0.5103
vn 0.1734 0.8184 0.5479
vn 0.1428 0.5663 -0.8117
vn 0.1467 0.5636 0.8129
vn 0.0884 0.1617 0.9829
vn 0.2167 -0.9751 0.0469
vn 0.4625 -0.5549 -0.6915
vn 0.6259 -0.6090 0.4872
vn 0.6026 -0.6802 -0.4174
vn 0.6764 -0.5597 0.4788
vn 0.6841 -0.7186 -0.1249
vn 0.7906 -0.6111 0.0391
vn 0.6912 -0.7110 0.1297
vn 0.0339 0.9994 -0.0011
vn 0.1604 0.9667 0.1994
vn 0.1153 0.9924 0.0419
vn 0.0406 0.9811 0.1891
vn 0.0122 0.8308 0.5564
vn 0.0635 0.7477 0.6610
vn 0.0629 0.6802 -0.7303
vn 0.1672 0.3330 0.9280
vn 0.1770 0.2585 -0.9497
vn 0.1225 0.1240 -0.9847
vn 0.0499 0.0828 -0.9953
vn 0.2819 -0.3938 0.8749
vn 0.3755 -0.4934 0.7846
vn 0.1729 -0.9831 -0.0606
vn 0.0713 -0.9955 -0.0630
vn 0.6034 -0.5513 -0.5762
vn 0.6379 -0.5595 0.5292
vn 0.7590 -0.6376 0.1321
vn 0.7282 -0.6246 0.2822
vn 0.5736 -0.7186 0.3932
vn -0.0360 0.9959 0.0834
vn 0.0342 0.0148 -0.9993
vn 0.0802 -0.0680 -0.9945
vn 0.1111 -0.1380 -0.9842
vn 0.2519 -0.3641 -0.8966
vn 0.1664 -0.2236 -0.9604
vn 0.4827 -0.7771 0.4039
vn 0.6793 -0.6956 -0.2338
vn 0.1473 0.1877 0.9711
vn 0.3572 -0.8975 -0.2587
vn 0.1295 -0.9913 -0.0245
vn 0.5588 -0.5800 0.5927
vn 0.0346 0.0239 0.9991
vn 0.0690 -0.0739 0.9949
vn 0.0506 -0.9987 0.0014
vn 0.3458 -0.5132 -0.7855
vn 0.5212 -0.6532 -0.5493
vn 0.7366 -0.6162 0.2789
vn -0.0096 0.9850 -0.1722
vn -0.0812 0.9959 -0.0406
vn 0.0377 0.9268 0.3737
vn 0.1184 0.1352 0.9837
vn 0.0447 0.0910 0.9948
vn 0.2628 -0.4119 0.8725
vn 0.1262 -0.9905 0.0551
vn 0.2954 -0.9291 0.2225
vn 0.3218 -0.5429 0.7757
vn 0.4407 -0.6444 0.6250
vn 0.0386 0.8113 -0.5834
vn -0.0771 0.8902 -0.4491
vn 0.0386 0.9165 -0.3981
vn 0.1896 -0.3303 -0.9246
vn 0.2049 -0.3079 0.9291
vn 0.5433 -0.6669 -0.5100
vn 0.3857 -0.7838 -0.4867
vn 0.0349 -0.9993 0.0138
vn 0.3195 -0.7948 0.5160
vn 0.3910 -0.6881 -0.6112
vn 0.5866 -0.8045 -0.0933
vn 0.6351 -0.7466 0.1979
vn -0.0657 0.9308 0.3595
vn -0.0475 0.7337 -0.6778
vn -0.0331 0.7244 0.6886
vn 0.0572 0.6713 0.7389
vn 0.0663 0.3621 0.9298
vn 0.0102 -0.0267 0.9996
vn 0.0142 -0.0312 -0.9994
vn 0.4287 -0.6301 -0.6475
vn 0.4833 -0.8093 -0.3338
vn -0.1058 0.8485 -0.5185
vn -0.0897 0.7938 -0.6015
vn -0.0814 0.7850 0.6142
vn 0.1786 0.3618 -0.9150
vn 0.0969 0.3458 -0.9333
vn 0.0652 0.4777 -0.8761
vn 0.0522 0.1283 0.9904
vn 0.1082 -0.1978 0.9742
vn 0.1541 -0.1145 0.9814
vn 0.2290 -0.9239 -0.3065
vn 0.2097 -0.9160 0.3420
vn 0.4720 -0.5155 0.7152
vn 0.5416 -0.5502 0.6356
vn 0.6136 -0.7865 -0.0702
vn 0.6106 -0.6847 -0.3979
vn -0.1366 0.8452 0.5167
vn 0.0474 0.5235 0.8507
vn 0.0753 0.2266 0.9711
vn -0.0143 0.0515 -0.9986
vn 0.2235 -0.6692 0.7086
vn 0.4228 -0.7718 0.4750
vn 0.5486 -0.8072 0.2180
vn -0.0710 0.9975 -0.0010
vn -0.1739 0.9818 -0.0761
vn -0.1557 0.9878 -0.0044
vn -0.0030 -0.1096 -0.9940
vn -0.0164 -0.1122 0.9935
vn 0.0590 -0.2171 -0.9744
vn 0.0624 -0.3264 0.9432
vn 0.1020 -0.4892 0.8662
vn 0.1369 -0.6512 -0.7465
vn 0.3699 -0.7494 -0.5491
vn -0.1480 0.9591 0.2411
vn -0.1913 0.8956 0.4015
vn -0.0531 0.5534 0.8312
vn -0.0454 0.4260 0.9036
vn -0.0606 -0.0538 -0.9967
vn 0.0117 -0.3065 -0.9518
vn 0.0766 -0.9690 0.2348
vn 0.5910 -0.6709 0.4480
vn 0.6139 -0.6682 0.4203
vn 0.5825 -0.8118 0.0403
vn -0.1100 0.7394 0.6642
vn -0.0251 0.6437 0.7649
vn -0.0211 0.3621 -0.9319
vn 0.0763 0.2421 -0.9673
vn 0.0481 0.0953 -0.9943
vn 0.0440 0.1423 -0.9888
vn 0.4296 -0.6415 0.6355
vn 0.1919 -0.7823 0.5926
vn 0.3507 -0.5245 0.7758
vn 0.4690 -0.4659 -0.7503
vn 0.4853 -0.5083 -0.7114
vn 0.5503 -0.5501 -0.6281
vn 0.2951 -0.7515 -0.5901
vn 0.3224 -0.7612 0.5627
vn -0.2115 0.8893 -0.4054
vn -0.2049 0.8361 -0.5088
vn -0.0674 -0.0610 0.9959
vn -0.0221 -0.2106 0.9773
vn -0.0516 -0.1837 -0.9816
vn -0.0907 -0.3765 -0.9220
vn 0.1487 -0.4059 -0.9017
vn 0.3027 -0.7262 -0.6173
vn 0.3253 -0.5027 -0.8009
vn -0.0579 -0.5260 0.8485
vn 0.0440 -0.6379 0.7688
vn 0.5583 -0.6049 -0.5678
vn -0.2426 0.9656 -0.0940
vn -0.1244 0.9560 -0.2656
vn -0.2459 0.9332 -0.2622
vn -0.0669 0.4938 -0.8670
vn -0.0543 0.5811 -0.8120
vn -0.0182 0.0491 0.9986
vn -0.0478 -0.0066 -0.9988
vn -0.1192 -0.2984 0.9470
vn 0.1663 -0.7706 -0.6152
vn -0.0907 -0.3922 0.9154
vn 0.6171 -0.7150 -0.3285
vn 0.6433 -0.7656 0.0003
vn -0.2581 0.9609 0.1008
vn -0.1682 0.9831 0.0727
vn -0.0250 0.2698 0.9626
vn -0.1257 -0.2584 -0.9578
vn -0.0044 -0.9997 -0.0219
vn 0.0278 -0.9774 -0.2094
vn -0.0758 -0.9866 -0.1447
vn 0.2234 -0.5962 -0.7711
vn 0.1938 -0.6227 0.7581
vn -0.2375 0.8456 0.4781
vn -0.1649 0.7764 -0.6082
vn -0.0358 0.2302 -0.9725
vn -0.1391 -0.1805 0.9737
vn -0.1024 -0.9926 -0.0655
vn -0.0858 -0.9940 0.0683
vn -0.0310 -0.5821 0.8125
vn -0.0606 -0.5224 -0.8506
vn -0.0351 -0.5999 -0.7993
vn 0.4332 -0.6633 0.6102
vn 0.3819 -0.6855 -0.6199
vn 0.6731 -0.7296 0.1210
vn 0.6411 -0.7410 -0.1998
vn -0.2858 0.8875 0.3614
vn -0.0085 0.1041 -0.9945
vn -0.0106 0.0806 0.9967
vn -0.0425 -0.0027 0.9991
vn -0.0792 -0.4485 0.8903
vn 0.2022 -0.6154 0.7619
vn 0.2503 -0.4445 0.8601
vn 0.5215 -0.4732 -0.7100
vn 0.5537 -0.7281 -0.4041
vn -0.2177 0.7897 0.5736
vn -0.1748 0.7084 -0.6839
vn -0.1522 0.5576 0.8160
vn 0.1483 -0.9168 -0.3707
vn 0.0436 -0.7865 -0.6160
vn -0.1015 -0.4075 -0.9075
vn -0.0612 -0.4715 -0.8798
vn 0.3442 -0.3665 -0.8644
vn 0.4111 -0.4143 -0.8120
vn 0.3711 -0.3054 0.8769
vn 0.4518 -0.4484 0.7712
vn 0.3579 -0.3805 0.8527
vn 0.5323 -0.5519 0.6419
vn 0.4821 -0.4244 0.7665
vn 0.5868 -0.5779 0.5672
vn -0.3076 0.9331 -0.1865
vn -0.1731 0.7221 0.6698
vn -0.1490 0.6466 0.7481
vn -0.1073 0.1913 -0.9756
vn -0.1428 -0.3056 0.9414
vn -0.0927 -0.3075 -0.9470
vn 0.1358 -0.5116 0.8484
vn 0.5038 -0.5734 -0.6460
vn -0.2859 0.9577 -0.0322
vn -0.3084 0.9487 0.0700
vn -0.1605 0.6260 -0.7632
vn -0.1867 0.5140 -0.8372
vn 0.1297 -0.4572 -0.8798
vn 0.1591 -0.6320 -0.7585
vn -0.2443 0.9364 0.2519
vn -0.3330 0.9034 0.2701
vn -0.3456 0.9065 -0.2424
vn -0.2791 0.8338 -0.4764
vn -0.2965 0.8823 -0.3655
vn -0.2484 0.7813 -0.5725
vn -0.1300 0.3361 0.9328
vn -0.1081 0.0596 -0.9924
vn -0.0931 -0.9120 -0.3994
vn 0.0384 -0.7737 0.6323
vn 0.1338 -0.5878 0.7979
vn 0.2155 -0.3653 -0.9056
vn 0.0852 -0.3816 0.9204
vn 0.3017 -0.5047 0.8089
vn 0.5743 -0.7556 0.3150
vn 0.5070 -0.5010 0.7015
vn -0.0953 -0.1165 -0.9886
vn -0.1405 -0.1461 -0.9792
vn -0.1783 -0.9793 0.0958
vn -0.1217 -0.9687 0.2163
vn -0.1184 -0.9158 0.3837
vn -0.0108 -0.9501 0.3116
vn 0.0525 -0.3287 -0.9430
vn 0.3305 -0.2837 -0.9002
vn 0.5919 -0.6115 0.5251
vn 0.7125 -0.6448 0.2768
vn 0.6178 -0.6506 -0.4417
vn -0.3394 0.9263 0.1636
vn -0.3339 0.9389 -0.0830
vn -0.1357 0.3979 -0.9074
vn -0.1485 0.2994 -0.9425
vn -0.0249 0.1500 0.9884
vn -0.1092 0.2178 0.9699
vn -0.1015 0.1320 0.9860
vn -0.0970 0.0226 0.9950
vn -0.0884 -0.0771 -0.9931
vn -0.1289 -0.0975 0.9869
vn -0.1075 -0.1761 0.9785
vn -0.1375 -0.9720 -0.1907
vn -0.0375 -0.2624 0.9642
vn 0.1207 -0.3920 -0.9120
vn 0.0368 -0.4877 -0.8722
vn 0.4048 -0.4617 0.7892
vn 0.7216 -0.6921 -0.0147
vn 0.6794 -0.6804 -0.2747
vn -0.2938 0.8298 0.4745
vn -0.0728 -0.0201 0.9971
vn 0.3798 -0.4435 -0.8118
vn 0.2432 -0.4376 -0.8656
vn 0.3168 -0.5377 -0.7814
vn 0.6079 -0.5946 -0.5262
vn 0.5074 -0.4919 -0.7075
vn 0.5271 -0.5234 -0.6695
vn 0.6716 -0.6766 0.3021
vn 0.6109 -0.5980 0.5189
vn 0.6974 -0.6612 0.2765
vn -0.0770 -0.0938 0.9926
vn 0.1584 -0.3819 0.9106
vn 0.2406 -0.2710 0.9320
vn 0.1945 -0.2801 -0.9401
vn 0.1236 -0.4078 0.9047
vn 0.5122 -0.4785 0.7132
vn -0.2608 0.6533 0.7107
vn -0.1121 -0.0228 -0.9934
vn -0.0822 0.0250 -0.9963
vn 0.0876 -0.4296 0.8987
vn 0.0313 -0.5413 0.8403
vn 0.0864 -0.3057 -0.9482
vn 0.2529 -0.1830 -0.9500
vn 0.2250 -0.3070 -0.9248
vn -0.3761 0.8671 0.3267
vn -0.2746 0.6357 -0.7215
vn -0.0815 0.0645 0.9946
vn -0.0921 -0.0768 -0.9928
vn -0.0159 -0.2085 -0.9779
vn -0.1019 -0.2126 -0.9718
vn -0.0700 -0.7765 -0.6263
vn 0.0984 -0.2903 0.9519
vn 0.2001 -0.4328 0.8790
vn 0.3440 -0.2465 -0.9061
vn 0.4115 -0.3491 -0.8419
vn 0.6174 -0.5411 0.5709
vn 0.6751 -0.6554 -0.3386
vn 0.7607 -0.6376 -0.1221
vn 0.6528 -0.5630 -0.5069
vn -0.3480 0.8320 0.4320
vn -0.2043 0.4716 0.8578
vn -0.1113 -0.0418 0.9929
vn -0.1833 -0.9234 0.3371
vn -0.0021 -0.2165 0.9763
vn 0.0841 -0.2778 0.9570
vn 0.0345 -0.2615 -0.9646
vn 0.1738 -0.2910 0.9408
vn 0.3511 -0.3539 0.8669
vn -0.3087 0.7647 0.5657
vn -0.3267 0.7309 -0.5992
vn -0.2658 0.3962 -0.8789
vn -0.0529 -0.1443 0.9881
vn -0.0437 -0.1458 -0.9883
vn -0.1653 -0.9410 -0.2954
vn 0.1424 -0.2141 0.9664
vn 0.0787 -0.2967 0.9517
vn 0.0659 -0.3953 0.9162
vn 0.5347 -0.4374 -0.7231
vn 0.6589 -0.5140 0.5492
vn -0.2470 0.2020 0.9477
vn -0.2545 0.3254 0.9107
vn -0.1547 0.0123 -0.9879
vn -0.1636 -0.9860 -0.0317
vn -0.2158 -0.9745 -0.0623
vn -0.2275 -0.9622 0.1494
vn 0.1734 -0.1164 0.9779
vn 0.2728 -0.1862 0.9439
vn 0.1515 -0.4102 -0.8993
vn 0.1543 -0.3976 -0.9045
vn 0.0513 -0.5445 -0.8372
vn 0.4912 -0.3723 0.7875
vn 0.4031 -0.3712 -0.8365
vn 0.6272 -0.5081 -0.5903
vn 0.4993 -0.4535 -0.7383
vn -0.3350 0.7960 -0.5042
vn -0.3673 0.8379 -0.4037
vn -0.1764 0.0879 0.9804
vn -0.1974 0.0290 0.9799
vn -0.0915 -0.7818 0.6167
vn 0.0108 -0.3924 -0.9197
vn 0.3428 -0.2762 -0.8979
vn 0.3255 -0.2676 0.9069
vn 0.7953 -0.5804 0.1752
vn 0.8243 -0.5554 -0.1097
vn -0.3167 0.9483 0.0178
vn -0.3295 0.9357 0.1259
vn -0.3553 0.9060 0.2300
vn -0.3306 0.5248 -0.7844
vn -0.2329 0.1034 -0.9670
vn -0.1067 0.1144 -0.9877
vn -0.1256 -0.0849 0.9884
vn -0.0399 -0.6292 0.7762
vn -0.0654 -0.2378 -0.9691
vn 0.0797 -0.1347 -0.9877
vn 0.4353 -0.3531 -0.8281
vn 0.1989 -0.1564 -0.9675
vn 0.5676 -0.3660 -0.7375
vn 0.5573 -0.3728 0.7419
vn -0.2258 0.0474 -0.9730
vn -0.1387 -0.1700 0.9756
vn 0.0007 -0.2521 0.9677
vn -0.0970 -0.2297 0.9684
vn 0.4572 -0.2806 -0.8439
vn 0.6961 -0.5481 0.4637
vn 0.5333 -0.4040 0.7432
vn 0.8080 -0.5301 0.2572
vn 0.7553 -0.4564 0.4703
vn -0.3529 0.4734 0.8071
vn -0.2606 0.1050 0.9597
vn -0.2184 -0.0241 0.9756
vn -0.1566 -0.1346 -0.9785
vn -0.1026 -0.1030 -0.9894
vn 0.1025 -0.2696 -0.9575
vn 0.0063 -0.4522 -0.8919
vn 0.0073 -0.3479 0.9375
vn -0.0164 -0.3479 0.9374
vn 0.4500 -0.3573 0.8184
vn 0.7171 -0.5333 -0.4487
vn 0.7087 -0.5083 0.4893
vn -0.4242 0.3721 0.8256
vn -0.1383 -0.1830 -0.9733
vn 0.0009 -0.5728 -0.8197
vn -0.1314 -0.3457 -0.9291
vn -0.0222 -0.3024 -0.9529
vn -0.1187 -0.3489 0.9296
vn 0.6749 -0.4814 -0.5592
vn 0.7669 -0.5476 -0.3345
vn -0.4101 0.8246 0.3897
vn -0.4230 0.2675 0.8658
vn -0.1774 -0.0508 -0.9828
vn -0.2507 -0.0086 -0.9680
vn -0.1610 -0.7682 0.6196
vn -0.0188 -0.3085 -0.9511
vn 0.3793 -0.2820 0.8812
vn 0.4508 -0.2746 0.8493
vn 0.3302 -0.2666 0.9055
vn 0.4062 -0.3183 -0.8566
vn 0.6882 -0.4074 -0.6004
vn 0.8147 -0.5041 -0.2866
vn 0.7416 -0.4355 -0.5103
vn 0.7769 -0.4654 0.4241
vn 0.8289 -0.5591 -0.0178
vn -0.3110 0.5819 0.7515
vn -0.3870 0.6121 0.6896
vn -0.3081 0.0607 0.9494
vn -0.0197 -0.4087 0.9124
vn 0.0485 -0.0155 -0.9987
vn 0.0422 -0.1341 -0.9901
vn 0.1770 -0.1270 -0.9760
vn 0.0708 -0.1763 0.9818
vn 0.0369 0.0558 0.9978
vn 0.1090 -0.0226 -0.9938
vn 0.2125 -0.1064 -0.9714
vn 0.0041 -0.1871 0.9823
vn 0.0326 -0.0556 0.9979
vn 0.1830 -0.1612 0.9698
vn 0.3182 -0.1911 0.9286
vn 0.2223 -0.0964 0.9702
vn 0.2140 -0.2034 0.9554
vn 0.5770 -0.3325 0.7460
vn 0.6646 -0.3966 0.6333
vn 0.6392 -0.3602 -0.6795
vn 0.6647 -0.3985 0.6320
vn 0.8219 -0.5573 0.1181
vn 0.8385 -0.5416 -0.0596
vn -0.4039 0.7748 0.4863
vn -0.4481 0.4842 0.7515
vn -0.2693 0.2733 -0.9235
vn -0.3947 0.2979 -0.8692
vn -0.3655 0.4036 -0.8388
vn -0.1427 -0.7507 -0.6450
vn -0.2045 -0.9015 -0.3814
vn -0.0697 -0.5748 0.8153
vn -0.0247 -0.2808 -0.9594
vn 0.2105 -0.1639 0.9637
vn 0.2471 -0.2049 -0.9471
vn 0.6388 -0.4821 -0.5996
vn 0.7699 -0.5676 0.2916
vn 0.7750 -0.5647 -0.2836
vn -0.4221 0.7748 -0.4707
vn -0.4495 0.7191 0.5300
vn -0.4731 0.6545 0.5898
vn -0.4494 0.4773 -0.7551
vn -0.3669 0.1917 -0.9103
vn -0.2406 0.1856 -0.9527
vn -0.3069 0.0278 -0.9513
vn -0.1556 -0.3086 -0.9384
vn -0.1507 -0.2984 0.9425
vn 0.0568 0.0011 0.9984
vn 0.0829 -0.1112 0.9903
vn 0.4915 -0.2625 0.8304
vn -0.1755 0.9828 0.0571
vn -0.3542 0.1419 0.9244
vn -0.2406 -0.0960 -0.9659
vn -0.2074 -0.0596 -0.9764
vn -0.2296 -0.3058 -0.9240
vn -0.0961 -0.0633 0.9934
vn 0.1541 -0.1407 -0.9780
vn -0.0054 -0.0088 -0.9999
vn 0.5272 -0.2879 -0.7995
vn 0.3593 -0.3865 -0.8494
vn 0.6024 -0.5383 0.5893
vn 0.5651 -0.5168 -0.6431
vn -0.4512 0.7026 -0.5503
vn -0.4763 0.3630 -0.8008
vn -0.3613 0.1030 -0.9268
vn -0.3358 -0.8754 0.3478
vn -0.2600 -0.3045 0.9163
vn -0.1037 -0.1272 -0.9864
vn 0.1779 -0.1025 0.9787
vn 0.7185 -0.4295 0.5471
vn 0.7985 -0.4718 -0.3739
vn -0.4571 0.8231 0.3371
vn -0.5037 0.7725 0.3868
vn -0.5041 0.5444 0.6704
vn -0.3264 -0.0378 -0.9445
vn -0.2820 -0.8595 -0.4263
vn -0.3445 -0.9284 -0.1396
vn -0.2809 -0.9551 0.0940
vn -0.2497 -0.0929 0.9639
vn -0.2369 -0.2037 0.9499
vn -0.1372 -0.4213 -0.8965
vn -0.0688 -0.5010 -0.8627
vn -0.3001 -0.2527 -0.9198
vn -0.1824 0.0478 -0.9821
vn -0.1608 -0.0066 0.9870
vn -0.0520 0.0372 -0.9980
vn 0.2834 -0.1649 -0.9447
vn 0.4073 -0.2279 -0.8844
vn 0.3037 -0.3231 0.8963
vn 0.2808 -0.2890 -0.9152
vn 0.5758 -0.3511 -0.7384
vn 0.7952 -0.5552 -0.2435
vn 0.8449 -0.5343 0.0263
vn -0.2128 0.9566 -0.1991
vn -0.3453 0.9199 -0.1857
vn -0.3996 0.8726 -0.2809
vn -0.3811 0.8731 -0.3040
vn -0.3799 0.6801 -0.6269
vn -0.3846 0.6024 -0.6994
vn -0.4897 0.5555 -0.6720
vn -0.4712 0.2141 -0.8557
vn -0.4728 0.1929 0.8598
vn -0.4198 0.1071 0.9013
vn -0.2314 -0.6286 -0.7425
vn -0.1789 -0.5125 0.8398
vn -0.1587 -0.2875 -0.9446
vn -0.1476 0.0679 0.9867
vn -0.2269 0.9320 0.2826
vn -0.4947 0.4008 0.7711
vn -0.4955 0.3898 -0.7762
vn -0.3918 0.0057 -0.9201
vn -0.3124 0.0125 0.9499
vn -0.3087 -0.0348 0.9505
vn -0.2668 -0.1237 -0.9558
vn -0.2922 -0.7195 0.6300
vn -0.1607 -0.3777 0.9119
vn -0.2862 -0.2597 0.9223
vn -0.0179 0.0233 -0.9996
vn -0.1777 0.0004 -0.9841
vn -0.0845 -0.1029 -0.9911
vn -0.0754 -0.0868 -0.9934
vn -0.5068 0.7901 -0.3449
vn -0.4563 0.8133 -0.3609
vn -0.4883 0.2448 -0.8376
vn -0.4042 0.0743 -0.9117
vn -0.4567 0.1285 -0.8803
vn -0.3308 -0.0225 -0.9434
vn -0.2868 -0.1112 0.9515
vn -0.3312 -0.0300 0.9431
vn -0.4573 -0.8860 0.0774
vn -0.2760 -0.0895 -0.9570
vn -0.2927 0.0811 0.9528
vn -0.2521 -0.0625 0.9657
vn -0.2336 0.1021 -0.9670
vn 0.0534 -0.0599 -0.9968
vn 0.1133 -0.2791 -0.9536
vn 0.2987 -0.4431 -0.8453
vn -0.3508 0.8233 0.4463
vn -0.5011 0.7925 0.3477
vn -0.4101 0.0571 0.9103
vn -0.4083 -0.0032 0.9128
vn -0.3433 -0.6008 -0.7219
vn -0.4447 -0.7546 -0.4826
vn -0.2842 -0.3348 -0.8984
vn -0.3452 -0.2562 0.9029
vn -0.2946 -0.2874 -0.9114
vn -0.3224 -0.0437 0.9456
vn -0.0424 0.0087 0.9991
vn -0.2438 0.0379 0.9691
vn -0.1152 -0.0545 0.9918
vn -0.1977 0.0221 -0.9800
vn 0.1194 -0.2179 0.9686
vn -0.0618 -0.1201 0.9908
vn 0.1284 -0.3683 -0.9208
vn 0.3862 -0.4808 0.7872
vn 0.3998 -0.4348 0.8069
vn 0.6737 -0.4683 -0.5717
vn 0.5857 -0.3373 -0.7371
vn 0.6468 -0.5606 -0.5171
vn 0.3950 -0.4970 -0.7727
vn 0.7681 -0.5612 0.3083
vn 0.6253 -0.5098 0.5908
vn -0.5686 0.5982 0.5646
vn -0.4857 0.1941 0.8523
vn -0.4876 0.2880 0.8242
vn -0.4632 0.1190 0.8782
vn -0.3830 0.0067 0.9237
vn -0.4956 -0.8319 -0.2496
vn -0.5246 -0.7784 0.3448
vn -0.3409 0.1251 -0.9317
vn -0.3045 0.0220 -0.9523
vn -0.2460 -0.1426 -0.9587
vn -0.2426 0.0750 0.9672
vn 0.0086 -0.0360 0.9993
vn 0.2045 -0.1450 0.9681
vn 0.2423 -0.1717 -0.9549
vn 0.4214 -0.2591 -0.8691
vn 0.1546 -0.1945 -0.9686
vn 0.1747 -0.4170 0.8920
vn 0.1661 -0.3415 0.9251
vn 0.5858 -0.3246 0.7426
vn 0.4537 -0.2801 0.8460
vn 0.6444 -0.5266 -0.5545
vn 0.8399 -0.5103 0.1848
vn 0.8243 -0.3998 0.4009
vn -0.5455 0.7006 0.4600
vn -0.5589 0.4636 0.6876
vn -0.4836 0.0439 -0.8742
vn -0.3981 -0.6855 0.6095
vn -0.3579 -0.5095 0.7825
vn -0.3345 -0.1610 0.9285
vn -0.1946 -0.2644 0.9446
vn -0.3012 -0.3247 0.8966
vn -0.4147 -0.1004 0.9044
vn 0.0168 -0.1763 -0.9842
vn 0.4975 -0.4247 0.7564
vn 0.4772 -0.3654 -0.7992
vn -0.1690 0.7646 -0.6219
vn -0.6093 0.7251 0.3210
vn -0.3480 -0.0599 0.9356
vn -0.6297 -0.7592 -0.1644
vn -0.5686 -0.8076 0.1564
vn -0.3251 -0.1749 -0.9294
vn -0.3517 -0.0861 -0.9322
vn -0.4460 -0.2132 -0.8693
vn -0.3772 0.0719 -0.9233
vn -0.2466 0.0731 -0.9664
vn -0.3304 0.0943 0.9391
vn -0.2747 -0.0591 0.9597
vn 0.0669 -0.1123 0.9914
vn -0.1045 -0.0209 0.9943
vn 0.0499 -0.0987 -0.9939
vn 0.0227 -0.2609 0.9651
vn 0.2426 -0.1887 -0.9516
vn 0.2726 -0.1982 0.9415
vn 0.4170 -0.2375 0.8773
vn 0.6978 -0.3580 -0.6205
vn 0.8949 -0.4462 0.0082
vn 0.8534 -0.3741 -0.3631
vn -0.1117 0.8191 -0.5626
vn -0.5792 0.7332 0.3562
vn -0.6109 0.7069 -0.3567
vn -0.5248 0.7677 -0.3677
vn -0.4171 -0.0112 -0.9088
vn -0.3575 -0.3526 0.8648
vn -0.3773 -0.2706 0.8857
vn -0.4570 -0.2568 0.8516
vn -0.3509 -0.2677 -0.8973
vn -0.3554 0.1064 -0.9286
vn -0.3774 0.1246 0.9176
vn -0.2854 0.0830 0.9548
vn -0.4392 0.0928 0.8936
vn -0.2050 -0.1010 -0.9735
vn 0.1136 -0.3198 -0.9406
vn 0.3635 -0.2195 -0.9054
vn 0.2476 -0.1906 -0.9499
vn 0.6605 -0.2332 -0.7137
vn -0.5368 0.6557 0.5310
vn -0.5277 0.7332 -0.4289
vn -0.5466 0.3359 -0.7670
vn -0.5144 0.4267 -0.7438
vn -0.3948 0.0179 -0.9186
vn -0.3992 0.0129 0.9168
vn -0.6869 -0.6991 0.1986
vn -0.4575 -0.1141 0.8819
vn -0.4874 -0.5966 0.6376
vn -0.3997 -0.2490 -0.8822
vn -0.5019 -0.0560 -0.8631
vn -0.3625 0.1096 -0.9255
vn -0.4107 0.0073 0.9118
vn -0.2826 0.0530 0.9578
vn -0.1778 -0.1645 0.9702
vn -0.1022 -0.2431 -0.9646
vn 0.1046 -0.0974 -0.9897
vn -0.0723 -0.3178 0.9454
vn 0.0926 -0.3152 0.9445
vn 0.7415 -0.4323 0.5131
vn 0.5501 -0.2152 0.8069
vn 0.7107 -0.3098 -0.6316
vn 0.6675 -0.1942 0.7188
vn 0.7257 -0.2763 0.6301
vn -0.1207 0.9204 0.3719
vn -0.1185 0.8206 0.5591
vn -0.1970 0.6769 0.7092
vn -0.5334 0.2244 0.8156
vn -0.5357 0.3140 0.7838
vn -0.5379 0.2369 -0.8091
vn -0.4903 0.1642 -0.8560
vn -0.5173 0.0958 0.8504
vn -0.5164 0.1586 0.8416
vn -0.5208 0.0941 -0.8484
vn -0.4531 -0.5801 -0.6769
vn -0.5456 -0.5886 -0.5965
vn -0.5697 -0.6659 0.4817
vn -0.4759 -0.1456 -0.8674
vn -0.3659 -0.2595 0.8937
vn -0.4894 -0.2623 -0.8316
vn -0.4445 0.0177 -0.8956
vn -0.0862 -0.0553 0.9947
vn 0.3181 -0.1394 0.9378
vn 0.8406 -0.4477 0.3049
vn 0.6153 -0.3969 0.6811
vn 0.8006 -0.4433 -0.4031
vn 0.7236 -0.4174 -0.5498
vn 0.8212 -0.4263 0.3793
vn 0.7608 -0.6359 0.1297
vn 0.8954 -0.4434 -0.0413
vn 0.8233 -0.5339 0.1925
vn 0.7779 -0.6064 -0.1651
vn 0.7582 -0.4758 0.4459
vn 0.7380 -0.5289 0.4190
vn 0.5040 -0.7340 0.4553
vn 0.8716 -0.2714 0.4083
vn 0.9616 -0.2718 0.0385
vn 0.8580 -0.3079 0.4111
vn 0.9712 -0.2321 -0.0542
vn 0.6322 -0.6913 -0.3500
vn 0.2187 -0.9716 -0.0903
vn 0.1812 -0.9579 -0.2226
vn -0.1005 0.7247 0.6817
vn -0.6133 0.6627 0.4298
vn -0.6033 0.4585 -0.6525
vn -0.4668 0.0408 -0.8834
vn -0.5832 -0.6637 -0.4683
vn -0.4766 0.0386 0.8782
vn -0.2820 0.0589 -0.9576
vn -0.1151 0.0001 -0.9934
vn -0.1269 -0.0405 -0.9911
vn 0.2180 -0.1669 0.9616
vn 0.4317 -0.1289 0.8928
vn 0.5810 -0.2576 -0.7721
vn 0.8121 -0.4969 -0.3059
vn 0.6229 -0.4773 -0.6199
vn 0.8195 0.5686 0.0714
vn 0.7208 0.6509 0.2381
vn 0.7403 0.5839 0.3332
vn 0.7574 0.5524 0.3482
vn 0.7356 0.4764 0.4816
vn 0.5905 0.4274 0.6846
vn 0.7886 0.5326 -0.3072
vn 0.6195 0.4563 -0.6387
vn 0.6769 0.4390 -0.5908
vn 0.7649 0.4565 -0.4544
vn 0.5538 0.2598 -0.7911
vn 0.7679 0.5707 -0.2911
vn 0.6424 -0.7066 0.2968
vn 0.9252 -0.2169 -0.3115
vn 0.8840 -0.1811 -0.4309
vn 0.6470 -0.4301 -0.6296
vn 0.1199 -0.9924 0.0283
vn 0.0544 -0.9985 0.0029
vn 0.1152 -0.9930 -0.0262
vn 0.1225 -0.9857 -0.1160
vn -0.6960 -0.5590 0.4508
vn -0.5553 -0.4371 0.7076
vn -0.3404 -0.3372 -0.8777
vn -0.5595 -0.4469 -0.6980
vn -0.4313 -0.3866 -0.8151
vn -0.4963 -0.2472 -0.8322
vn -0.5306 -0.2946 -0.7948
vn -0.5267 -0.2762 0.8039
vn -0.5268 -0.2553 0.8107
vn -0.5291 -0.2029 -0.8240
vn -0.6109 -0.1826 0.7704
vn -0.4549 0.0429 0.8895
vn -0.3373 0.0951 -0.9366
vn -0.3364 0.0050 -0.9417
vn -0.5391 0.0339 -0.8415
vn -0.4454 0.0871 -0.8911
vn -0.4127 -0.0498 -0.9095
vn -0.4390 -0.0564 0.8967
vn -0.2938 -0.1943 0.9359
vn 0.4461 -0.1866 0.8753
vn 0.7257 -0.4632 0.5088
vn 0.5853 0.5734 -0.5733
vn 0.4331 -0.7799 0.4519
vn 0.5375 -0.3273 -0.7772
vn 0.0200 -0.9997 -0.0153
vn 0.0663 -0.9948 -0.0768
vn 0.1709 -0.9852 0.0091
vn 0.0581 -0.9953 0.0780
vn 0.1047 -0.9939 0.0344
vn -0.1135 0.8853 -0.4510
vn -0.1413 0.6986 -0.7014
vn -0.7049 0.6571 0.2673
vn -0.5864 0.5832 0.5622
vn -0.6235 0.4423 0.6446
vn -0.6102 0.4661 -0.6406
vn -0.5921 0.5555 -0.5838
vn -0.5936 0.3929 0.7024
vn -0.4705 0.0409 0.8815
vn -0.6849 -0.5617 -0.4642
vn -0.5827 -0.1343 0.8015
vn -0.5016 -0.2446 0.8298
vn -0.6763 -0.2774 0.6824
vn -0.6435 -0.2350 -0.7285
vn -0.6188 -0.1796 0.7648
vn -0.6480 0.1269 -0.7510
vn -0.6039 0.0478 0.7957
vn -0.6074 0.1112 0.7865
vn -0.4805 0.1985 0.8543
vn -0.3592 0.1116 0.9266
vn -0.5168 0.0416 0.8551
vn -0.6211 0.0319 -0.7831
vn -0.2700 -0.2203 -0.9373
vn -0.1636 -0.2299 -0.9594
vn 0.0122 -0.0571 0.9983
vn 0.2710 -0.1524 0.9504
vn 0.3953 -0.3352 -0.8552
vn 0.2691 -0.1432 -0.9524
vn 0.4137 -0.1895 -0.8905
vn 0.2754 -0.3441 -0.8976
vn 0.4538 -0.4229 0.7844
vn 0.6434 -0.4701 0.6042
vn 0.7484 -0.5977 -0.2876
vn 0.7361 -0.6172 0.2779
vn 0.7275 0.6791 -0.0981
vn 0.7940 0.5391 -0.2810
vn 0.7185 0.6048 -0.3435
vn 0.5796 0.5974 0.5542
vn 0.5800 0.6401 -0.5039
vn 0.0054 -0.9956 -0.0937
vn -0.7550 0.4817 0.4449
vn -0.2986 0.5174 0.8020
vn -0.8449 0.5254 0.1009
vn -0.7137 0.6548 0.2489
vn -0.5994 0.7249 -0.3396
vn -0.5819 0.6688 -0.4627
vn -0.6957 0.6450 -0.3161
vn -0.6920 0.5568 0.4595
vn -0.4809 0.0431 0.8757
vn -0.5502 0.0799 -0.8312
vn -0.7452 -0.6669 0.0014
vn -0.5887 -0.8049 0.0746
vn -0.7574 -0.6071 0.2405
vn -0.6148 -0.1438 -0.7755
vn -0.6954 -0.2740 -0.6644
vn -0.6502 -0.2624 -0.7130
vn -0.7287 -0.0731 -0.6810
vn -0.5914 0.2566 0.7645
vn -0.7619 0.1159 0.6372
vn -0.6125 0.1055 -0.7834
vn -0.6724 -0.0086 -0.7401
vn -0.5780 0.0337 0.8153
vn -0.6006 0.0196 0.7993
vn -0.4663 -0.0950 -0.8795
vn -0.1608 -0.2403 0.9573
vn 0.0122 -0.1123 -0.9936
vn 0.0814 -0.1173 0.9897
vn 0.8030 -0.5913 0.0752
vn 0.6286 -0.5544 0.5455
vn 0.5558 -0.4809 -0.6781
vn 0.7913 -0.3921 0.4692
vn 0.7329 -0.6352 -0.2438
vn 0.8786 -0.4563 0.1408
vn 0.6784 0.5239 0.5151
vn 0.6286 0.4351 -0.6447
vn 0.5711 0.3813 0.7269
vn 0.3287 0.4736 -0.8171
vn 0.3227 -0.1322 0.9372
vn 0.4165 -0.1238 0.9007
vn 0.4448 0.2373 0.8636
vn 0.3851 0.0077 -0.9228
vn 0.6482 0.0499 -0.7599
vn -0.0945 0.5019 0.8598
vn -0.1998 0.5331 0.8221
vn -0.7397 0.3504 -0.5746
vn -0.5213 0.1396 -0.8419
vn -0.5058 0.1757 -0.8446
vn -0.7119 0.5067 -0.4863
vn -0.7718 0.5479 -0.3227
vn -0.6767 0.5566 -0.4821
vn -0.5713 0.1631 -0.8044
vn -0.6526 0.2448 -0.7171
vn -0.5615 0.0927 0.8223
vn -0.5151 -0.0137 0.8570
vn -0.5458 0.0387 0.8370
vn -0.6253 -0.5286 0.5741
vn -0.6130 -0.3178 -0.7233
vn -0.6955 -0.2689 -0.6663
vn -0.7955 -0.1627 0.5837
vn -0.8380 -0.1199 -0.5324
vn -0.7817 0.0582 0.6209
vn -0.4431 0.1948 -0.8750
vn -0.3179 0.0827 -0.9445
vn -0.2804 0.0919 -0.9555
vn -0.3468 0.1007 0.9325
vn -0.6071 0.0181 -0.7945
vn -0.3074 0.0800 0.9482
vn -0.1970 0.0219 0.9802
vn -0.2980 0.0737 -0.9517
vn -0.4922 -0.0962 0.8651
vn 0.0059 -0.0200 -0.9998
vn 0.1903 -0.0499 -0.9804
vn 0.1036 -0.1523 -0.9829
vn -0.1567 -0.0065 -0.9876
vn 0.0510 -0.1340 0.9897
vn 0.3571 -0.3537 0.8645
vn 0.1374 -0.0958 0.9859
vn 0.5063 -0.3187 0.8013
vn 0.8017 -0.4200 -0.4253
vn 0.6078 -0.5280 -0.5931
vn 0.8390 -0.3924 -0.3769
vn 0.6531 -0.2978 -0.6963
vn 0.7331 0.5251 0.4323
vn 0.5402 0.4052 0.7376
vn 0.3931 0.3114 0.8652
vn -0.0101 -0.9999 0.0125
vn -0.2235 0.3781 -0.8984
vn -0.1768 0.4946 -0.8509
vn -0.2265 0.6059 -0.7626
vn -0.1602 0.4336 0.8868
vn -0.0508 0.0353 -0.9981
vn -0.0225 0.1673 -0.9856
vn 0.0313 -0.1294 -0.9911
vn -0.8035 0.5662 0.1839
vn -0.7005 0.3004 0.6473
vn -0.6704 -0.5147 0.5345
vn -0.6672 -0.5204 -0.5329
vn -0.6700 -0.0636 0.7396
vn -0.6694 -0.4590 -0.5841
vn -0.6786 -0.3077 0.6670
vn -0.6621 -0.2658 0.7007
vn -0.8549 -0.1604 -0.4933
vn -0.7784 -0.2950 0.5541
vn -0.9115 -0.1298 0.3903
vn -0.8747 -0.1450 0.4624
vn -0.7741 -0.2087 0.5977
vn -0.8118 0.1540 -0.5633
vn -0.7371 0.3070 0.6020
vn -0.8048 0.1041 -0.5843
vn -0.5118 0.2722 -0.8148
vn -0.6655 0.0987 0.7398
vn -0.5098 0.1818 0.8409
vn -0.2869 0.0950 0.9532
vn -0.6343 0.0392 -0.7721
vn -0.2764 0.0690 0.9586
vn -0.3080 0.0738 -0.9485
vn -0.2721 -0.0732 -0.9595
vn -0.0449 -0.1410 -0.9890
vn -0.1394 -0.0293 0.9898
vn 0.2771 -0.3423 -0.8978
vn 0.4375 -0.2839 -0.8532
vn 0.9375 -0.2929 0.1881
vn 0.7393 -0.2487 0.6257
vn 0.9521 -0.3058 -0.0021
vn 0.8896 -0.2638 0.3728
vn 0.4638 0.3335 -0.8208
vn 0.2153 0.0829 -0.9730
vn -0.2344 0.7239 0.6489
vn -0.1478 0.9879 -0.0467
vn -0.3232 0.9049 0.2771
vn -0.2471 0.8697 -0.4273
vn 0.1870 -0.0500 -0.9811
vn -0.0732 0.0510 0.9960
vn -0.5276 0.2062 0.8241
vn -0.2634 0.3406 0.9026
vn -0.6706 0.2090 -0.7117
vn -0.8414 0.5172 -0.1571
vn -0.8828 0.4642 -0.0717
vn -0.7211 0.6651 -0.1940
vn -0.7656 0.3209 -0.5576
vn -0.6958 0.3817 0.6083
vn -0.6778 0.4847 0.5529
vn -0.6617 0.3383 -0.6691
vn -0.6626 0.4507 -0.5983
vn -0.7009 -0.5104 -0.4982
vn -0.6487 -0.5322 -0.5441
vn -0.4245 -0.7517 0.5046
vn -0.8439 -0.2735 -0.4615
vn -0.9786 0.0556 -0.1980
vn -0.9569 -0.2486 -0.1500
vn -0.9323 0.1384 0.3342
vn -0.9276 0.1313 0.3497
vn -0.9261 0.2707 -0.2627
vn -0.9352 0.1346 -0.3277
vn -0.4202 0.1299 -0.8981
vn -0.4827 -0.0990 -0.8702
vn -0.0940 -0.1360 0.9862
vn 0.2052 -0.0756 0.9758
vn -0.1091 -0.0704 0.9915
vn 0.1650 -0.4001 0.9015
vn 0.1640 -0.2756 0.9472
vn 0.4330 -0.1829 0.8826
vn 0.6687 -0.2104 0.7131
vn 0.9377 -0.2450 -0.2464
vn 0.7429 0.6660 0.0670
vn 0.7583 0.5279 0.3825
vn 0.3084 0.3271 -0.8932
vn 0.3357 0.5100 0.7919
vn 0.2761 0.4133 0.8677
vn 0.1641 0.0501 0.9852
vn 0.1839 -0.4123 -0.8923
vn 0.2821 -0.4745 -0.8338
vn -0.0316 -0.9976 0.0615
vn -0.0290 -0.9994 0.0181
vn -0.0361 -0.9980 -0.0516
vn -0.3893 0.9082 -0.1535
vn -0.2757 0.6990 -0.6598
vn 0.1740 -0.2269 -0.9583
vn -0.1149 -0.0972 -0.9886
vn -0.8977 0.4404 -0.0164
vn -0.9319 0.3611 0.0356
vn -0.6410 0.2273 0.7331
vn -0.6695 0.1417 0.7292
vn -0.5338 -0.0196 -0.8454
vn -0.6281 0.0312 -0.7775
vn -0.5082 0.0456 -0.8600
vn -0.7667 -0.4155 -0.4894
vn -0.6925 -0.1667 0.7019
vn -0.7398 -0.2943 -0.6050
vn -0.7386 -0.1755 -0.6509
vn -0.6838 -0.0379 -0.7287
vn -0.9002 -0.3214 0.2939
vn -0.8790 -0.2632 0.3976
vn -0.8296 -0.2470 -0.5008
vn -0.8726 -0.3009 -0.3848
vn -0.9118 -0.2806 -0.2997
vn -0.8310 -0.2725 0.4850
vn -0.9230 -0.2756 0.2685
vn -0.9031 -0.3322 -0.2721
vn -0.9642 -0.2055 0.1678
vn -0.9924 0.1206 0.0252
vn -0.9658 -0.2243 0.1301
vn -0.9583 -0.1900 -0.2134
vn -0.9559 0.2765 0.0989
vn -0.7097 0.3046 -0.6352
vn -0.7668 0.3362 -0.5468
vn -0.7871 0.1630 0.5950
vn -0.6505 0.0720 -0.7561
vn -0.6449 0.0359 0.7635
vn -0.6354 0.0395 0.7712
vn -0.3199 0.0531 -0.9460
vn -0.1464 0.0039 -0.9892
vn -0.1653 0.0232 -0.9860
vn -0.3494 -0.0475 0.9358
vn 0.0802 -0.2451 0.9662
vn 0.0121 -0.1886 -0.9820
vn 0.3019 -0.3150 -0.8998
vn 0.4417 -0.2013 -0.8743
vn 0.4144 -0.3958 0.8196
vn 0.7669 -0.2280 -0.5999
vn 0.7322 -0.1792 0.6571
vn 0.9698 -0.2439 -0.0053
vn 0.9342 -0.2811 -0.2198
vn 0.8227 -0.1907 0.5355
vn 0.9157 -0.2401 0.3224
vn 0.9274 -0.2227 0.3005
vn 0.7917 0.5638 -0.2352
vn 0.4920 0.4548 -0.7423
vn 0.5373 0.4306 0.7252
vn 0.1515 0.2866 -0.9460
vn 0.1598 -0.2308 -0.9598
vn 0.0381 -0.4439 -0.8952
vn -0.2878 0.1165 0.9506
vn -0.4630 0.1752 -0.8689
vn -0.8688 0.4372 0.2322
vn -0.7831 0.3787 -0.4934
vn -0.8325 0.4399 -0.3368
vn -0.8261 0.3625 0.4315
vn -0.6403 0.0712 0.7648
vn -0.6642 0.0752 -0.7438
vn -0.1605 -0.9005 -0.4042
vn -0.1881 -0.8635 -0.4680
vn -0.1110 -0.8215 -0.5593
vn -0.3052 -0.8940 -0.3282
vn -0.0068 -0.9165 0.4001
vn -0.1088 -0.9216 0.3725
vn -0.0259 -0.9004 0.4342
vn -0.7606 -0.2725 0.5893
vn -0.9502 -0.3116 0.0062
vn -0.8828 0.2018 0.4241
vn -0.8842 0.1395 -0.4457
vn -0.9142 0.3265 0.2400
vn -0.7717 0.3128 0.5537
vn -0.7790 0.1223 -0.6150
vn -0.6839 0.2041 -0.7005
vn -0.4596 0.1202 0.8800
vn -0.2732 0.0478 0.9608
vn -0.4496 0.1218 -0.8849
vn -0.3362 0.0780 0.9386
vn -0.2847 0.0716 0.9559
vn -0.5193 0.0756 0.8512
vn -0.0024 -0.1256 -0.9921
vn -0.1705 -0.0545 -0.9839
vn -0.0899 -0.0680 0.9936
vn -0.0106 -0.0989 -0.9950
vn 0.1970 -0.1789 0.9639
vn 0.7773 -0.2179 -0.5902
vn 0.5372 -0.1241 -0.8343
vn 0.6090 -0.1374 0.7812
vn 0.4727 -0.1605 -0.8665
vn 0.8179 0.5581 0.1398
vn 0.7438 0.6576 0.1192
vn 0.7047 0.5453 0.4539
vn 0.7565 0.6265 0.1878
vn 0.5030 0.3962 0.7681
vn 0.7702 0.5686 -0.2890
vn 0.2276 0.3138 0.9218
vn 0.2443 0.2608 0.9340
vn -0.0180 -0.9983 -0.0547
vn 0.0190 -0.9967 -0.0784
vn 0.0343 -0.9956 0.0878
vn -0.0242 -0.9985 0.0487
vn 0.0025 -0.9995 -0.0318
vn -0.1269 0.2364 0.9633
vn 0.0394 0.0421 0.9983
vn 0.1855 -0.0725 -0.9800
vn -0.0797 0.0244 0.9965
vn -0.3259 0.0661 -0.9431
vn -0.8815 0.3193 0.3478
vn -0.8963 0.4186 0.1465
vn -0.6550 0.3037 0.6919
vn -0.3023 0.2109 -0.9296
vn -0.7624 0.2803 -0.5832
vn -0.7032 -0.0286 0.7104
vn 0.5931 -0.6298 -0.5016
vn 0.5918 -0.5949 -0.5440
vn 0.6855 -0.5348 -0.4941
vn 0.7028 -0.6994 0.1296
vn 0.8098 -0.5551 0.1899
vn 0.9212 -0.3757 0.1012
vn -0.7322 -0.5238 -0.4354
vn -0.6215 -0.7417 -0.2522
vn -0.2396 -0.9692 0.0573
vn -0.2217 -0.9732 0.0615
vn -0.1417 -0.9699 0.1978
vn 0.5938 -0.7985 -0.0993
vn 0.7328 -0.6691 -0.1235
vn -0.8178 -0.3233 -0.4760
vn -0.8910 -0.2162 -0.3992
vn -0.9334 -0.2291 -0.2760
vn -0.9480 0.2423 -0.2062
vn -0.9511 0.2565 0.1721
vn -0.6929 0.0667 -0.7179
vn -0.6967 0.0579 -0.7150
vn -0.3808 0.1200 -0.9168
vn -0.3568 0.0322 0.9336
vn -0.2691 -0.0617 0.9611
vn -0.2331 -0.1351 0.9630
vn 0.0460 -0.0759 0.9961
vn -0.0922 -0.0813 0.9924
vn 0.1149 -0.0464 -0.9923
vn 0.3787 -0.0873 0.9214
vn 0.8823 -0.2016 -0.4253
vn 0.6033 -0.1282 -0.7871
vn 0.9032 -0.2359 -0.3585
vn 0.6473 -0.1982 -0.7360
vn 0.9739 -0.2158 0.0710
vn 0.6037 0.6181 0.5035
vn 0.7368 0.6209 -0.2676
vn 0.5478 0.4484 -0.7063
vn 0.4406 0.6435 -0.6258
vn 0.6664 0.3666 -0.6492
vn 0.5183 0.5634 -0.6434
vn 0.2265 0.1470 -0.9629
vn 0.6915 0.4991 -0.5223
vn 0.4784 0.5240 -0.7046
vn 0.2720 0.3548 0.8945
vn -0.0858 0.1785 0.9802
vn 0.0049 0.3216 -0.9469
vn -0.0494 -0.1545 -0.9868
vn -0.0559 -0.9719 -0.2287
vn -0.3461 0.4932 0.7981
vn 0.1716 0.0298 -0.9847
vn 0.2224 -0.1661 -0.9607
vn -0.4359 0.1231 0.8916
vn -0.9457 0.3079 0.1039
vn -0.9477 0.3187 0.0175
vn -0.9296 0.3660 -0.0428
vn -0.9487 0.3159 0.0134
vn -0.9338 0.3341 -0.1284
vn -0.4851 0.2935 -0.8237
vn -0.9305 0.3195 0.1793
vn -0.9443 0.2801 0.1729
vn -0.7654 0.1978 0.6124
vn 0.8493 -0.5076 0.1449
vn 0.7802 -0.5308 0.3310
vn 0.8212 -0.5428 0.1762
vn 0.6241 -0.7584 -0.1879
vn 0.8728 -0.0688 -0.4832
vn 0.9307 -0.1208 -0.3451
vn -0.8422 -0.1238 0.5248
vn 0.9377 -0.2292 0.2610
vn 0.8045 -0.0592 0.5910
vn 0.9262 -0.1131 0.3598
vn 0.7212 -0.0882 -0.6871
vn 0.9803 -0.1162 -0.1600
vn 0.9915 -0.1094 0.0702
vn -0.8275 -0.2470 0.5042
vn -0.9573 -0.2353 0.1682
vn -0.9454 -0.3251 -0.0235
vn -0.9720 -0.2237 -0.0717
vn -0.9156 0.2617 -0.3053
vn -0.9361 0.3044 -0.1765
vn -0.7540 0.2513 0.6069
vn -0.9282 0.2968 0.2243
vn -0.7636 0.0878 0.6397
vn -0.7257 0.1969 -0.6593
vn -0.4201 0.1063 0.9012
vn -0.5245 -0.0180 -0.8512
vn -0.3422 0.1138 0.9327
vn -0.3278 0.0784 0.9415
vn -0.2543 -0.0453 0.9661
vn 0.0744 -0.0413 0.9964
vn 0.4916 -0.1648 0.8551
vn 0.3159 -0.1258 0.9404
vn 0.7137 -0.2137 0.6671
vn 0.7846 -0.1696 0.5963
vn 0.9210 -0.1586 -0.3558
vn 0.7284 -0.1728 -0.6630
vn 0.8766 -0.2068 0.4345
vn 0.6237 0.7426 -0.2442
vn 0.2054 0.0760 -0.9757
vn 0.3991 0.4000 -0.8251
vn 0.2648 0.2996 -0.9166
vn -0.1573 -0.4928 -0.8558
vn 0.0415 -0.9988 -0.0260
vn 0.0015 -0.9999 0.0158
vn -0.4564 0.7621 -0.4592
vn -0.4204 0.7095 0.5655
vn -0.9470 0.3191 -0.0375
vn -0.9030 0.4249 0.0628
vn -0.9097 0.3270 -0.2561
vn -0.8750 0.2763 -0.3975
vn -0.8579 0.2331 0.4578
vn -0.8201 0.0979 -0.5638
vn -0.6894 0.1638 -0.7056
vn -0.8227 0.1125 0.5572
vn -0.7698 0.0386 0.6371
vn -0.7950 0.0037 -0.6066
vn -0.8398 -0.4139 0.3513
vn -0.7526 -0.6580 0.0263
vn -0.9113 -0.3676 0.1853
vn 0.3986 -0.6149 0.6805
vn 0.2537 -0.6876 0.6803
vn 0.3966 -0.5420 0.7409
vn 0.1688 -0.5796 -0.7972
vn 0.2396 -0.5950 -0.7672
vn 0.2020 -0.6164 -0.7611
vn -0.7387 -0.5864 0.3324
vn -0.7907 -0.0951 -0.6047
vn 0.6540 -0.0966 -0.7503
vn -0.8245 -0.1627 -0.5420
vn -0.8916 -0.0723 -0.4470
vn 0.9721 -0.1130 0.2054
vn 0.8360 -0.1122 -0.5371
vn -0.9379 -0.1788 -0.2973
vn -0.9765 0.2046 0.0684
vn -0.8970 0.2568 0.3597
vn -0.8193 0.1254 0.5595
vn -0.7138 0.0549 0.6982
vn -0.6403 0.1946 0.7431
vn -0.7353 0.1674 0.6568
vn -0.6519 0.0673 0.7553
vn -0.4809 0.1046 -0.8705
vn -0.5550 0.1052 -0.8252
vn -0.4701 0.0571 -0.8807
vn -0.3723 0.0378 -0.9274
vn -0.1609 -0.0034 0.9870
vn -0.2598 -0.0569 0.9640
vn 0.1979 -0.1086 -0.9742
vn 0.0631 -0.0677 -0.9957
vn -0.1096 -0.0891 -0.9900
vn 0.0261 -0.0429 0.9987
vn 0.2530 -0.1097 0.9612
vn 0.2830 -0.0610 0.9572
vn 0.5084 -0.1146 0.8535
vn 0.3511 -0.0700 -0.9337
vn 0.6609 -0.2015 0.7229
vn 0.8995 -0.1834 -0.3966
vn 0.6258 -0.1856 -0.7576
vn 0.9822 -0.1662 0.0877
vn 0.9844 -0.0200 0.1747
vn 0.9771 -0.0213 -0.2119
vn 0.9517 0.0984 0.2907
vn 0.9767 0.0539 -0.2076
vn 0.9921 0.0924 0.0843
vn 0.9671 0.0632 0.2463
vn 0.7179 -0.0576 -0.6938
vn 0.8814 0.1486 -0.4484
vn 0.9742 -0.1628 0.1563
vn 0.8418 -0.0564 -0.5369
vn 0.8264 -0.0703 0.5587
vn 0.9707 -0.1023 0.2175
vn 0.9731 -0.0409 -0.2266
vn 0.9771 0.0036 -0.2127
vn 0.9245 -0.0108 0.3811
vn 0.9049 0.4249 -0.0260
vn 0.9631 0.2675 -0.0280
vn 0.7127 0.6999 0.0463
vn 0.9579 0.2863 -0.0221
vn 0.9365 0.3482 0.0417
vn 0.9509 0.3003 -0.0744
vn 0.6753 0.7341 -0.0712
vn 0.5036 0.6551 -0.5632
vn 0.3789 0.4204 -0.8244
vn 0.2926 0.5588 -0.7760
vn 0.1900 0.0472 0.9806
vn 0.0893 0.4284 0.8992
vn 0.1419 0.1232 0.9822
vn 0.0750 0.3096 0.9479
vn -0.1206 0.2021 0.9719
vn -0.1007 -0.1092 -0.9889
vn -0.0103 0.2239 -0.9746
vn -0.5198 0.8326 0.1915
vn -0.4342 0.5267 -0.7307
vn -0.2269 0.2970 -0.9275
vn 0.0853 0.0288 0.9959
vn 0.2230 -0.0219 0.9746
vn 0.1373 0.0087 0.9905
vn -0.9717 0.2281 0.0615
vn -0.9297 0.2915 0.2251
vn -0.9507 0.3089 -0.0278
vn -0.9611 0.2524 -0.1124
vn 0.2213 0.2601 -0.9399
vn 0.1744 0.2406 -0.9548
vn 0.2800 0.0547 -0.9584
vn -0.3469 0.9378 -0.0141
vn -0.3168 0.9484 -0.0135
vn -0.3997 0.9151 -0.0533
vn -0.3641 -0.8782 0.3102
vn -0.4316 -0.8368 0.3370
vn -0.6365 -0.7579 0.1427
vn -0.6101 -0.7705 -0.1847
vn -0.7375 -0.6593 -0.1462
vn -0.8863 -0.3346 -0.3202
vn -0.8806 -0.3344 -0.3358
vn -0.8198 -0.4919 -0.2932
vn 0.3643 -0.6691 0.6478
vn 0.2348 -0.5434 0.8060
vn -0.9236 -0.2697 -0.2726
vn 0.7629 -0.1227 0.6348
vn 0.7878 -0.0472 0.6142
vn -0.8628 -0.3247 0.3875
vn -0.9084 -0.2971 0.2941
vn 0.8124 -0.0359 0.5819
vn -0.9647 -0.1815 0.1908
vn -0.8886 -0.2030 0.4112
vn 0.7687 -0.0739 -0.6353
vn 0.7854 -0.1018 -0.6106
vn -0.9738 -0.2203 -0.0569
vn -0.9797 -0.1856 -0.0763
vn -0.9395 -0.2276 0.2559
vn -0.9836 -0.1787 0.0229
vn 0.8857 -0.0816 0.4570
vn 0.9919 -0.1264 0.0147
vn 0.9266 -0.1304 -0.3528
vn 0.9685 -0.0485 0.2442
vn -0.9139 0.1881 0.3598
vn -0.6387 0.1535 -0.7540
vn -0.8658 0.2133 -0.4525
vn -0.6094 0.1836 -0.7713
vn -0.2144 -0.0503 -0.9754
vn -0.2369 -0.0247 -0.9712
vn -0.2656 -0.0708 -0.9615
vn -0.1997 -0.0677 0.9775
vn -0.2626 -0.0592 -0.9631
vn -0.2299 0.0161 -0.9731
vn -0.2747 0.0065 0.9615
vn -0.1240 0.0196 0.9921
vn 0.3905 -0.1305 -0.9113
vn 0.6022 -0.1310 -0.7875
vn 0.6116 -0.0164 -0.7910
vn 0.5256 -0.1352 0.8399
vn 0.8145 -0.0787 0.5748
vn 0.9968 -0.0791 -0.0128
vn 0.9528 -0.1103 -0.2829
vn 0.8853 -0.0472 -0.4627
vn 0.9466 -0.0036 0.3225
vn 0.9694 -0.0114 0.2451
vn 0.9886 0.1095 -0.1034
vn 0.8003 -0.0352 -0.5986
vn 0.8488 0.1087 -0.5174
vn 0.8611 0.1747 0.4775
vn 0.7505 0.0682 0.6573
vn 0.8538 0.1699 -0.4921
vn 0.7007 -0.0323 0.7127
vn 0.7961 0.1430 0.5880
vn 0.5623 0.2107 0.7996
vn 0.7032 -0.1101 0.7024
vn 0.7221 -0.1245 -0.6805
vn 0.8012 0.1971 0.5650
vn 0.9624 0.2519 0.1013
vn 0.7877 0.0290 -0.6154
vn 0.3577 0.4806 0.8007
vn 0.1613 0.4751 0.8650
vn 0.5364 0.6047 0.5887
vn 0.1046 0.6695 -0.7354
vn 0.0561 -0.0345 -0.9978
vn -0.0075 -0.9981 0.0613
vn -0.1552 0.3932 -0.9062
vn -0.2709 0.2530 -0.9288
vn 0.2874 0.0156 -0.9577
vn 0.4501 -0.1143 -0.8856
vn 0.3670 0.0766 -0.9271
vn -0.9667 0.2083 -0.1484
vn -0.9581 0.2852 -0.0273
vn -0.9834 0.1525 -0.0981
vn -0.9486 0.2183 0.2292
vn -0.9544 0.1730 0.2435
vn -0.9626 0.2009 -0.1818
vn -0.4313 0.2751 -0.8592
vn -0.2958 0.2061 -0.9327
vn -0.6316 0.2596 -0.7306
vn -0.2965 0.0938 -0.9504
vn -0.9177 0.1630 -0.3622
vn -0.8144 0.1891 -0.5486
vn -0.9387 0.0871 0.3336
vn -0.8950 0.0269 0.4453
vn -0.8974 0.0428 -0.4392
vn -0.8967 -0.3952 0.1991
vn -0.4085 -0.4094 0.8158
vn -0.5915 -0.4153 0.6911
vn -0.4884 -0.3860 0.7826
vn -0.9244 -0.3758 -0.0651
vn -0.9214 -0.3483 0.1721
vn -0.9709 -0.2041 0.1257
vn 0.3680 -0.5609 0.7416
vn 0.2271 -0.6475 -0.7274
vn 0.8185 -0.0931 0.5669
vn 0.8396 -0.2052 0.5029
vn -0.9574 -0.2385 0.1626
vn -0.9718 -0.2121 -0.1031
vn -0.9606 -0.2251 -0.1628
vn 0.6896 -0.2028 -0.6953
vn 0.7483 -0.1027 -0.6554
vn 0.8170 -0.0877 -0.5700
vn 0.8474 -0.0895 -0.5233
vn 0.9970 -0.0769 0.0089
vn 0.9770 -0.0633 -0.2037
vn 0.9993 0.0109 0.0344
vn 0.9992 0.0028 -0.0388
vn 0.9272 0.0308 -0.3732
vn 0.9998 0.0104 -0.0191
vn 0.8985 0.0230 -0.4384
vn 0.9076 -0.0090 0.4198
vn 0.9482 0.0213 0.3168
vn 0.9875 -0.0051 0.1572
vn -0.9745 0.2175 -0.0553
vn 0.9655 0.0039 -0.2604
vn 0.7816 0.0052 -0.6238
vn -0.9652 0.2269 0.1300
vn -0.9227 0.2029 0.3278
vn -0.9531 0.2076 -0.2202
vn -0.9368 0.1957 -0.2900
vn 0.9861 0.0221 -0.1647
vn 0.9693 -0.0045 -0.2460
vn -0.8939 0.2002 0.4011
vn -0.6691 0.1129 -0.7346
vn 0.9976 -0.0272 0.0641
vn 0.9997 -0.0049 0.0247
vn -0.8176 0.1333 -0.5602
vn 0.8921 0.0166 -0.4516
vn 0.9981 -0.0149 -0.0596
vn 0.9973 -0.0591 -0.0438
vn -0.6539 0.0813 -0.7522
vn 0.9693 -0.0211 0.2450
vn 0.9268 -0.0001 0.3757
vn -0.6477 0.1715 0.7423
vn 0.9937 -0.1020 0.0462
vn 0.9990 -0.0257 -0.0366
vn 0.8496 -0.0110 -0.5273
vn 0.9598 -0.1016 -0.2617
vn 0.7666 -0.0826 -0.6368
vn 0.9891 -0.0880 0.1179
vn 0.9693 -0.0989 0.2250
vn -0.5400 0.0769 0.8381
vn -0.2376 -0.0764 0.9684
vn -0.5354 0.0395 -0.8436
vn -0.4173 0.0534 0.9072
vn 0.0145 -0.0451 -0.9989
vn 0.2769 -0.1038 -0.9553
vn -0.1243 0.0171 -0.9921
vn 0.2801 -0.0477 -0.9588
vn 0.2260 -0.0127 0.9740
vn 0.3490 -0.1325 0.9277
vn 0.5047 -0.0081 0.8633
vn 0.5060 0.1211 -0.8540
vn 0.4369 0.1574 0.8856
vn 0.4640 0.0688 0.8832
vn 0.5727 0.1821 -0.7993
vn 0.5358 -0.1747 -0.8261
vn 0.7224 0.0060 0.6915
vn 0.3894 -0.3429 0.8549
vn 0.2846 0.1738 0.9427
vn 0.3460 0.2326 0.9089
vn 0.4459 0.4732 0.7598
vn 0.4352 0.2545 -0.8636
vn 0.5355 0.1914 -0.8226
vn 0.0265 0.5615 0.8270
vn 0.5052 0.4487 0.7372
vn 0.0529 0.3619 -0.9307
vn -0.0329 0.2300 -0.9726
vn -0.0488 0.3048 0.9512
vn -0.2359 -0.1242 -0.9638
vn -0.5171 0.5752 -0.6338
vn 0.3062 -0.1277 -0.9434
vn 0.0093 0.0284 -0.9996
vn 0.1816 -0.0575 -0.9817
vn 0.1453 0.0477 0.9882
vn 0.0406 0.0339 0.9986
vn 0.2088 0.0264 0.9776
vn 0.2574 0.0952 -0.9616
vn -0.9801 0.1590 0.1186
vn 0.0622 0.0498 -0.9968
vn -0.0535 0.1165 0.9917
vn 0.2689 0.0064 0.9631
vn -0.6010 0.1550 -0.7841
vn -0.3288 0.1414 -0.9337
vn -0.7518 0.3617 -0.5513
vn -0.5240 0.1529 -0.8379
vn -0.9637 -0.2171 -0.1557
vn -0.9838 -0.1612 0.0782
vn -0.9524 -0.3011 -0.0470
vn -0.7235 -0.3204 0.6114
vn 0.0398 -0.8142 -0.5793
vn 0.0055 -0.8448 -0.5350
vn 0.0089 -0.8114 -0.5845
vn -0.9471 -0.0788 0.3110
vn -0.8505 -0.0537 0.5232
vn -0.1002 -0.1784 -0.9788
vn -0.0010 -0.2900 -0.9570
vn 0.1669 -0.1908 -0.9673
vn 0.7790 -0.0170 0.6267
vn 0.8259 -0.0640 0.5601
vn 0.6831 -0.0492 -0.7286
vn 0.7169 -0.0715 -0.6935
vn 0.8088 -0.0427 0.5865
vn 0.8249 -0.0791 -0.5598
vn 0.7170 -0.0713 -0.6934
vn 0.8339 -0.1110 -0.5406
vn 0.7816 -0.0643 -0.6205
vn 0.7687 -0.0773 0.6349
vn 0.8447 -0.0279 0.5345
vn 0.8241 0.0790 -0.5610
vn 0.6185 -0.0048 -0.7858
vn 0.5968 0.0107 0.8023
vn 0.8085 0.0030 0.5884
vn -0.8735 0.1863 -0.4498
vn -0.9663 0.2343 0.1070
vn 0.4747 0.0499 -0.8787
vn 0.6519 -0.0065 -0.7583
vn -0.8155 0.2169 0.5366
vn -0.6866 0.2044 -0.6977
vn -0.8176 0.2434 -0.5218
vn -0.2840 -0.0176 -0.9586
vn -0.5092 0.1263 -0.8513
vn -0.5316 0.1460 0.8343
vn 0.9233 -0.0762 0.3765
vn 0.8231 -0.0120 0.5677
vn 0.7998 -0.0860 0.5940
vn 0.9427 -0.1434 -0.3012
vn -0.5070 0.0286 0.8614
vn -0.5489 0.1227 0.8269
vn 0.9774 -0.1482 -0.1505
vn 0.9904 -0.1362 -0.0248
vn 0.9878 -0.1352 0.0774
vn -0.3679 0.0178 -0.9297
vn -0.5250 0.0861 -0.8467
vn -0.5838 0.0573 -0.8099
vn -0.5357 0.0462 0.8432
vn -0.2061 -0.0026 0.9785
vn -0.3566 0.0440 -0.9332
vn 0.2633 -0.0159 -0.9646
vn 0.2488 -0.1148 -0.9617
vn 0.4232 -0.0639 -0.9038
vn 0.2671 0.0812 0.9603
vn 0.2608 0.0343 -0.9648
vn 0.5754 0.1295 -0.8075
vn 0.2808 0.0360 -0.9591
vn 0.3376 -0.2699 -0.9018
vn 0.0490 0.0855 0.9951
vn 0.3795 -0.2972 0.8761
vn 0.0397 0.0906 -0.9951
vn 0.1539 0.5147 0.8434
vn -0.1102 0.2807 -0.9534
vn 0.0866 0.4766 -0.8748
vn 0.2195 0.4792 -0.8498
vn -0.0289 -0.0647 -0.9975
vn -0.2591 0.5793 -0.7728
vn -0.0566 -0.1235 0.9907
vn -0.0836 -0.0645 0.9944
vn -0.2698 0.2078 -0.9402
vn -0.3223 -0.1161 0.9395
vn -0.0760 0.2281 0.9707
vn -0.1442 0.2696 0.9521
vn -0.2230 0.1005 0.9696
vn -0.4185 -0.1593 0.8941
vn -0.2145 -0.2281 -0.9497
vn -0.3214 -0.0609 -0.9450
vn -0.1318 -0.9910 0.0231
vn -0.4211 0.3759 -0.8255
vn 0.2754 0.0071 0.9613
vn 0.1554 0.0533 0.9864
vn 0.2425 0.0256 -0.9698
vn 0.0212 0.0061 0.9998
vn -0.9672 0.1538 0.2021
vn -0.9967 0.0364 -0.0727
vn -0.9778 0.0755 -0.1955
vn -0.9940 0.1097 0.0016
vn -0.9936 0.0574 0.0975
vn -0.9488 0.1695 -0.2664
vn -0.8475 0.2999 0.4380
vn -0.5419 0.0984 0.8346
vn -0.2976 0.0966 -0.9498
vn -0.9900 0.0799 0.1165
vn -0.9948 0.0180 0.1004
vn -0.9150 0.0547 0.3998
vn -0.5499 0.1106 -0.8279
vn -0.9841 0.0336 0.1746
vn -0.9894 0.0621 0.1312
vn -0.9890 -0.0157 0.1472
vn -0.9944 -0.0511 -0.0921
vn -0.9696 0.0241 -0.2435
vn -0.9859 -0.1197 -0.1173
vn -0.8630 0.0100 -0.5051
vn -0.8605 0.0191 -0.5091
vn -0.6368 0.0384 0.7701
vn -0.9927 -0.0810 0.0894
vn -0.2089 -0.1817 0.9609
vn -0.9912 -0.1032 0.0832
vn -0.2901 -0.0147 -0.9569
vn -0.5127 -0.1614 -0.8433
vn 0.1543 -0.2016 0.9672
vn 0.1700 -0.0417 -0.9846
vn 0.4544 -0.0464 0.8896
vn 0.2355 -0.2310 0.9440
vn 0.5637 0.0133 0.8258
vn 0.6826 -0.0039 0.7307
vn 0.6195 -0.0359 0.7842
vn 0.8539 -0.0861 -0.5133
vn 0.6061 -0.1261 -0.7854
vn 0.5721 0.0308 -0.8196
vn 0.8598 0.0682 -0.5060
vn 0.6298 0.0046 0.7768
vn 0.6041 0.0203 0.7967
vn 0.6682 0.0406 -0.7428
vn -0.9736 0.2233 -0.0480
vn -0.8072 0.2704 0.5248
vn -0.6797 0.1365 0.7206
vn -0.6249 0.2308 0.7458
vn 0.7289 -0.1145 -0.6749
vn 0.9657 -0.1259 0.2271
vn 0.7820 -0.1868 0.5947
vn -0.5776 0.0346 0.8156
vn -0.5782 0.0326 -0.8152
vn 0.9127 -0.1931 0.3601
vn 0.9665 -0.1924 -0.1700
vn 0.8751 -0.2567 -0.4102
vn -0.2801 0.0138 -0.9599
vn -0.4520 0.0623 0.8898
vn -0.5631 0.0946 0.8209
vn -0.2919 0.0288 -0.9560
vn -0.2176 0.0069 0.9760
vn 0.0533 -0.0732 0.9959
vn -0.1609 0.0633 -0.9849
vn -0.1577 0.0830 0.9840
vn 0.1906 0.0937 0.9772
vn 0.1483 0.0474 -0.9878
vn 0.2258 -0.0774 0.9711
vn 0.1775 0.0875 -0.9802
vn 0.2649 0.0182 0.9641
vn 0.1219 0.1992 0.9723
vn 0.1343 0.1128 0.9845
vn 0.0792 -0.1960 0.9774
vn 0.4412 -0.2992 0.8461
vn 0.5847 -0.3012 0.7532
vn 0.2122 -0.2211 0.9519
vn 0.2302 0.2588 -0.9381
vn 0.1090 0.0033 -0.9940
vn 0.4302 -0.2374 -0.8710
vn -0.1514 0.2077 -0.9664
vn -0.1535 0.3753 -0.9141
vn -0.2301 0.6992 0.6769
vn -0.3210 0.6219 0.7143
vn -0.3350 0.2143 0.9175
vn -0.1976 0.1052 0.9746
vn -0.2071 -0.0294 -0.9779
vn -0.1707 0.1453 -0.9746
vn -0.2072 -0.8355 -0.5090
vn -0.0101 -0.9930 -0.1177
vn -0.2357 -0.9065 -0.3502
vn -0.0261 -0.9821 0.1868
vn -0.0502 -0.9895 -0.1357
vn -0.4088 0.4484 -0.7949
vn -0.3418 0.3902 0.8549
vn -0.1910 0.2132 0.9581
vn -0.0791 0.1026 0.9916
vn -0.1195 0.1928 0.9739
vn 0.0808 -0.0177 -0.9966
vn 0.0416 0.0777 0.9961
vn 0.2125 0.0445 -0.9761
vn 0.1880 -0.0347 -0.9816
vn -0.1124 0.1039 0.9882
vn -0.3257 0.0374 -0.9447
vn 0.0398 -0.0270 0.9988
vn -0.5583 -0.0006 -0.8297
vn 0.3752 -0.0159 0.9268
vn 0.5451 0.0301 0.8378
vn 0.3926 0.0684 0.9172
vn 0.0557 -0.0206 -0.9982
vn 0.3527 -0.0420 -0.9348
vn 0.4578 -0.0455 -0.8879
vn 0.5864 0.0222 0.8097
vn 0.7103 -0.0791 0.6995
vn 0.7077 -0.0494 0.7048
vn 0.6214 -0.0810 0.7793
vn 0.5760 -0.0144 0.8173
vn 0.5550 0.0265 -0.8314
vn 0.1812 -0.0197 -0.9832
vn 0.5244 -0.0124 -0.8514
vn 0.6416 0.0255 -0.7666
vn 0.6744 0.0154 0.7382
vn 0.7212 -0.0621 -0.6899
vn -0.9034 0.3422 0.2583
vn -0.8663 0.2895 -0.4070
vn -0.9310 0.3606 -0.0565
vn 0.5764 -0.0066 -0.8171
vn 0.5062 0.0125 -0.8623
vn 0.5327 -0.0315 -0.8457
vn -0.4792 0.0911 0.8729
vn -0.5931 0.1623 0.7886
vn -0.4729 0.0373 0.8803
vn -0.2788 -0.0302 0.9599
vn -0.5010 0.1594 -0.8507
vn -0.5188 0.0136 -0.8548
vn -0.4844 0.1602 -0.8601
vn 0.6330 -0.0854 0.7694
vn 0.5549 -0.0240 0.8316
vn 0.8744 -0.1689 0.4549
vn 0.9060 -0.1764 -0.3847
vn 0.6814 -0.2368 -0.6925
vn 0.7715 -0.1548 0.6171
vn 0.9284 -0.3598 -0.0926
vn -0.0282 -0.0553 -0.9981
vn -0.2713 0.1331 0.9533
vn 0.0337 -0.0549 -0.9979
vn 0.1907 0.1725 -0.9664
vn 0.0168 0.1913 0.9814
vn -0.0138 0.1040 -0.9945
vn -0.0133 0.1081 0.9941
vn 0.0531 -0.3022 -0.9518
vn 0.3295 -0.2450 -0.9118
vn -0.0148 -0.3658 0.9306
vn -0.0230 -0.3295 -0.9439
vn -0.4425 0.5158 0.7336
vn -0.0392 0.2562 0.9658
vn -0.1844 0.3690 0.9110
vn -0.4582 0.6890 -0.5615
vn -0.2007 0.1053 -0.9740
vn -0.3987 -0.0154 -0.9169
vn -0.3821 -0.0323 0.9235
vn -0.4543 0.0209 -0.8906
vn -0.2733 -0.0565 0.9603
vn -0.4196 -0.3415 0.8410
vn -0.0744 -0.9663 0.2466
vn -0.1341 -0.9909 -0.0125
vn -0.4975 0.6249 -0.6016
vn -0.3126 0.2690 0.9110
vn -0.1792 0.1385 -0.9740
vn -0.2382 0.1484 0.9598
vn 0.1068 -0.0023 -0.9943
vn -0.0258 0.0597 -0.9979
vn 0.2654 0.0087 0.9641
vn 0.2174 -0.0425 -0.9751
vn 0.1132 0.0171 -0.9934
vn 0.5414 -0.0330 0.8401
vn 0.6482 -0.0314 -0.7608
vn 0.6313 0.0274 -0.7751
vn 0.5655 -0.0187 0.8245
vn 0.5122 -0.0316 -0.8583
vn -0.9141 0.2863 -0.2873
vn -0.8838 0.2730 0.3799
vn -0.8089 0.2464 0.5339
vn 0.5596 -0.0201 0.8285
vn -0.4952 0.1974 -0.8460
vn -0.4690 -0.0571 -0.8814
vn -0.2805 -0.0075 -0.9598
vn -0.5044 -0.0420 0.8624
vn -0.4862 0.0483 0.8725
vn -0.5517 0.0815 0.8301
vn 0.8060 -0.5488 0.2218
vn 0.6354 -0.6620 -0.3975
vn 0.6880 -0.4089 -0.5995
vn -0.5492 0.1052 -0.8290
vn -0.5549 0.0813 -0.8279
vn -0.4376 0.1143 0.8919
vn -0.4852 0.1156 -0.8667
vn -0.2350 0.1541 -0.9597
vn -0.0276 -0.0588 0.9979
vn -0.2764 0.2173 -0.9362
vn -0.0551 0.0382 0.9978
vn 0.0070 0.0911 -0.9958
vn -0.0479 -0.1550 0.9867
vn -0.0533 -0.1936 -0.9796
vn -0.0554 -0.2665 0.9622
vn -0.1141 -0.3902 -0.9136
vn 0.1110 -0.2609 -0.9590
vn 0.1808 -0.0284 0.9831
vn -0.0936 -0.1434 0.9852
vn -0.1524 -0.1158 -0.9815
vn -0.4954 0.5084 -0.7043
vn -0.3594 0.1917 -0.9133
vn -0.2749 -0.0856 0.9577
vn -0.5481 -0.3166 0.7742
vn -0.3838 -0.1990 0.9017
vn -0.4048 -0.1368 -0.9041
vn -0.6072 -0.0274 -0.7940
vn -0.3233 -0.8679 0.3771
vn -0.1855 -0.8728 0.4514
vn -0.5351 -0.1834 -0.8246
vn 0.0268 -0.9983 0.0509
vn -0.0213 -0.9963 -0.0831
vn -0.1504 -0.9886 0.0084
vn -0.1452 -0.9644 0.2212
vn -0.1796 -0.8583 -0.4807
vn -0.5712 0.7849 -0.2400
vn -0.6736 0.7207 0.1637
vn -0.4057 0.2844 0.8686
vn -0.0436 0.0777 0.9960
vn 0.2568 0.0153 0.9663
vn 0.0909 0.0335 0.9953
vn -0.1610 0.0812 -0.9836
vn -0.0727 0.0110 -0.9973
vn 0.4140 0.0311 0.9097
vn 0.1505 -0.0156 -0.9885
vn 0.5767 -0.0322 -0.8163
vn 0.6562 -0.0481 0.7530
vn 0.6008 -0.1561 0.7840
vn 0.7173 0.0532 -0.6947
vn 0.6974 0.0141 0.7166
vn 0.5935 0.0460 -0.8035
vn 0.6953 -0.0087 -0.7187
vn 0.7293 -0.0700 -0.6806
vn 0.7038 -0.0249 0.7100
vn 0.5880 -0.0134 -0.8088
vn -0.8257 0.2696 0.4955
vn -0.9664 0.2529 0.0457
vn -0.9170 0.2754 -0.2885
vn -0.6212 -0.0297 -0.7831
vn -0.8352 0.2397 -0.4950
vn -0.7672 -0.0525 0.6393
vn 0.6556 -0.1579 -0.7384
vn -0.7102 -0.0869 0.6986
vn -0.5595 0.0260 0.8284
vn 0.6984 -0.1170 0.7061
vn 0.6600 -0.0334 0.7505
vn -0.6619 0.0764 0.7457
vn -0.5594 0.0218 0.8286
vn 0.7556 -0.3588 0.5480
vn -0.3891 0.1815 0.9031
vn -0.2877 0.2087 0.9347
vn -0.1206 0.0561 -0.9911
vn -0.4027 0.1583 -0.9015
vn -0.2177 -0.0207 -0.9758
vn -0.2348 -0.1265 -0.9638
vn -0.2814 -0.1720 0.9440
vn -0.0101 -0.3236 0.9461
vn -0.2054 -0.3968 0.8946
vn -0.3153 -0.2955 0.9018
vn -0.0233 0.2088 0.9777
vn -0.3146 0.1120 0.9426
vn -0.3560 -0.2934 -0.8873
vn -0.4229 0.3300 0.8440
vn -0.4690 0.3077 -0.8279
vn -0.2438 0.2793 0.9287
vn -0.4648 0.0738 0.8824
vn -0.3856 -0.1113 0.9159
vn -0.7399 0.5995 -0.3052
vn -0.5760 0.5374 0.6160
vn -0.4161 0.4968 -0.7616
vn -0.3940 0.2506 -0.8843
vn -0.4337 0.2433 -0.8676
vn -0.4468 0.2392 -0.8621
vn -0.2337 0.1410 0.9620
vn -0.0253 0.0871 -0.9959
vn -0.1428 0.0531 -0.9883
vn -0.1680 0.1037 0.9803
vn -0.1179 0.0311 -0.9925
vn -0.0462 0.0499 -0.9977
vn 0.1647 0.0597 -0.9845
vn 0.0414 0.0532 -0.9977
vn -0.3576 -0.0044 -0.9339
vn -0.2052 0.0282 -0.9783
vn 0.2492 -0.0703 -0.9659
vn 0.4526 -0.0783 0.8883
vn 0.5740 -0.0201 0.8186
vn 0.4631 -0.0844 0.8823
vn 0.4606 0.0218 -0.8873
vn 0.6233 0.0805 -0.7778
vn 0.5335 0.0033 0.8458
vn 0.5885 -0.0456 -0.8072
vn 0.4784 0.0526 -0.8766
vn 0.7258 0.0128 0.6878
vn 0.7084 -0.0130 0.7057
vn -0.8800 0.0249 -0.4744
vn -0.9494 -0.1046 -0.2962
vn 0.5929 0.0478 -0.8039
vn -0.6571 -0.0653 -0.7510
vn 0.8491 -0.0168 -0.5280
vn -0.8847 0.0290 0.4652
vn -0.9674 -0.0238 0.2520
vn -0.9734 -0.0248 0.2279
vn -0.9676 0.0751 -0.2409
vn -0.6563 0.1057 -0.7471
vn -0.6445 0.0291 -0.7641
vn -0.6243 0.0929 -0.7756
vn -0.8214 0.0937 -0.5626
vn -0.8868 0.0790 0.4553
vn 0.7194 -0.0905 0.6887
vn -0.6487 0.1253 0.7507
vn 0.6094 -0.4367 -0.6618
vn 0.4823 -0.4490 -0.7522
vn -0.2117 0.1189 0.9701
vn 0.1133 0.1615 0.9803
vn 0.6651 -0.6543 0.3599
vn 0.5551 -0.6137 0.5615
vn -0.1969 -0.9777 0.0734
vn 0.0306 -0.9592 -0.2811
vn -0.0395 -0.9988 0.0299
vn 0.3931 -0.9154 -0.0869
vn 0.3904 -0.9201 -0.0297
vn -0.5516 0.1287 -0.8241
vn -0.4368 0.1416 -0.8883
vn -0.4466 0.1430 0.8832
vn -0.1184 0.0272 0.9926
vn -0.2046 -0.0332 0.9783
vn -0.5729 0.0367 0.8188
vn -0.6162 0.4437 0.6507
vn -0.4150 -0.1449 -0.8982
vn -0.7348 -0.1711 -0.6563
vn -0.0678 -0.9816 -0.1782
vn -0.2265 -0.9700 0.0885
vn -0.5131 -0.4988 0.6986
vn -0.6309 -0.4174 0.6540
vn -0.5169 -0.7572 0.3993
vn -0.2388 0.0886 0.9670
vn 0.0326 0.0537 0.9980
vn 0.2764 0.0498 -0.9598
vn 0.4338 -0.0771 -0.8977
vn 0.2832 -0.0410 -0.9582
vn 0.4058 0.0371 -0.9132
vn 0.2849 0.0854 0.9547
vn 0.1015 0.0868 0.9910
vn 0.5213 0.0476 -0.8520
vn 0.6674 -0.0016 -0.7447
vn 0.7510 0.0096 -0.6602
vn 0.7771 0.0610 -0.6265
vn 0.4168 -0.0104 -0.9089
vn 0.5726 0.0598 -0.8176
vn 0.4317 -0.0215 0.9018
vn 0.6364 0.0090 -0.7713
vn 0.4648 -0.0019 0.8854
vn 0.7398 -0.0228 0.6724
vn -0.9125 0.0464 0.4064
vn -0.8139 0.0247 -0.5805
vn -0.9984 0.0272 -0.0491
vn 0.6266 -0.0202 0.7791
vn 0.6642 -0.0963 0.7413
vn -0.9598 -0.0430 -0.2774
vn 0.8079 -0.1886 -0.5584
vn -0.9949 0.0646 0.0780
vn -0.8131 0.1245 0.5686
vn -0.9870 0.1593 0.0213
vn -0.8096 0.1379 -0.5706
vn -0.8280 0.1049 0.5509
vn -0.6592 0.0960 0.7458
vn -0.7774 0.1040 0.6203
vn -0.9528 0.1319 -0.2735
vn 0.6783 -0.3755 -0.6315
vn 0.3079 -0.9340 0.1811
vn -0.6585 0.1425 0.7389
vn -0.5207 0.1046 0.8473
vn -0.6661 0.1159 -0.7368
vn -0.6010 0.1080 0.7920
vn -0.4932 0.0763 0.8666
vn -0.3471 0.0064 -0.9378
vn -0.4921 0.0496 -0.8691
vn -0.2600 -0.0430 0.9646
vn -0.4971 0.1583 -0.8531
vn -0.2804 -0.0075 -0.9599
vn -0.2486 0.0086 -0.9686
vn -0.1779 -0.2153 -0.9602
vn -0.5241 0.3205 0.7891
vn -0.7231 0.3885 0.5711
vn -0.6419 0.1280 0.7561
vn -0.6824 0.2844 0.6734
vn -0.8193 0.2534 -0.5143
vn -0.5077 0.2912 -0.8108
vn -0.4013 0.4195 -0.8142
vn -0.7467 0.4515 -0.4884
vn -0.5990 -0.0472 0.7994
vn -0.7547 -0.1554 0.6374
vn -0.4996 -0.1705 0.8493
vn -0.2816 -0.9568 -0.0729
vn -0.7278 0.4475 0.5196
vn -0.1676 0.0582 0.9841
vn 0.3755 0.1283 -0.9179
vn 0.2476 0.0919 0.9645
vn 0.2326 0.0600 0.9707
vn 0.9001 0.0291 -0.4346
vn 0.0547 -0.0457 -0.9975
vn 0.0718 -0.0504 -0.9961
vn 0.2761 -0.0100 -0.9611
vn 0.3822 -0.0284 -0.9237
vn 0.1996 -0.0392 0.9791
vn 0.3931 0.0497 -0.9181
vn 0.2787 0.0233 -0.9601
vn 0.8478 0.0061 0.5302
vn 0.8715 -0.0318 0.4893
vn 0.6618 0.0031 0.7497
vn 0.3725 -0.0709 -0.9253
vn 0.1121 -0.0624 -0.9917
vn 0.3878 -0.0202 -0.9215
vn 0.2660 -0.2038 -0.9422
vn 0.5676 -0.2627 0.7803
vn 0.4331 -0.1427 0.8900
vn -0.9856 0.1685 -0.0139
vn -0.9862 0.1647 -0.0191
vn -0.7694 0.1421 -0.6228
vn -0.9804 0.1922 0.0437
vn -0.9805 0.1752 0.0892
vn -0.9824 0.1835 -0.0350
vn -0.8019 0.1502 0.5782
vn -0.7175 0.1605 0.6778
vn -0.4759 0.0657 0.8770
vn -0.3835 0.1401 0.9129
vn -0.4713 0.2133 0.8558
vn -0.4467 0.0270 0.8943
vn -0.5228 -0.2878 0.8024
vn -0.6229 0.2369 -0.7456
vn -0.6979 0.2517 -0.6705
vn -0.7062 0.2097 0.6762
vn -0.4833 0.1588 -0.8609
vn -0.5541 -0.1148 -0.8245
vn -0.7351 0.3114 -0.6022
vn -0.6267 -0.2719 -0.7302
vn -0.6835 -0.2175 -0.6968
vn -0.7969 -0.4232 -0.4311
vn -0.7162 -0.3906 0.5784
vn -0.4436 -0.8877 0.1232
vn -0.5322 -0.8313 0.1602
vn -0.6629 -0.6375 -0.3926
vn -0.7758 -0.4138 -0.4764
vn -0.4902 -0.6569 -0.5728
vn -0.8067 0.5577 0.1954
vn -0.6516 0.4073 -0.6399
vn -0.5751 0.4551 -0.6798
vn -0.4463 0.2555 -0.8576
vn -0.5429 0.1777 -0.8208
vn -0.1101 0.0537 -0.9925
vn -0.1723 0.0818 -0.9816
vn -0.1013 0.0118 -0.9948
vn -0.1168 0.1115 -0.9869
vn -0.0897 0.1176 -0.9890
vn -0.1098 0.1266 -0.9859
vn -0.1859 0.0354 -0.9819
vn 0.3255 0.0878 -0.9414
vn -0.0704 0.0989 -0.9926
vn 0.2560 -0.0012 -0.9667
vn 0.1635 0.0030 0.9865
vn 0.3428 -0.0162 0.9393
vn 0.1191 -0.0066 0.9929
vn 0.1904 -0.0322 0.9812
vn 0.1887 0.0314 -0.9815
vn 0.2090 0.0338 0.9773
vn 0.2009 0.0591 0.9778
vn 0.5261 -0.0748 -0.8471
vn 0.0804 -0.0073 -0.9967
vn 0.3662 0.0167 0.9304
vn 0.1282 0.0405 0.9909
vn 0.3109 -0.0423 0.9495
vn 0.4518 -0.0943 0.8871
vn 0.0851 -0.6240 -0.7768
vn 0.4499 -0.4332 -0.7810
vn 0.2211 -0.5624 0.7968
vn 0.1648 -0.9121 -0.3754
vn 0.0061 -0.9265 -0.3762
vn -0.9732 0.1949 -0.1224
vn -0.8238 0.1744 -0.5393
vn -0.6523 0.1432 -0.7443
vn -0.6778 0.1336 -0.7230
vn -0.8952 0.1814 0.4072
vn -0.8344 0.1784 0.5214
vn -0.6415 0.1597 -0.7503
vn -0.2797 0.1043 0.9544
vn -0.3272 -0.1128 0.9382
vn -0.4561 -0.1468 0.8777
vn -0.3938 -0.2401 0.8873
vn -0.4756 -0.2248 -0.8505
vn -0.5282 -0.4817 -0.6993
vn -0.9043 0.3211 0.2814
vn -0.7193 -0.0145 -0.6945
vn -0.9381 0.2633 -0.2249
vn -0.9892 -0.1447 -0.0214
vn -0.9251 0.2897 0.2455
vn -0.7967 0.1621 0.5822
vn -0.8226 0.1041 0.5590
vn -0.8469 -0.0299 -0.5310
vn -0.8467 -0.2766 0.4545
vn -0.7761 -0.5803 -0.2468
vn -0.9002 -0.4302 0.0677
vn -0.8300 -0.5091 -0.2277
vn -0.7461 -0.3229 0.5823
vn -0.8097 -0.5263 0.2596
vn -0.8604 -0.3718 0.3484
vn -0.7574 -0.5968 -0.2649
vn -0.6556 -0.7085 0.2611
vn -0.7142 0.4963 0.4936
vn -0.5898 0.1617 -0.7912
vn -0.5002 0.1656 -0.8499
vn -0.0930 0.1211 0.9883
vn -0.1659 0.1777 -0.9700
vn 0.2367 0.0405 -0.9707
vn -0.2153 0.0786 0.9734
vn -0.2267 0.0594 0.9721
vn -0.0454 -0.1106 -0.9928
vn 0.4169 0.0658 -0.9066
vn 0.4294 -0.0071 -0.9031
vn 0.0113 0.0214 0.9997
vn -0.6106 -0.1052 -0.7849
vn -0.6086 -0.1248 -0.7836
vn -0.6148 -0.0939 -0.7831
vn 0.1909 -0.0561 -0.9800
vn 0.2295 -0.0253 0.9730
vn 0.1747 0.0759 -0.9817
vn 0.3291 0.0757 -0.9413
vn 0.0373 -0.0895 0.9953
vn -0.0639 -0.2601 -0.9635
vn 0.3821 -0.3909 -0.8374
vn -0.1435 -0.3961 -0.9069
vn 0.0176 -0.1577 0.9873
vn 0.1203 -0.9482 0.2939
vn -0.0338 -0.9796 0.1981
vn -0.9749 0.1939 0.1095
vn -0.9857 0.1679 -0.0138
vn -0.8555 0.1752 -0.4872
vn -0.5468 0.1489 -0.8239
vn -0.8024 0.1817 -0.5684
vn -0.7599 0.1113 -0.6404
vn -0.9075 0.1771 -0.3808
vn -0.7884 0.0975 0.6074
vn -0.4437 0.1996 0.8737
vn -0.4223 -0.0986 -0.9011
vn -0.4310 -0.3247 0.8419
vn -0.5645 -0.4188 0.7113
vn -0.9426 -0.3201 0.0945
vn -0.7430 -0.3238 -0.5857
vn -0.9678 -0.1745 -0.1816
vn -0.9442 -0.3187 -0.0829
vn -0.8391 0.1374 -0.5263
vn -0.9774 -0.0729 0.1983
vn -0.9030 0.1648 -0.3967
vn -0.8187 0.5710 0.0611
vn -0.9015 0.3889 -0.1899
vn -0.9729 0.1907 0.1310
vn -0.9351 -0.1119 0.3362
vn -0.7542 -0.1776 -0.6321
vn -0.5114 -0.1670 0.8430
vn -0.8890 -0.3085 -0.3383
vn -0.9547 -0.2625 0.1405
vn -0.8987 0.4274 -0.0980
vn -0.8517 0.4771 0.2168
vn -0.5212 0.2567 0.8139
vn -0.6675 0.2169 -0.7124
vn -0.3363 0.1027 0.9361
vn -0.2547 0.0633 0.9649
vn -0.3414 0.1444 -0.9288
vn 0.0071 0.0805 -0.9967
vn 0.5747 0.1479 -0.8049
vn -0.3256 0.0655 0.9432
vn -0.1930 0.0956 0.9765
vn -0.3691 0.1155 0.9222
vn -0.2335 0.0314 -0.9719
vn -0.3691 0.1274 -0.9206
vn -0.2842 0.1964 -0.9384
vn 0.0113 0.0248 0.9996
vn 0.5426 -0.0050 -0.8400
vn 0.3047 0.0033 -0.9524
vn 0.4741 0.0418 -0.8795
vn -0.1546 -0.0349 0.9874
vn 0.0277 -0.0400 0.9988
vn 0.0212 -0.0119 0.9997
vn 0.1609 0.0243 -0.9867
vn -0.2434 0.0225 -0.9697
vn 0.0291 -0.0019 -0.9996
vn -0.3089 0.0423 0.9501
vn -0.0852 -0.0595 0.9946
vn -0.1846 -0.0415 0.9819
vn -0.0439 0.0414 -0.9982
vn 0.2660 -0.9504 -0.1609
vn 0.3653 -0.9301 -0.0369
vn 0.1132 -0.9934 -0.0170
vn 0.0960 -0.8496 -0.5186
vn 0.0742 -0.9972 -0.0005
vn -0.9103 0.1986 0.3633
vn -0.9016 0.1497 0.4058
vn -0.6703 0.1655 0.7234
vn -0.6138 0.1840 0.7677
vn -0.6469 0.1063 0.7551
vn -0.5145 0.2118 -0.8309
vn -0.4681 0.0821 -0.8799
vn -0.6625 0.1220 -0.7391
vn -0.6722 -0.1239 0.7299
vn -0.6172 -0.1126 -0.7787
vn -0.7090 -0.4393 -0.5517
vn -0.3906 -0.2379 -0.8893
vn -0.8037 -0.4454 0.3945
vn -0.8312 -0.5452 0.1091
vn -0.9104 -0.0910 0.4036
vn -0.9402 -0.1489 -0.3062
vn -0.6520 0.1459 0.7441
vn -0.6891 0.1855 -0.7006
vn -0.7108 0.1229 -0.6926
vn -0.5791 0.1318 0.8045
vn -0.5022 0.1639 0.8491
vn -0.1777 0.0431 -0.9831
vn 0.0235 0.0679 -0.9974
vn -0.4924 0.1094 0.8635
vn 0.1940 0.0133 -0.9809
vn 0.4006 0.0063 -0.9162
vn 0.4401 -0.0286 -0.8975
vn -0.3977 0.0195 0.9173
vn -0.1141 -0.0235 0.9932
vn -0.0221 -0.0090 -0.9997
vn 0.2747 0.0363 -0.9608
vn -0.2409 -0.0108 -0.9705
vn -0.0708 0.0120 0.9974
vn -0.1599 -0.0525 0.9857
vn -0.2752 0.0381 0.9606
vn -0.3017 -0.0559 -0.9518
vn -0.3957 -0.0905 0.9139
vn -0.1192 -0.3654 -0.9232
vn -0.0808 -0.2906 -0.9534
vn -0.1660 -0.2435 0.9556
vn -0.1810 -0.1427 0.9731
vn -0.9253 0.1369 -0.3536
vn -0.9274 0.1549 -0.3405
vn -0.9550 0.1132 0.2742
vn -0.8632 0.1939 -0.4662
vn -0.8009 0.2089 0.5611
vn -0.6483 0.2138 -0.7308
vn -0.7064 -0.0608 0.7052
vn -0.6971 -0.5164 -0.4974
vn -0.8356 -0.4860 -0.2563
vn -0.9296 -0.3326 -0.1590
vn -0.9867 0.1626 0.0072
vn -0.9221 0.3743 0.0979
vn -0.7949 0.2621 0.5471
vn -0.4029 0.0356 0.9145
vn -0.5039 0.0495 0.8623
vn -0.5263 0.0362 -0.8495
vn -0.5879 0.1309 -0.7983
vn -0.4226 0.2245 -0.8781
vn -0.3609 0.1368 0.9225
vn -0.5507 0.0700 0.8318
vn -0.2299 0.0347 -0.9726
vn -0.3104 0.0276 -0.9502
vn -0.3321 -0.0024 -0.9432
vn -0.2309 0.0304 -0.9725
vn -0.2625 -0.0141 -0.9648
vn -0.3932 -0.0292 -0.9190
vn -0.5789 0.0021 -0.8154
vn -0.5380 -0.0267 -0.8425
vn -0.6075 -0.0063 -0.7943
vn 0.0169 -0.0479 -0.9987
vn -0.2483 -0.0176 -0.9685
vn -0.2892 -0.0083 -0.9572
vn 0.2782 -0.9403 -0.1960
vn 0.2289 -0.8860 -0.4033
vn 0.1168 -0.9930 0.0199
vn -0.2728 -0.7140 0.6448
vn -0.9866 0.1462 0.0723
vn -0.6427 0.0321 0.7654
vn -0.8203 0.0575 0.5690
vn -0.5841 0.0416 -0.8106
vn -0.8691 0.0616 -0.4908
vn -0.6668 0.0335 -0.7445
vn -0.7812 -0.0281 -0.6236
vn -0.7945 -0.4082 0.4496
vn -0.8684 -0.2538 0.4261
vn -0.9769 -0.2124 0.0225
vn -0.8257 -0.1424 -0.5458
vn -0.8869 0.3560 -0.2942
vn -0.8130 0.1816 -0.5532
vn -0.9353 0.2464 -0.2541
vn -0.8256 0.2147 0.5217
vn -0.7220 0.1760 -0.6691
vn -0.7599 0.1723 0.6268
vn -0.6224 0.1108 0.7748
vn -0.5301 0.1053 -0.8413
vn -0.7216 0.1967 -0.6638
vn -0.7380 0.1104 0.6657
vn -0.7238 0.0957 0.6833
vn -0.7114 0.0320 0.7021
vn -0.5650 -0.0225 0.8248
vn -0.5462 -0.0600 0.8355
vn -0.6288 -0.0310 -0.7770
vn -0.6011 0.0099 0.7991
vn -0.4709 -0.0129 0.8821
vn -0.6784 0.0492 0.7331
vn -0.6255 0.0191 0.7800
vn -0.5755 0.0522 0.8161
vn -0.7487 0.0647 -0.6597
vn -0.6100 -0.0113 0.7924
vn -0.4503 -0.0696 0.8902
vn -0.5286 0.0133 0.8488
vn -0.2228 -0.3745 -0.9001
vn -0.3915 -0.1259 -0.9115
vn -0.5441 -0.0489 0.8376
vn -0.4593 -0.2355 0.8565
vn 0.2772 -0.9566 -0.0900
vn -0.0602 -0.8471 -0.5281
vn -0.9546 0.0859 0.2852
vn -0.9859 0.1659 0.0197
vn -0.9323 0.0795 -0.3528
vn -0.9121 -0.1160 -0.3933
vn -0.9765 -0.2129 0.0337
vn -0.8263 0.1359 -0.5465
vn -0.8732 0.1278 -0.4703
vn -0.8097 0.1343 0.5712
vn -0.8000 0.1424 -0.5829
vn -0.6914 0.0684 0.7193
vn -0.7768 0.1130 0.6195
vn -0.5703 0.0590 -0.8193
vn -0.6231 0.1528 -0.7670
vn -0.4959 0.0486 0.8670
vn -0.5036 0.0228 -0.8636
vn -0.6170 -0.0192 -0.7867
vn -0.7503 -0.0403 0.6599
vn -0.7709 -0.0347 0.6360
vn -0.7579 0.0104 0.6523
vn -0.5589 0.0552 -0.8274
vn -0.6105 0.0049 -0.7920
vn -0.3386 -0.0066 -0.9409
vn -0.6720 0.0334 0.7398
vn -0.6297 -0.0226 0.7765
vn -0.0710 -0.3632 -0.9290
vn 0.0250 -0.3011 -0.9533
vn 0.0322 -0.5944 -0.8035
vn -0.9943 0.0706 -0.0795
vn -0.9532 0.2256 -0.2013
vn -0.9821 0.1813 0.0510
vn -0.8719 0.2006 0.4467
vn -0.7490 0.0340 0.6617
vn -0.8258 0.0625 -0.5604
vn -0.6057 0.0543 -0.7938
vn -0.8499 0.0644 0.5230
vn -0.7671 0.0219 -0.6411
vn -0.6095 -0.0343 -0.7920
vn -0.7123 -0.0184 -0.7016
vn -0.8230 -0.0017 -0.5681
vn -0.7339 -0.0086 -0.6792
vn -0.7308 0.0220 0.6823
vn -0.6501 -0.1338 0.7479
vn -0.7598 -0.4087 0.5056
vn -0.3741 -0.8894 0.2627
vn 0.1498 -0.9580 -0.2446
vn -0.9462 0.1330 -0.2950
vn -0.8874 0.0715 0.4554
vn -0.8977 0.0508 -0.4377
vn -0.8826 0.0371 -0.4686
vn -0.7992 0.0752 -0.5964
vn -0.8522 0.0906 -0.5152
vn -0.8901 0.0499 0.4530
vn -0.9456 -0.0207 0.3247
vn -0.8368 0.0007 -0.5475
vn -0.8052 -0.0418 -0.5916
vn -0.8486 -0.0295 0.5283
vn -0.8612 0.0057 0.5082
vn -0.8347 0.0012 -0.5508
vn -0.8714 -0.0111 0.4905
vn -0.8827 0.0578 0.4664
vn -0.4860 0.0020 -0.8740
vn -0.7606 -0.0088 -0.6492
vn -0.7556 0.0139 -0.6549
vn -0.5452 -0.2184 -0.8094
vn -0.1168 -0.1861 -0.9756
vn 0.1966 -0.9626 -0.1866
vn -0.9518 0.1224 0.2811
vn -0.9037 0.0498 -0.4253
vn -0.9390 0.0372 -0.3418
vn -0.8794 0.0268 -0.4753
vn -0.9571 0.0599 -0.2835
vn -0.8287 -0.0007 -0.5597
vn -0.8826 0.0173 0.4698
vn -0.9095 -0.0118 0.4155
vn -0.8261 -0.0546 -0.5608
vn -0.8836 -0.0367 -0.4668
vn -0.9277 -0.0402 0.3710
vn -0.8000 -0.0936 -0.5927
vn -0.9109 -0.0236 0.4120
vn -0.8369 0.0284 -0.5466
vn -0.7586 0.0061 -0.6515
vn -0.8422 -0.0124 -0.5391
vn -0.9047 0.0099 0.4259
vn -0.9070 -0.0030 0.4212
vn -0.9299 0.0096 0.3677
vn -0.9480 -0.0127 0.3180
vn -0.9396 -0.0240 -0.3414
vn -0.9572 0.0254 0.2882
vn -0.9705 0.0486 0.2361
vn -0.9487 0.0213 -0.3156
vn -0.9542 0.0520 -0.2945
vn -0.9615 0.0850 -0.2614
vn -0.9719 0.0475 -0.2306
vn -0.8969 0.0179 0.4419
vn -0.8641 -0.5025 0.0297
vn -0.9589 0.0845 -0.2708
vn -0.9914 0.1292 -0.0207
vn -0.9934 0.0338 0.1100
vn -0.9224 0.0080 0.3863
vn -0.9795 0.0393 -0.1976
vn -0.9072 0.0532 -0.4173
vn -0.9249 0.0323 0.3789
vn -0.8357 0.0028 0.5491
vn -0.9981 0.0159 -0.0592
vn -0.9622 0.0468 -0.2681
vn -0.9113 0.0462 -0.4091
vn -0.8653 0.0483 0.4990
vn -0.8828 0.0381 0.4683
vn -0.8738 0.0587 0.4826
vn -0.8946 0.0270 -0.4461
vn -0.9314 0.0525 -0.3603
vn -0.9041 0.0510 0.4242
vn -0.9378 0.0035 0.3471
vn -0.9375 -0.0387 0.3459
vn -0.9796 -0.0402 0.1968
vn -0.9531 -0.0220 0.3019
vn -0.9556 0.0075 -0.2944
vn -0.9938 -0.0348 0.1055
vn -0.9930 -0.0343 -0.1128
vn -0.9991 -0.0106 0.0402
vn -0.9806 0.0230 0.1949
vn -0.9682 0.0227 0.2493
vn -0.9743 -0.0103 -0.2249
vn -0.9884 0.0446 -0.1452
vn -0.9616 0.0360 0.2720
vn -0.9608 0.0466 0.2732
vn -0.9758 0.0420 0.2146
vn -0.9276 0.0751 -0.3658
vn -0.9558 0.0296 -0.2926
vn -0.9481 0.0059 0.3178
vn -0.9313 -0.0118 0.3640
vn -0.8305 -0.0230 0.5566
vn -0.9046 -0.1025 0.4137
vn -0.8033 -0.3124 -0.5071
vn -0.9499 -0.0604 -0.3067
vn -0.9939 -0.0424 -0.1020
vn -0.9831 -0.0546 0.1746
vn -0.9239 -0.3826 -0.0042
vn -0.9821 -0.1853 0.0354
vn -0.9307 -0.3658 0.0083
vn -0.6556 -0.4930 -0.5719
vn -0.8005 -0.5992 -0.0126
vn -0.9982 0.0533 -0.0293
vn -0.9919 0.0186 -0.1253
vn -0.9948 -0.0187 -0.1002
vn -0.9983 -0.0016 0.0589
vn -0.9984 -0.0217 0.0524
vn -0.9941 -0.0131 -0.1078
vn -0.9882 -0.0438 -0.1467
vn -0.9888 0.0393 0.1439
vn -0.9962 0.0468 -0.0732
vn -0.9969 0.0349 -0.0707
vn -0.9959 -0.0097 -0.0904
vn -0.9992 -0.0175 0.0370
vn -0.9999 -0.0003 0.0142
vn -0.9980 -0.0017 0.0638
vn -0.9065 -0.0137 -0.4220
vn -0.9910 -0.0587 0.1207
vn -0.9849 -0.0113 -0.1729
vn -0.9907 -0.0070 -0.1360
vn -0.9891 -0.0158 0.1463
vn -0.9750 -0.0314 0.2201
vn 0.5955 0.7980 -0.0925
vn 0.6635 0.7355 -0.1374
vn 0.5241 0.8156 -0.2452
vn 0.7080 0.5780 0.4058
vn 0.7306 0.5381 0.4204
vn 0.7460 0.5705 0.3436
vn 0.4369 -0.1303 0.8900
vn 0.3925 -0.2213 0.8927
vn 0.8537 -0.1695 -0.4924
vn 0.5555 0.0769 0.8280
vn 0.5440 -0.5651 -0.6203
vn 0.3879 0.2120 0.8970
vn 0.1258 -0.4692 0.8741
vn 0.2426 -0.5574 -0.7940
vn 0.0729 0.0273 0.9970
vn -0.3882 -0.3359 -0.8582
vn -0.4968 -0.1467 0.8554
vn -0.4488 -0.2231 0.8653
vn -0.3516 -0.1014 0.9306
vn 0.4783 -0.8781 0.0139
vn 0.4072 -0.7674 -0.4952
vn 0.4960 0.4834 0.7213
vn 0.5245 0.7442 0.4137
vn 0.1726 0.2841 0.9431
vn 0.5116 -0.1741 0.8414
vn 0.6923 -0.0820 -0.7169
vn 0.5579 0.1319 -0.8194
vn 0.6572 0.0963 -0.7475
vn 0.5307 0.3244 -0.7830
vn 0.0416 -0.4505 -0.8918
vn 0.1567 -0.9761 0.1504
vn 0.1484 -0.4159 -0.8972
vn 0.7842 -0.5597 0.2678
vn 0.7062 -0.6224 -0.3374
vn 0.0153 -0.2525 -0.9675
vn 0.4985 -0.8662 -0.0342
vn 0.5247 -0.8512 0.0095
vn -0.2722 -0.9539 0.1264
vn 0.0542 -0.9985 -0.0009
vn -0.3377 -0.2359 0.9112
vn -0.8265 -0.5622 -0.0296
vn 0.8916 -0.4242 0.1584
vn 0.9114 -0.3742 0.1714
vn 0.9028 -0.3689 0.2210
vn 0.9005 -0.3648 0.2366
vn 0.2090 -0.6223 -0.7544
vn 0.3416 -0.6093 -0.7156
vn -0.0491 -0.1958 -0.9794
vn 0.7379 -0.5318 0.4156
vn 0.2220 0.4212 -0.8794
vn 0.8493 -0.4372 -0.2959
vn 0.8396 -0.4525 -0.3006
vn 0.8319 -0.4567 -0.3152
vn 0.8501 -0.4121 -0.3278
vn 0.2302 -0.0210 0.9729
vn 0.2751 -0.0418 0.9605
vn -0.5041 0.8602 -0.0766
vn -0.3278 0.7293 -0.6006
vn 0.5856 -0.0343 -0.8098
vn 0.3830 0.1864 0.9047
vn 0.2831 -0.3613 -0.8884
vn 0.7717 -0.1897 0.6070
vn 0.8600 -0.4997 -0.1032
vn 0.4387 -0.0500 -0.8973
vn 0.9051 -0.4227 -0.0455
vn 0.7138 -0.6850 0.1458
vn 0.7208 0.6917 -0.0457
vn 0.7808 0.5508 0.2949
vn 0.8569 0.2273 0.4626
vn 0.7946 -0.0896 0.6004
vn 0.8581 -0.4562 -0.2355
vn 0.0125 -0.3948 -0.9187
vn 0.4698 0.0314 -0.8822
vn 0.9002 -0.4342 -0.0334
vn 0.8879 0.2826 -0.3630
vn 0.9710 -0.0021 0.2390
vn 0.9466 0.0822 0.3118
vn 0.9352 0.2236 0.2745
vn -0.5233 0.2462 -0.8158
vn 0.4345 -0.7762 -0.4569
vn 0.5437 -0.7332 -0.4084
vn 0.0374 -0.2512 -0.9672
vn 0.0318 -0.2280 -0.9731
vn -0.1075 -0.3593 -0.9270
vn 0.8727 -0.2456 -0.4219
vn 0.7407 -0.5823 0.3350
vn 0.9278 -0.2237 0.2984
vn -0.2377 0.2222 0.9456
vn 0.8294 0.3273 0.4527
vn 0.6295 0.0305 -0.7764
vn 0.3407 -0.4513 -0.8247
vn 0.7711 0.4425 -0.4579
vn 0.7564 0.5056 -0.4150
vn 0.7703 0.5217 -0.3667
vn 0.8665 0.4277 -0.2574
vn 0.9210 0.0903 0.3790
vn 0.8989 -0.0253 0.4374
vn 0.9374 0.0884 0.3369
vn 0.1477 -0.4112 0.8995
vn 0.1338 -0.4046 0.9047
vn 0.7652 -0.6407 -0.0624
vn 0.5644 0.4980 -0.6583
vn 0.7267 0.0287 -0.6864
vn 0.5866 0.8014 0.1171
vn 0.7352 0.5808 -0.3496
vn 0.4505 0.8824 0.1355
vn 0.7704 -0.5301 -0.3543
vn 0.8016 0.5365 -0.2638
vn 0.8126 0.4586 -0.3597
vn 0.4092 0.6966 -0.5893
vn 0.8927 0.0703 0.4452
vn 0.8220 0.1473 0.5500
vn 0.8121 -0.0077 0.5834
vn 0.0124 -0.0418 -0.9991
vn -0.1074 0.7798 -0.6168
vn 0.5255 0.6281 0.5739
vn 0.0709 0.9515 0.2993
vn 0.0728 0.9207 0.3835
vn -0.0089 0.8994 0.4370
vn 0.1633 0.6693 -0.7249
vn 0.0754 0.6524 0.7541
vn 0.1328 0.9768 0.1681
vn -0.0675 0.6073 -0.7916
vn -0.2157 0.8779 -0.4274
vn -0.0759 -0.0580 -0.9954
vn -0.5664 -0.7751 0.2799
vn -0.0352 -0.1049 0.9939
vn -0.5138 -0.7616 0.3950
vn -0.2620 0.9650 -0.0095
vn -0.1386 -0.8922 0.4298
vn 0.1407 -0.9899 -0.0155
vn -0.2632 0.9647 0.0002
vn -0.2226 0.5453 0.8082
vn 0.2391 -0.5083 -0.8273
vn 0.5661 -0.6368 0.5235
vn -0.1724 0.4409 0.8809
vn -0.3372 0.9414 -0.0029
vn -0.3255 0.9452 -0.0271
vn -0.2792 0.8455 0.4551
vn -0.2368 0.6577 0.7151
vn 0.0373 -0.0249 0.9990
vn -0.4000 0.9163 -0.0213
vn -0.4074 0.9121 -0.0458
vn -0.4083 0.9128 -0.0098
vn -0.4105 0.9106 -0.0466
vn 0.8205 -0.4111 0.3973
vn 0.5761 -0.2953 0.7622
vn -0.4081 0.8682 -0.2821
vn 0.1880 0.0348 0.9816
vn 0.8885 -0.0122 -0.4587
vn 0.8992 -0.3962 -0.1855
vn -0.3071 0.6152 0.7261
vn 0.8110 0.0022 -0.5850
vn 0.8710 -0.4803 -0.1032
vn 0.8427 -0.5109 0.1699
vn 0.7736 -0.5984 -0.2085
vn 0.8454 -0.1633 0.5085
vn 0.8669 -0.0345 0.4973
vn -0.3297 0.8333 -0.4438
vn 0.1712 0.0840 -0.9816
vn 0.6922 -0.7172 -0.0805
vn 0.5723 -0.7599 -0.3082
vn -0.4878 0.8693 0.0799
vn 0.2004 0.0838 -0.9761
vn 0.8220 -0.5581 0.1131
vn -0.4922 0.8701 -0.0235
vn 0.8610 0.3110 0.4024
vn 0.9775 -0.0642 0.2010
vn 0.9725 0.1191 -0.2001
vn 0.6147 -0.7496 -0.2454
vn 0.5271 -0.7879 -0.3182
vn 0.2958 -0.9487 0.1116
vn 0.3767 -0.7735 -0.5097
vn 0.3706 -0.7920 -0.4851
vn 0.7050 0.6546 0.2727
vn 0.4301 0.3130 0.8468
vn -0.3229 0.3938 0.8606
vn 0.7621 -0.1127 -0.6376
vn 0.7851 -0.2542 0.5648
vn -0.1243 0.2905 0.9488
vn 0.7043 0.5977 -0.3830
vn 0.3096 0.0180 -0.9507
vn 0.1478 -0.8436 0.5162
vn 0.4908 -0.8282 0.2704
vn 0.8191 -0.3368 -0.4644
vn 0.7326 -0.2440 0.6354
vn 0.8906 -0.2736 -0.3633
vn 0.8853 -0.3595 0.2949
vn -0.5922 0.8021 -0.0774
vn 0.3200 -0.2778 -0.9058
vn 0.2091 -0.2223 -0.9523
vn 0.6812 0.6377 0.3595
vn 0.1755 0.3116 -0.9339
vn -0.0607 -0.6835 -0.7274
vn 0.4006 0.5939 -0.6977
vn -0.0136 -0.7742 0.6328
vn -0.0982 0.4509 -0.8872
vn -0.4419 -0.0727 -0.8941
vn 0.6122 0.0350 -0.7899
vn 0.1854 -0.1666 -0.9684
vn 0.9863 0.1118 0.1209
vn 0.8472 0.1489 0.5099
vn -0.4683 0.0734 -0.8805
vn -0.5339 -0.1863 0.8247
vn -0.3226 0.4719 0.8205
vn -0.6963 -0.6319 -0.3404
vn -0.3462 -0.0024 -0.9382
vn -0.2415 -0.9675 0.0748
vn -0.5838 0.1534 0.7973
vn -0.3944 -0.4617 -0.7945
vn -0.4152 0.6614 0.6246
vn -0.2316 -0.1752 -0.9569
vn -0.1854 -0.4217 -0.8876
vn -0.4972 -0.5508 -0.6704
vn -0.3417 0.0535 -0.9383
vn -0.4116 -0.0657 -0.9090
vn -0.7177 -0.1128 -0.6871
vn -0.6628 -0.0364 0.7479
vn -0.1910 0.5454 0.8161
vn -0.9732 -0.0865 0.2129
vn -0.6294 0.0044 0.7770
vn -0.0952 0.2523 0.9630
vn -0.9545 -0.0271 0.2971
vn -0.9419 -0.3260 0.0804
vn -0.9716 -0.2127 0.1034
vn -0.9972 -0.0644 -0.0385
vn -0.8266 -0.4917 0.2737
vn -0.7419 -0.6680 -0.0585
vn -0.4152 -0.8799 0.2313
vn -0.7884 0.6147 -0.0236
vn -0.5600 0.4370 -0.7039
vn -0.4437 -0.6736 -0.5911
vn -0.1900 -0.7792 0.5973
vn -0.2837 -0.3300 0.9004
vn -0.1946 -0.8029 0.5635
vn 0.1679 -0.4715 -0.8657
vn 0.1093 0.4701 0.8758
vn 0.0284 -0.9399 -0.3402
vn -0.0223 -0.9873 0.1570
vn -0.0134 0.7424 -0.6699
vn -0.0168 -0.9618 -0.2732
vn -0.2155 -0.9737 0.0745
vn -0.0718 -0.4889 0.8694
vn 0.0722 0.7663 0.6384
vn -0.2726 -0.9621 0.0092
vn -0.2882 -0.9542 -0.0804
vn -0.3272 -0.9449 0.0008
vn -0.2330 -0.4689 -0.8520
vn -0.1442 0.1147 0.9829
vn 0.2637 0.5583 0.7866
vn 0.2341 0.9717 0.0325
vn 0.1786 -0.1260 -0.9758
vn 0.1449 -0.9472 0.2860
vn -0.0962 -0.9164 0.3885
vn 0.1572 0.0055 0.9876
vn 0.6952 -0.7168 0.0548
vn 0.2084 -0.3007 0.9307
vn 0.5945 -0.7345 -0.3272
vn -0.0022 0.6290 -0.7774
vn 0.1437 -0.5197 -0.8421
vn -0.3257 0.9455 -0.0022
vn 0.7266 -0.5439 -0.4197
vn -0.3231 0.9437 -0.0706
vn -0.3436 0.7148 0.6091
vn -0.1438 -0.1011 0.9844
vn 0.5426 -0.4462 0.7117
vn -0.0574 -0.2806 0.9581
vn 0.3676 -0.2110 0.9057
vn -0.5286 0.7142 -0.4588
vn -0.5467 0.5977 -0.5864
vn -0.0569 0.6560 -0.7526
vn -0.3398 0.6399 -0.6892
vn 0.9560 -0.2153 -0.1991
vn 0.9208 -0.3046 -0.2438
vn 0.8245 0.5631 0.0559
vn 0.3852 -0.1212 -0.9148
vn 0.9642 -0.1589 -0.2123
vn 0.7165 0.5064 0.4798
vn -0.3914 0.4429 -0.8066
vn 0.5485 -0.4175 0.7244
vn 0.6022 -0.3900 0.6966
vn 0.6072 0.5084 0.6106
vn 0.2434 -0.8529 0.4618
vn 0.0544 -0.9722 0.2279
vn 0.2002 -0.8777 -0.4354
vn 0.3300 0.3655 -0.8703
vn 0.2078 -0.4691 0.8583
vn 0.1533 -0.4945 0.8555
vn -0.7244 -0.4275 0.5408
vn 0.1486 -0.2355 0.9604
vn 0.0173 -0.9661 0.2578
vn -0.7837 -0.1907 0.5911
vn -0.1627 0.0122 0.9866
vn -0.0975 -0.8750 0.4743
vn 0.8582 0.3806 -0.3444
vn 0.3797 -0.2674 -0.8856
vn -0.1219 -0.5286 0.8401
vn 0.0228 -0.5078 0.8612
vn 0.0211 -0.5221 0.8526
vn 0.5384 0.7993 0.2670
vn -0.4124 0.1859 0.8918
vn -0.4896 0.2580 0.8329
vn -0.1610 -0.4856 0.8592
vn -0.6423 -0.7649 -0.0488
vn -0.6525 0.1896 -0.7337
vn -0.6874 0.1510 -0.7104
vn -0.9402 0.3404 -0.0111
vn 0.0951 -0.9910 0.0939
vn -0.0381 -0.9800 0.1954
vn 0.0965 -0.9929 0.0693
vn 0.2812 -0.5024 -0.8176
vn 0.7563 0.3814 0.5315
vn 0.7386 0.3165 0.5952
vn 0.7597 0.3526 0.5464
vn -0.7759 0.2315 0.5868
vn -0.8353 0.2419 0.4937
vn -0.7231 0.2640 -0.6383
vn -0.5911 -0.7581 0.2756
vn -0.8479 0.1299 0.5140
vn -0.8667 0.1271 0.4824
vn 0.8190 0.1846 -0.5432
vn 0.7988 0.1962 -0.5687
vn 0.6484 0.6634 -0.3734
vn -0.9694 -0.0864 -0.2298
vn -0.8024 0.3712 -0.4672
vn -0.8845 0.2615 -0.3863
vn -0.9696 0.1286 0.2079
vn -0.1018 -0.2238 -0.9693
vn -0.0765 -0.9366 0.3420
vn 0.1263 -0.7634 -0.6334
vn 0.7964 -0.1447 -0.5872
vn 0.7300 -0.1571 -0.6652
vn 0.8787 -0.0456 0.4752
vn 0.6969 -0.0867 0.7119
vn 0.5559 0.0225 0.8309
vn -0.4816 0.6913 0.5386
vn -0.5257 0.6987 0.4853
vn -0.5036 0.6513 0.5676
vn -0.2514 0.1168 0.9608
vn -0.4634 -0.0474 0.8849
vn -0.8699 0.1297 -0.4759
vn -0.9556 0.1832 0.2306
vn -0.9659 0.2477 -0.0757
vn -0.6184 -0.1242 -0.7760
vn -0.1560 -0.0566 -0.9861
vn -0.1739 -0.8755 0.4509
vn -0.4003 0.7805 0.4802
vn -0.4563 0.7857 0.4177
vn -0.4590 0.7500 0.4763
vn -0.3778 -0.0735 0.9230
vn -0.9985 0.0523 -0.0172
vn -0.9977 0.0664 0.0128
vn 0.4404 -0.0439 -0.8967
vn -0.0836 -0.9549 0.2850
vn -0.3801 0.1400 -0.9143
vn 0.6404 -0.7420 0.1982
vn -0.4544 0.0807 -0.8872
vn -0.4411 -0.1957 -0.8759
vn -0.9955 0.0762 0.0555
vn -0.7703 0.0871 -0.6317
vn -0.4935 0.1241 -0.8608
vn -0.3150 -0.0289 -0.9487
vn -0.2354 -0.9554 -0.1785
vn 0.8044 0.0348 -0.5931
vn 0.7937 0.0674 -0.6046
vn -0.9587 0.0893 -0.2700
vn -0.9827 0.1822 -0.0334
vn -0.0457 -0.9510 -0.3059
vn 0.0162 -0.9646 0.2631
vn -0.3406 0.0038 0.9402
vn -0.5029 0.1485 0.8515
vn -0.5606 -0.0475 -0.8267
vn -0.3759 -0.9180 0.1266
vn -0.6571 -0.5824 -0.4786
vn -0.7615 0.1428 -0.6322
vn -0.9688 0.1951 -0.1526
vn -0.8663 -0.4730 -0.1610
vn -0.4458 0.0066 0.8951
vn -0.6783 -0.3225 0.6602
vn -0.4449 0.1960 -0.8739
vn -0.4407 0.1061 -0.8914
vn -0.8931 -0.3519 -0.2802
vn -0.3759 -0.2839 -0.8821
vn -0.0220 0.1376 -0.9903
vn 0.6707 0.1874 -0.7176
vn 0.0692 -0.0071 -0.9976
vn -0.7275 -0.6681 -0.1562
vn -0.7187 -0.6788 -0.1506
vn 0.5188 0.0644 -0.8525
vn 0.5363 0.0145 -0.8439
vn 0.4813 0.0626 -0.8743
vn -0.0004 -0.7592 0.6509
vn -0.9631 0.1272 -0.2371
vn -0.5861 0.0506 -0.8086
vn -0.6374 0.0162 0.7704
vn -0.8451 0.1137 0.5224
vn -0.5618 0.0114 0.8272
vn -0.5650 -0.0068 -0.8251
vn -0.8795 -0.0112 0.4758
vn -0.6811 -0.0528 -0.7303
vn -0.8675 0.0309 0.4965
vn -0.3718 -0.0724 -0.9255
vn -0.7900 -0.6074 -0.0835
vn -0.7630 -0.6446 -0.0468
vn -0.8435 -0.0541 -0.5344
vn -0.2805 -0.9116 -0.3004
vn -0.2695 -0.9263 -0.2633
vn -0.9709 0.0380 0.2366
vn -0.9958 -0.0097 0.0911
vn -0.9968 0.0380 -0.0704
vn -0.1017 0.0679 0.9925
vn -0.1076 0.0769 0.9912
vn -0.1087 0.0581 0.9924
vn -0.9881 -0.0325 -0.1500
vn -0.3839 0.0265 -0.9230
vn -0.3829 0.0320 -0.9232
vn -0.3828 0.0234 -0.9236
vt 0.625000 0.625000
vt 0.875000 0.625000
vt 0.875000 0.750000
vt 0.625000 0.750000
vt 0.500000 0.750000
vt 0.625000 1.000000
vt 0.500000 1.000000
vt 0.500000 0.625000
vt 0.500000 0.250000
vt 0.625000 0.250000
vt 0.625000 0.500000
vt 0.500000 0.500000
vt 0.000000 0.000000
vt 0.875000 0.500000
vt 0.356963 0.625000
vt 0.356963 0.750000
vt 0.375000 0.750000
vt 0.375000 0.625000
vt 0.356963 0.538362
vt 0.375000 0.538362
vt 0.125000 0.625000
vt 0.125000 0.750000
vt 0.125000 0.538362
vt 0.375000 0.538362
vt 0.375000 0.250000
vt 0.375000 0.500000
vt 0.356963 0.500000
vt 0.125000 0.500000
vt 0.375000 0.481963
vt 0.500000 0.538362
vt 0.500000 0.538362
vt 0.500000 0.481963
s 1
f 101/1/1 102/2/1 4/3/1 2/4/1
f 162/5/2 2/4/2 4/6/2 161/7/2
f 164/8/3 101/1/3 2/4/3 162/5/3
f 163/9/4 3/10/4 1/11/4 160/12/4
f 70/13/4 100/13/5 68/13/5 37/13/4
f 88/13/6 87/13/7 55/13/7 56/13/6
f 75/13/8 74/13/9 42/13/9 43/13/8
f 89/13/10 88/13/6 56/13/6 57/13/10
f 76/13/11 75/13/8 43/13/8 44/13/11
f 90/13/12 89/13/10 57/13/10 58/13/12
f 77/13/13 76/13/11 44/13/11 45/13/13
f 91/13/14 90/13/12 58/13/12 59/13/14
f 78/13/15 77/13/13 45/13/13 46/13/15
f 92/13/16 91/13/14 59/13/14 60/13/16
f 79/13/17 78/13/15 46/13/15 47/13/17
f 93/13/18 92/13/16 60/13/16 61/13/18
f 80/13/19 79/13/17 47/13/17 48/13/19
f 94/13/20 93/13/18 61/13/18 62/13/20
f 81/13/21 80/13/19 48/13/19 49/13/21
f 95/13/22 94/13/20 62/13/20 63/13/22
f 82/13/23 81/13/21 49/13/21 50/13/23
f 96/13/24 95/13/22 63/13/22 64/13/24
f 83/13/25 82/13/23 50/13/23 51/13/25
f 69/13/26 70/13/4 37/13/4 38/13/26
f 97/13/27 96/13/24 64/13/24 65/13/27
f 84/13/28 83/13/25 51/13/25 52/13/28
f 71/13/29 69/13/26 38/13/26 39/13/29
f 98/13/30 97/13/27 65/13/27 66/13/30
f 85/13/2 84/13/28 52/13/28 53/13/2
f 72/13/31 71/13/29 39/13/29 40/13/31
f 99/13/32 98/13/30 66/13/30 67/13/32
f 86/13/33 85/13/2 53/13/2 54/13/33
f 73/13/34 72/13/31 40/13/31 41/13/34
f 100/13/5 99/13/32 67/13/32 68/13/5
f 87/13/7 86/13/33 54/13/33 55/13/7
f 74/13/9 73/13/34 41/13/34 42/13/9
f 29/13/13 30/13/15 128/13/15 127/13/13
f 6/13/1 5/13/1 70/13/1 69/13/1
f 7/13/1 6/13/1 69/13/1 71/13/1
f 8/13/1 7/13/1 71/13/1 72/13/1
f 9/13/1 8/13/1 72/13/1 73/13/1
f 10/13/1 9/13/1 73/13/1 74/13/1
f 11/13/1 10/13/1 74/13/1 75/13/1
f 12/13/1 11/13/1 75/13/1 76/13/1
f 13/13/1 12/13/1 76/13/1 77/13/1
f 14/13/1 13/13/1 77/13/1 78/13/1
f 15/13/1 14/13/1 78/13/1 79/13/1
f 16/13/1 15/13/1 79/13/1 80/13/1
f 17/13/1 16/13/1 80/13/1 81/13/1
f 18/13/1 17/13/1 81/13/1 82/13/1
f 19/13/1 18/13/1 82/13/1 83/13/1
f 20/13/1 19/13/1 83/13/1 84/13/1
f 21/13/1 20/13/1 84/13/1 85/13/1
f 22/13/1 21/13/1 85/13/1 86/13/1
f 23/13/1 22/13/1 86/13/1 87/13/1
f 24/13/1 23/13/1 87/13/1 88/13/1
f 25/13/1 24/13/1 88/13/1 89/13/1
f 26/13/1 25/13/1 89/13/1 90/13/1
f 27/13/1 26/13/1 90/13/1 91/13/1
f 28/13/1 27/13/1 91/13/1 92/13/1
f 29/13/1 28/13/1 92/13/1 93/13/1
f 30/13/1 29/13/1 93/13/1 94/13/1
f 31/13/1 30/13/1 94/13/1 95/13/1
f 32/13/1 31/13/1 95/13/1 96/13/1
f 33/13/1 32/13/1 96/13/1 97/13/1
f 34/13/1 33/13/1 97/13/1 98/13/1
f 35/13/1 34/13/1 98/13/1 99/13/1
f 36/13/1 35/13/1 99/13/1 100/13/1
f 5/13/1 36/13/1 100/13/1 70/13/1
f 160/12/35 1/11/35 101/1/35 164/8/35
f 1/11/1 3/14/1 102/2/1 101/1/1
f 16/13/24 17/13/27 115/13/27 114/13/24
f 30/13/15 31/13/17 129/13/17 128/13/15
f 17/13/27 18/13/30 116/13/30 115/13/27
f 31/13/17 32/13/19 130/13/19 129/13/17
f 18/13/30 19/13/32 117/13/32 116/13/30
f 5/13/2 6/13/33 104/13/33 103/13/2
f 32/13/19 33/13/21 131/13/21 130/13/19
f 19/13/32 20/13/5 118/13/5 117/13/32
f 6/13/33 7/13/7 105/13/7 104/13/33
f 33/13/21 34/13/23 132/13/23 131/13/21
f 20/13/5 21/13/4 119/13/4 118/13/5
f 7/13/7 8/13/6 106/13/6 105/13/7
f 34/13/23 35/13/25 133/13/25 132/13/23
f 21/13/4 22/13/26 120/13/26 119/13/4
f 8/13/6 9/13/10 107/13/10 106/13/6
f 35/13/25 36/13/28 134/13/28 133/13/25
f 22/13/26 23/13/29 121/13/29 120/13/26
f 9/13/10 10/13/12 108/13/12 107/13/10
f 36/13/28 5/13/2 103/13/2 134/13/28
f 23/13/29 24/13/31 122/13/31 121/13/29
f 10/13/12 11/13/14 109/13/14 108/13/12
f 24/13/31 25/13/34 123/13/34 122/13/31
f 11/13/14 12/13/16 110/13/16 109/13/14
f 25/13/34 26/13/9 124/13/9 123/13/34
f 12/13/16 13/13/18 111/13/18 110/13/16
f 26/13/9 27/13/8 125/13/8 124/13/9
f 13/13/18 14/13/20 112/13/20 111/13/18
f 27/13/8 28/13/11 126/13/11 125/13/8
f 14/13/20 15/13/22 113/13/22 112/13/20
f 28/13/11 29/13/13 127/13/13 126/13/11
f 15/13/22 16/13/24 114/13/24 113/13/22
f 137/1/1 136/4/1 4/3/1 102/2/1
f 166/5/2 161/7/2 4/6/2 136/4/2
f 167/8/13 166/5/13 136/4/13 137/1/13
f 163/9/4 165/12/4 135/11/4 3/10/4
f 165/12/13 167/8/13 137/1/13 135/11/13
f 135/11/1 137/1/1 102/2/1 3/14/1
f 149/15/1 148/16/1 139/17/1 143/18/1
f 153/19/1 149/15/1 143/18/1 150/20/1
f 142/21/1 146/18/1 145/17/1 141/22/1
f 151/23/1 152/24/1 146/18/1 142/21/1
f 151/23/1 142/21/1 149/15/1 153/19/1
f 142/21/1 141/22/1 148/16/1 149/15/1
f 151/23/2 153/19/2 158/19/2 159/23/2
f 140/25/4 144/26/4 156/26/4 155/25/4
f 147/27/1 153/19/1 150/20/1 138/26/1
f 155/28/1 159/23/1 158/19/1 154/27/1
f 155/28/1 156/26/1 157/24/1 159/23/1
f 153/19/36 147/27/36 154/27/36 158/19/36
f 147/29/4 140/25/4 155/25/4 154/29/4
f 152/24/2 151/23/2 159/23/2 157/24/2
f 144/26/13 152/24/13 157/24/13 156/26/13
f 152/24/13 175/30/13 173/8/13 146/18/13
f 144/26/13 172/12/13 175/30/13 152/24/13
f 150/20/35 143/18/35 171/8/35 176/31/35
f 140/25/4 170/9/4 172/12/4 144/26/4
f 140/25/4 147/29/4 174/32/4 170/9/4
f 143/18/3 139/17/3 169/5/3 171/8/3
f 147/29/4 138/26/4 168/12/4 174/32/4
f 138/26/35 150/20/35 176/31/35 168/12/35
f 245/1/37 178/4/37 180/3/37 246/2/37
f 162/5/2 161/7/2 180/6/2 178/4/2
f 164/8/3 162/5/3 178/4/3 245/1/3
f 163/9/4 160/12/4 177/11/4 179/10/4
f 214/13/4 37/13/4 68/13/5 244/13/5
f 232/13/6 56/13/6 55/13/7 231/13/7
f 219/13/8 43/13/8 42/13/9 218/13/9
f 233/13/10 57/13/10 56/13/6 232/13/6
f 220/13/11 44/13/11 43/13/8 219/13/8
f 234/13/12 58/13/12 57/13/10 233/13/10
f 221/13/13 45/13/13 44/13/11 220/13/11
f 235/13/14 59/13/14 58/13/12 234/13/12
f 222/13/15 46/13/15 45/13/13 221/13/13
f 236/13/16 60/13/16 59/13/14 235/13/14
f 223/13/17 47/13/17 46/13/15 222/13/15
f 237/13/18 61/13/18 60/13/16 236/13/16
f 224/13/19 48/13/19 47/13/17 223/13/17
f 238/13/20 62/13/20 61/13/18 237/13/18
f 225/13/21 49/13/21 48/13/19 224/13/19
f 239/13/22 63/13/22 62/13/20 238/13/20
f 226/13/23 50/13/23 49/13/21 225/13/21
f 240/13/24 64/13/24 63/13/22 239/13/22
f 227/13/25 51/13/25 50/13/23 226/13/23
f 213/13/26 38/13/26 37/13/4 214/13/4
f 241/13/27 65/13/27 64/13/24 240/13/24
f 228/13/28 52/13/28 51/13/25 227/13/25
f 215/13/29 39/13/29 38/13/26 213/13/26
f 242/13/30 66/13/30 65/13/27 241/13/27
f 229/13/2 53/13/2 52/13/28 228/13/28
f 216/13/31 40/13/31 39/13/29 215/13/29
f 243/13/32 67/13/32 66/13/30 242/13/30
f 230/13/33 54/13/33 53/13/2 229/13/2
f 217/13/34 41/13/34 40/13/31 216/13/31
f 244/13/5 68/13/5 67/13/32 243/13/32
f 231/13/7 55/13/7 54/13/33 230/13/33
f 218/13/9 42/13/9 41/13/34 217/13/34
f 205/13/13 127/13/13 128/13/15 206/13/15
f 182/13/37 213/13/37 214/13/37 181/13/37
f 183/13/37 215/13/37 213/13/37 182/13/37
f 184/13/37 216/13/37 215/13/37 183/13/37
f 185/13/37 217/13/37 216/13/37 184/13/37
f 186/13/37 218/13/37 217/13/37 185/13/37
f 187/13/37 219/13/37 218/13/37 186/13/37
f 188/13/37 220/13/37 219/13/37 187/13/37
f 189/13/37 221/13/37 220/13/37 188/13/37
f 190/13/37 222/13/37 221/13/37 189/13/37
f 191/13/37 223/13/37 222/13/37 190/13/37
f 192/13/37 224/13/37 223/13/37 191/13/37
f 193/13/37 225/13/37 224/13/37 192/13/37
f 194/13/37 226/13/37 225/13/37 193/13/37
f 195/13/37 227/13/37 226/13/37 194/13/37
f 196/13/37 228/13/37 227/13/37 195/13/37
f 197/13/37 229/13/37 228/13/37 196/13/37
f 198/13/37 230/13/37 229/13/37 197/13/37
f 199/13/37 231/13/37 230/13/37 198/13/37
f 200/13/37 232/13/37 231/13/37 199/13/37
f 201/13/37 233/13/37 232/13/37 200/13/37
f 202/13/37 234/13/37 233/13/37 201/13/37
f 203/13/37 235/13/37 234/13/37 202/13/37
f 204/13/37 236/13/37 235/13/37 203/13/37
f 205/13/37 237/13/37 236/13/37 204/13/37
f 206/13/37 238/13/37 237/13/37 205/13/37
f 207/13/37 239/13/37 238/13/37 206/13/37
f 208/13/37 240/13/37 239/13/37 207/13/37
f 209/13/37 241/13/37 240/13/37 208/13/37
f 210/13/37 242/13/37 241/13/37 209/13/37
f 211/13/37 243/13/37 242/13/37 210/13/37
f 212/13/37 244/13/37 243/13/37 211/13/37
f 181/13/37 214/13/37 244/13/37 212/13/37
f 160/12/35 164/8/35 245/1/35 177/11/35
f 177/11/37 245/1/37 246/2/37 179/14/37
f 192/13/24 114/13/24 115/13/27 193/13/27
f 206/13/15 128/13/15 129/13/17 207/13/17
f 193/13/27 115/13/27 116/13/30 194/13/30
f 207/13/17 129/13/17 130/13/19 208/13/19
f 194/13/30 116/13/30 117/13/32 195/13/32
f 181/13/2 103/13/2 104/13/33 182/13/33
f 208/13/19 130/13/19 131/13/21 209/13/21
f 195/13/32 117/13/32 118/13/5 196/13/5
f 182/13/33 104/13/33 105/13/7 183/13/7
f 209/13/21 131/13/21 132/13/23 210/13/23
f 196/13/5 118/13/5 119/13/4 197/13/4
f 183/13/7 105/13/7 106/13/6 184/13/6
f 210/13/23 132/13/23 133/13/25 211/13/25
f 197/13/4 119/13/4 120/13/26 198/13/26
f 184/13/6 106/13/6 107/13/10 185/13/10
f 211/13/25 133/13/25 134/13/28 212/13/28
f 198/13/26 120/13/26 121/13/29 199/13/29
f 185/13/10 107/13/10 108/13/12 186/13/12
f 212/13/28 134/13/28 103/13/2 181/13/2
f 199/13/29 121/13/29 122/13/31 200/13/31
f 186/13/12 108/13/12 109/13/14 187/13/14
f 200/13/31 122/13/31 123/13/34 201/13/34
f 187/13/14 109/13/14 110/13/16 188/13/16
f 201/13/34 123/13/34 124/13/9 202/13/9
f 188/13/16 110/13/16 111/13/18 189/13/18
f 202/13/9 124/13/9 125/13/8 203/13/8
f 189/13/18 111/13/18 112/13/20 190/13/20
f 203/13/8 125/13/8 126/13/11 204/13/11
f 190/13/20 112/13/20 113/13/22 191/13/22
f 204/13/11 126/13/11 127/13/13 205/13/13
f 191/13/22 113/13/22 114/13/24 192/13/24
f 249/1/37 246/2/37 180/3/37 248/4/37
f 166/5/2 248/4/2 180/6/2 161/7/2
f 167/8/13 249/1/13 248/4/13 166/5/13
f 163/9/4 179/10/4 247/11/4 165/12/4
f 165/12/13 247/11/13 249/1/13 167/8/13
f 247/11/37 179/14/37 246/2/37 249/1/37
f 261/15/37 255/18/37 251/17/37 260/16/37
f 265/19/37 262/20/37 255/18/37 261/15/37
f 254/21/37 253/22/37 257/17/37 258/18/37
f 263/23/37 254/21/37 258/18/37 264/24/37
f 263/23/37 265/19/37 261/15/37 254/21/37
f 254/21/37 261/15/37 260/16/37 253/22/37
f 263/23/2 271/23/2 270/19/2 265/19/2
f 252/25/4 267/25/4 268/26/4 256/26/4
f 259/27/37 250/26/37 262/20/37 265/19/37
f 267/28/37 266/27/37 270/19/37 271/23/37
f 267/28/37 271/23/37 269/24/37 268/26/37
f 265/19/38 270/19/38 266/27/38 259/27/38
f 259/29/4 266/29/4 267/25/4 252/25/4
f 264/24/2 269/24/2 271/23/2 263/23/2
f 256/26/13 268/26/13 269/24/13 264/24/13
f 264/24/13 258/18/13 173/8/13 175/30/13
f 256/26/13 264/24/13 175/30/13 172/12/13
f 262/20/35 176/31/35 171/8/35 255/18/35
f 252/25/4 256/26/4 172/12/4 170/9/4
f 252/25/4 170/9/4 174/32/4 259/29/4
f 255/18/3 171/8/3 169/5/3 251/17/3
f 259/29/4 174/32/4 168/12/4 250/26/4
f 250/26/35 168/12/35 176/31/35 262/20/35
f 273/13/39 286/13/40 272/13/41
f 276/13/42 273/13/39 275/13/43
f 283/13/44 275/13/43 274/13/45
f 277/13/46 281/13/47 284/13/48
f 277/13/46 292/13/49 274/13/45
f 279/13/50 278/13/51 295/13/52
f 288/13/53 304/13/54 277/13/46
f 278/13/51 287/13/55 276/13/42
f 280/13/56 279/13/57 282/13/58
f 284/13/48 281/13/47 305/13/59
f 278/13/51 276/13/42 294/13/60
f 282/13/58 295/13/61 291/13/62
f 293/13/63 283/13/44 274/13/45
f 283/13/44 293/13/63 285/13/64
f 292/13/49 296/13/65 293/13/63
f 286/13/40 273/13/39 300/13/66
f 287/13/55 289/13/67 301/13/68
f 303/13/69 289/13/67 280/13/56
f 303/13/69 280/13/56 282/13/58
f 281/13/47 304/13/70 305/13/59
f 291/13/62 303/13/69 282/13/58
f 306/13/71 291/13/62 295/13/61
f 293/13/63 297/13/72 285/13/64
f 297/13/72 309/13/73 299/13/74
f 300/13/66 328/13/75 286/13/40
f 312/13/76 289/13/67 303/13/69
f 291/13/62 314/13/77 303/13/69
f 291/13/78 306/13/79 324/13/80
f 316/13/81 306/13/71 295/13/61
f 298/13/82 299/13/74 307/13/83
f 290/13/84 328/13/75 321/13/85
f 311/13/86 289/13/67 312/13/76
f 315/13/87 305/13/88 323/13/89
f 308/13/90 296/13/65 325/13/91
f 318/13/92 307/13/83 299/13/74
f 326/13/93 309/13/73 317/13/94
f 313/13/95 302/13/96 331/13/97
f 313/13/98 338/13/99 323/13/100
f 312/13/101 314/13/102 324/13/103
f 306/13/104 332/13/105 324/13/106
f 335/13/107 306/13/71 316/13/81
f 325/13/91 296/13/108 334/13/109
f 336/13/110 316/13/111 318/13/92
f 318/13/92 299/13/74 343/13/112
f 329/13/113 328/13/75 345/13/114
f 321/13/85 328/13/75 329/13/113
f 320/13/115 322/13/116 337/13/117
f 311/13/86 312/13/76 348/13/118
f 339/13/119 312/13/101 324/13/103
f 339/13/119 324/13/103 332/13/105
f 333/13/120 323/13/100 338/13/99
f 351/13/121 332/13/105 306/13/104
f 340/13/122 335/13/107 316/13/81
f 334/13/109 352/13/123 325/13/91
f 340/13/122 316/13/81 336/13/110
f 343/13/112 342/13/124 318/13/92
f 318/13/92 342/13/125 353/13/126
f 343/13/112 326/13/93 344/13/127
f 319/13/128 320/13/115 330/13/129
f 339/13/130 348/13/118 312/13/76
f 350/13/131 364/13/132 334/13/109
f 363/13/133 351/13/134 335/13/107
f 352/13/123 334/13/109 364/13/132
f 353/13/126 340/13/122 336/13/110
f 353/13/135 342/13/136 355/13/137
f 343/13/112 344/13/127 342/13/124
f 319/13/128 330/13/129 356/13/138
f 357/13/139 321/13/85 329/13/113
f 348/13/118 360/13/140 347/13/141
f 362/13/142 339/13/130 351/13/134
f 351/13/134 363/13/133 362/13/142
f 373/13/143 352/13/123 364/13/144
f 341/13/145 354/13/146 366/13/147
f 355/13/137 367/13/148 353/13/135
f 341/13/149 368/13/150 344/13/127
f 344/13/127 369/13/151 342/13/124
f 371/13/152 349/13/153 359/13/154
f 373/13/143 364/13/144 372/13/155
f 373/13/143 375/13/156 354/13/146
f 341/13/149 366/13/157 376/13/158
f 355/13/159 377/13/160 367/13/161
f 355/13/159 369/13/162 377/13/160
f 356/13/138 330/13/129 378/13/163
f 406/13/164 361/13/165 371/13/152
f 372/13/155 361/13/165 406/13/164
f 381/13/166 373/13/143 372/13/155
f 384/13/167 376/13/168 383/13/169
f 384/13/167 368/13/150 376/13/168
f 367/13/148 385/13/170 396/13/171
f 368/13/150 384/13/167 394/13/172
f 386/13/173 319/13/128 388/13/174
f 337/13/117 358/13/175 397/13/176
f 362/13/142 411/13/177 360/13/140
f 380/13/178 411/13/177 362/13/142
f 389/13/179 373/13/143 381/13/166
f 366/13/147 375/13/156 391/13/180
f 383/13/181 366/13/147 402/13/182
f 367/13/148 396/13/171 393/13/183
f 398/13/184 379/13/185 357/13/139
f 371/13/152 359/13/154 406/13/164
f 380/13/178 407/13/186 411/13/177
f 372/13/155 406/13/164 413/13/187
f 400/13/188 389/13/179 381/13/166
f 390/13/189 401/13/190 382/13/191
f 394/13/192 403/13/193 404/13/194
f 394/13/192 404/13/194 395/13/195
f 391/13/180 414/13/196 402/13/182
f 383/13/197 402/13/182 408/13/198
f 393/13/183 396/13/199 410/13/200
f 418/13/201 386/13/173 388/13/174
f 388/13/174 356/13/138 419/13/202
f 378/13/163 397/13/176 423/13/203
f 370/13/204 466/13/205 359/13/154
f 407/13/186 382/13/191 401/13/190
f 426/13/206 415/13/207 393/13/183
f 409/13/208 417/13/209 404/13/210
f 404/13/210 417/13/209 410/13/211
f 387/13/212 418/13/201 421/13/213
f 419/13/202 378/13/163 422/13/214
f 398/13/184 466/13/205 379/13/185
f 413/13/187 359/13/154 424/13/215
f 450/13/216 411/13/177 407/13/186
f 450/13/216 407/13/186 401/13/190
f 414/13/196 389/13/179 425/13/217
f 416/13/218 430/13/219 408/13/220
f 429/13/221 426/13/222 410/13/223
f 408/13/220 430/13/219 431/13/224
f 433/13/225 429/13/221 410/13/223
f 444/13/226 450/13/216 401/13/190
f 389/13/179 400/13/188 446/13/227
f 390/13/189 427/13/228 401/13/190
f 389/13/179 446/13/227 425/13/217
f 409/13/208 432/13/229 417/13/209
f 417/13/209 432/13/229 433/13/230
f 464/13/231 398/13/184 405/13/232
f 449/13/233 397/13/176 399/13/234
f 400/13/188 436/13/235 446/13/227
f 428/13/236 437/13/237 415/13/207
f 429/13/238 453/13/239 428/13/236
f 431/13/224 438/13/240 432/13/229
f 442/13/241 423/13/203 397/13/176
f 430/13/219 452/13/242 470/13/243
f 449/13/233 442/13/241 397/13/176
f 398/13/184 464/13/231 443/13/244
f 476/13/245 399/13/234 435/13/246
f 487/13/247 428/13/236 453/13/239
f 455/13/248 431/13/224 470/13/243
f 456/13/249 431/13/224 455/13/248
f 439/13/250 472/13/251 440/13/252
f 434/13/253 420/13/254 460/13/255
f 421/13/213 459/13/256 461/13/257
f 420/13/254 422/13/214 462/13/258
f 462/13/258 422/13/214 463/13/259
f 441/13/260 421/13/213 461/13/257
f 422/13/214 423/13/203 463/13/259
f 450/13/216 467/13/261 411/13/177
f 445/13/262 478/13/263 444/13/226
f 447/13/264 451/13/265 479/13/266
f 453/13/239 454/13/267 469/13/268
f 454/13/267 448/13/269 457/13/270
f 458/13/271 434/13/253 460/13/255
f 458/13/271 421/13/213 434/13/253
f 475/13/272 464/13/231 405/13/232
f 527/13/273 449/13/233 476/13/245
f 465/13/274 443/13/244 464/13/231
f 435/13/246 491/13/275 476/13/245
f 466/13/205 443/13/244 484/13/276
f 444/13/226 467/13/261 450/13/216
f 445/13/262 427/13/228 486/13/277
f 437/13/237 486/13/277 427/13/228
f 500/13/278 480/13/279 489/13/280
f 481/13/281 480/13/279 500/13/278
f 455/13/282 471/13/283 473/13/284
f 473/13/284 471/13/283 480/13/279
f 473/13/284 480/13/279 472/13/285
f 472/13/285 480/13/279 481/13/281
f 454/13/267 482/13/286 469/13/268
f 457/13/270 482/13/286 454/13/267
f 441/13/260 461/13/257 483/13/287
f 412/13/288 484/13/276 519/13/289
f 424/13/215 477/13/290 492/13/291
f 481/13/281 500/13/278 488/13/292
f 471/13/283 489/13/280 480/13/279
f 482/13/286 481/13/281 488/13/292
f 482/13/286 488/13/292 469/13/268
f 461/13/257 459/13/256 490/13/293
f 449/13/233 497/13/294 442/13/241
f 505/13/295 465/13/274 464/13/231
f 465/13/274 484/13/276 443/13/244
f 460/13/255 462/13/258 496/13/296
f 497/13/294 449/13/233 527/13/273
f 451/13/265 493/13/297 510/13/298
f 500/13/278 499/13/299 488/13/292
f 490/13/300 501/13/301 516/13/302
f 490/13/293 459/13/256 501/13/303
f 462/13/258 463/13/259 503/13/304
f 475/13/272 441/13/260 504/13/305
f 497/13/294 474/13/306 442/13/241
f 509/13/307 484/13/276 465/13/274
f 485/13/308 467/13/261 520/13/309
f 487/13/247 495/13/310 523/13/311
f 499/13/299 500/13/278 562/13/312
f 502/13/313 460/13/255 506/13/314
f 460/13/255 496/13/296 506/13/314
f 507/13/315 463/13/259 474/13/306
f 537/13/316 465/13/274 505/13/295
f 495/13/310 499/13/299 512/13/317
f 495/13/310 512/13/317 523/13/311
f 510/13/298 524/13/318 494/13/319
f 494/13/319 513/13/320 500/13/278
f 515/13/321 501/13/303 458/13/271
f 530/13/322 515/13/321 458/13/271
f 518/13/323 497/13/294 527/13/273
f 498/13/324 539/13/325 522/13/326
f 493/13/297 522/13/326 541/13/327
f 493/13/297 541/13/327 510/13/298
f 511/13/328 510/13/298 541/13/327
f 516/13/329 501/13/303 525/13/330
f 496/13/296 534/13/331 531/13/332
f 503/13/304 534/13/331 496/13/296
f 504/13/305 483/13/287 526/13/333
f 509/13/307 465/13/274 537/13/316
f 538/13/334 527/13/273 491/13/275
f 484/13/276 529/13/335 519/13/289
f 520/13/309 574/13/336 485/13/308
f 513/13/320 524/13/318 590/13/337
f 499/13/299 562/13/312 591/13/338
f 506/13/339 531/13/340 546/13/341
f 534/13/331 535/13/342 547/13/343
f 535/13/342 534/13/331 507/13/315
f 538/13/334 528/13/344 527/13/273
f 529/13/335 586/13/345 519/13/289
f 539/13/325 519/13/289 586/13/345
f 540/13/346 520/13/309 521/13/347
f 521/13/347 523/13/311 542/13/348
f 530/13/322 502/13/313 554/13/349
f 543/13/350 533/13/351 544/13/352
f 517/13/353 532/13/354 543/13/350
f 550/13/355 526/13/333 549/13/356
f 560/13/357 535/13/342 508/13/358
f 526/13/333 550/13/355 536/13/359
f 551/13/360 508/13/358 518/13/323
f 537/13/316 536/13/359 584/13/361
f 530/13/322 554/13/349 577/13/362
f 525/13/330 544/13/352 533/13/351
f 558/13/363 547/13/343 535/13/342
f 560/13/357 559/13/364 535/13/342
f 529/13/335 509/13/307 573/13/365
f 561/13/366 542/13/348 512/13/317
f 514/13/367 513/13/320 562/13/312
f 515/13/321 530/13/322 577/13/362
f 525/13/330 564/13/368 563/13/369
f 555/13/370 554/13/349 506/13/314
f 565/13/371 531/13/332 566/13/372
f 578/13/373 548/13/374 547/13/343
f 570/13/375 556/13/376 558/13/363
f 571/13/377 549/13/356 557/13/378
f 572/13/379 558/13/380 559/13/364
f 550/13/355 549/13/356 571/13/377
f 582/13/381 560/13/357 551/13/360
f 585/13/382 551/13/360 528/13/344
f 604/13/383 585/13/382 538/13/334
f 606/13/384 539/13/325 587/13/385
f 555/13/370 546/13/386 565/13/371
f 563/13/369 567/13/387 525/13/330
f 571/13/388 557/13/389 569/13/390
f 580/13/391 570/13/375 558/13/380
f 571/13/388 581/13/392 550/13/355
f 615/13/393 537/13/316 584/13/361
f 552/13/394 574/13/336 588/13/395
f 522/13/326 539/13/325 607/13/396
f 564/13/368 545/13/397 609/13/398
f 544/13/352 567/13/387 594/13/399
f 595/13/400 568/13/401 544/13/352
f 597/13/402 569/13/403 568/13/401
f 571/13/388 569/13/390 598/13/404
f 581/13/392 571/13/388 598/13/404
f 583/13/405 615/13/393 584/13/361
f 537/13/316 615/13/393 573/13/365
f 639/13/406 605/13/407 552/13/394
f 539/13/325 640/13/408 607/13/396
f 553/13/409 618/13/410 600/13/411
f 660/13/412 554/13/349 592/13/413
f 578/13/373 602/13/414 548/13/374
f 596/13/415 610/13/416 578/13/373
f 579/13/417 570/13/375 580/13/391
f 603/13/418 598/13/419 569/13/403
f 598/13/404 603/13/418 581/13/392
f 666/13/420 599/13/421 582/13/381
f 604/13/383 582/13/381 551/13/360
f 604/13/383 551/13/360 585/13/382
f 529/13/335 573/13/365 586/13/345
f 590/13/337 642/13/422 513/13/320
f 513/13/320 608/13/423 562/13/312
f 577/13/362 660/13/412 601/13/424
f 592/13/413 565/13/371 593/13/425
f 602/13/414 593/13/425 548/13/374
f 610/13/416 602/13/414 578/13/373
f 597/13/402 595/13/400 612/13/426
f 569/13/403 612/13/426 613/13/427
f 636/13/428 579/13/429 599/13/421
f 583/13/405 637/13/430 615/13/393
f 614/13/431 582/13/381 604/13/383
f 667/13/432 587/13/385 586/13/345
f 617/13/433 606/13/384 587/13/385
f 576/13/434 541/13/327 641/13/435
f 561/13/366 619/13/436 618/13/410
f 561/13/366 591/13/338 619/13/436
f 621/13/437 620/13/438 625/13/439
f 628/13/440 622/13/441 626/13/442
f 622/13/441 628/13/440 623/13/443
f 627/13/444 625/13/445 620/13/446
f 628/13/440 626/13/442 629/13/447
f 660/13/412 592/13/413 630/13/448
f 633/13/449 593/13/425 602/13/414
f 563/13/369 634/13/450 567/13/387
f 567/13/387 634/13/450 663/13/451
f 567/13/387 663/13/451 594/13/399
f 595/13/400 594/13/399 635/13/452
f 575/13/453 668/13/454 588/13/395
f 608/13/423 513/13/320 642/13/422
f 624/13/455 621/13/456 643/13/457
f 622/13/458 644/13/459 645/13/460
f 644/13/461 623/13/462 646/13/463
f 621/13/437 625/13/439 647/13/464
f 645/13/460 626/13/465 622/13/458
f 646/13/466 623/13/467 648/13/468
f 623/13/443 628/13/440 648/13/469
f 627/13/470 624/13/471 650/13/472
f 629/13/473 626/13/474 652/13/475
f 627/13/444 651/13/476 625/13/445
f 629/13/477 652/13/478 653/13/479
f 659/13/480 631/13/481 601/13/424
f 634/13/450 563/13/369 661/13/482
f 662/13/483 602/13/414 610/13/416
f 665/13/484 611/13/485 579/13/429
f 613/13/427 612/13/426 664/13/486
f 579/13/429 636/13/428 665/13/484
f 678/13/487 636/13/428 599/13/421
f 732/13/488 583/13/405 603/13/418
f 679/13/489 639/13/406 588/13/395
f 669/13/490 668/13/454 575/13/453
f 591/13/338 608/13/423 670/13/491
f 645/13/460 644/13/459 672/13/492
f 645/13/460 652/13/493 626/13/465
f 628/13/440 629/13/494 682/13/495
f 628/13/440 682/13/495 683/13/496
f 654/13/497 627/13/470 650/13/472
f 629/13/494 658/13/498 682/13/495
f 594/13/399 663/13/451 635/13/452
f 664/13/486 677/13/499 613/13/427
f 678/13/487 665/13/484 636/13/428
f 613/13/427 677/13/499 603/13/418
f 732/13/488 603/13/418 677/13/499
f 734/13/500 583/13/405 732/13/488
f 605/13/407 715/13/501 638/13/502
f 680/13/503 644/13/459 646/13/504
f 683/13/496 681/13/505 648/13/469
f 673/13/506 675/13/507 684/13/508
f 675/13/507 655/13/509 685/13/510
f 657/13/511 674/13/512 686/13/513
f 633/13/449 688/13/514 632/13/515
f 634/13/450 661/13/482 689/13/516
f 634/13/450 689/13/516 663/13/451
f 676/13/517 712/13/518 610/13/416
f 643/13/519 693/13/520 692/13/521
f 671/13/522 693/13/520 643/13/519
f 680/13/523 646/13/524 694/13/525
f 694/13/526 646/13/466 681/13/527
f 647/13/464 673/13/506 696/13/528
f 695/13/529 652/13/493 645/13/460
f 650/13/472 649/13/530 743/13/531
f 699/13/532 654/13/497 650/13/472
f 684/13/508 696/13/528 673/13/506
f 700/13/533 674/13/512 652/13/534
f 656/13/535 654/13/497 702/13/536
f 700/13/533 686/13/513 674/13/512
f 702/13/536 655/13/537 656/13/535
f 702/13/538 685/13/539 655/13/540
f 704/13/541 685/13/542 702/13/543
f 684/13/508 685/13/510 705/13/544
f 686/13/513 700/13/533 706/13/545
f 685/13/510 704/13/546 708/13/547
f 707/13/548 686/13/513 754/13/549
f 662/13/483 712/13/518 728/13/550
f 729/13/551 690/13/552 663/13/451
f 665/13/484 793/13/553 676/13/517
f 713/13/554 678/13/487 666/13/420
f 614/13/431 713/13/554 666/13/420
f 637/13/430 734/13/500 714/13/555
f 638/13/502 832/13/556 614/13/431
f 714/13/555 616/13/557 637/13/430
f 667/13/432 736/13/558 617/13/433
f 691/13/559 617/13/433 736/13/558
f 640/13/408 691/13/559 716/13/560
f 669/13/490 600/13/411 618/13/410
f 717/13/561 641/13/435 737/13/562
f 649/13/563 692/13/564 720/13/565
f 698/13/566 719/13/567 694/13/568
f 743/13/531 699/13/532 650/13/472
f 721/13/569 700/13/533 652/13/534
f 683/13/496 682/13/495 701/13/570
f 706/13/545 700/13/533 750/13/571
f 723/13/572 704/13/573 702/13/574
f 704/13/573 723/13/572 724/13/575
f 724/13/576 708/13/547 704/13/546
f 709/13/577 659/13/480 725/13/578
f 726/13/579 689/13/516 661/13/482
f 793/13/553 767/13/580 676/13/517
f 635/13/452 690/13/552 830/13/581
f 732/13/488 733/13/582 734/13/500
f 618/13/410 772/13/583 771/13/584
f 672/13/492 740/13/585 812/13/586
f 695/13/529 672/13/492 739/13/587
f 739/13/587 721/13/569 695/13/529
f 697/13/588 720/13/565 741/13/589
f 742/13/590 697/13/588 741/13/589
f 745/13/591 698/13/592 681/13/593
f 751/13/594 703/13/595 707/13/596
f 724/13/575 723/13/572 753/13/597
f 754/13/598 706/13/599 750/13/600
f 707/13/596 755/13/601 752/13/602
f 758/13/603 708/13/547 756/13/604
f 709/13/577 725/13/578 759/13/605
f 755/13/606 754/13/607 711/13/608
f 630/13/448 632/13/515 760/13/609
f 711/13/608 761/13/610 755/13/606
f 711/13/611 688/13/514 761/13/610
f 688/13/514 727/13/612 763/13/613
f 689/13/516 726/13/579 764/13/614
f 689/13/516 766/13/615 729/13/551
f 712/13/518 731/13/616 728/13/550
f 730/13/617 729/13/551 766/13/615
f 664/13/486 830/13/581 882/13/618
f 714/13/555 734/13/500 733/13/582
f 668/13/454 769/13/619 679/13/489
f 769/13/619 668/13/454 669/13/490
f 669/13/490 771/13/584 769/13/619
f 737/13/562 716/13/560 770/13/620
f 873/13/621 773/13/622 589/13/623
f 642/13/422 773/13/622 774/13/624
f 670/13/491 608/13/423 775/13/625
f 693/13/520 720/13/626 692/13/521
f 745/13/627 744/13/628 782/13/629
f 784/13/630 742/13/590 741/13/589
f 721/13/569 750/13/571 700/13/533
f 788/13/631 786/13/632 747/13/633
f 759/13/634 785/13/635 708/13/636
f 763/13/613 761/13/610 688/13/514
f 763/13/613 727/13/612 791/13/637
f 728/13/550 731/13/616 765/13/638
f 740/13/585 719/13/567 797/13/639
f 741/13/589 720/13/626 796/13/640
f 798/13/641 721/13/569 777/13/642
f 779/13/643 799/13/644 817/13/645
f 818/13/646 748/13/647 780/13/648
f 798/13/641 750/13/571 721/13/569
f 782/13/629 744/13/628 821/13/649
f 747/13/650 784/13/651 788/13/652
f 802/13/653 751/13/594 752/13/602
f 805/13/654 806/13/655 786/13/656
f 753/13/657 828/13/658 805/13/659
f 828/13/658 753/13/657 800/13/660
f 801/13/661 759/13/605 725/13/578
f 801/13/661 725/13/578 789/13/662
f 790/13/663 802/13/664 752/13/665
f 808/13/666 762/13/667 710/13/668
f 765/13/638 791/13/637 727/13/612
f 732/13/488 664/13/486 882/13/618
f 714/13/555 733/13/582 833/13/669
f 834/13/670 735/13/671 714/13/555
f 834/13/670 794/13/672 735/13/671
f 797/13/639 812/13/586 740/13/585
f 796/13/640 720/13/626 811/13/673
f 814/13/674 776/13/675 722/13/676
f 813/13/677 784/13/630 741/13/589
f 779/13/678 818/13/679 780/13/648
f 821/13/649 787/13/680 782/13/629
f 751/13/594 802/13/653 820/13/681
f 749/13/682 822/13/683 783/13/684
f 785/13/635 759/13/634 819/13/685
f 789/13/686 798/13/641 815/13/687
f 803/13/688 787/13/680 826/13/689
f 804/13/690 822/13/683 749/13/682
f 827/13/691 805/13/659 828/13/658
f 805/13/692 788/13/631 808/13/666
f 804/13/690 807/13/693 829/13/694
f 733/13/582 831/13/695 833/13/669
f 714/13/555 833/13/669 834/13/670
f 768/13/696 679/13/489 835/13/697
f 771/13/584 893/13/698 769/13/619
f 737/13/562 770/13/620 846/13/699
f 771/13/584 772/13/583 836/13/700
f 670/13/491 775/13/625 837/13/701
f 670/13/491 901/13/702 619/13/436
f 738/13/703 875/13/704 718/13/705
f 839/13/706 776/13/675 840/13/707
f 865/13/708 797/13/639 719/13/567
f 814/13/674 840/13/707 776/13/675
f 817/13/709 818/13/679 779/13/678
f 822/13/683 853/13/710 783/13/684
f 821/13/649 826/13/689 787/13/680
f 828/13/711 800/13/660 818/13/646
f 802/13/712 826/13/713 820/13/714
f 802/13/715 790/13/716 826/13/717
f 808/13/666 824/13/718 841/13/719
f 829/13/694 807/13/693 763/13/613
f 791/13/637 829/13/694 763/13/613
f 766/13/615 764/13/614 855/13/720
f 690/13/552 730/13/617 856/13/721
f 843/13/722 713/13/554 832/13/556
f 691/13/559 871/13/723 845/13/724
f 775/13/625 774/13/624 874/13/725
f 777/13/642 795/13/726 849/13/727
f 851/13/728 850/13/729 823/13/730
f 864/13/731 851/13/728 801/13/661
f 777/13/642 849/13/727 815/13/732
f 814/13/674 819/13/733 840/13/707
f 852/13/734 801/13/661 825/13/735
f 826/13/736 821/13/737 820/13/738
f 829/13/694 854/13/739 822/13/683
f 762/13/667 841/13/719 792/13/740
f 842/13/741 829/13/694 791/13/637
f 765/13/638 887/13/742 842/13/741
f 809/13/743 887/13/742 765/13/638
f 809/13/743 869/13/744 887/13/742
f 856/13/721 766/13/615 855/13/720
f 857/13/745 810/13/746 768/13/696
f 717/13/561 737/13/562 858/13/747
f 772/13/583 847/13/748 872/13/749
f 838/13/750 901/13/702 860/13/751
f 795/13/726 848/13/752 862/13/753
f 863/13/754 850/13/729 851/13/728
f 851/13/728 864/13/731 863/13/754
f 897/13/755 866/13/756 819/13/757
f 816/13/758 813/13/677 879/13/759
f 824/13/718 816/13/758 879/13/759
f 831/13/695 732/13/488 882/13/618
f 870/13/760 843/13/722 810/13/746
f 857/13/745 768/13/696 835/13/697
f 736/13/558 844/13/761 871/13/723
f 893/13/698 892/13/762 769/13/619
f 858/13/747 737/13/562 846/13/699
f 774/13/624 859/13/763 874/13/725
f 863/13/754 876/13/764 850/13/729
f 852/13/734 867/13/765 877/13/766
f 853/13/710 880/13/767 918/13/768
f 854/13/739 880/13/767 853/13/710
f 881/13/769 793/13/553 883/13/770
f 873/13/621 717/13/561 858/13/747
f 811/13/673 875/13/704 885/13/771
f 848/13/752 797/13/639 905/13/772
f 861/13/773 840/13/707 896/13/774
f 909/13/775 883/13/770 843/13/722
f 844/13/761 834/13/670 910/13/776
f 892/13/762 857/13/745 835/13/697
f 861/13/773 895/13/777 875/13/704
f 896/13/778 866/13/756 897/13/755
f 867/13/765 904/13/779 877/13/766
f 849/13/780 862/13/781 904/13/779
f 830/13/581 856/13/721 927/13/782
f 944/13/783 870/13/760 810/13/746
f 836/13/700 872/13/749 931/13/784
f 837/13/701 901/13/702 670/13/491
f 864/13/731 884/13/785 902/13/786
f 895/13/787 885/13/771 875/13/704
f 897/13/755 903/13/788 896/13/778
f 886/13/789 903/13/788 897/13/790
f 877/13/766 904/13/779 915/13/791
f 855/13/720 898/13/792 919/13/793
f 881/13/769 907/13/794 889/13/795
f 891/13/796 833/13/669 890/13/797
f 920/13/798 844/13/761 910/13/776
f 892/13/762 911/13/799 857/13/745
f 912/13/800 892/13/762 893/13/698
f 846/13/699 900/13/801 858/13/747
f 952/13/802 873/13/621 858/13/747
f 917/13/803 878/13/804 885/13/771
f 855/13/720 919/13/793 899/13/805
f 831/13/695 882/13/618 929/13/806
f 892/13/762 912/13/800 911/13/799
f 902/13/786 921/13/807 914/13/808
f 916/13/809 924/13/810 915/13/791
f 916/13/809 905/13/772 925/13/811
f 933/13/812 869/13/744 888/13/813
f 907/13/794 888/13/813 889/13/795
f 942/13/814 881/13/769 883/13/770
f 900/13/801 845/13/724 947/13/815
f 931/13/784 912/13/800 836/13/700
f 894/13/816 931/13/784 872/13/749
f 895/13/787 939/13/817 932/13/818
f 925/13/811 906/13/819 941/13/820
f 885/13/771 932/13/818 917/13/803
f 927/13/782 899/13/805 968/13/821
f 972/13/822 944/13/783 857/13/745
f 857/13/745 911/13/799 972/13/822
f 920/13/798 930/13/823 946/13/824
f 912/13/800 945/13/825 911/13/799
f 874/13/725 953/13/826 837/13/701
f 901/13/702 837/13/701 953/13/826
f 914/13/827 921/13/828 936/13/829
f 902/13/786 884/13/785 937/13/830
f 968/13/821 899/13/805 934/13/831
f 928/13/832 927/13/782 968/13/821
f 942/13/814 907/13/794 881/13/769
f 909/13/775 943/13/833 942/13/814
f 944/13/783 943/13/833 870/13/760
f 948/13/834 900/13/801 947/13/815
f 894/13/816 950/13/835 951/13/836
f 847/13/748 860/13/751 950/13/835
f 874/13/725 913/13/837 953/13/826
f 963/13/838 901/13/702 953/13/826
f 860/13/751 901/13/702 963/13/838
f 916/13/809 925/13/811 940/13/839
f 940/13/839 925/13/811 941/13/820
f 971/13/840 890/13/797 929/13/806
f 945/13/825 1006/13/841 911/13/799
f 931/13/784 951/13/836 957/13/842
f 921/13/828 959/13/843 936/13/829
f 902/13/786 937/13/830 958/13/844
f 932/13/818 939/13/817 960/13/845
f 932/13/818 960/13/845 961/13/846
f 932/13/818 961/13/846 917/13/803
f 934/13/831 919/13/793 917/13/803
f 926/13/847 1011/13/848 983/13/849
f 930/13/823 976/13/850 977/13/851
f 921/13/807 958/13/852 959/13/853
f 922/13/854 954/13/855 964/13/856
f 983/13/849 967/13/857 941/13/820
f 984/13/858 917/13/803 961/13/846
f 956/13/859 908/13/860 928/13/832
f 942/13/814 988/13/861 907/13/794
f 929/13/806 882/13/618 956/13/859
f 988/13/861 942/13/814 943/13/833
f 971/13/840 929/13/806 956/13/859
f 952/13/802 991/13/862 953/13/826
f 937/13/830 924/13/810 973/13/863
f 941/13/820 967/13/857 940/13/839
f 968/13/821 934/13/831 984/13/858
f 971/13/840 989/13/864 976/13/850
f 972/13/822 996/13/865 944/13/783
f 930/13/823 977/13/851 1014/13/866
f 953/13/826 980/13/867 963/13/838
f 958/13/844 937/13/830 982/13/868
f 981/13/869 954/13/855 959/13/843
f 968/13/821 984/13/858 985/13/870
f 987/13/871 928/13/832 969/13/872
f 976/13/850 989/13/864 977/13/851
f 957/13/842 998/13/873 978/13/874
f 948/13/834 1000/13/875 935/13/876
f 963/13/838 980/13/867 1002/13/877
f 954/13/855 981/13/869 992/13/878
f 992/13/878 964/13/856 954/13/855
f 923/13/879 965/13/880 1016/13/881
f 1016/13/881 1009/13/882 923/13/879
f 956/13/859 928/13/832 987/13/871
f 943/13/833 1005/13/883 988/13/861
f 950/13/835 1002/13/877 1001/13/884
f 1003/13/885 991/13/862 1008/13/886
f 991/13/862 1003/13/885 980/13/867
f 964/13/856 1004/13/887 965/13/880
f 1007/13/888 997/13/889 979/13/890
f 940/13/839 967/13/857 994/13/891
f 1011/13/848 1010/13/892 974/13/893
f 1012/13/894 986/13/895 970/13/896
f 1013/13/897 956/13/859 987/13/871
f 989/13/864 971/13/840 1013/13/897
f 1006/13/841 1036/13/898 996/13/865
f 977/13/851 1035/13/899 1014/13/866
f 1007/13/888 979/13/890 1038/13/900
f 980/13/867 1003/13/885 1002/13/877
f 965/13/880 1004/13/887 1016/13/881
f 1023/13/901 1011/13/848 975/13/902
f 978/13/874 1018/13/903 1036/13/898
f 1002/13/877 1020/13/904 1030/13/905
f 1003/13/885 1021/13/906 1020/13/904
f 973/13/863 966/13/907 1022/13/908
f 966/13/907 993/13/909 1022/13/908
f 1024/13/910 986/13/895 1012/13/894
f 1026/13/911 1013/13/897 1025/13/912
f 1027/13/913 970/13/896 988/13/861
f 988/13/861 1005/13/883 1027/13/913
f 1036/13/898 1048/13/914 996/13/865
f 1014/13/866 1037/13/915 1038/13/900
f 999/13/916 1028/13/917 1018/13/903
f 1030/13/905 1028/13/917 999/13/916
f 1019/13/918 1007/13/888 1029/13/919
f 1015/13/920 1032/13/921 981/13/869
f 958/13/844 982/13/868 1031/13/922
f 992/13/878 981/13/869 1032/13/921
f 973/13/863 1022/13/908 982/13/868
f 1004/13/887 992/13/878 1033/13/923
f 1016/13/881 1004/13/887 1033/13/923
f 1045/13/924 985/13/870 984/13/858
f 995/13/925 968/13/821 1046/13/926
f 975/13/902 1017/13/927 1023/13/901
f 1024/13/910 1017/13/927 986/13/895
f 1026/13/911 1025/13/912 1063/13/928
f 1037/13/915 1035/13/899 1026/13/911
f 1038/13/900 1037/13/915 1049/13/929
f 1029/13/919 1049/13/929 1050/13/930
f 1028/13/917 1030/13/905 1039/13/931
f 1041/13/932 1020/13/933 1051/13/934
f 1021/13/935 1042/13/936 1051/13/934
f 1031/13/922 982/13/868 1052/13/937
f 1052/13/937 982/13/868 1022/13/908
f 983/13/849 1121/13/938 1072/13/939
f 1055/13/940 1024/13/910 1012/13/894
f 1027/13/913 1055/13/940 1012/13/894
f 1018/13/903 1056/13/941 1048/13/914
f 1028/13/917 1057/13/942 1018/13/903
f 1058/13/943 1050/13/930 1049/13/944
f 1022/13/908 1043/13/945 1052/13/937
f 1016/13/881 1033/13/923 1053/13/946
f 1047/13/947 995/13/925 1062/13/948
f 1056/13/941 1055/13/940 1027/13/913
f 1057/13/942 1064/13/949 1056/13/941
f 1062/13/948 995/13/925 1046/13/926
f 1055/13/940 1056/13/941 1064/13/949
f 1042/13/936 1069/13/950 1051/13/934
f 1084/13/951 1043/13/945 1071/13/952
f 1066/13/953 1060/13/954 1023/13/901
f 1024/13/910 1061/13/955 1017/13/927
f 1055/13/940 1073/13/956 1024/13/910
f 1074/13/957 1067/13/958 1063/13/928
f 1031/13/922 1052/13/937 1077/13/959
f 1060/13/954 1010/13/892 1011/13/848
f 1075/13/960 1067/13/958 1097/13/961
f 1058/13/943 1090/13/962 1040/13/963
f 1069/13/950 1076/13/964 1041/13/932
f 1069/13/950 1042/13/936 1083/13/965
f 1054/13/966 994/13/891 1085/13/967
f 1046/13/926 1045/13/924 1087/13/968
f 1047/13/947 1062/13/948 1088/13/969
f 1047/13/947 1088/13/969 1074/13/957
f 1098/13/970 1055/13/940 1064/13/949
f 1091/13/971 1089/13/972 1076/13/964
f 1097/13/961 1067/13/958 1074/13/957
f 1106/13/973 1052/13/937 1084/13/951
f 1054/13/966 1108/13/974 1071/13/952
f 1053/13/946 1101/13/975 1080/13/976
f 1097/13/961 1124/13/977 1075/13/960
f 1090/13/962 1110/13/978 1082/13/979
f 1092/13/980 1082/13/979 1110/13/978
f 1105/13/981 1093/13/982 1069/13/950
f 1096/13/983 1095/13/984 1061/13/955
f 1092/13/980 1110/13/978 1111/13/985
f 1113/13/986 1083/13/965 1112/13/987
f 1113/13/986 1105/13/981 1083/13/965
f 1079/13/988 1107/13/989 1070/13/990
f 1132/13/991 1074/13/957 1088/13/969
f 1100/13/992 1093/13/982 1115/13/993
f 1114/13/994 1118/13/995 1079/13/988
f 1072/13/939 1149/13/996 1094/13/997
f 1151/13/998 1010/13/892 1123/13/999
f 1087/13/968 1045/13/924 1122/13/1000
f 1104/13/1001 1100/13/992 1126/13/1002
f 1113/13/986 1112/13/987 1127/13/1003
f 1116/13/1004 1113/13/986 1127/13/1003
f 1118/13/1005 1129/13/1006 1107/13/989
f 1129/13/1006 1136/13/1007 1107/13/989
f 1119/13/1008 1085/13/967 1130/13/1009
f 1053/13/946 1136/13/1007 1159/13/1010
f 1131/13/1011 1095/13/984 1096/13/983
f 1144/13/1012 1099/13/1013 1089/13/972
f 1110/13/978 1134/13/1014 1125/13/1015
f 1086/13/1016 1165/13/1017 1044/13/1018
f 1045/13/924 1044/13/1018 1165/13/1017
f 1103/13/1019 1124/13/977 1152/13/1020
f 1112/13/987 1111/13/985 1139/13/1021
f 1118/13/1005 1140/13/1022 1129/13/1006
f 1119/13/1023 1130/13/1024 1148/13/1025
f 1141/13/1026 1085/13/967 1094/13/997
f 1160/13/1027 1045/13/924 1165/13/1017
f 1151/13/998 1123/13/999 1142/13/1028
f 1122/13/1000 1138/13/1029 1087/13/968
f 1097/13/961 1167/13/1030 1124/13/977
f 1124/13/977 1167/13/1030 1152/13/1020
f 1152/13/1020 1162/13/1031 1103/13/1019
f 1161/13/1032 1144/13/1012 1091/13/971
f 1126/13/1002 1115/13/993 1146/13/1033
f 1115/13/993 1117/13/1034 1146/13/1033
f 1118/13/995 1114/13/994 1140/13/1022
f 1106/13/973 1128/13/1035 1148/13/1025
f 1132/13/991 1088/13/969 1143/13/1036
f 1139/13/1021 1125/13/1015 1153/13/1037
f 1106/13/973 1148/13/1025 1156/13/1038
f 1094/13/997 1149/13/996 1172/13/1039
f 1213/13/1040 1123/13/999 1131/13/1011
f 1152/13/1020 1168/13/1041 1162/13/1031
f 1139/13/1021 1154/13/1042 1112/13/987
f 1163/13/1043 1155/13/1044 1116/13/1004
f 1130/13/1024 1158/13/1045 1148/13/1025
f 1164/13/1046 1136/13/1007 1129/13/1006
f 1164/13/1046 1159/13/1010 1136/13/1007
f 1193/13/1047 1150/13/1048 1151/13/998
f 1169/13/1049 1133/13/1050 1144/13/1012
f 1170/13/1051 1161/13/1032 1135/13/1052
f 1146/13/1033 1175/13/1053 1135/13/1052
f 1117/13/1034 1155/13/1044 1171/13/1054
f 1094/13/997 1172/13/1039 1141/13/1026
f 1152/13/1020 1167/13/1030 1168/13/1041
f 1174/13/1055 1162/13/1031 1168/13/1041
f 1120/13/1056 1176/13/1057 1086/13/1016
f 1132/13/991 1177/13/1058 1167/13/1030
f 1163/13/1043 1180/13/1059 1155/13/1044
f 1157/13/1060 1181/13/1061 1140/13/1022
f 1191/13/1062 1182/13/1063 1148/13/1025
f 1143/13/1036 1177/13/1058 1132/13/991
f 1183/13/1064 1102/13/1065 1109/13/1066
f 1170/13/1051 1135/13/1052 1175/13/1053
f 1175/13/1053 1171/13/1054 1195/13/1067
f 1171/13/1054 1187/13/1068 1189/13/1069
f 1180/13/1059 1163/13/1043 1190/13/1070
f 1155/13/1044 1180/13/1059 1187/13/1068
f 1145/13/1071 1179/13/1072 1153/13/1037
f 1191/13/1062 1158/13/1045 1196/13/1073
f 1204/13/1074 1138/13/1029 1122/13/1000
f 1242/13/1075 1143/13/1036 1166/13/1076
f 1197/13/1077 1131/13/1011 1102/13/1065
f 1198/13/1078 1173/13/1079 1169/13/1049
f 1199/13/1080 1179/13/1072 1221/13/1081
f 1194/13/1082 1175/13/1053 1195/13/1067
f 1181/13/1061 1202/13/1083 1164/13/1046
f 1191/13/1062 1196/13/1073 1182/13/1063
f 1149/13/996 1318/13/1084 1172/13/1039
f 1204/13/1074 1122/13/1000 1212/13/1085
f 1203/13/1086 1151/13/998 1213/13/1040
f 1138/13/1029 1204/13/1074 1166/13/1076
f 1183/13/1064 1197/13/1077 1102/13/1065
f 1205/13/1087 1167/13/1030 1177/13/1058
f 1167/13/1030 1205/13/1087 1184/13/1088
f 1206/13/1089 1169/13/1049 1178/13/1090
f 1207/13/1091 1178/13/1090 1194/13/1082
f 1200/13/1092 1188/13/1093 1154/13/1042
f 1208/13/1094 1209/13/1095 1180/13/1059
f 1211/13/1096 1181/13/1061 1157/13/1060
f 1149/13/996 1226/13/1097 1318/13/1084
f 1219/13/1098 1213/13/1040 1131/13/1011
f 1214/13/1099 1143/13/1036 1242/13/1075
f 1236/13/1100 1221/13/1081 1174/13/1055
f 1181/13/1061 1211/13/1096 1223/13/1101
f 1206/13/1089 1178/13/1090 1207/13/1091
f 1200/13/1092 1216/13/1102 1188/13/1093
f 1186/13/1103 1201/13/1104 1215/13/1105
f 1190/13/1070 1188/13/1093 1216/13/1102
f 1196/13/1073 1217/13/1106 1233/13/1107
f 1225/13/1108 1137/13/1109 1159/13/1010
f 1234/13/1110 1150/13/1048 1193/13/1047
f 1203/13/1086 1213/13/1040 1219/13/1098
f 1238/13/1111 1194/13/1082 1215/13/1105
f 1215/13/1105 1201/13/1104 1252/13/1112
f 1224/13/1113 1223/13/1101 1240/13/1114
f 1218/13/1115 1241/13/1116 1176/13/1057
f 1242/13/1075 1166/13/1076 1204/13/1074
f 1243/13/1117 1197/13/1077 1183/13/1064
f 1220/13/1118 1243/13/1117 1183/13/1064
f 1229/13/1119 1199/13/1080 1244/13/1120
f 1245/13/1121 1238/13/1111 1215/13/1105
f 1216/13/1102 1200/13/1092 1246/13/1122
f 1222/13/1123 1232/13/1124 1248/13/1125
f 1223/13/1101 1211/13/1096 1240/13/1114
f 1205/13/1087 1214/13/1099 1249/13/1126
f 1244/13/1120 1199/13/1080 1221/13/1081
f 1201/13/1104 1222/13/1123 1252/13/1112
f 1230/13/1127 1247/13/1128 1239/13/1129
f 1253/13/1130 1231/13/1131 1239/13/1129
f 1254/13/1132 1255/13/1133 1232/13/1124
f 1255/13/1133 1248/13/1125 1232/13/1124
f 1256/13/1134 1270/13/1135 1272/13/1136
f 1260/13/1137 1259/13/1138 1280/13/1139
f 1240/13/1114 1211/13/1096 1261/13/1140
f 1244/13/1120 1221/13/1081 1236/13/1100
f 1263/13/1141 1229/13/1119 1244/13/1120
f 1264/13/1142 1207/13/1091 1238/13/1111
f 1265/13/1143 1238/13/1111 1245/13/1121
f 1266/13/1144 1229/13/1119 1251/13/1145
f 1325/13/1146 1253/13/1130 1267/13/1147
f 1268/13/1148 1255/13/1133 1269/13/1149
f 1269/13/1149 1255/13/1133 1271/13/1150
f 1325/13/1146 1295/13/1151 1272/13/1136
f 1272/13/1136 1295/13/1151 1273/13/1152
f 1272/13/1136 1270/13/1135 1325/13/1146
f 1257/13/1153 1269/13/1149 1271/13/1150
f 1257/13/1153 1271/13/1150 1259/13/1138
f 1275/13/1154 1257/13/1153 1260/13/1137
f 1277/13/1155 1258/13/1156 1273/13/1152
f 1259/13/1138 1271/13/1150 1276/13/1157
f 1259/13/1138 1276/13/1157 1280/13/1139
f 1280/13/1139 1276/13/1157 1279/13/1158
f 1277/13/1155 1302/13/1159 1304/13/1160
f 1304/13/1160 1278/13/1161 1277/13/1155
f 1282/13/1162 1260/13/1137 1285/13/1163
f 1285/13/1163 1280/13/1139 1283/13/1164
f 1288/13/1165 1287/13/1166 1310/13/1167
f 1233/13/1107 1217/13/1106 1358/13/1168
f 1218/13/1115 1137/13/1109 1225/13/1108
f 1192/13/1169 1176/13/1057 1241/13/1116
f 1346/13/1170 1267/13/1147 1292/13/1171
f 1325/13/1146 1267/13/1147 1346/13/1170
f 1268/13/1148 1269/13/1149 1294/13/1172
f 1366/13/1173 1295/13/1151 1325/13/1146
f 1296/13/1174 1269/13/1149 1257/13/1153
f 1274/13/1175 1298/13/1176 1326/13/1177
f 1274/13/1175 1275/13/1154 1298/13/1176
f 1300/13/1178 1277/13/1155 1299/13/1179
f 1302/13/1159 1277/13/1155 1300/13/1178
f 1281/13/1180 1303/13/1181 1279/13/1158
f 1284/13/1182 1281/13/1180 1278/13/1161
f 1284/13/1182 1303/13/1181 1281/13/1180
f 1328/13/1183 1304/13/1160 1302/13/1159
f 1286/13/1184 1305/13/1185 1284/13/1182
f 1287/13/1166 1305/13/1185 1306/13/1186
f 1329/13/1187 1289/13/1188 1288/13/1165
f 1307/13/1189 1286/13/1184 1328/13/1183
f 1329/13/1187 1288/13/1165 1312/13/1190
f 1310/13/1167 1306/13/1186 1314/13/1191
f 1311/13/1192 1310/13/1167 1314/13/1191
f 1402/13/1193 1234/13/1110 1193/13/1047
f 1262/13/1194 1320/13/1195 1219/13/1098
f 1214/13/1099 1242/13/1075 1341/13/1196
f 1243/13/1117 1262/13/1194 1197/13/1077
f 1322/13/1197 1235/13/1198 1227/13/1199
f 1291/13/1200 1207/13/1091 1264/13/1142
f 1251/13/1145 1263/13/1141 1323/13/1201
f 1264/13/1142 1265/13/1143 1343/13/1202
f 1266/13/1144 1251/13/1145 1342/13/1203
f 1252/13/1112 1248/13/1125 1324/13/1204
f 1324/13/1204 1248/13/1125 1293/13/1205
f 1325/13/1146 1346/13/1170 1366/13/1173
f 1269/13/1149 1296/13/1174 1294/13/1172
f 1326/13/1177 1296/13/1174 1274/13/1175
f 1299/13/1179 1297/13/1206 1349/13/1207
f 1328/13/1183 1302/13/1159 1300/13/1178
f 1329/13/1187 1282/13/1162 1289/13/1188
f 1328/13/1183 1373/13/1208 1330/13/1209
f 1308/13/1210 1306/13/1186 1305/13/1185
f 1308/13/1210 1309/13/1211 1316/13/1212
f 1315/13/1213 1313/13/1214 1352/13/1215
f 1311/13/1192 1333/13/1216 1334/13/1217
f 1358/13/1168 1335/13/1218 1233/13/1107
f 1338/13/1219 1192/13/1169 1337/13/1220
f 1319/13/1221 1203/13/1086 1320/13/1195
f 1340/13/1222 1242/13/1075 1339/13/1223
f 1321/13/1224 1228/13/1225 1237/13/1226
f 1344/13/1227 1266/13/1144 1342/13/1203
f 1367/13/1228 1293/13/1205 1294/13/1172
f 1348/13/1229 1326/13/1177 1298/13/1176
f 1329/13/1187 1312/13/1190 1351/13/1230
f 1314/13/1191 1306/13/1186 1332/13/1231
f 1353/13/1232 1314/13/1191 1332/13/1231
f 1333/13/1216 1314/13/1191 1353/13/1232
f 1357/13/1233 1233/13/1107 1335/13/1218
f 1240/13/1114 1261/13/1140 1456/13/1234
f 1234/13/1110 1402/13/1193 1419/13/1235
f 1361/13/1236 1228/13/1225 1321/13/1224
f 1365/13/1237 1292/13/1171 1344/13/1227
f 1293/13/1205 1388/13/1238 1324/13/1204
f 1366/13/1173 1368/13/1239 1347/13/1240
f 1349/13/1207 1347/13/1240 1370/13/1241
f 1298/13/1176 1372/13/1242 1348/13/1229
f 1374/13/1243 1329/13/1187 1375/13/1244
f 1375/13/1244 1329/13/1187 1351/13/1230
f 1353/13/1232 1332/13/1231 1379/13/1245
f 1398/13/1246 1334/13/1217 1333/13/1216
f 1383/13/1247 1192/13/1169 1338/13/1219
f 1359/13/1248 1193/13/1047 1319/13/1221
f 1250/13/1249 1384/13/1250 1243/13/1117
f 1386/13/1251 1237/13/1226 1291/13/1200
f 1264/13/1142 1387/13/1252 1291/13/1200
f 1345/13/1253 1324/13/1204 1388/13/1238
f 1368/13/1239 1366/13/1173 1365/13/1237
f 1388/13/1238 1367/13/1228 1369/13/1254
f 1370/13/1241 1347/13/1240 1368/13/1239
f 1410/13/1255 1373/13/1208 1350/13/1256
f 1392/13/1257 1331/13/1258 1373/13/1208
f 1377/13/1259 1351/13/1230 1394/13/1260
f 1355/13/1261 1376/13/1262 1413/13/1263
f 1352/13/1215 1376/13/1262 1355/13/1261
f 1398/13/1246 1353/13/1232 1397/13/1264
f 1358/13/1168 1317/13/1265 1417/13/1266
f 1323/13/1201 1404/13/1267 1406/13/1268
f 1343/13/1202 1345/13/1253 1407/13/1269
f 1410/13/1255 1350/13/1256 1371/13/1270
f 1393/13/1271 1351/13/1230 1412/13/1272
f 1412/13/1272 1351/13/1230 1377/13/1259
f 1454/13/1273 1382/13/1274 1398/13/1246
f 1261/13/1140 1399/13/1275 1488/13/1276
f 1384/13/1250 1250/13/1249 1361/13/1236
f 1421/13/1277 1322/13/1197 1360/13/1278
f 1422/13/1279 1321/13/1224 1237/13/1226
f 1422/13/1279 1237/13/1226 1386/13/1251
f 1362/13/1280 1423/13/1281 1404/13/1267
f 1405/13/1282 1363/13/1283 1424/13/1284
f 1443/13/1285 1408/13/1286 1369/13/1254
f 1370/13/1241 1368/13/1239 1409/13/1287
f 1389/13/1288 1428/13/1289 1443/13/1285
f 1410/13/1255 1370/13/1241 1427/13/1290
f 1447/13/1291 1428/13/1289 1390/13/1292
f 1447/13/1291 1390/13/1292 1391/13/1293
f 1430/13/1294 1411/13/1295 1429/13/1296
f 1431/13/1297 1391/13/1293 1375/13/1244
f 1375/13/1244 1393/13/1271 1433/13/1298
f 1413/13/1263 1376/13/1262 1432/13/1299
f 1379/13/1245 1332/13/1231 1435/13/1300
f 1397/13/1264 1379/13/1245 1435/13/1300
f 1415/13/1301 1355/13/1261 1395/13/1302
f 1455/13/1303 1354/13/1304 1382/13/1274
f 1473/13/1305 1335/13/1218 1437/13/1306
f 1417/13/1266 1437/13/1306 1335/13/1218
f 1337/13/1220 1241/13/1116 1401/13/1307
f 1438/13/1308 1341/13/1196 1340/13/1222
f 1403/13/1309 1341/13/1196 1438/13/1308
f 1439/13/1310 1262/13/1194 1384/13/1250
f 1459/13/1311 1406/13/1268 1404/13/1267
f 1428/13/1289 1444/13/1312 1443/13/1285
f 1429/13/1296 1410/13/1255 1446/13/1313
f 1463/13/1314 1429/13/1296 1446/13/1313
f 1448/13/1315 1447/13/1291 1391/13/1293
f 1449/13/1316 1448/13/1315 1431/13/1297
f 1452/13/1317 1435/13/1300 1396/13/1318
f 1454/13/1273 1397/13/1264 1436/13/1319
f 1417/13/1266 1317/13/1265 1518/13/1320
f 1317/13/1265 1457/13/1321 1518/13/1320
f 1490/13/1322 1385/13/1323 1341/13/1196
f 1422/13/1279 1386/13/1251 1441/13/1324
f 1424/13/1284 1407/13/1269 1460/13/1325
f 1408/13/1286 1461/13/1326 1460/13/1325
f 1426/13/1327 1409/13/1287 1495/13/1328
f 1461/13/1326 1408/13/1286 1443/13/1285
f 1462/13/1329 1447/13/1291 1448/13/1315
f 1451/13/1330 1450/13/1331 1466/13/1332
f 1431/13/1297 1433/13/1298 1467/13/1333
f 1413/13/1263 1432/13/1299 1469/13/1334
f 1469/13/1334 1434/13/1335 1413/13/1263
f 1436/13/1319 1435/13/1300 1471/13/1336
f 1415/13/1301 1395/13/1302 1472/13/1337
f 1472/13/1337 1453/13/1338 1415/13/1301
f 1573/13/1339 1603/13/1340 1419/13/1235
f 1459/13/1311 1404/13/1267 1423/13/1281
f 1444/13/1312 1461/13/1326 1443/13/1285
f 1445/13/1341 1426/13/1327 1476/13/1342
f 1479/13/1343 1462/13/1329 1449/13/1316
f 1497/13/1344 1463/13/1314 1478/13/1345
f 1450/13/1331 1463/13/1314 1465/13/1346
f 1465/13/1346 1466/13/1332 1450/13/1331
f 1467/13/1333 1464/13/1347 1431/13/1297
f 1412/13/1272 1394/13/1260 1482/13/1348
f 1470/13/1349 1434/13/1335 1483/13/1350
f 1414/13/1351 1416/13/1352 1484/13/1353
f 1485/13/1354 1472/13/1337 1395/13/1302
f 1416/13/1352 1455/13/1303 1501/13/1355
f 1399/13/1275 1473/13/1356 1488/13/1276
f 1418/13/1357 1400/13/1358 1225/13/1108
f 1505/13/1359 1422/13/1279 1441/13/1324
f 1492/13/1360 1459/13/1311 1423/13/1281
f 1424/13/1284 1475/13/1361 1405/13/1282
f 1442/13/1362 1493/13/1363 1495/13/1328
f 1478/13/1345 1445/13/1341 1496/13/1364
f 1479/13/1343 1444/13/1312 1462/13/1329
f 1497/13/1344 1465/13/1346 1463/13/1314
f 1480/13/1365 1464/13/1347 1498/13/1366
f 1466/13/1332 1465/13/1346 1499/13/1367
f 1468/13/1368 1412/13/1272 1482/13/1348
f 1402/13/1193 1359/13/1248 1519/13/1369
f 1492/13/1360 1493/13/1363 1459/13/1311
f 1475/13/1361 1424/13/1284 1494/13/1370
f 1507/13/1371 1480/13/1365 1498/13/1366
f 1509/13/1372 1465/13/1346 1497/13/1344
f 1498/13/1366 1464/13/1347 1510/13/1373
f 1466/13/1332 1499/13/1367 1511/13/1374
f 1467/13/1333 1468/13/1368 1512/13/1375
f 1483/13/1350 1500/13/1376 1470/13/1349
f 1487/13/1377 1531/13/1378 1471/13/1336
f 1473/13/1356 1515/13/1379 1488/13/1276
f 1515/13/1379 1473/13/1356 1516/13/1380
f 1456/13/1234 1503/13/1381 1418/13/1357
f 1563/13/1382 1359/13/1248 1319/13/1221
f 1474/13/1383 1421/13/1277 1360/13/1278
f 1521/13/1384 1495/13/1328 1493/13/1363
f 1506/13/1385 1495/13/1328 1521/13/1384
f 1496/13/1364 1476/13/1342 1506/13/1385
f 1478/13/1345 1496/13/1364 1524/13/1386
f 1526/13/1387 1478/13/1345 1524/13/1386
f 1508/13/1388 1478/13/1345 1526/13/1387
f 1465/13/1346 1509/13/1372 1544/13/1389
f 1468/13/1368 1482/13/1348 1528/13/1390
f 1529/13/1391 1469/13/1334 1481/13/1392
f 1530/13/1393 1416/13/1352 1501/13/1355
f 1489/13/1394 1516/13/1395 1437/13/1306
f 1489/13/1394 1615/13/1396 1516/13/1395
f 1533/13/1397 1418/13/1357 1517/13/1398
f 1604/13/1399 1337/13/1220 1504/13/1400
f 1402/13/1193 1519/13/1369 1573/13/1339
f 1561/13/1401 1383/13/1247 1338/13/1219
f 1438/13/1308 1339/13/1223 1383/13/1247
f 1439/13/1310 1491/13/1402 1551/13/1403
f 1505/13/1359 1536/13/1404 1491/13/1402
f 1492/13/1360 1440/13/1405 1537/13/1406
f 1537/13/1406 1521/13/1384 1492/13/1360
f 1479/13/1343 1525/13/1407 1477/13/1408
f 1525/13/1407 1479/13/1343 1541/13/1409
f 1508/13/1388 1526/13/1387 1542/13/1410
f 1507/13/1371 1541/13/1409 1479/13/1343
f 1507/13/1371 1498/13/1366 1543/13/1411
f 1509/13/1372 1508/13/1388 1555/13/1412
f 1544/13/1389 1499/13/1367 1465/13/1346
f 1481/13/1392 1511/13/1374 1557/13/1413
f 1529/13/1391 1481/13/1392 1545/13/1414
f 1530/13/1393 1484/13/1353 1416/13/1352
f 1547/13/1415 1532/13/1416 1486/13/1417
f 1400/13/1358 1533/13/1397 1586/13/1418
f 1606/13/1419 1474/13/1383 1520/13/1420
f 1536/13/1404 1551/13/1403 1491/13/1402
f 1552/13/1421 1440/13/1405 1474/13/1383
f 1538/13/1422 1536/13/1404 1505/13/1359
f 1521/13/1384 1537/13/1406 1540/13/1423
f 1540/13/1423 1522/13/1424 1521/13/1384
f 1539/13/1425 1523/13/1426 1577/13/1427
f 1542/13/1410 1555/13/1412 1508/13/1388
f 1555/13/1412 1544/13/1389 1509/13/1372
f 1511/13/1374 1499/13/1367 1557/13/1413
f 1512/13/1375 1528/13/1390 1558/13/1428
f 1483/13/1350 1529/13/1391 1559/13/1429
f 1560/13/1430 1516/13/1395 1615/13/1396
f 1549/13/1431 1403/13/1309 1438/13/1308
f 1549/13/1431 1490/13/1322 1403/13/1309
f 1538/13/1422 1575/13/1432 1536/13/1404
f 1590/13/1433 1577/13/1427 1525/13/1407
f 1542/13/1410 1526/13/1387 1566/13/1434
f 1567/13/1435 1543/13/1411 1578/13/1436
f 1556/13/1437 1499/13/1367 1544/13/1389
f 1570/13/1438 1500/13/1376 1483/13/1350
f 1472/13/1337 1546/13/1439 1547/13/1415
f 1572/13/1440 1516/13/1380 1560/13/1441
f 1458/13/1442 1603/13/1340 1758/13/1443
f 1562/13/1444 1383/13/1247 1561/13/1401
f 1574/13/1445 1536/13/1404 1575/13/1432
f 1576/13/1446 1537/13/1406 1553/13/1447
f 1575/13/1432 1538/13/1422 1588/13/1448
f 1539/13/1425 1588/13/1448 1538/13/1422
f 1576/13/1446 1540/13/1423 1537/13/1406
f 1542/13/1410 1566/13/1434 1608/13/1449
f 1556/13/1437 1544/13/1389 1555/13/1412
f 1510/13/1373 1512/13/1375 1579/13/1450
f 1569/13/1451 1484/13/1353 1580/13/1452
f 1580/13/1452 1484/13/1353 1581/13/1453
f 1601/13/1454 1583/13/1455 1514/13/1456
f 1664/13/1457 1563/13/1382 1564/13/1458
f 1535/13/1459 1564/13/1458 1534/13/1460
f 1637/13/1461 1553/13/1447 1552/13/1421
f 1622/13/1462 1526/13/1387 1554/13/1463
f 1565/13/1464 1541/13/1409 1591/13/1465
f 1567/13/1435 1591/13/1465 1541/13/1409
f 1527/13/1466 1510/13/1373 1595/13/1467
f 1499/13/1367 1556/13/1437 1594/13/1468
f 1557/13/1413 1499/13/1367 1594/13/1468
f 1510/13/1373 1579/13/1450 1595/13/1467
f 1545/13/1414 1557/13/1413 1596/13/1469
f 1485/13/1354 1500/13/1376 1599/13/1470
f 1611/13/1471 1546/13/1439 1485/13/1354
f 1518/13/1320 1457/13/1321 1729/13/1472
f 1663/13/1473 1573/13/1339 1519/13/1369
f 1574/13/1445 1575/13/1432 1607/13/1474
f 1588/13/1448 1607/13/1474 1575/13/1432
f 1622/13/1462 1592/13/1475 1526/13/1387
f 1591/13/1465 1567/13/1435 1593/13/1476
f 1609/13/1477 1558/13/1428 1568/13/1478
f 1632/13/1479 1598/13/1480 1569/13/1451
f 1599/13/1470 1500/13/1376 1570/13/1438
f 1485/13/1354 1599/13/1470 1611/13/1471
f 1614/13/1481 1582/13/1482 1584/13/1483
f 1582/13/1482 1614/13/1481 1601/13/1454
f 1518/13/1320 1616/13/1484 1615/13/1396
f 1457/13/1321 1758/13/1443 1729/13/1472
f 1604/13/1399 1504/13/1400 1617/13/1485
f 1565/13/1464 1621/13/1486 1590/13/1433
f 1621/13/1486 1565/13/1464 1623/13/1487
f 1625/13/1488 1593/13/1476 1578/13/1436
f 1625/13/1488 1578/13/1436 1626/13/1489
f 1626/13/1489 1578/13/1436 1543/13/1411
f 1594/13/1468 1596/13/1469 1557/13/1413
f 1610/13/1490 1596/13/1469 1640/13/1491
f 1629/13/1492 1609/13/1477 1568/13/1478
f 1579/13/1450 1609/13/1477 1630/13/1493
f 1631/13/1494 1570/13/1438 1559/13/1429
f 1598/13/1480 1632/13/1479 1628/13/1495
f 1547/13/1415 1612/13/1496 1658/13/1497
f 1614/13/1481 1660/13/1498 1601/13/1454
f 1602/13/1499 1560/13/1441 1661/13/1500
f 1585/13/1501 1571/13/1502 1633/13/1503
f 1616/13/1484 1518/13/1320 1729/13/1472
f 1586/13/1418 1634/13/1504 1401/13/1307
f 1549/13/1431 1438/13/1308 1548/13/1505
f 1648/13/1506 1554/13/1463 1589/13/1507
f 1734/13/1508 1566/13/1434 1592/13/1475
f 1640/13/1491 1594/13/1468 1641/13/1509
f 1595/13/1467 1579/13/1450 1630/13/1493
f 1600/13/1510 1501/13/1355 1613/13/1511
f 1614/13/1481 1584/13/1483 1713/13/1512
f 1617/13/1485 1561/13/1401 1604/13/1399
f 1646/13/1513 1548/13/1505 1645/13/1514
f 1607/13/1474 1647/13/1515 1574/13/1445
f 1624/13/1516 1593/13/1476 1625/13/1488
f 1653/13/1517 1654/13/1518 1631/13/1494
f 1632/13/1479 1580/13/1452 1668/13/1519
f 1657/13/1520 1600/13/1510 1613/13/1511
f 1701/13/1521 1585/13/1501 1633/13/1503
f 1560/13/1430 1616/13/1484 1644/13/1522
f 1603/13/1340 1789/13/1523 1758/13/1443
f 1617/13/1485 1504/13/1400 1662/13/1524
f 1603/13/1340 1663/13/1473 1789/13/1523
f 1618/13/1525 1564/13/1458 1535/13/1459
f 1635/13/1526 1587/13/1527 1549/13/1431
f 1647/13/1515 1792/13/1528 1574/13/1445
f 1636/13/1529 1619/13/1530 1637/13/1461
f 1607/13/1474 1639/13/1531 1733/13/1532
f 1665/13/1533 1591/13/1465 1593/13/1476
f 1643/13/1534 1631/13/1494 1654/13/1518
f 1628/13/1495 1668/13/1519 1656/13/1535
f 1630/13/1493 1669/13/1536 1670/13/1537
f 1610/13/1490 1667/13/1538 1671/13/1539
f 1671/13/1539 1653/13/1517 1610/13/1490
f 1672/13/1540 1643/13/1534 1673/13/1541
f 1668/13/1519 1657/13/1520 1707/13/1542
f 1655/13/1543 1628/13/1495 1678/13/1544
f 1672/13/1540 1611/13/1471 1599/13/1470
f 1677/13/1545 1671/13/1539 1667/13/1538
f 1677/13/1545 1674/13/1546 1671/13/1539
f 1679/13/1547 1710/13/1548 1677/13/1545
f 1680/13/1549 1679/13/1547 1677/13/1545
f 1681/13/1550 1678/13/1544 1682/13/1551
f 1683/13/1552 1680/13/1549 1677/13/1545
f 1681/13/1550 1682/13/1551 1685/13/1553
f 1690/13/1554 1687/13/1555 1686/13/1556
f 1689/13/1557 1694/13/1558 1695/13/1559
f 1693/13/1560 1699/13/1561 1700/13/1562
f 1702/13/1563 1646/13/1513 1645/13/1514
f 1549/13/1431 1646/13/1513 1635/13/1526
f 1647/13/1515 1607/13/1474 1733/13/1532
f 1760/13/1564 1622/13/1462 1648/13/1506
f 1814/13/1565 1734/13/1508 1592/13/1475
f 1704/13/1566 1556/13/1437 1651/13/1567
f 1673/13/1541 1654/13/1518 1653/13/1517
f 1706/13/1568 1656/13/1535 1668/13/1519
f 1708/13/1569 1653/13/1517 1674/13/1546
f 1673/13/1541 1653/13/1517 1708/13/1569
f 1709/13/1570 1707/13/1542 1657/13/1520
f 1612/13/1496 1611/13/1471 1711/13/1571
f 1683/13/1552 1677/13/1545 1667/13/1538
f 1714/13/1572 1683/13/1552 1667/13/1538
f 1715/13/1573 1675/13/1574 1681/13/1550
f 1679/13/1547 1716/13/1575 1710/13/1548
f 1684/13/1576 1716/13/1575 1679/13/1547
f 1685/13/1553 1717/13/1577 1722/13/1578
f 1682/13/1551 1717/13/1577 1685/13/1553
f 1719/13/1579 1681/13/1550 1718/13/1580
f 1721/13/1581 1684/13/1576 1680/13/1549
f 1721/13/1581 1683/13/1552 1746/13/1582
f 1718/13/1580 1685/13/1553 1724/13/1583
f 1690/13/1584 1725/13/1585 1697/13/1586
f 1699/13/1561 1693/13/1560 1728/13/1587
f 1700/13/1562 1696/13/1588 1694/13/1589
f 1868/13/1590 1617/13/1485 1662/13/1524
f 1663/13/1473 1811/13/1591 1789/13/1523
f 1619/13/1530 1636/13/1529 1732/13/1592
f 1732/13/1592 1638/13/1593 1619/13/1530
f 1650/13/1594 1566/13/1434 1735/13/1595
f 1736/13/1596 1651/13/1567 1797/13/1597
f 1737/13/1598 1641/13/1509 1819/13/1599
f 1737/13/1598 1640/13/1491 1641/13/1509
f 1737/13/1598 1705/13/1600 1640/13/1491
f 1642/13/1601 1670/13/1537 1738/13/1602
f 1739/13/1603 1670/13/1537 1669/13/1536
f 1714/13/1572 1666/13/1604 1705/13/1600
f 1708/13/1569 1674/13/1546 1710/13/1548
f 1768/13/1605 1612/13/1496 1711/13/1571
f 1709/13/1570 1613/13/1511 1712/13/1606
f 1714/13/1572 1667/13/1538 1666/13/1604
f 1739/13/1603 1669/13/1536 1715/13/1573
f 1739/13/1603 1715/13/1573 1745/13/1607
f 1716/13/1575 1684/13/1576 1747/13/1608
f 1718/13/1580 1720/13/1609 1719/13/1579
f 1684/13/1576 1723/13/1610 1748/13/1611
f 1724/13/1583 1722/13/1578 1749/13/1612
f 1687/13/1555 1750/13/1613 1686/13/1556
f 1688/13/1614 1689/13/1557 1752/13/1615
f 1728/13/1587 1693/13/1560 1754/13/1616
f 1661/13/1500 1757/13/1617 1838/13/1618
f 1616/13/1484 1841/13/1619 1644/13/1522
f 1662/13/1524 1634/13/1504 1842/13/1620
f 1519/13/1369 1812/13/1621 1663/13/1473
f 1790/13/1622 1645/13/1514 1562/13/1444
f 1792/13/1528 1618/13/1525 1605/13/1623
f 1621/13/1486 1796/13/1624 1639/13/1531
f 1623/13/1487 1796/13/1624 1621/13/1486
f 1814/13/1565 1622/13/1462 1760/13/1564
f 1623/13/1487 1649/13/1625 1815/13/1626
f 1762/13/1627 1704/13/1566 1651/13/1567
f 1819/13/1599 1641/13/1509 1704/13/1566
f 1764/13/1628 1627/13/1629 1642/13/1601
f 1738/13/1602 1670/13/1537 1739/13/1603
f 1765/13/1630 1714/13/1572 1705/13/1600
f 1673/13/1541 1708/13/1569 1766/13/1631
f 1767/13/1632 1707/13/1542 1709/13/1570
f 1770/13/1633 1742/13/1634 1706/13/1568
f 1747/13/1608 1684/13/1576 1778/13/1635
f 1748/13/1611 1778/13/1635 1684/13/1576
f 1720/13/1609 1718/13/1580 1782/13/1636
f 1780/13/1637 1723/13/1610 1721/13/1581
f 1780/13/1637 1721/13/1581 1783/13/1638
f 1781/13/1639 1782/13/1636 1724/13/1583
f 1687/13/1555 1692/13/1640 1785/13/1641
f 1726/13/1642 1785/13/1641 1692/13/1640
f 1688/13/1614 1830/13/1643 1754/13/1644
f 1725/13/1645 1691/13/1646 1786/13/1647
f 1787/13/1648 1755/13/1649 1696/13/1650
f 1787/13/1651 1696/13/1588 1756/13/1652
f 1729/13/1472 2025/13/1653 1921/13/1654
f 1812/13/1621 1519/13/1369 1730/13/1655
f 1791/13/1656 1664/13/1457 1703/13/1657
f 1703/13/1657 1618/13/1525 1792/13/1528
f 1793/13/1658 1636/13/1529 1635/13/1526
f 1794/13/1659 1620/13/1660 1732/13/1592
f 1813/13/1661 1648/13/1506 1620/13/1660
f 1795/13/1662 1639/13/1531 1796/13/1624
f 1648/13/1506 1813/13/1661 1760/13/1564
f 1846/13/1663 1624/13/1516 1761/13/1664
f 1798/13/1665 1626/13/1489 1652/13/1666
f 1711/13/1571 1740/13/1667 1799/13/1668
f 1800/13/1669 1773/13/1670 1772/13/1671
f 1746/13/1582 1744/13/1672 1804/13/1673
f 1745/13/1607 1720/13/1609 1805/13/1674
f 1720/13/1609 1782/13/1636 1805/13/1674
f 1748/13/1611 1723/13/1610 1780/13/1637
f 1784/13/1675 1695/13/1559 1806/13/1676
f 1808/13/1677 1697/13/1586 1788/13/1678
f 1757/13/1679 1644/13/1522 1810/13/1680
f 1810/13/1680 1644/13/1522 1841/13/1619
f 1729/13/1472 1921/13/1654 1841/13/1619
f 1623/13/1487 1876/13/1681 1796/13/1624
f 1876/13/1681 1623/13/1487 1815/13/1626
f 1902/13/1682 1797/13/1597 1650/13/1594
f 1651/13/1567 1817/13/1683 1762/13/1627
f 1820/13/1684 1764/13/1628 1738/13/1602
f 1820/13/1684 1738/13/1602 1743/13/1685
f 1821/13/1686 1737/13/1598 1847/13/1687
f 1770/13/1633 1767/13/1632 1823/13/1688
f 1822/13/1689 1743/13/1685 1776/13/1690
f 1803/13/1691 1776/13/1690 1745/13/1607
f 1802/13/1692 1744/13/1672 1774/13/1693
f 1831/13/1694 1754/13/1644 1830/13/1643
f 1895/13/1695 1832/13/1696 1755/13/1649
f 1725/13/1645 1786/13/1647 1833/13/1697
f 1725/13/1585 1833/13/1698 1835/13/1699
f 1788/13/1678 1725/13/1585 1835/13/1699
f 1837/13/1700 1698/13/1701 1697/13/1586
f 1837/13/1700 1727/13/1702 1698/13/1701
f 1836/13/1703 1727/13/1702 1837/13/1700
f 1728/13/1704 1865/13/1705 1699/13/1706
f 1758/13/1443 1789/13/1523 2025/13/1653
f 1872/13/1707 1732/13/1592 1793/13/1658
f 1815/13/1626 1649/13/1625 1925/13/1708
f 1925/13/1708 1649/13/1625 1665/13/1533
f 1624/13/1516 1846/13/1663 1665/13/1533
f 1713/13/1512 1741/13/1709 1848/13/1710
f 1658/13/1497 1906/13/1711 1741/13/1709
f 1823/13/1712 1772/13/1671 1770/13/1633
f 1773/13/1670 1800/13/1669 1852/13/1713
f 1851/13/1714 1775/13/1715 1853/13/1716
f 1822/13/1689 1776/13/1690 1803/13/1691
f 1853/13/1716 1801/13/1717 1854/13/1718
f 1825/13/1719 1804/13/1673 1802/13/1692
f 1780/13/1637 1783/13/1638 1859/13/1720
f 1748/13/1611 1780/13/1637 1859/13/1721
f 1689/13/1557 1784/13/1675 1829/13/1722
f 1752/13/1615 1830/13/1643 1751/13/1723
f 1862/13/1724 1726/13/1642 1893/13/1725
f 1863/13/1726 1833/13/1697 1786/13/1647
f 1895/13/1695 1787/13/1648 1864/13/1727
f 1840/13/1728 1701/13/1521 1633/13/1503
f 1869/13/1729 1731/13/1730 1702/13/1563
f 1731/13/1730 1869/13/1729 1870/13/1731
f 1703/13/1657 1792/13/1528 1871/13/1732
f 1845/13/1733 1871/13/1732 1792/13/1528
f 1793/13/1658 1870/13/1731 1872/13/1707
f 1796/13/1624 1876/13/1681 1795/13/1662
f 1875/13/1734 1760/13/1564 1813/13/1661
f 1761/13/1664 1626/13/1489 1798/13/1665
f 1817/13/1683 1736/13/1596 1816/13/1735
f 1904/13/1736 1820/13/1684 1822/13/1689
f 1878/13/1737 1741/13/1709 1906/13/1711
f 1850/13/1738 1906/13/1711 1658/13/1497
f 1850/13/1738 1851/13/1714 1880/13/1739
f 1881/13/1740 1773/13/1670 1852/13/1713
f 1773/13/1670 1881/13/1740 1777/13/1741
f 1882/13/1742 1822/13/1689 1803/13/1691
f 1777/13/1741 1881/13/1740 1883/13/1743
f 1883/13/1743 1824/13/1744 1777/13/1741
f 1802/13/1692 1909/13/1745 1825/13/1719
f 1882/13/1742 1803/13/1691 1805/13/1674
f 1801/13/1717 1778/13/1635 1884/13/1746
f 1887/13/1747 1827/13/1748 1857/13/1749
f 1886/13/1750 1859/13/1721 1888/13/1751
f 1827/13/1748 1887/13/1747 1889/13/1752
f 1691/13/1646 1861/13/1753 1890/13/1754
f 1830/13/1643 1752/13/1615 1891/13/1755
f 1786/13/1647 1691/13/1646 1890/13/1754
f 1941/13/1756 1787/13/1651 1756/13/1652
f 1787/13/1651 1941/13/1756 1864/13/1757
f 1866/13/1758 1899/13/1759 1633/13/1503
f 1867/13/1760 1900/13/1761 1842/13/1620
f 1876/13/1681 1874/13/1762 1795/13/1662
f 1761/13/1664 1903/13/1763 1846/13/1663
f 1947/13/1764 1798/13/1665 1818/13/1765
f 1821/13/1686 1847/13/1687 1980/13/1766
f 1878/13/1737 1848/13/1710 1741/13/1709
f 1769/13/1767 1848/13/1710 1928/13/1768
f 1879/13/1769 1909/13/1745 1802/13/1692
f 1908/13/1770 1822/13/1689 1882/13/1742
f 1885/13/1771 1882/13/1742 1805/13/1674
f 1826/13/1772 1827/13/1748 1910/13/1773
f 1888/13/1774 1859/13/1720 1855/13/1775
f 1827/13/1748 1889/13/1752 1910/13/1773
f 1912/13/1776 1860/13/1777 1750/13/1613
f 1785/13/1641 1993/13/1778 1892/13/1779
f 1915/13/1780 1806/13/1676 1832/13/1696
f 1863/13/1726 1786/13/1647 1914/13/1781
f 1833/13/1697 1863/13/1726 1916/13/1782
f 1896/13/1783 1807/13/1784 1894/13/1785
f 1941/13/1756 1756/13/1652 1940/13/1786
f 1917/13/1787 1837/13/1700 1808/13/1677
f 1865/13/1705 1918/13/1788 1809/13/1789
f 1841/13/1619 1920/13/1790 1919/13/1791
f 2025/13/1653 2066/13/1792 1921/13/1654
f 1869/13/1729 1702/13/1563 1790/13/1622
f 1869/13/1729 1975/13/1793 1870/13/1731
f 1795/13/1662 1923/13/1794 1873/13/1795
f 1944/13/1796 1925/13/1708 1665/13/1533
f 1798/13/1665 1946/13/1797 1761/13/1664
f 1816/13/1735 1945/13/1798 1978/13/1799
f 1762/13/1627 1979/13/1800 1819/13/1599
f 1948/13/1801 1763/13/1802 1764/13/1628
f 1927/13/1803 1926/13/1804 1820/13/1684
f 1927/13/1803 1820/13/1684 1904/13/1736
f 1879/13/1769 1821/13/1686 1980/13/1766
f 1884/13/1746 1856/13/1805 1931/13/1806
f 1910/13/1773 1889/13/1752 1966/13/1807
f 1933/13/1808 1887/13/1747 1857/13/1749
f 1934/13/1809 1912/13/1776 1935/13/1810
f 1806/13/1676 1937/13/1811 1913/13/1812
f 1891/13/1755 1831/13/1694 1830/13/1643
f 1834/13/1813 1836/13/1814 1939/13/1815
f 1809/13/1789 1940/13/1786 1756/13/1652
f 2000/13/1816 1840/13/1728 1899/13/1759
f 1789/13/1523 1811/13/1591 2325/13/1817
f 2026/13/1818 1759/13/1819 1843/13/1820
f 1942/13/1821 1812/13/1621 1922/13/1822
f 1814/13/1565 1924/13/1823 1977/13/1824
f 1945/13/1798 1902/13/1682 2029/13/1825
f 1948/13/1801 1818/13/1765 1763/13/1802
f 2004/13/1826 1819/13/1599 1979/13/1800
f 1764/13/1628 1926/13/1804 1948/13/1801
f 1950/13/1827 1823/13/1688 1928/13/1768
f 1907/13/1828 1951/13/1829 1880/13/1739
f 1954/13/1830 1907/13/1828 1853/13/1716
f 1955/13/1831 1909/13/1745 1929/13/1832
f 1954/13/1830 1853/13/1716 1854/13/1718
f 1825/13/1719 1958/13/1833 1855/13/1775
f 1960/13/1834 1885/13/1771 1910/13/1773
f 1856/13/1805 1932/13/1835 1961/13/1836
f 1933/13/1808 1857/13/1749 1963/13/1837
f 1889/13/1752 1965/13/1838 1966/13/1807
f 1861/13/1753 1934/13/1809 1967/13/1839
f 1892/13/1779 1935/13/1810 1912/13/1776
f 1937/13/1811 1806/13/1676 1968/13/1840
f 1970/13/1841 1831/13/1694 1891/13/1755
f 1831/13/1694 1970/13/1841 1894/13/1785
f 1896/13/1783 1894/13/1785 2021/13/1842
f 1997/13/1843 1836/13/1703 1837/13/1700
f 1974/13/1844 1662/13/1524 1842/13/1620
f 1868/13/1590 1662/13/1524 1974/13/1844
f 1811/13/1591 2156/13/1845 2325/13/1817
f 1872/13/1707 1870/13/1731 2068/13/1846
f 1876/13/1681 2108/13/1847 1874/13/1762
f 1945/13/1798 2031/13/1848 1978/13/1799
f 1817/13/1683 1979/13/1800 1762/13/1627
f 1906/13/1711 1949/13/1849 1878/13/1737
f 1928/13/1768 1848/13/1710 1981/13/1850
f 1929/13/1832 1879/13/1769 1980/13/1766
f 1905/13/1851 1949/13/1849 1906/13/1711
f 1982/13/1852 1954/13/1830 1854/13/1718
f 1982/13/1852 1854/13/1718 1884/13/1746
f 1884/13/1746 1931/13/1806 1983/13/1853
f 1959/13/1854 1883/13/1743 1957/13/1855
f 1855/13/1775 1984/13/1856 1888/13/1774
f 1986/13/1857 1962/13/1858 1888/13/1751
f 1932/13/1835 1962/13/1858 2010/13/1859
f 1934/13/1809 1987/13/1860 1988/13/1861
f 1990/13/1862 1937/13/1811 1991/13/1863
f 1992/13/1864 1935/13/1810 1892/13/1779
f 1938/13/1865 1890/13/1754 1967/13/1839
f 1938/13/1865 1914/13/1781 1890/13/1754
f 1893/13/1725 1994/13/1866 1993/13/1778
f 1898/13/1867 2023/13/1868 1865/13/1705
f 1839/13/1869 1919/13/1791 2154/13/1870
f 1920/13/1790 1921/13/1654 2066/13/1792
f 2106/13/1871 1922/13/1822 1901/13/1872
f 1923/13/1794 1795/13/1662 2028/13/1873
f 1924/13/1823 1875/13/1734 2002/13/1874
f 2003/13/1875 1876/13/1681 1815/13/1626
f 1977/13/1824 1924/13/1823 2070/13/1876
f 1953/13/1877 2115/13/1878 2040/13/1879
f 1960/13/1834 1910/13/1773 1966/13/1807
f 1966/13/1807 1985/13/1880 1960/13/1834
f 2011/13/1881 2009/13/1882 1961/13/1836
f 1965/13/1838 1933/13/1808 2013/13/1883
f 1986/13/1857 2010/13/1859 1962/13/1858
f 2048/13/1884 2010/13/1859 1986/13/1857
f 2013/13/1883 1963/13/1837 2015/13/1885
f 1967/13/1839 1988/13/1861 2016/13/1886
f 1988/13/1861 1967/13/1839 1934/13/1809
f 1992/13/1864 1892/13/1779 2019/13/1887
f 2019/13/1887 1892/13/1779 1993/13/1778
f 2020/13/1888 1915/13/1780 2098/13/1889
f 1996/13/1890 2060/13/1891 1895/13/1695
f 1865/13/1705 2023/13/1868 1918/13/1788
f 1839/13/1892 2024/13/1893 1972/13/1894
f 1920/13/1790 2103/13/1895 1919/13/1791
f 2000/13/1816 1900/13/1761 1867/13/1760
f 1942/13/1821 2157/13/1896 1812/13/1621
f 2106/13/1871 2105/13/1897 1942/13/1821
f 2027/13/1898 1871/13/1732 1873/13/1795
f 2071/13/1899 1925/13/1708 1944/13/1796
f 1945/13/1798 2110/13/1900 2031/13/1848
f 1946/13/1797 2030/13/1901 1903/13/1763
f 1946/13/1797 1947/13/1764 2032/13/1902
f 2076/13/1903 1926/13/1804 1927/13/1803
f 2033/13/1904 1980/13/1766 2004/13/1826
f 2076/13/1903 1927/13/1803 2005/13/1905
f 1929/13/1832 1980/13/1766 2033/13/1904
f 1878/13/1737 2035/13/1906 2077/13/1907
f 2038/13/1908 2005/13/1905 1908/13/1770
f 1953/13/1877 1952/13/1909 2115/13/1878
f 1954/13/1830 2039/13/1910 1951/13/1829
f 2041/13/1911 1959/13/1854 1957/13/1855
f 1984/13/1856 2008/13/1912 1888/13/1774
f 2009/13/1882 2007/13/1913 1961/13/1836
f 1985/13/1880 1965/13/1838 2014/13/1914
f 2012/13/1915 2015/13/1885 1964/13/1916
f 2048/13/1884 1986/13/1857 2044/13/1917
f 2015/13/1885 2012/13/1915 2046/13/1918
f 2047/13/1919 2014/13/1914 2013/13/1883
f 2049/13/1920 2015/13/1885 2089/13/1921
f 2051/13/1922 2011/13/1881 2010/13/1859
f 1987/13/1860 1989/13/1923 2092/13/1924
f 2018/13/1925 2055/13/1926 1969/13/1927
f 2057/13/1928 1968/13/1840 1915/13/1780
f 1993/13/1778 1994/13/1866 2019/13/1887
f 2058/13/1929 1914/13/1781 1938/13/1865
f 2062/13/1930 2022/13/1931 1939/13/1815
f 2063/13/1932 1996/13/1890 1864/13/1727
f 1898/13/1933 1896/13/1934 2099/13/1935
f 1941/13/1756 2063/13/1936 1864/13/1757
f 2024/13/1893 2065/13/1937 1972/13/1894
f 1839/13/1892 2154/13/1870 2024/13/1893
f 1812/13/1621 2157/13/1896 1811/13/1591
f 2206/13/1938 2001/13/1939 2026/13/1818
f 2106/13/1871 1901/13/1872 2067/13/1940
f 2067/13/1940 1901/13/1872 1943/13/1941
f 2028/13/1873 1874/13/1762 2069/13/1942
f 1875/13/1734 2107/13/1943 2208/13/1944
f 1924/13/1823 2002/13/1874 2070/13/1876
f 2003/13/1875 2108/13/1847 1876/13/1681
f 1877/13/1945 2109/13/1946 1902/13/1682
f 1944/13/1796 1903/13/1763 2030/13/1901
f 2032/13/1902 2161/13/1947 1946/13/1797
f 2072/13/1948 2032/13/1902 1947/13/1764
f 2072/13/1948 1947/13/1764 1948/13/1801
f 2074/13/1949 1979/13/1800 2073/13/1950
f 2112/13/1951 1948/13/1801 1926/13/1804
f 1981/13/1850 2034/13/1952 2036/13/1953
f 2005/13/1905 2215/13/1954 2076/13/1903
f 2080/13/1955 1929/13/1832 2033/13/1904
f 1982/13/1852 2039/13/1910 1954/13/1830
f 2167/13/1956 1958/13/1833 2117/13/1957
f 2120/13/1958 1885/13/1771 1960/13/1834
f 2042/13/1959 1959/13/1854 2041/13/1911
f 1960/13/1834 1985/13/1880 2083/13/1960
f 2007/13/1913 2009/13/1882 2084/13/1961
f 2008/13/1912 2043/13/1962 1986/13/1857
f 1985/13/1880 2014/13/1914 2124/13/1963
f 2086/13/1964 2124/13/1963 2014/13/1914
f 2044/13/1917 2043/13/1962 2087/13/1965
f 2048/13/1884 2050/13/1966 2051/13/1922
f 2045/13/1967 2052/13/1968 2088/13/1969
f 2089/13/1921 2046/13/1918 2126/13/1970
f 2050/13/1966 2044/13/1917 2090/13/1971
f 2047/13/1919 2049/13/1920 2091/13/1972
f 2053/13/1973 1988/13/1861 1987/13/1860
f 2093/13/1974 2018/13/1925 1990/13/1862
f 1967/13/1839 2016/13/1886 2095/13/1975
f 2142/13/1976 1968/13/1840 2057/13/1928
f 1992/13/1864 2019/13/1887 2094/13/1977
f 2058/13/1929 1938/13/1865 2095/13/1975
f 1970/13/1841 2061/13/1978 2021/13/1842
f 1971/13/1979 1916/13/1980 2100/13/1981
f 1940/13/1786 2102/13/1982 1941/13/1756
f 2203/13/1983 2000/13/1816 1999/13/1984
f 1900/13/1761 2000/13/1816 2203/13/1983
f 2205/13/1985 1843/13/1820 1974/13/1844
f 2069/13/1942 1874/13/1762 2108/13/1847
f 1875/13/1734 2208/13/1944 2002/13/1874
f 2109/13/1946 1977/13/1824 2070/13/1876
f 2212/13/1986 2031/13/1848 2110/13/1900
f 2033/13/1904 2004/13/1826 2075/13/1987
f 2035/13/1906 2216/13/1988 2113/13/1989
f 2114/13/1990 2034/13/1952 2078/13/1991
f 2034/13/1952 2114/13/1990 2036/13/1953
f 1949/13/1849 2037/13/1992 2217/13/1993
f 1952/13/1909 2079/13/1994 2115/13/1878
f 2039/13/1910 2116/13/1995 2037/13/1992
f 2006/13/1996 2040/13/1879 2165/13/1997
f 2118/13/1998 1982/13/1852 2082/13/1999
f 2006/13/1996 2119/13/2000 2041/13/1911
f 2082/13/1999 1983/13/1853 2007/13/1913
f 2123/13/2001 2008/13/1912 1984/13/1856
f 2122/13/2002 2085/13/2003 2042/13/1959
f 2123/13/2001 2043/13/1962 2008/13/1912
f 2085/13/2003 2046/13/1918 2012/13/1915
f 2084/13/1961 2045/13/1967 2125/13/2004
f 2051/13/1922 2050/13/1966 2128/13/2005
f 2129/13/2006 2049/13/1920 2089/13/1921
f 2129/13/2006 2089/13/1921 2130/13/2007
f 2134/13/2008 2178/13/2009 2133/13/2010
f 2135/13/2011 2132/13/2012 2131/13/2013
f 2138/13/2014 2137/13/2015 2054/13/2016
f 2092/13/1924 2136/13/2017 2135/13/2018
f 1989/13/1923 2136/13/2017 2092/13/1924
f 2054/13/2016 2137/13/2015 2093/13/1974
f 1988/13/1861 2053/13/1973 2135/13/2018
f 2054/13/2016 1991/13/1863 2138/13/2014
f 2016/13/1886 1988/13/1861 2140/13/2019
f 2141/13/2020 2055/13/1926 2018/13/1925
f 2096/13/2021 2312/13/2022 2019/13/1887
f 2144/13/2023 2097/13/2024 2056/13/2025
f 2097/13/2024 2146/13/2026 1970/13/1841
f 2059/13/2027 2147/13/2028 2145/13/2029
f 2148/13/2030 1995/13/2031 2195/13/2032
f 2148/13/2030 2150/13/2033 1995/13/2031
f 2147/13/2028 2059/13/2027 2022/13/1931
f 2151/13/2034 1897/13/2035 1971/13/1979
f 1837/13/1700 2152/13/2036 2257/13/2037
f 2257/13/2037 1997/13/1843 1837/13/1700
f 2023/13/1868 2200/13/2038 1918/13/1788
f 1998/13/2039 2201/13/2040 1940/13/1786
f 2201/13/2040 2102/13/1982 1940/13/1786
f 1999/13/1984 2065/13/1937 2153/13/2041
f 1999/13/1984 2153/13/2041 2203/13/1983
f 2103/13/1895 2154/13/1870 1919/13/1791
f 2155/13/2042 1842/13/1620 1973/13/2043
f 2025/13/1653 2325/13/1817 2204/13/2044
f 2026/13/1818 1843/13/1820 2205/13/1985
f 1811/13/1591 2157/13/1896 2156/13/1845
f 2209/13/2045 2108/13/1847 2003/13/1875
f 2213/13/2046 2030/13/1901 1946/13/1797
f 1978/13/1799 2111/13/2047 2162/13/2048
f 2163/13/2049 2072/13/1948 1948/13/1801
f 2035/13/1906 2217/13/1993 2216/13/1988
f 2114/13/1990 2164/13/2050 2036/13/1953
f 2214/13/2051 2080/13/1955 2033/13/1904
f 2038/13/1908 2272/13/2052 2215/13/1954
f 2221/13/2053 2038/13/1908 2081/13/2054
f 2166/13/2055 2117/13/1957 2219/13/2056
f 2117/13/1957 2166/13/2055 2167/13/1956
f 2167/13/1956 2225/13/2057 1984/13/1856
f 2123/13/2001 1984/13/1856 2225/13/2057
f 2083/13/1960 2124/13/1963 2226/13/2058
f 2169/13/2059 2085/13/2003 2122/13/2002
f 2171/13/2060 2043/13/1962 2123/13/2001
f 2172/13/2061 2124/13/1963 2086/13/1964
f 2086/13/1964 2091/13/1972 2173/13/2062
f 2128/13/2005 2050/13/1966 2174/13/2063
f 2089/13/1921 2126/13/1970 2130/13/2007
f 2052/13/1968 2128/13/2005 2175/13/2064
f 2175/13/2064 2088/13/1969 2052/13/1968
f 2181/13/2065 2177/13/2066 2239/13/2067
f 2182/13/2068 2179/13/2069 2178/13/2009
f 2183/13/2070 2177/13/2066 2132/13/2012
f 2178/13/2009 2134/13/2008 2182/13/2068
f 2185/13/2071 2181/13/2065 2180/13/2072
f 2185/13/2071 2131/13/2013 2181/13/2065
f 2139/13/2073 2137/13/2015 2133/13/2010
f 2186/13/2074 2134/13/2008 2138/13/2014
f 2135/13/2011 2185/13/2071 2188/13/2075
f 2185/13/2071 2135/13/2011 2131/13/2013
f 2183/13/2070 2136/13/2017 2189/13/2076
f 2191/13/2077 2139/13/2073 2190/13/2078
f 2140/13/2019 1988/13/1861 2188/13/2075
f 2191/13/2077 2141/13/2020 2018/13/1925
f 2143/13/2079 2016/13/1886 2140/13/2019
f 2142/13/1976 2057/13/1928 2251/13/2080
f 2251/13/2080 2057/13/1928 2194/13/2081
f 2311/13/2082 2058/13/1929 2095/13/1975
f 2098/13/1889 2194/13/2081 2057/13/1928
f 2146/13/2026 2097/13/2024 2144/13/2023
f 2194/13/2081 2098/13/1889 2196/13/2083
f 2060/13/1891 2149/13/2084 2196/13/2083
f 2197/13/2085 2061/13/1978 2146/13/2026
f 2099/13/1935 2197/13/2085 2198/13/2086
f 2199/13/2087 1998/13/2039 1918/13/1788
f 2151/13/2034 2256/13/2088 1897/13/2035
f 2257/13/2037 2064/13/2089 1997/13/1843
f 1918/13/1788 2200/13/2038 2199/13/2087
f 1998/13/2039 2199/13/2087 2201/13/2040
f 2024/13/1893 2154/13/1870 2202/13/2090
f 2155/13/2042 1973/13/2043 1900/13/1761
f 2070/13/1876 2002/13/1874 2208/13/1944
f 2110/13/1900 2029/13/1825 2160/13/2091
f 2112/13/1951 2076/13/1903 2336/13/2092
f 2033/13/1904 2075/13/1987 2214/13/2051
f 2113/13/1989 2216/13/1988 2338/13/2093
f 2079/13/1994 2036/13/1953 2164/13/2050
f 2039/13/1910 2220/13/2094 2116/13/1995
f 2165/13/1997 2115/13/1878 2382/13/2095
f 2038/13/1908 2273/13/2096 2272/13/2052
f 2166/13/2055 2219/13/2056 2222/13/2097
f 2384/13/2098 2082/13/1999 2121/13/2099
f 2041/13/1911 2119/13/2000 2122/13/2002
f 2225/13/2057 2167/13/1956 2223/13/2100
f 2224/13/2101 2120/13/1958 2083/13/1960
f 2123/13/2001 2225/13/2057 2171/13/2060
f 2171/13/2060 2282/13/2102 2087/13/1965
f 2084/13/1961 2125/13/2004 2227/13/2103
f 2127/13/2104 2087/13/1965 2282/13/2102
f 2086/13/1964 2173/13/2062 2172/13/2061
f 2229/13/2105 2125/13/2004 2088/13/1969
f 2127/13/2104 2174/13/2063 2090/13/1971
f 2130/13/2007 2126/13/1970 2283/13/2106
f 2088/13/1969 2175/13/2064 2229/13/2105
f 2232/13/2107 2174/13/2063 2233/13/2108
f 2128/13/2005 2174/13/2063 2232/13/2107
f 2129/13/2006 2230/13/2109 2091/13/1972
f 2235/13/2110 2175/13/2064 2128/13/2005
f 2232/13/2107 2234/13/2111 2128/13/2005
f 2181/13/2065 2238/13/2112 2240/13/2113
f 2178/13/2009 2179/13/2069 2296/13/2114
f 2180/13/2072 2240/13/2113 2245/13/2115
f 2180/13/2072 2181/13/2065 2240/13/2113
f 2184/13/2116 2241/13/2117 2243/13/2118
f 2246/13/2119 2182/13/2068 2186/13/2074
f 2250/13/2120 2188/13/2075 2185/13/2071
f 2146/13/2026 2144/13/2023 2313/13/2121
f 2196/13/2083 2314/13/2122 2194/13/2081
f 2145/13/2029 2366/13/2123 2096/13/2021
f 2147/13/2028 2062/13/1930 2253/13/2124
f 2062/13/1930 2064/13/2089 2257/13/2037
f 2101/13/2125 2198/13/2086 2258/13/2126
f 2154/13/1870 2104/13/2127 2259/13/2128
f 2260/13/2129 1900/13/1761 2203/13/1983
f 2373/13/2130 2156/13/1845 2157/13/1896
f 2158/13/2131 2026/13/1818 2205/13/1985
f 2262/13/2132 2159/13/2133 2001/13/1939
f 2264/13/2134 2107/13/1943 2330/13/2135
f 2109/13/1946 2210/13/2136 2211/13/2137
f 2073/13/1950 2162/13/2048 2267/13/2138
f 2163/13/2049 2376/13/2139 2072/13/1948
f 2216/13/1988 2339/13/2140 2338/13/2093
f 2113/13/1989 2340/13/2141 2268/13/2142
f 2078/13/1991 2268/13/2142 2269/13/2143
f 2341/13/2144 2114/13/1990 2269/13/2143
f 2220/13/2094 2039/13/1910 2118/13/1998
f 2165/13/1997 2347/13/2145 2119/13/2000
f 2223/13/2100 2166/13/2055 2222/13/2097
f 2274/13/2146 2384/13/2098 2121/13/2099
f 2119/13/2000 2275/13/2147 2122/13/2002
f 2277/13/2148 2122/13/2002 2275/13/2147
f 2224/13/2101 2226/13/2058 2278/13/2149
f 2168/13/2150 2276/13/2151 2121/13/2099
f 2280/13/2152 2170/13/2153 2169/13/2059
f 2171/13/2060 2279/13/2154 2282/13/2102
f 2283/13/2106 2228/13/2155 2170/13/2153
f 2175/13/2064 2236/13/2156 2229/13/2105
f 2173/13/2062 2231/13/2157 2395/13/2158
f 2284/13/2159 2232/13/2107 2233/13/2108
f 2176/13/2160 2288/13/2161 2230/13/2109
f 2287/13/2162 2230/13/2109 2288/13/2161
f 2292/13/2163 2235/13/2110 2234/13/2111
f 2288/13/2161 2176/13/2160 2290/13/2164
f 2293/13/2165 2292/13/2163 2286/13/2166
f 2294/13/2167 2290/13/2164 2296/13/2114
f 2239/13/2067 2242/13/2168 2299/13/2169
f 2241/13/2117 2296/13/2114 2300/13/2170
f 2245/13/2115 2240/13/2113 2302/13/2171
f 2299/13/2169 2242/13/2168 2303/13/2172
f 2244/13/2173 2246/13/2119 2304/13/2174
f 2247/13/2175 2180/13/2072 2245/13/2115
f 2243/13/2118 2248/13/2176 2184/13/2116
f 2360/13/2177 2246/13/2119 2186/13/2074
f 2190/13/2078 2184/13/2116 2248/13/2176
f 2187/13/2178 2305/13/2179 2186/13/2074
f 2307/13/2180 2189/13/2076 2192/13/2181
f 2308/13/2182 2187/13/2178 2142/13/1976
f 2309/13/2183 2094/13/1977 2193/13/2184
f 2193/13/2184 2415/13/2185 2309/13/2183
f 2365/13/2186 2140/13/2019 2310/13/2187
f 2195/13/2032 2311/13/2082 2315/13/2188
f 2366/13/2123 2312/13/2022 2096/13/2021
f 2316/13/2189 2314/13/2122 2196/13/2083
f 2254/13/2190 2148/13/2030 2317/13/2191
f 2062/13/1930 2321/13/2192 2253/13/2124
f 2257/13/2037 2462/13/2193 2062/13/1930
f 2201/13/2040 2255/13/2194 2102/13/1982
f 2202/13/2090 2154/13/1870 2323/13/2195
f 2104/13/2127 2602/13/2196 2259/13/2128
f 2204/13/2044 2324/13/2197 2372/13/2198
f 2422/13/2199 2262/13/2132 2206/13/1938
f 2508/13/2200 2264/13/2134 2330/13/2135
f 2331/13/2201 2027/13/1898 2028/13/1873
f 2212/13/1986 2110/13/1900 2472/13/2202
f 2162/13/2048 2111/13/2047 2333/13/2203
f 2336/13/2092 2163/13/2049 2112/13/1951
f 2216/13/1988 2342/13/2204 2339/13/2140
f 2164/13/2050 2114/13/1990 2341/13/2144
f 2079/13/1994 2164/13/2050 2430/13/2205
f 2219/13/2056 2218/13/2206 2344/13/2207
f 2481/13/2208 2165/13/1997 2382/13/2095
f 2386/13/2209 2221/13/2053 2120/13/1958
f 2275/13/2147 2119/13/2000 2385/13/2210
f 2386/13/2209 2120/13/1958 2224/13/2101
f 2278/13/2149 2387/13/2211 2224/13/2101
f 2349/13/2212 2276/13/2151 2168/13/2150
f 2351/13/2213 2227/13/2103 2229/13/2105
f 2127/13/2104 2352/13/2214 2233/13/2108
f 2353/13/2215 2284/13/2159 2233/13/2108
f 2236/13/2156 2175/13/2064 2289/13/2216
f 2236/13/2156 2289/13/2216 2355/13/2217
f 2291/13/2218 2285/13/2219 2356/13/2220
f 2287/13/2162 2288/13/2161 2294/13/2167
f 2291/13/2218 2296/13/2114 2290/13/2164
f 2399/13/2221 2294/13/2167 2358/13/2222
f 2289/13/2216 2299/13/2169 2400/13/2223
f 2300/13/2170 2291/13/2218 2401/13/2224
f 2358/13/2222 2294/13/2167 2298/13/2225
f 2358/13/2222 2244/13/2173 2359/13/2226
f 2240/13/2113 2301/13/2227 2302/13/2171
f 2360/13/2177 2186/13/2074 2305/13/2179
f 2191/13/2077 2190/13/2078 2363/13/2228
f 2251/13/2080 2364/13/2229 2308/13/2182
f 2414/13/2230 2252/13/2231 2363/13/2228
f 2312/13/2022 2366/13/2123 2415/13/2185
f 2146/13/2026 2313/13/2121 2367/13/2232
f 2321/13/2192 2416/13/2233 2253/13/2124
f 2319/13/2234 2322/13/2235 2197/13/2085
f 2256/13/2088 2418/13/2236 2152/13/2036
f 2200/13/2038 2258/13/2126 2371/13/2237
f 2024/13/1893 2202/13/2090 2467/13/2238
f 2066/13/1792 2372/13/2198 2602/13/2196
f 2325/13/1817 2373/13/2130 2421/13/2239
f 2328/13/2240 2159/13/2133 2262/13/2132
f 2331/13/2201 2028/13/1873 2374/13/2241
f 2069/13/1942 2374/13/2241 2028/13/1873
f 2510/13/2242 2070/13/1876 2423/13/2243
f 2472/13/2202 2110/13/1900 2160/13/2091
f 2425/13/2244 2332/13/2245 2030/13/1901
f 2425/13/2244 2030/13/1901 2213/13/2046
f 2074/13/1949 2267/13/2138 2475/13/2246
f 2336/13/2092 2334/13/2247 2163/13/2049
f 2214/13/2051 2377/13/2248 2378/13/2249
f 2338/13/2093 2339/13/2140 2428/13/2250
f 2338/13/2251 2428/13/2250 2379/13/2252
f 2269/13/2143 2380/13/2253 2608/13/2254
f 2341/13/2144 2269/13/2143 2381/13/2255
f 2343/13/2256 2433/13/2257 2116/13/1995
f 2383/13/2258 2165/13/1997 2481/13/2208
f 2118/13/1998 2343/13/2256 2220/13/2094
f 2385/13/2210 2119/13/2000 2347/13/2145
f 2223/13/2100 2222/13/2097 2484/13/2259
f 2275/13/2147 2388/13/2260 2277/13/2148
f 2389/13/2261 2276/13/2151 2349/13/2212
f 2279/13/2154 2348/13/2262 2435/13/2263
f 2390/13/2264 2168/13/2150 2227/13/2103
f 2352/13/2214 2282/13/2102 2435/13/2263
f 2170/13/2153 2391/13/2265 2283/13/2106
f 2393/13/2266 2283/13/2106 2391/13/2265
f 2283/13/2106 2393/13/2266 2237/13/2267
f 2441/13/2268 2233/13/2108 2394/13/2269
f 2351/13/2213 2229/13/2105 2236/13/2156
f 2397/13/2270 2237/13/2267 2393/13/2266
f 2396/13/2271 2236/13/2156 2355/13/2217
f 2356/13/2220 2285/13/2219 2397/13/2270
f 2398/13/2272 2357/13/2273 2284/13/2159
f 2401/13/2224 2291/13/2218 2356/13/2220
f 2301/13/2227 2357/13/2273 2398/13/2272
f 2400/13/2223 2299/13/2169 2402/13/2274
f 2359/13/2226 2399/13/2221 2358/13/2222
f 2359/13/2226 2244/13/2173 2304/13/2174
f 2403/13/2275 2243/13/2118 2300/13/2170
f 2402/13/2274 2303/13/2172 2447/13/2276
f 2446/13/2277 2245/13/2115 2302/13/2171
f 2405/13/2278 2248/13/2176 2243/13/2118
f 2305/13/2179 2680/13/2279 2360/13/2177
f 2410/13/2280 2407/13/2281 2189/13/2076
f 2410/13/2280 2189/13/2076 2307/13/2180
f 2362/13/2282 2411/13/2283 2305/13/2179
f 2309/13/2183 2453/13/2284 2307/13/2180
f 2414/13/2230 2363/13/2228 2454/13/2285
f 2364/13/2229 2316/13/2189 2456/13/2286
f 2499/13/2287 2253/13/2124 2416/13/2233
f 2254/13/2190 2317/13/2191 2459/13/2288
f 2417/13/2289 2254/13/2190 2459/13/2288
f 2320/13/2290 2368/13/2291 2460/13/2292
f 2418/13/2236 2419/13/2293 2257/13/2037
f 2465/13/2294 2258/13/2126 2322/13/2235
f 2065/13/1937 2467/13/2295 2468/13/2296
f 2424/13/2297 2209/13/2045 2265/13/2298
f 2210/13/2136 2510/13/2242 2511/13/2299
f 2333/13/2203 2426/13/2300 2162/13/2048
f 2431/13/2301 2214/13/2051 2378/13/2249
f 2272/13/2052 2432/13/2302 2337/13/2303
f 2273/13/2096 2432/13/2302 2272/13/2052
f 2348/13/2262 2484/13/2259 2434/13/2304
f 2571/13/2305 2274/13/2146 2276/13/2151
f 2388/13/2260 2275/13/2147 2485/13/2306
f 2348/13/2262 2434/13/2304 2435/13/2263
f 2278/13/2149 2488/13/2307 2387/13/2211
f 2390/13/2264 2227/13/2103 2351/13/2213
f 2438/13/2308 2393/13/2266 2436/13/2309
f 2437/13/2310 2351/13/2213 2396/13/2271
f 2439/13/2311 2397/13/2270 2438/13/2308
f 2440/13/2312 2395/13/2158 2354/13/2313
f 2399/13/2221 2440/13/2312 2287/13/2162
f 2445/13/2314 2403/13/2275 2495/13/2315
f 2446/13/2277 2302/13/2171 2301/13/2227
f 2361/13/2316 2406/13/2317 2450/13/2318
f 2409/13/2319 2361/13/2316 2450/13/2318
f 2451/13/2320 2407/13/2281 2410/13/2280
f 2412/13/2321 2190/13/2078 2452/13/2322
f 2454/13/2285 2363/13/2228 2497/13/2323
f 2455/13/2324 2453/13/2284 2309/13/2183
f 2455/13/2324 2309/13/2183 2415/13/2185
f 2366/13/2123 2499/13/2287 2455/13/2324
f 2317/13/2191 2315/13/2188 2459/13/2288
f 2319/13/2234 2458/13/2325 2461/13/2326
f 2369/13/2327 2417/13/2289 2463/13/2328
f 2369/13/2327 2464/13/2329 2418/13/2236
f 2418/13/2236 2464/13/2329 2419/13/2293
f 2371/13/2237 2465/13/2294 2199/13/2087
f 2199/13/2087 2465/13/2294 2466/13/2330
f 2420/13/2331 2153/13/2041 2468/13/2296
f 2259/13/2128 2602/13/2196 2323/13/2195
f 2328/13/2240 2262/13/2132 2549/13/2332
f 2207/13/2333 2263/13/2334 2548/13/2335
f 2470/13/2336 2263/13/2334 2329/13/2337
f 2264/13/2134 2605/13/2338 2208/13/1944
f 2209/13/2045 2424/13/2297 2550/13/2339
f 2471/13/2340 2266/13/2341 2332/13/2245
f 2212/13/1986 2513/13/2342 2333/13/2203
f 2267/13/2138 2426/13/2300 2475/13/2246
f 2377/13/2248 2335/13/2343 2555/13/2344
f 2379/13/2252 2518/13/2345 2340/13/2141
f 2340/13/2141 2477/13/2346 2268/13/2142
f 2268/13/2142 2477/13/2346 2478/13/2347
f 2341/13/2144 2429/13/2348 2558/13/2349
f 2337/13/2303 2480/13/2350 2476/13/2351
f 2270/13/2352 2430/13/2205 2561/13/2353
f 2480/13/2350 2337/13/2303 2432/13/2302
f 2561/13/2353 2563/13/2354 2382/13/2095
f 2347/13/2145 2383/13/2258 2385/13/2210
f 2482/13/2355 2343/13/2256 2384/13/2098
f 2485/13/2306 2275/13/2147 2385/13/2210
f 2387/13/2211 2483/13/2356 2386/13/2209
f 2483/13/2356 2387/13/2211 2572/13/2357
f 2392/13/2358 2488/13/2307 2278/13/2149
f 2525/13/2359 2352/13/2214 2435/13/2263
f 2390/13/2264 2351/13/2213 2492/13/2360
f 2491/13/2361 2393/13/2266 2391/13/2265
f 2493/13/2362 2527/13/2363 2440/13/2312
f 2495/13/2315 2356/13/2220 2439/13/2311
f 2494/13/2364 2396/13/2271 2355/13/2217
f 2442/13/2365 2494/13/2364 2355/13/2217
f 2496/13/2366 2444/13/2367 2398/13/2272
f 2447/13/2276 2676/13/2368 2402/13/2274
f 2407/13/2281 2531/13/2369 2447/13/2276
f 2583/13/2370 2531/13/2369 2407/13/2281
f 2306/13/2371 2409/13/2319 2587/13/2372
f 2497/13/2323 2412/13/2321 2452/13/2322
f 2316/13/2189 2498/13/2373 2541/13/2374
f 2500/13/2375 2459/13/2288 2315/13/2188
f 2463/13/2328 2417/13/2289 2502/13/2376
f 2460/13/2377 2466/13/2378 2505/13/2379
f 2466/13/2378 2460/13/2377 2368/13/2380
f 2512/13/2381 2211/13/2137 2511/13/2299
f 2472/13/2202 2160/13/2091 2512/13/2381
f 2426/13/2300 2333/13/2203 2514/13/2382
f 2479/13/2383 2517/13/2384 2342/13/2204
f 2271/13/2385 2560/13/2386 2479/13/2383
f 2383/13/2258 2481/13/2208 2566/13/2387
f 2345/13/2388 2521/13/2389 2273/13/2096
f 2383/13/2258 2566/13/2387 2385/13/2210
f 2483/13/2356 2521/13/2389 2345/13/2388
f 2522/13/2390 2484/13/2259 2346/13/2391
f 2482/13/2355 2384/13/2098 2571/13/2305
f 2389/13/2261 2571/13/2305 2276/13/2151
f 2390/13/2264 2523/13/2392 2349/13/2212
f 2391/13/2265 2490/13/2393 2524/13/2394
f 2435/13/2263 2489/13/2395 2525/13/2359
f 2350/13/2396 2526/13/2397 2392/13/2358
f 2394/13/2269 2525/13/2359 2528/13/2398
f 2529/13/2399 2527/13/2363 2493/13/2362
f 2396/13/2271 2494/13/2364 2530/13/2400
f 2528/13/2398 2496/13/2366 2441/13/2268
f 2443/13/2401 2493/13/2362 2440/13/2312
f 2442/13/2365 2579/13/2402 2494/13/2364
f 2579/13/2402 2442/13/2365 2402/13/2274
f 2580/13/2403 2445/13/2314 2495/13/2315
f 2676/13/2368 2447/13/2276 2531/13/2369
f 2406/13/2317 2446/13/2277 2630/13/2404
f 2408/13/2405 2448/13/2406 2584/13/2407
f 2306/13/2371 2587/13/2372 2532/13/2408
f 2455/13/2324 2685/13/2409 2453/13/2284
f 2539/13/2410 2457/13/2411 2589/13/2412
f 2455/13/2324 2596/13/2413 2536/13/2414
f 2315/13/2188 2457/13/2411 2500/13/2375
f 2539/13/2410 2500/13/2375 2457/13/2411
f 2545/13/2415 2500/13/2375 2598/13/2416
f 2498/13/2373 2501/13/2417 2597/13/2418
f 2542/13/2419 2503/13/2420 2544/13/2421
f 2504/13/2422 2543/13/2423 2546/13/2424
f 2466/13/2378 2504/13/2422 2505/13/2379
f 2692/13/2425 2469/13/2426 2155/13/2042
f 2470/13/2336 2329/13/2337 2331/13/2201
f 2471/13/2340 2776/13/2427 2266/13/2341
f 2472/13/2202 2512/13/2381 2473/13/2428
f 2551/13/2429 2425/13/2244 2213/13/2046
f 2553/13/2430 2474/13/2431 2427/13/2432
f 2335/13/2343 2475/13/2246 2555/13/2344
f 2554/13/2433 2334/13/2247 2556/13/2434
f 2428/13/2250 2517/13/2384 2607/13/2435
f 2608/13/2254 2557/13/2436 2381/13/2255
f 2429/13/2348 2381/13/2255 2557/13/2436
f 2430/13/2205 2558/13/2349 2561/13/2353
f 2480/13/2350 2559/13/2437 2476/13/2351
f 2560/13/2386 2271/13/2385 2653/13/2438
f 2559/13/2437 2480/13/2350 2562/13/2439
f 2609/13/2440 2519/13/2441 2516/13/2442
f 2520/13/2443 2562/13/2439 2480/13/2350
f 2481/13/2208 2563/13/2354 2613/13/2444
f 2481/13/2208 2613/13/2444 2566/13/2387
f 2343/13/2256 2612/13/2445 2433/13/2257
f 2482/13/2355 2612/13/2445 2343/13/2256
f 2385/13/2210 2566/13/2387 2568/13/2446
f 2569/13/2447 2434/13/2304 2484/13/2259
f 2388/13/2260 2485/13/2306 2616/13/2448
f 2434/13/2304 2569/13/2447 2573/13/2449
f 2574/13/2450 2489/13/2395 2573/13/2449
f 2575/13/2451 2486/13/2452 2488/13/2307
f 2528/13/2398 2525/13/2359 2624/13/2453
f 2529/13/2399 2626/13/2454 2527/13/2363
f 2439/13/2311 2438/13/2308 2670/13/2455
f 2577/13/2456 2495/13/2315 2439/13/2311
f 2530/13/2400 2494/13/2364 2579/13/2402
f 2581/13/2457 2445/13/2314 2629/13/2458
f 2404/13/2459 2680/13/2279 2449/13/2460
f 2448/13/2406 2581/13/2457 2584/13/2407
f 2409/13/2319 2450/13/2318 2587/13/2372
f 2534/13/2461 2532/13/2408 2634/13/2462
f 2534/13/2461 2634/13/2462 2589/13/2412
f 2536/13/2414 2685/13/2409 2455/13/2324
f 2595/13/2463 2538/13/2464 2541/13/2374
f 2541/13/2374 2498/13/2373 2595/13/2463
f 2593/13/2465 2598/13/2416 2539/13/2410
f 2542/13/2419 2596/13/2413 2499/13/2287
f 2598/13/2416 2500/13/2375 2539/13/2410
f 2543/13/2423 2540/13/2466 2594/13/2467
f 2546/13/2424 2543/13/2423 2599/13/2468
f 2545/13/2415 2544/13/2421 2503/13/2420
f 2323/13/2195 2600/13/2469 2467/13/2238
f 2372/13/2198 2690/13/2470 2602/13/2196
f 2421/13/2239 2693/13/2471 2324/13/2197
f 2373/13/2130 2547/13/2472 2772/13/2473
f 2327/13/2474 2548/13/2335 2694/13/2475
f 2328/13/2240 2549/13/2332 2603/13/2476
f 2423/13/2243 2605/13/2338 2732/13/2477
f 2374/13/2241 2550/13/2339 2643/13/2478
f 2429/13/2348 2557/13/2436 2558/13/2349
f 2610/13/2479 2519/13/2441 2609/13/2440
f 2661/13/2480 2482/13/2355 2615/13/2481
f 2571/13/2305 2615/13/2481 2482/13/2355
f 2485/13/2306 2568/13/2446 2616/13/2448
f 2615/13/2481 2571/13/2305 2389/13/2261
f 2620/13/2482 2486/13/2452 2575/13/2451
f 2489/13/2395 2574/13/2450 2622/13/2483
f 2491/13/2361 2621/13/2484 2667/13/2485
f 2717/13/2486 2492/13/2360 2437/13/2310
f 2627/13/2487 2528/13/2398 2624/13/2453
f 2530/13/2400 2671/13/2488 2437/13/2310
f 2579/13/2402 2674/13/2489 2530/13/2400
f 2493/13/2362 2673/13/2490 2529/13/2399
f 2445/13/2314 2580/13/2403 2629/13/2458
f 2628/13/2491 2493/13/2362 2449/13/2460
f 2630/13/2404 2496/13/2366 2578/13/2492
f 2680/13/2279 2677/13/2493 2449/13/2460
f 2582/13/2494 2676/13/2368 2531/13/2369
f 2631/13/2495 2584/13/2407 2581/13/2457
f 2636/13/2496 2685/13/2409 2536/13/2414
f 2635/13/2497 2537/13/2498 2454/13/2285
f 2535/13/2499 2592/13/2500 2687/13/2501
f 2592/13/2500 2535/13/2499 2538/13/2464
f 2593/13/2465 2590/13/2502 2636/13/2503
f 2593/13/2465 2636/13/2496 2536/13/2414
f 2596/13/2413 2593/13/2465 2536/13/2414
f 2595/13/2463 2594/13/2467 2592/13/2500
f 2599/13/2468 2594/13/2467 2595/13/2463
f 2598/13/2416 2596/13/2413 2544/13/2421
f 2544/13/2421 2596/13/2413 2542/13/2419
f 2546/13/2424 2599/13/2468 2597/13/2418
f 2600/13/2469 2323/13/2195 2638/13/2504
f 2372/13/2198 2691/13/2505 2690/13/2470
f 2372/13/2198 2324/13/2197 2691/13/2505
f 2605/13/2338 2264/13/2134 2509/13/2506
f 2374/13/2241 2604/13/2507 2331/13/2201
f 2734/13/2508 2550/13/2339 2424/13/2297
f 2735/13/2509 2424/13/2297 2375/13/2510
f 2511/13/2299 2510/13/2242 2644/13/2511
f 2558/13/2349 2557/13/2436 2650/13/2512
f 2559/13/2437 2740/13/2513 2476/13/2351
f 2516/13/2442 2781/13/2514 2652/13/2515
f 2478/13/2347 2651/13/2516 2380/13/2253
f 2652/13/2515 2609/13/2440 2516/13/2442
f 2655/13/2517 2563/13/2354 2561/13/2353
f 2613/13/2444 2563/13/2354 2655/13/2517
f 2659/13/2518 2566/13/2387 2657/13/2519
f 2658/13/2520 2522/13/2390 2565/13/2521
f 2659/13/2518 2568/13/2446 2566/13/2387
f 2614/13/2522 2660/13/2523 2567/13/2524
f 2569/13/2447 2658/13/2520 2662/13/2525
f 2572/13/2357 2664/13/2526 2570/13/2527
f 2486/13/2452 2664/13/2526 2572/13/2357
f 2619/13/2528 2487/13/2529 2665/13/2530
f 2486/13/2452 2620/13/2482 2664/13/2526
f 2526/13/2397 2714/13/2531 2575/13/2451
f 2492/13/2360 2668/13/2532 2623/13/2533
f 2714/13/2531 2526/13/2397 2669/13/2534
f 2625/13/2535 2491/13/2361 2667/13/2485
f 2626/13/2454 2669/13/2534 2526/13/2397
f 2671/13/2488 2530/13/2400 2674/13/2489
f 2578/13/2492 2718/13/2536 2675/13/2537
f 2633/13/2538 2630/13/2404 2675/13/2537
f 2632/13/2539 2678/13/2540 2582/13/2494
f 2680/13/2279 2725/13/2541 2677/13/2493
f 2679/13/2542 2584/13/2407 2631/13/2495
f 2585/13/2543 2678/13/2540 2632/13/2539
f 2586/13/2544 2725/13/2541 2680/13/2279
f 2726/13/2545 2587/13/2372 2633/13/2538
f 2584/13/2407 2679/13/2542 2681/13/2546
f 2585/13/2543 2451/13/2320 2683/13/2547
f 2497/13/2323 2681/13/2546 2635/13/2497
f 2686/13/2548 2589/13/2412 2634/13/2462
f 2589/13/2412 2686/13/2548 2590/13/2502
f 2637/13/2549 2687/13/2501 2591/13/2550
f 2591/13/2550 2687/13/2501 2592/13/2500
f 2506/13/2551 2600/13/2469 2688/13/2552
f 2639/13/2553 2420/13/2331 2601/13/2554
f 2602/13/2196 2689/13/2555 2638/13/2504
f 2547/13/2472 2642/13/2556 2772/13/2473
f 2507/13/2557 2731/13/2558 2422/13/2199
f 2510/13/2242 2423/13/2243 2733/13/2559
f 2473/13/2428 2512/13/2381 2695/13/2560
f 2474/13/2431 2737/13/2561 2552/13/2562
f 2555/13/2344 2648/13/2563 2696/13/2564
f 2557/13/2436 2834/13/2565 2697/13/2566
f 2651/13/2516 2834/13/2565 2380/13/2253
f 2650/13/2512 2698/13/2567 2699/13/2568
f 2652/13/2515 2610/13/2479 2609/13/2440
f 2611/13/2569 2700/13/2570 2653/13/2438
f 2612/13/2445 2702/13/2571 2611/13/2569
f 2704/13/2572 2562/13/2439 2564/13/2573
f 2564/13/2573 2656/13/2574 2704/13/2572
f 2612/13/2445 2706/13/2575 2702/13/2571
f 2657/13/2519 2613/13/2444 2703/13/2576
f 2616/13/2448 2659/13/2518 2709/13/2577
f 2570/13/2527 2664/13/2526 2752/13/2578
f 2710/13/2579 2573/13/2449 2569/13/2447
f 2713/13/2580 2622/13/2483 2574/13/2450
f 2667/13/2485 2666/13/2581 2757/13/2582
f 2668/13/2532 2712/13/2583 2623/13/2533
f 2667/13/2485 2757/13/2582 2715/13/2584
f 2715/13/2584 2625/13/2535 2667/13/2485
f 2622/13/2483 2716/13/2585 2624/13/2453
f 2625/13/2535 2670/13/2455 2438/13/2308
f 2718/13/2536 2624/13/2453 2716/13/2585
f 2721/13/2586 2626/13/2454 2673/13/2490
f 2674/13/2489 2579/13/2402 2722/13/2587
f 2628/13/2491 2724/13/2588 2721/13/2586
f 2581/13/2457 2629/13/2458 2764/13/2589
f 2767/13/2590 2676/13/2368 2582/13/2494
f 2631/13/2495 2581/13/2457 2766/13/2591
f 2678/13/2540 2767/13/2590 2582/13/2494
f 2677/13/2493 2725/13/2541 2724/13/2588
f 2585/13/2543 2727/13/2592 2678/13/2540
f 2587/13/2372 2726/13/2545 2877/13/2593
f 2586/13/2544 2817/13/2594 2725/13/2541
f 2684/13/2595 2817/13/2594 2586/13/2544
f 2634/13/2462 2682/13/2596 2686/13/2548
f 2683/13/2547 2685/13/2409 2728/13/2597
f 2635/13/2497 2681/13/2546 2819/13/2598
f 2684/13/2595 2533/13/2599 2730/13/2600
f 2535/13/2499 2687/13/2501 2730/13/2600
f 2600/13/2469 2638/13/2504 2688/13/2552
f 2688/13/2601 2601/13/2554 2468/13/2296
f 2640/13/2602 2260/13/2129 2639/13/2553
f 2324/13/2197 2693/13/2471 2691/13/2505
f 2733/13/2559 2423/13/2243 2732/13/2477
f 2968/13/2603 2424/13/2297 2735/13/2509
f 2551/13/2429 2885/13/2604 2645/13/2605
f 2473/13/2428 2777/13/2606 2513/13/2342
f 2647/13/2607 2554/13/2433 2738/13/2608
f 2738/13/2608 2554/13/2433 2739/13/2609
f 2611/13/2569 2744/13/2610 2700/13/2570
f 2745/13/2611 2655/13/2517 2654/13/2612
f 2562/13/2439 2847/13/2613 2785/13/2614
f 2611/13/2569 2702/13/2571 2744/13/2610
f 2703/13/2576 2655/13/2517 2745/13/2611
f 2704/13/2572 2847/13/2613 2562/13/2439
f 2845/13/2615 2788/13/2616 2610/13/2479
f 2746/13/2617 2702/13/2571 2706/13/2575
f 2749/13/2618 2659/13/2518 2747/13/2619
f 2614/13/2522 2752/13/2578 2660/13/2523
f 2709/13/2577 2659/13/2518 2749/13/2618
f 2617/13/2620 2802/13/2621 2708/13/2622
f 2753/13/2623 2665/13/2530 2709/13/2577
f 2752/13/2578 2664/13/2526 2754/13/2624
f 2755/13/2625 2665/13/2530 2753/13/2623
f 2758/13/2626 2754/13/2624 2664/13/2526
f 2671/13/2488 2719/13/2627 2717/13/2486
f 2723/13/2628 2672/13/2629 2720/13/2630
f 2813/13/2631 2722/13/2587 2676/13/2368
f 2765/13/2632 2675/13/2537 2763/13/2633
f 2766/13/2591 2581/13/2457 2764/13/2589
f 2765/13/2632 2726/13/2545 2633/13/2538
f 2685/13/2409 2729/13/2634 2728/13/2597
f 2769/13/2635 2635/13/2497 2819/13/2598
f 2637/13/2549 2635/13/2497 2769/13/2635
f 2770/13/2636 2639/13/2553 2601/13/2554
f 2689/13/2555 2771/13/2637 2638/13/2504
f 2692/13/2425 2824/13/2638 2641/13/2639
f 2774/13/2640 2549/13/2332 2883/13/2641
f 2605/13/2338 2509/13/2506 2732/13/2477
f 2473/13/2428 2937/13/2642 2777/13/2606
f 2514/13/2382 2829/13/2643 2778/13/2644
f 2606/13/2645 2553/13/2430 2647/13/2607
f 2696/13/2564 2648/13/2563 2830/13/2646
f 2557/13/2436 2697/13/2566 2698/13/2567
f 2696/13/2564 2830/13/2646 2781/13/2514
f 2649/13/2647 2560/13/2386 2780/13/2648
f 2780/13/2648 2832/13/2649 2649/13/2647
f 2652/13/2515 2781/13/2514 2743/13/2650
f 2745/13/2611 2654/13/2612 2782/13/2651
f 2744/13/2610 2783/13/2652 2700/13/2570
f 2787/13/2653 2744/13/2610 2702/13/2571
f 2658/13/2520 2705/13/2654 2748/13/2655
f 2788/13/2616 2748/13/2655 2705/13/2654
f 2750/13/2656 2849/13/2657 2656/13/2574
f 2747/13/2619 2790/13/2658 2791/13/2659
f 2752/13/2578 2792/13/2660 2750/13/2656
f 2749/13/2618 2851/13/2661 2709/13/2577
f 2663/13/2662 2751/13/2663 2796/13/2664
f 2854/13/2665 2796/13/2664 2751/13/2663
f 2799/13/2666 2794/13/2667 2792/13/2660
f 2795/13/2668 2800/13/2669 2801/13/2670
f 2802/13/2621 2800/13/2669 2708/13/2622
f 2797/13/2671 2753/13/2623 2709/13/2577
f 2760/13/2672 2907/13/2673 2714/13/2531
f 2668/13/2532 2806/13/2674 2712/13/2583
f 2715/13/2584 2757/13/2582 2807/13/2675
f 2762/13/2676 2811/13/2677 2866/13/2678
f 2810/13/2679 2717/13/2486 2719/13/2627
f 2761/13/2680 2763/13/2633 2716/13/2585
f 2721/13/2586 2811/13/2677 2762/13/2676
f 2815/13/2681 2767/13/2590 2678/13/2540
f 2725/13/2541 2817/13/2594 2768/13/2682
f 2681/13/2546 2816/13/2683 2819/13/2598
f 2682/13/2596 2877/13/2593 2820/13/2684
f 2880/13/2685 2728/13/2597 2729/13/2634
f 2880/13/2685 2686/13/2686 2820/13/2687
f 2638/13/2504 2822/13/2688 2688/13/2552
f 2771/13/2637 2823/13/2689 2638/13/2504
f 2641/13/2639 2824/13/2638 2825/13/2690
f 2642/13/2556 2828/13/2691 2995/13/2692
f 2694/13/2475 2773/13/2693 2828/13/2691
f 2981/13/2694 2375/13/2510 2776/13/2427
f 2999/13/2695 2776/13/2427 2736/13/2696
f 2884/13/2697 2736/13/2696 2645/13/2605
f 2698/13/2567 2697/13/2566 2835/13/2698
f 2740/13/2513 2843/13/2699 2888/13/2700
f 2831/13/2701 2781/13/2514 2830/13/2646
f 2741/13/2702 2780/13/2648 2560/13/2386
f 2837/13/2703 2699/13/2568 2698/13/2567
f 2699/13/2568 2837/13/2703 2840/13/2704
f 2782/13/2651 2699/13/2568 2840/13/2704
f 2742/13/2705 2843/13/2699 2740/13/2513
f 2784/13/2706 2743/13/2650 2838/13/2707
f 2841/13/2708 2741/13/2702 2783/13/2652
f 2949/13/2709 2478/13/2347 2842/13/2710
f 2742/13/2705 2701/13/2711 2843/13/2699
f 2843/13/2699 2701/13/2711 2895/13/2712
f 2844/13/2713 2745/13/2611 2782/13/2651
f 2744/13/2610 2899/13/2714 2783/13/2652
f 2846/13/2715 2899/13/2714 2744/13/2610
f 2844/13/2713 2786/13/2716 2745/13/2611
f 2847/13/2613 2897/13/2717 2785/13/2614
f 2704/13/2572 2849/13/2657 2847/13/2613
f 2789/13/2718 2793/13/2719 2906/13/2720
f 2794/13/2667 2851/13/2661 2853/13/2721
f 2794/13/2667 2853/13/2721 2792/13/2660
f 2854/13/2665 2793/13/2719 2795/13/2668
f 2803/13/2722 2796/13/2664 2855/13/2723
f 2801/13/2670 2855/13/2723 2796/13/2664
f 2800/13/2669 2858/13/2724 2801/13/2670
f 2859/13/2725 2753/13/2623 2797/13/2671
f 2758/13/2626 2857/13/2726 2754/13/2624
f 2804/13/2727 2862/13/2728 2860/13/2729
f 2806/13/2674 2862/13/2728 2804/13/2727
f 2861/13/2730 2757/13/2582 2755/13/2625
f 2806/13/2674 2808/13/2731 2862/13/2728
f 2807/13/2675 2757/13/2582 2861/13/2730
f 2810/13/2679 2867/13/2732 2864/13/2733
f 2868/13/2734 2761/13/2680 2863/13/2735
f 2810/13/2679 2916/13/2736 2867/13/2732
f 2916/13/2736 2810/13/2679 2719/13/2627
f 2871/13/2737 2719/13/2627 2813/13/2631
f 2721/13/2586 2814/13/2738 2872/13/2739
f 2720/13/2630 2870/13/2740 2764/13/2589
f 2765/13/2632 2763/13/2633 2873/13/2741
f 2874/13/2742 2813/13/2631 2767/13/2590
f 2921/13/2743 2724/13/2588 2768/13/2682
f 2818/13/2744 2878/13/2745 2727/13/2592
f 2771/13/2637 2690/13/2470 2882/13/2746
f 2930/13/2747 2693/13/2471 2772/13/2473
f 2967/13/2748 2509/13/2506 2932/13/2749
f 3009/13/2750 2604/13/2507 2643/13/2478
f 2981/13/2694 2968/13/2603 2735/13/2509
f 2998/13/2751 2644/13/2511 2936/13/2752
f 2885/13/2604 2884/13/2697 2645/13/2605
f 2513/13/2342 2777/13/2606 3013/13/2753
f 2737/13/2561 2886/13/2754 2551/13/2429
f 2779/13/2755 2886/13/2754 2737/13/2561
f 2939/13/2756 2646/13/2757 2778/13/2644
f 2740/13/2513 2887/13/2758 2739/13/2609
f 2836/13/2759 2833/13/2760 2890/13/2761
f 2843/13/2699 2895/13/2712 2891/13/2762
f 2836/13/2759 2890/13/2761 3117/13/2763
f 2893/13/2764 2839/13/2765 2841/13/2708
f 2897/13/2717 2894/13/2766 2946/13/2767
f 2518/13/2345 2948/13/2768 2898/13/2769
f 2897/13/2717 2946/13/2767 2895/13/2712
f 2701/13/2711 2897/13/2717 2895/13/2712
f 2844/13/2713 2782/13/2651 2894/13/2766
f 2785/13/2614 2897/13/2717 2701/13/2711
f 2901/13/2770 2844/13/2713 2900/13/2771
f 2902/13/2772 2900/13/2771 2897/13/2717
f 2906/13/2720 2903/13/2773 2846/13/2715
f 2791/13/2659 2790/13/2658 2848/13/2774
f 2906/13/2720 2846/13/2715 2789/13/2718
f 2905/13/2775 2849/13/2657 2792/13/2660
f 2852/13/2776 2906/13/2720 2793/13/2719
f 2855/13/2723 2801/13/2670 2858/13/2724
f 2859/13/2725 2797/13/2671 2798/13/2777
f 2860/13/2729 2858/13/2724 2800/13/2669
f 2907/13/2673 2856/13/2778 2857/13/2726
f 2805/13/2779 2855/13/2723 2908/13/2780
f 2862/13/2728 2858/13/2724 2860/13/2729
f 2759/13/2781 2805/13/2779 2908/13/2780
f 2861/13/2730 2909/13/2782 2865/13/2783
f 2909/13/2782 2907/13/2673 2760/13/2672
f 2910/13/2784 2862/13/2728 2808/13/2731
f 2759/13/2781 2908/13/2780 2864/13/2733
f 2911/13/2785 2865/13/2783 2909/13/2782
f 2864/13/2733 2863/13/2735 2759/13/2781
f 2863/13/2735 2864/13/2733 2912/13/2786
f 2811/13/2677 2911/13/2787 2866/13/2678
f 2912/13/2786 2864/13/2733 2867/13/2732
f 2865/13/2783 2911/13/2785 2913/13/2788
f 2914/13/2789 2869/13/2790 2913/13/2788
f 2915/13/2791 2812/13/2792 2868/13/2734
f 2917/13/2793 2870/13/2740 2869/13/2790
f 2917/13/2793 2764/13/2589 2870/13/2740
f 2814/13/2738 2918/13/2794 2872/13/2739
f 2874/13/2742 2919/13/2795 2871/13/2737
f 2875/13/2796 2764/13/2589 2917/13/2793
f 2920/13/2797 2765/13/2632 2873/13/2741
f 2921/13/2743 2918/13/2794 2814/13/2738
f 2874/13/2742 2957/13/2798 2919/13/2795
f 2767/13/2590 2815/13/2681 2957/13/2798
f 2956/13/2799 2876/13/2800 2920/13/2797
f 2768/13/2682 2958/13/2801 2921/13/2743
f 2956/13/2799 2877/13/2593 2876/13/2800
f 2768/13/2682 2817/13/2594 2958/13/2801
f 2816/13/2683 2922/13/2802 2923/13/2803
f 2818/13/2744 2924/13/2804 2878/13/2745
f 2924/13/2804 2818/13/2744 2880/13/2685
f 2879/13/2805 2820/13/2684 2877/13/2593
f 2820/13/2684 2879/13/2805 2926/13/2806
f 2880/13/2685 2926/13/2806 2924/13/2804
f 2821/13/2807 2961/13/2808 2730/13/2600
f 2822/13/2688 2823/13/2809 2927/13/2810
f 2822/13/2811 2962/13/2812 2881/13/2813
f 2928/13/2814 2881/13/2813 2962/13/2812
f 2927/13/2815 2823/13/2689 2771/13/2637
f 2771/13/2637 2929/13/2816 2927/13/2815
f 2963/13/2817 2770/13/2636 2928/13/2814
f 2771/13/2637 2882/13/2746 2929/13/2816
f 2693/13/2471 2930/13/2747 2691/13/2505
f 2996/13/2818 2773/13/2693 2931/13/2819
f 2775/13/2820 2996/13/2818 2931/13/2819
f 2933/13/2821 2732/13/2477 2967/13/2748
f 2733/13/2559 2732/13/2477 2933/13/2821
f 2776/13/2427 2999/13/2695 2981/13/2694
f 2695/13/2560 2998/13/2751 3000/13/2822
f 2937/13/2642 2695/13/2560 3000/13/2822
f 2829/13/2643 3013/13/2753 2938/13/2823
f 3023/13/2824 2779/13/2755 3036/13/2825
f 2738/13/2608 2739/13/2609 2887/13/2758
f 2838/13/2707 2831/13/2701 2971/13/2826
f 2891/13/2762 2943/13/2827 2843/13/2699
f 2837/13/2703 2835/13/2698 2840/13/2704
f 2946/13/2767 2988/13/2828 2944/13/2829
f 2894/13/2766 2840/13/2704 2946/13/2767
f 2898/13/2769 2842/13/2710 2477/13/2346
f 2902/13/2772 2901/13/2770 2900/13/2771
f 2849/13/2657 2901/13/2770 2902/13/2772
f 2909/13/2782 2859/13/2725 2856/13/2778
f 2910/13/2784 2908/13/2780 2858/13/2724
f 2915/13/2791 2867/13/2732 2916/13/2736
f 2871/13/2737 2915/13/2791 2916/13/2736
f 2951/13/2830 2914/13/2789 2872/13/2739
f 2951/13/2830 2872/13/2739 2918/13/2794
f 2952/13/2831 2917/13/2793 2914/13/2789
f 2919/13/2795 2915/13/2791 2871/13/2737
f 2873/13/2741 2950/13/2832 2953/13/2833
f 2953/13/2833 2920/13/2797 2873/13/2741
f 2954/13/2834 2875/13/2796 2917/13/2793
f 2875/13/2796 2954/13/2834 2922/13/2802
f 2956/13/2799 2920/13/2797 2953/13/2833
f 2960/13/2835 2957/13/2798 2815/13/2681
f 2822/13/2688 2927/13/2810 2962/13/2836
f 2966/13/2837 2932/13/2749 2774/13/2640
f 3009/13/2750 2775/13/2820 2604/13/2507
f 2777/13/2606 2937/13/2642 2982/13/2838
f 2778/13/2644 2829/13/2643 3001/13/2839
f 2778/13/2644 3001/13/2839 2969/13/2840
f 2939/13/2756 2778/13/2644 2969/13/2840
f 2647/13/2607 2970/13/2841 2606/13/2645
f 2972/13/2842 2971/13/2826 2984/13/2843
f 2974/13/2844 2832/13/2649 2973/13/2845
f 2697/13/2566 2975/13/2846 2835/13/2698
f 2954/13/2834 2917/13/2793 2952/13/2831
f 2953/13/2833 2915/13/2791 2976/13/2847
f 2955/13/2848 2954/13/2834 2951/13/2830
f 2955/13/2848 2951/13/2830 2918/13/2794
f 2919/13/2795 2957/13/2798 2976/13/2847
f 2956/13/2799 2953/13/2833 2977/13/2849
f 2978/13/2850 2954/13/2834 2955/13/2848
f 2961/13/2808 2959/13/2851 2978/13/2850
f 2961/13/2808 2978/13/2850 2958/13/2801
f 2879/13/2805 2977/13/2849 2926/13/2806
f 2926/13/2806 2977/13/2849 2924/13/2804
f 2962/13/2812 2979/13/2852 2928/13/2814
f 2828/13/2691 2996/13/2818 3030/13/2853
f 2828/13/2691 2773/13/2693 2996/13/2818
f 2885/13/2604 3022/13/2854 2884/13/2697
f 2937/13/2642 3034/13/2855 2982/13/2838
f 2777/13/2606 2982/13/2838 3013/13/2753
f 2830/13/2646 2941/13/2856 2983/13/2857
f 2942/13/2858 2830/13/2646 2983/13/2857
f 2972/13/2842 2986/13/2859 2987/13/2860
f 2988/13/2828 3004/13/2861 2944/13/2829
f 2835/13/2698 2975/13/2846 2991/13/2862
f 2992/13/2863 2929/13/2816 2993/13/2864
f 2936/13/2752 2997/13/2865 2998/13/2751
f 2886/13/2754 3012/13/2866 2885/13/2604
f 2738/13/2608 3002/13/2867 2940/13/2868
f 3003/13/2869 2738/13/2608 2887/13/2758
f 3040/13/2870 2985/13/2871 3004/13/2861
f 2991/13/2862 3005/13/2872 2988/13/2828
f 2992/13/2863 3006/13/2873 2979/13/2874
f 2772/13/2473 3071/13/2875 2930/13/2747
f 2772/13/2473 2994/13/2876 3071/13/2875
f 2995/13/2692 2828/13/2691 3141/13/2877
f 2967/13/2748 3032/13/2878 2933/13/2821
f 3010/13/2879 2968/13/2603 2981/13/2694
f 3002/13/2867 3014/13/2880 2940/13/2868
f 3003/13/2869 2985/13/2871 3040/13/2870
f 2984/13/2843 3016/13/2881 2986/13/2859
f 2975/13/2846 2990/13/2882 3017/13/2883
f 2963/13/2817 3027/13/2884 3007/13/2885
f 2963/13/2817 3006/13/2873 3027/13/2884
f 2932/13/2749 3031/13/2886 2967/13/2748
f 3019/13/2887 3047/13/2888 2934/13/2889
f 3021/13/2890 3000/13/2822 2998/13/2751
f 3022/13/2854 3011/13/2891 2884/13/2697
f 2969/13/2840 3001/13/2839 3024/13/2892
f 2984/13/2843 3015/13/2893 3039/13/2894
f 3040/13/2870 3037/13/2895 3003/13/2869
f 3005/13/2872 3040/13/2870 3004/13/2861
f 3025/13/2896 2987/13/2860 2986/13/2859
f 3006/13/2873 3044/13/2897 3027/13/2884
f 2993/13/2864 2882/13/2746 3053/13/2898
f 2883/13/2641 2827/13/2899 3083/13/2900
f 3031/13/2886 2932/13/2749 3055/13/2901
f 3056/13/2902 3009/13/2750 3047/13/2888
f 3032/13/2878 3033/13/2903 2933/13/2821
f 3021/13/2890 2998/13/2751 2997/13/2865
f 3034/13/2855 3000/13/2822 3021/13/2890
f 2938/13/2823 3013/13/2753 3035/13/2904
f 2983/13/2857 3024/13/2892 3049/13/2905
f 3049/13/2905 3015/13/2893 2983/13/2857
f 3015/13/2893 3049/13/2905 3038/13/2906
f 3015/13/2893 3038/13/2906 3039/13/2894
f 3017/13/2883 3026/13/2907 3043/13/2908
f 3007/13/2885 3027/13/2884 3079/13/2909
f 2930/13/2747 3071/13/2875 3053/13/2898
f 2964/13/2910 3028/13/2911 2965/13/2912
f 2994/13/2876 3141/13/2877 3080/13/2913
f 3110/13/2914 3082/13/2915 2828/13/2691
f 2996/13/2818 3111/13/2916 3030/13/2853
f 2966/13/2837 3055/13/2901 2932/13/2749
f 2997/13/2865 3020/13/2917 3073/13/2918
f 3021/13/2890 2997/13/2865 3058/13/2919
f 3060/13/2920 3011/13/2891 3022/13/2854
f 2982/13/2838 3061/13/2921 3013/13/2753
f 3036/13/2825 3014/13/2880 3066/13/2922
f 3026/13/2907 3052/13/2923 3043/13/2908
f 3025/13/2896 3094/13/2924 2890/13/2761
f 3052/13/2925 3026/13/2926 2990/13/2927
f 2898/13/2769 3069/13/2928 2842/13/2710
f 3027/13/2884 3044/13/2897 3070/13/2929
f 3079/13/2909 2964/13/2910 3007/13/2885
f 3018/13/2930 2883/13/2641 3083/13/2900
f 3055/13/2901 2966/13/2837 3054/13/2931
f 3098/13/2932 3111/13/2916 2996/13/2818
f 3009/13/2750 3056/13/2902 3046/13/2933
f 3057/13/2934 3019/13/2887 3010/13/2879
f 3010/13/2879 3048/13/2935 3057/13/2934
f 3058/13/2919 2997/13/2865 3073/13/2918
f 3059/13/2936 3034/13/2855 3021/13/2890
f 2982/13/2838 3086/13/2937 3061/13/2921
f 3012/13/2866 3063/13/2938 3074/13/2939
f 3036/13/2825 3064/13/2940 3023/13/2824
f 3001/13/2839 3089/13/2941 3065/13/2942
f 3064/13/2940 3036/13/2825 3066/13/2922
f 3065/13/2942 3024/13/2892 3001/13/2839
f 3049/13/2905 3024/13/2892 3065/13/2942
f 3041/13/2943 3067/13/2944 3075/13/2945
f 2890/13/2761 3094/13/2924 3122/13/2946
f 3095/13/2947 2948/13/2768 3117/13/2763
f 3069/13/2928 3078/13/2948 2842/13/2710
f 3068/13/2949 3069/13/2928 2898/13/2769
f 3028/13/2911 3072/13/2950 3029/13/2951
f 3071/13/2875 2994/13/2876 3080/13/2913
f 3011/13/2891 3060/13/2920 3048/13/2935
f 3059/13/2936 3021/13/2890 3058/13/2919
f 3065/13/2942 3076/13/2952 3049/13/2905
f 2890/13/2761 3122/13/2946 3117/13/2763
f 2964/13/2910 3119/13/2953 3028/13/2911
f 3072/13/2950 3081/13/2954 3029/13/2951
f 3018/13/2930 3132/13/2955 3008/13/2956
f 3084/13/2957 3056/13/2902 3047/13/2888
f 3084/13/2957 3047/13/2888 3057/13/2934
f 3033/13/2903 3085/13/2958 3073/13/2918
f 3074/13/2939 3087/13/2959 3060/13/2920
f 3061/13/2921 3086/13/2937 3103/13/2960
f 3087/13/2959 3074/13/2939 3088/13/2961
f 3064/13/2940 3090/13/2962 3063/13/2938
f 3092/13/2963 3075/13/2945 3107/13/2964
f 3077/13/2965 3076/13/2952 3093/13/2966
f 3075/13/2945 3067/13/2944 3107/13/2964
f 2947/13/2967 2949/13/2709 3096/13/2968
f 3078/13/2948 3096/13/2968 2949/13/2709
f 3056/13/2902 3099/13/2969 3046/13/2933
f 3032/13/2878 3100/13/2970 3033/13/2903
f 3085/13/2958 3033/13/2903 3100/13/2970
f 3048/13/2935 3101/13/2971 3057/13/2934
f 3060/13/2920 3102/13/2972 3048/13/2935
f 3086/13/2937 3059/13/2936 3145/13/2973
f 3087/13/2959 3102/13/2972 3060/13/2920
f 3086/13/2937 3145/13/2973 3103/13/2960
f 3045/13/2974 3053/13/2898 3109/13/2975
f 3084/13/2957 3099/13/2969 3056/13/2902
f 3073/13/2918 3085/13/2958 3112/13/2976
f 3057/13/2934 3113/13/2977 3084/13/2957
f 3101/13/2971 3113/13/2977 3057/13/2934
f 3059/13/2936 3058/13/2919 3115/13/2978
f 3059/13/2936 3115/13/2978 3145/13/2973
f 3091/13/2979 3089/13/2941 3156/13/2980
f 2947/13/2967 3096/13/2968 3130/13/2981
f 3180/13/2982 3082/13/2915 3110/13/2914
f 3058/13/2919 3114/13/2983 3167/13/2984
f 3116/13/2985 3120/13/2986 3102/13/2972
f 3116/13/2985 3102/13/2972 3087/13/2959
f 3156/13/2980 3104/13/2987 3175/13/2988
f 3106/13/2989 3091/13/2979 3156/13/2980
f 3095/13/2947 3159/13/2990 3068/13/2949
f 3079/13/2909 3097/13/2991 3123/13/2992
f 3097/13/2991 3125/13/2993 3124/13/2994
f 3070/13/2929 3045/13/2974 3118/13/2995
f 3083/13/2900 3081/13/2954 3126/13/2996
f 3164/13/2997 3084/13/2957 3144/13/2998
f 3127/13/2999 3113/13/2977 3101/13/2971
f 3103/13/2960 3145/13/2973 3128/13/3000
f 3129/13/3001 3077/13/2965 3093/13/2966
f 3067/13/2944 3108/13/3002 3107/13/2964
f 3080/13/2913 3141/13/2877 3140/13/3003
f 3082/13/2915 3180/13/2982 3141/13/2877
f 3132/13/2955 3133/13/3004 3054/13/2931
f 3153/13/3005 3085/13/2958 3100/13/2970
f 3135/13/3006 3085/13/2958 3153/13/3005
f 3079/13/2909 3123/13/2992 3138/13/3007
f 3119/13/2953 3139/13/3008 3072/13/2950
f 3110/13/2914 3131/13/3009 3180/13/2982
f 3142/13/3010 3055/13/2901 3054/13/2931
f 3134/13/3011 3100/13/2970 3031/13/2886
f 3099/13/2969 3143/13/3012 3046/13/2933
f 3155/13/3013 3087/13/2959 3146/13/3014
f 3106/13/2989 3157/13/3015 3093/13/2966
f 3185/13/3016 3092/13/2963 3107/13/2964
f 3108/13/3002 3052/13/2923 3136/13/3017
f 3068/13/2949 3159/13/2990 3179/13/3018
f 3179/13/3018 3190/13/3019 3069/13/2928
f 3138/13/3007 3139/13/3008 3119/13/2953
f 3126/13/2996 3072/13/2950 3160/13/3020
f 3111/13/2916 3152/13/3021 3151/13/3022
f 3155/13/3013 3116/13/2985 3087/13/2959
f 3186/13/3023 3148/13/3024 3129/13/3001
f 3072/13/2950 3139/13/3008 3160/13/3020
f 3141/13/2877 3180/13/2982 3161/13/3025
f 3111/13/2916 3162/13/3026 3150/13/3027
f 3173/13/3028 3099/13/2969 3164/13/2997
f 3112/13/2976 3135/13/3006 3165/13/3029
f 3112/13/2976 3165/13/3029 3154/13/3030
f 3114/13/2983 3154/13/3030 3174/13/3031
f 3093/13/2966 3169/13/3032 3129/13/3001
f 3158/13/3033 3107/13/2964 3108/13/3002
f 3124/13/2994 3125/13/2993 3177/13/3034
f 3118/13/2995 3109/13/2975 3171/13/3035
f 3099/13/2969 3173/13/3028 3143/13/3012
f 3101/13/2971 3196/13/3036 3127/13/2999
f 3124/13/2994 3177/13/3034 3191/13/3037
f 3170/13/3038 3177/13/3034 3125/13/2993
f 3131/13/3009 3150/13/3027 3215/13/3039
f 3132/13/2955 3178/13/3040 3133/13/3004
f 3181/13/3041 3133/13/3004 3178/13/3040
f 3133/13/3004 3181/13/3041 3142/13/3010
f 3128/13/3000 3145/13/2973 3121/13/3042
f 3197/13/3043 3146/13/3014 3147/13/3044
f 3213/13/3045 3188/13/3046 3149/13/3047
f 3078/13/2948 3190/13/3019 3241/13/3048
f 3121/13/3042 3115/13/2978 3234/13/3049
f 3187/13/3050 3158/13/3033 3108/13/3002
f 3122/13/2946 3148/13/3024 3189/13/3051
f 3139/13/3008 3138/13/3007 3193/13/3052
f 3152/13/3021 3143/13/3012 3206/13/3053
f 3206/13/3053 3143/13/3012 3182/13/3054
f 3173/13/3028 3164/13/2997 3212/13/3055
f 3166/13/3056 3219/13/3057 3144/13/2998
f 3183/13/3058 3155/13/3013 3146/13/3014
f 3197/13/3043 3183/13/3058 3146/13/3014
f 3175/13/2988 3198/13/3059 3156/13/2980
f 3192/13/3060 3177/13/3034 3170/13/3038
f 3171/13/3035 3140/13/3003 3210/13/3061
f 3201/13/3062 3163/13/3063 3134/13/3011
f 3135/13/3006 3172/13/3064 3195/13/3065
f 3176/13/3066 3157/13/3015 3184/13/3067
f 3137/13/3068 3224/13/3069 3136/13/3017
f 3170/13/3038 3171/13/3035 3209/13/3070
f 3161/13/3025 3204/13/3071 3210/13/3061
f 3180/13/2982 3131/13/3009 3211/13/3072
f 3166/13/3056 3127/13/2999 3207/13/3073
f 3148/13/3024 3186/13/3023 3232/13/3074
f 3192/13/3060 3170/13/3038 3209/13/3070
f 3193/13/3052 3203/13/3075 3160/13/3020
f 3202/13/3076 3179/13/3018 3159/13/2990
f 3204/13/3071 3218/13/3077 3210/13/3061
f 3234/13/3049 3115/13/2978 3174/13/3031
f 3176/13/3066 3184/13/3067 3217/13/3078
f 3225/13/3079 3190/13/3019 3247/13/3080
f 3138/13/3007 3208/13/3081 3227/13/3082
f 3228/13/3083 3178/13/3040 3205/13/3084
f 3239/13/3085 3200/13/3086 3162/13/3026
f 3142/13/3010 3181/13/3041 3229/13/3087
f 3229/13/3087 3201/13/3062 3142/13/3010
f 3195/13/3065 3172/13/3064 3230/13/3088
f 3235/13/3089 3116/13/2985 3155/13/3013
f 3128/13/3000 3121/13/3042 3236/13/3090
f 3222/13/3091 3231/13/3092 3128/13/3000
f 3246/13/3093 3187/13/3050 3223/13/3094
f 3224/13/3069 3137/13/3068 3188/13/3046
f 3189/13/3051 3237/13/3095 3305/13/3096
f 3261/13/3097 3189/13/3051 3268/13/3098
f 3200/13/3086 3239/13/3085 3255/13/3099
f 3239/13/3085 3151/13/3022 3233/13/3100
f 3221/13/3101 3236/13/3090 3121/13/3042
f 3158/13/3033 3187/13/3050 3246/13/3093
f 3243/13/3102 3212/13/3055 3219/13/3057
f 3185/13/3016 3158/13/3033 3245/13/3103
f 3213/13/3045 3272/13/3104 3294/13/3105
f 3163/13/3063 3201/13/3062 3240/13/3106
f 3179/13/3018 3326/13/3107 3247/13/3080
f 3208/13/3081 3199/13/3108 3242/13/3109
f 3248/13/3110 3192/13/3060 3249/13/3111
f 3218/13/3077 3204/13/3071 3269/13/3112
f 3253/13/3113 3182/13/3054 3212/13/3055
f 3235/13/3089 3258/13/3114 3257/13/3115
f 3168/13/3116 3245/13/3103 3265/13/3117
f 3202/13/3076 3261/13/3097 3326/13/3107
f 3208/13/3081 3242/13/3109 3227/13/3082
f 3269/13/3112 3204/13/3071 3254/13/3118
f 3228/13/3083 3205/13/3084 3270/13/3119
f 3252/13/3120 3240/13/3106 3201/13/3062
f 3216/13/3121 3263/13/3122 3174/13/3031
f 3234/13/3049 3174/13/3031 3278/13/3123
f 3197/13/3043 3168/13/3116 3264/13/3124
f 3214/13/3125 3262/13/3126 3289/13/3127
f 3196/13/3036 3220/13/3128 3310/13/3129
f 3283/13/3130 3183/13/3058 3197/13/3043
f 3244/13/3131 3217/13/3078 3279/13/3132
f 3304/13/3133 3224/13/3069 3188/13/3046
f 3227/13/3082 3242/13/3109 3273/13/3134
f 3248/13/3110 3274/13/3135 3226/13/3136
f 3250/13/3137 3218/13/3077 3269/13/3112
f 3254/13/3118 3200/13/3086 3255/13/3099
f 3255/13/3099 3239/13/3085 3297/13/3138
f 3227/13/3082 3273/13/3134 3275/13/3139
f 3207/13/3073 3243/13/3102 3219/13/3057
f 3259/13/3140 3198/13/3059 3231/13/3092
f 3247/13/3080 3285/13/3141 3225/13/3079
f 3241/13/3048 3285/13/3141 3314/13/3142
f 3248/13/3110 3249/13/3111 3286/13/3143
f 3239/13/3085 3233/13/3100 3287/13/3144
f 3216/13/3121 3281/13/3145 3282/13/3146
f 3310/13/3129 3309/13/3147 3207/13/3073
f 3302/13/3148 3245/13/3103 3246/13/3093
f 3324/13/3149 3271/13/3150 3244/13/3131
f 3266/13/3151 3223/13/3094 3260/13/3152
f 3321/13/3153 3277/13/3154 3270/13/3119
f 3274/13/3135 3295/13/3155 3329/13/3156
f 3290/13/3157 3269/13/3112 3296/13/3158
f 3252/13/3120 3306/13/3159 3240/13/3106
f 3281/13/3145 3230/13/3088 3308/13/3160
f 3236/13/3090 3298/13/3161 3299/13/3162
f 3222/13/3091 3236/13/3090 3299/13/3162
f 3183/13/3058 3292/13/3163 3235/13/3089
f 3300/13/3164 3283/13/3130 3264/13/3124
f 3300/13/3164 3264/13/3124 3265/13/3117
f 3318/13/3165 3265/13/3117 3302/13/3148
f 3311/13/3166 3244/13/3131 3279/13/3132
f 3313/13/3167 3266/13/3151 3303/13/3168
f 3260/13/3152 3224/13/3069 3304/13/3133
f 3273/13/3134 3329/13/3156 3275/13/3139
f 3294/13/3105 3272/13/3104 3327/13/3169
f 3314/13/3142 3327/13/3169 3272/13/3104
f 3275/13/3139 3329/13/3156 3315/13/3170
f 3295/13/3155 3316/13/3171 3329/13/3156
f 3295/13/3155 3286/13/3143 3280/13/3172
f 3320/13/3173 3289/13/3127 3275/13/3139
f 3276/13/3174 3321/13/3153 3270/13/3119
f 3207/13/3073 3288/13/3175 3243/13/3102
f 3312/13/3176 3271/13/3150 3324/13/3149
f 3275/13/3139 3315/13/3170 3320/13/3173
f 3353/13/3177 3276/13/3174 3289/13/3127
f 3276/13/3174 3353/13/3177 3321/13/3153
f 3307/13/3178 3206/13/3053 3253/13/3113
f 3240/13/3106 3306/13/3159 3256/13/3179
f 3282/13/3146 3281/13/3145 3308/13/3160
f 3302/13/3148 3246/13/3093 3325/13/3180
f 3331/13/3181 3323/13/3182 3251/13/3183
f 3309/13/3147 3288/13/3175 3207/13/3073
f 3311/13/3166 3301/13/3184 3354/13/3185
f 3324/13/3149 3244/13/3131 3333/13/3186
f 3271/13/3150 3312/13/3176 3334/13/3187
f 3239/13/3085 3287/13/3144 3297/13/3138
f 3347/13/3188 3212/13/3055 3336/13/3189
f 3263/13/3122 3338/13/3190 3339/13/3191
f 3291/13/3192 3340/13/3193 3310/13/3129
f 3349/13/3194 3291/13/3192 3258/13/3114
f 3341/13/3195 3299/13/3162 3298/13/3161
f 3292/13/3163 3349/13/3194 3258/13/3114
f 3342/13/3196 3299/13/3162 3341/13/3195
f 3316/13/3171 3343/13/3197 3329/13/3156
f 3344/13/3198 3280/13/3172 3361/13/3199
f 3346/13/3200 3256/13/3179 3306/13/3159
f 3291/13/3192 3349/13/3194 3340/13/3193
f 3341/13/3195 3298/13/3161 3348/13/3201
f 3299/13/3162 3342/13/3196 3293/13/3202
f 3350/13/3203 3365/13/3204 3283/13/3130
f 3373/13/3205 3293/13/3202 3342/13/3196
f 3305/13/3096 3267/13/3206 3351/13/3207
f 3382/13/3208 3326/13/3107 3375/13/3209
f 3329/13/3156 3343/13/3197 3352/13/3210
f 3330/13/3211 3362/13/3212 3358/13/3213
f 3307/13/3178 3253/13/3113 3347/13/3188
f 3356/13/3214 3300/13/3164 3318/13/3165
f 3361/13/3199 3330/13/3211 3358/13/3213
f 3345/13/3215 3355/13/3216 3353/13/3177
f 3353/13/3177 3355/13/3216 3321/13/3153
f 3363/13/3217 3346/13/3200 3306/13/3159
f 3351/13/3207 3261/13/3097 3268/13/3098
f 3285/13/3141 3328/13/3218 3357/13/3219
f 3285/13/3141 3397/13/3220 3314/13/3142
f 3343/13/3197 3376/13/3221 3352/13/3210
f 3355/13/3216 3335/13/3222 3321/13/3153
f 3366/13/3223 3312/13/3176 3324/13/3149
f 3315/13/3170 3352/13/3210 3409/13/3224
f 3343/13/3197 3316/13/3171 3368/13/3225
f 3344/13/3198 3368/13/3225 3316/13/3171
f 3315/13/3170 3369/13/3226 3320/13/3173
f 3308/13/3160 3370/13/3227 3371/13/3228
f 3340/13/3193 3372/13/3229 3337/13/3230
f 3349/13/3194 3384/13/3231 3340/13/3193
f 3324/13/3149 3333/13/3186 3405/13/3232
f 3313/13/3167 3303/13/3168 3374/13/3233
f 3285/13/3141 3357/13/3219 3397/13/3220
f 3343/13/3197 3368/13/3225 3376/13/3221
f 3320/13/3173 3369/13/3226 3345/13/3215
f 3339/13/3191 3364/13/3234 3379/13/3235
f 3342/13/3196 3415/13/3236 3380/13/3237
f 3350/13/3203 3388/13/3238 3365/13/3204
f 3363/13/3217 3332/13/3239 3346/13/3200
f 3348/13/3201 3379/13/3235 3385/13/3240
f 3384/13/3231 3349/13/3194 3386/13/3241
f 3387/13/3242 3349/13/3194 3365/13/3204
f 3354/13/3185 3373/13/3205 3389/13/3243
f 3381/13/3244 3354/13/3185 3391/13/3245
f 3302/13/3148 3325/13/3180 3392/13/3246
f 3417/13/3247 3324/13/3149 3405/13/3232
f 3303/13/3168 3260/13/3152 3360/13/3248
f 3351/13/3207 3334/13/3187 3418/13/3249
f 3362/13/3212 3394/13/3250 3358/13/3213
f 3394/13/3250 3317/13/3251 3359/13/3252
f 3355/13/3216 3447/13/3253 3335/13/3222
f 3307/13/3178 3383/13/3254 3287/13/3144
f 3372/13/3229 3422/13/3255 3378/13/3256
f 3388/13/3238 3350/13/3203 3356/13/3214
f 3356/13/3214 3390/13/3257 3388/13/3238
f 3392/13/3246 3325/13/3180 3393/13/3258
f 3367/13/3259 3393/13/3258 3325/13/3180
f 3312/13/3176 3366/13/3223 3395/13/3260
f 3352/13/3210 3376/13/3221 3409/13/3224
f 3410/13/3261 3421/13/3262 3361/13/3199
f 3345/13/3215 3399/13/3263 3355/13/3216
f 3383/13/3254 3347/13/3188 3401/13/3264
f 3401/13/3264 3347/13/3188 3402/13/3265
f 3402/13/3265 3336/13/3189 3407/13/3266
f 3341/13/3195 3385/13/3240 3415/13/3236
f 3333/13/3186 3381/13/3244 3405/13/3232
f 3395/13/3260 3418/13/3249 3334/13/3187
f 3351/13/3207 3419/13/3267 3375/13/3209
f 3332/13/3239 3363/13/3217 3403/13/3268
f 3414/13/3269 3384/13/3231 3386/13/3241
f 3430/13/3270 3375/13/3209 3419/13/3267
f 3368/13/3225 3420/13/3271 3376/13/3221
f 3369/13/3226 3409/13/3224 3411/13/3272
f 3369/13/3226 3411/13/3272 3398/13/3273
f 3400/13/3274 3287/13/3144 3469/13/3275
f 3379/13/3235 3364/13/3234 3413/13/3276
f 3376/13/3221 3420/13/3271 3409/13/3224
f 3410/13/3261 3358/13/3213 3441/13/3277
f 3441/13/3277 3358/13/3213 3394/13/3250
f 3359/13/3252 3448/13/3278 3425/13/3279
f 3331/13/3181 3426/13/3280 3323/13/3182
f 3383/13/3254 3469/13/3275 3287/13/3144
f 3423/13/3281 3387/13/3242 3388/13/3238
f 3392/13/3246 3393/13/3258 3435/13/3282
f 3374/13/3233 3360/13/3248 3445/13/3283
f 3399/13/3263 3447/13/3253 3355/13/3216
f 3364/13/3234 3371/13/3228 3434/13/3284
f 3391/13/3245 3389/13/3243 3472/13/3285
f 3381/13/3244 3391/13/3245 3429/13/3286
f 3370/13/3227 3428/13/3287 3433/13/3288
f 3434/13/3284 3371/13/3228 3433/13/3288
f 3367/13/3259 3374/13/3233 3445/13/3283
f 3359/13/3252 3400/13/3274 3448/13/3278
f 3453/13/3289 3412/13/3290 3363/13/3217
f 3478/13/3291 3414/13/3269 3386/13/3241
f 3478/13/3291 3386/13/3241 3387/13/3242
f 3396/13/3292 3437/13/3293 3360/13/3248
f 3419/13/3267 3465/13/3294 3430/13/3270
f 3408/13/3295 3438/13/3296 3424/13/3297
f 3469/13/3275 3383/13/3254 3442/13/3298
f 3417/13/3247 3405/13/3232 3455/13/3299
f 3465/13/3294 3452/13/3300 3431/13/3301
f 3421/13/3262 3410/13/3261 3440/13/3302
f 3403/13/3268 3412/13/3290 3456/13/3303
f 3449/13/3304 3443/13/3305 3414/13/3269
f 3385/13/3240 3413/13/3276 3450/13/3306
f 3415/13/3236 3450/13/3306 3458/13/3307
f 3405/13/3232 3429/13/3286 3455/13/3299
f 3396/13/3292 3466/13/3308 3437/13/3293
f 3465/13/3294 3419/13/3267 3464/13/3309
f 3424/13/3297 3438/13/3296 3466/13/3308
f 3439/13/3310 3438/13/3296 3408/13/3295
f 3406/13/3311 3467/13/3312 3408/13/3295
f 3408/13/3295 3467/13/3312 3439/13/3310
f 3364/13/3234 3434/13/3284 3413/13/3276
f 3391/13/3245 3472/13/3285 3473/13/3313
f 3392/13/3246 3454/13/3314 3390/13/3257
f 3435/13/3282 3454/13/3314 3392/13/3246
f 3462/13/3315 3366/13/3223 3417/13/3247
f 3444/13/3316 3366/13/3223 3462/13/3315
f 3367/13/3259 3445/13/3283 3503/13/3317
f 3451/13/3318 3418/13/3249 3463/13/3319
f 3467/13/3312 3406/13/3311 3452/13/3300
f 3399/13/3263 3468/13/3320 3447/13/3253
f 3404/13/3321 3422/13/3255 3471/13/3322
f 3422/13/3255 3443/13/3305 3476/13/3323
f 3387/13/3242 3459/13/3324 3478/13/3291
f 3436/13/3325 3459/13/3324 3387/13/3242
f 3390/13/3257 3460/13/3326 3423/13/3281
f 3409/13/3224 3420/13/3271 3475/13/3327
f 3426/13/3280 3453/13/3289 3377/13/3328
f 3383/13/3254 3427/13/3329 3470/13/3330
f 3518/13/3331 3427/13/3329 3432/13/3332
f 3404/13/3321 3471/13/3322 3482/13/3333
f 3416/13/3334 3458/13/3307 3472/13/3285
f 3432/13/3332 3482/13/3333 3544/13/3335
f 3450/13/3306 3413/13/3276 3484/13/3336
f 3417/13/3247 3455/13/3299 3462/13/3315
f 3475/13/3327 3411/13/3272 3409/13/3224
f 3411/13/3272 3549/13/3337 3398/13/3273
f 3484/13/3336 3413/13/3276 3477/13/3338
f 3458/13/3307 3450/13/3306 3494/13/3339
f 3459/13/3324 3485/13/3340 3478/13/3291
f 3444/13/3316 3508/13/3341 3463/13/3319
f 3464/13/3309 3497/13/3342 3486/13/3343
f 3487/13/3344 3465/13/3294 3486/13/3343
f 3438/13/3296 3488/13/3345 3489/13/3346
f 3457/13/3347 3433/13/3288 3507/13/3348
f 3472/13/3285 3458/13/3307 3495/13/3349
f 3445/13/3283 3496/13/3350 3517/13/3351
f 3445/13/3283 3480/13/3352 3496/13/3350
f 3495/13/3349 3458/13/3307 3494/13/3339
f 3529/13/3353 3459/13/3324 3436/13/3325
f 3473/13/3313 3472/13/3285 3510/13/3354
f 3425/13/3279 3448/13/3278 3542/13/3355
f 3493/13/3356 3456/13/3303 3501/13/3357
f 3460/13/3326 3529/13/3353 3423/13/3281
f 3535/13/3358 3456/13/3303 3412/13/3290
f 3544/13/3335 3482/13/3333 3513/13/3359
f 3484/13/3336 3519/13/3360 3515/13/3361
f 3462/13/3315 3521/13/3362 3516/13/3363
f 3496/13/3350 3480/13/3352 3532/13/3364
f 3489/13/3346 3488/13/3345 3523/13/3365
f 3440/13/3302 3481/13/3366 3524/13/3367
f 3507/13/3348 3493/13/3356 3514/13/3368
f 3477/13/3338 3457/13/3347 3507/13/3348
f 3485/13/3340 3527/13/3369 3449/13/3304
f 3502/13/3370 3473/13/3313 3510/13/3354
f 3429/13/3286 3502/13/3370 3521/13/3362
f 3497/13/3342 3479/13/3371 3531/13/3372
f 3480/13/3352 3509/13/3373 3532/13/3364
f 3488/13/3345 3541/13/3374 3523/13/3365
f 3492/13/3375 3541/13/3374 3488/13/3345
f 3475/13/3327 3525/13/3376 3411/13/3272
f 3493/13/3356 3501/13/3357 3514/13/3368
f 3471/13/3322 3536/13/3377 3513/13/3359
f 3471/13/3322 3476/13/3323 3536/13/3377
f 3495/13/3349 3528/13/3378 3546/13/3379
f 3503/13/3317 3538/13/3380 3522/13/3381
f 3489/13/3346 3523/13/3365 3540/13/3382
f 3481/13/3366 3571/13/3383 3524/13/3367
f 3481/13/3366 3441/13/3277 3571/13/3383
f 3505/13/3384 3543/13/3385 3500/13/3386
f 3519/13/3360 3477/13/3338 3558/13/3387
f 3460/13/3326 3530/13/3388 3520/13/3389
f 3516/13/3363 3521/13/3362 3547/13/3390
f 3492/13/3375 3491/13/3391 3541/13/3374
f 3545/13/3392 3476/13/3323 3483/13/3393
f 3475/13/3327 3474/13/3394 3525/13/3376
f 3446/13/3395 3498/13/3396 3548/13/3397
f 3448/13/3278 3506/13/3398 3551/13/3399
f 3512/13/3400 3500/13/3386 3565/13/3401
f 3476/13/3323 3557/13/3402 3536/13/3377
f 3527/13/3369 3553/13/3403 3483/13/3393
f 3528/13/3378 3494/13/3339 3515/13/3361
f 3521/13/3362 3602/13/3404 3588/13/3405
f 3547/13/3390 3521/13/3362 3588/13/3405
f 3425/13/3279 3542/13/3355 3580/13/3406
f 3565/13/3401 3500/13/3386 3543/13/3385
f 3561/13/3407 3531/13/3372 3575/13/3408
f 3504/13/3409 3534/13/3410 3468/13/3320
f 3512/13/3400 3572/13/3411 3535/13/3358
f 3572/13/3411 3566/13/3412 3535/13/3358
f 3585/13/3413 3560/13/3414 3527/13/3369
f 3563/13/3415 3531/13/3372 3561/13/3407
f 3540/13/3382 3576/13/3416 3569/13/3417
f 3511/13/3418 3533/13/3419 3563/13/3415
f 3540/13/3382 3570/13/3420 3576/13/3416
f 3541/13/3374 3577/13/3421 3570/13/3420
f 3553/13/3403 3545/13/3392 3483/13/3393
f 3590/13/3422 3583/13/3423 3555/13/3424
f 3579/13/3425 3524/13/3367 3591/13/3426
f 3525/13/3376 3598/13/3427 3549/13/3337
f 3559/13/3428 3567/13/3429 3515/13/3361
f 3546/13/3379 3581/13/3430 3510/13/3354
f 3502/13/3370 3537/13/3431 3602/13/3404
f 3539/13/3432 3562/13/3433 3630/13/3434
f 3548/13/3397 3524/13/3367 3579/13/3425
f 3598/13/3427 3606/13/3435 3549/13/3337
f 3534/13/3410 3504/13/3409 3622/13/3436
f 3568/13/3437 3573/13/3438 3530/13/3388
f 3547/13/3390 3588/13/3405 3603/13/3439
f 3538/13/3380 3539/13/3432 3582/13/3440
f 3607/13/3441 3514/13/3368 3501/13/3357
f 3513/13/3359 3536/13/3377 3601/13/3442
f 3537/13/3431 3581/13/3430 3602/13/3404
f 3568/13/3437 3538/13/3380 3582/13/3440
f 3575/13/3408 3547/13/3390 3603/13/3439
f 3539/13/3432 3630/13/3434 3582/13/3440
f 3562/13/3433 3569/13/3417 3596/13/3443
f 3576/13/3416 3615/13/3444 3589/13/3445
f 3597/13/3446 3561/13/3407 3595/13/3447
f 3551/13/3399 3564/13/3448 3592/13/3449
f 3513/13/3359 3601/13/3442 3629/13/3450
f 3563/13/3415 3610/13/3451 3590/13/3422
f 3605/13/3452 3579/13/3425 3591/13/3426
f 3591/13/3426 3499/13/3453 3599/13/3454
f 3526/13/3455 3606/13/3435 3622/13/3436
f 3580/13/3406 3542/13/3355 3644/13/3456
f 3635/13/3457 3601/13/3442 3536/13/3377
f 3618/13/3458 3559/13/3428 3558/13/3387
f 3520/13/3389 3608/13/3459 3554/13/3460
f 3609/13/3461 3568/13/3437 3582/13/3440
f 3578/13/3462 3642/13/3463 3525/13/3376
f 3565/13/3401 3612/13/3464 3616/13/3465
f 3545/13/3392 3553/13/3403 3619/13/3466
f 3575/13/3408 3603/13/3439 3649/13/3467
f 3548/13/3397 3642/13/3463 3578/13/3462
f 3564/13/3448 3633/13/3468 3592/13/3449
f 3552/13/3469 3556/13/3470 3617/13/3471
f 3636/13/3472 3557/13/3402 3545/13/3392
f 3559/13/3428 3618/13/3458 3661/13/3473
f 3638/13/3474 3553/13/3403 3560/13/3414
f 3586/13/3475 3528/13/3378 3567/13/3429
f 3548/13/3397 3611/13/3476 3643/13/3477
f 3579/13/3425 3605/13/3452 3611/13/3476
f 3598/13/3427 3626/13/3478 3606/13/3435
f 3628/13/3479 3612/13/3464 3543/13/3385
f 3619/13/3466 3623/13/3480 3545/13/3392
f 3582/13/3440 3630/13/3434 3609/13/3461
f 3595/13/3447 3575/13/3408 3649/13/3467
f 3624/13/3481 3597/13/3446 3652/13/3482
f 3642/13/3463 3625/13/3483 3598/13/3427
f 3607/13/3441 3566/13/3412 3660/13/3484
f 3610/13/3451 3597/13/3446 3624/13/3481
f 3577/13/3421 3641/13/3485 3658/13/3486
f 3632/13/3487 3665/13/3488 3583/13/3423
f 3557/13/3402 3636/13/3472 3645/13/3489
f 3637/13/3490 3559/13/3428 3661/13/3473
f 3613/13/3491 3638/13/3474 3560/13/3414
f 3581/13/3430 3620/13/3492 3657/13/3493
f 3609/13/3461 3648/13/3494 3568/13/3437
f 3653/13/3495 3605/13/3452 3599/13/3454
f 3542/13/3355 3654/13/3496 3644/13/3456
f 3612/13/3464 3628/13/3479 3667/13/3497
f 3660/13/3484 3593/13/3498 3607/13/3441
f 3581/13/3430 3657/13/3493 3647/13/3499
f 3651/13/3500 3595/13/3447 3639/13/3501
f 3596/13/3443 3589/13/3445 3640/13/3502
f 3596/13/3443 3640/13/3502 3650/13/3503
f 3589/13/3445 3631/13/3504 3640/13/3502
f 3592/13/3449 3668/13/3505 3654/13/3496
f 3592/13/3449 3633/13/3468 3668/13/3505
f 3655/13/3506 3662/13/3507 3616/13/3465
f 3672/13/3508 3614/13/3509 3647/13/3499
f 3609/13/3461 3681/13/3510 3648/13/3494
f 3650/13/3503 3609/13/3461 3630/13/3434
f 3627/13/3511 3653/13/3495 3599/13/3454
f 3567/13/3429 3559/13/3428 3637/13/3490
f 3622/13/3436 3666/13/3512 3628/13/3479
f 3634/13/3513 3600/13/3514 3663/13/3515
f 3629/13/3450 3664/13/3516 3663/13/3515
f 3642/13/3463 3682/13/3517 3625/13/3483
f 3677/13/3518 3643/13/3477 3611/13/3476
f 3628/13/3479 3666/13/3512 3667/13/3497
f 3668/13/3505 3633/13/3468 3617/13/3471
f 3660/13/3484 3680/13/3519 3593/13/3498
f 3664/13/3516 3629/13/3450 3601/13/3442
f 3722/13/3520 3613/13/3491 3587/13/3521
f 3608/13/3459 3671/13/3522 3587/13/3521
f 3609/13/3461 3734/13/3523 3681/13/3510
f 3609/13/3461 3650/13/3503 3734/13/3523
f 3643/13/3477 3682/13/3517 3642/13/3463
f 3625/13/3483 3713/13/3524 3626/13/3478
f 3626/13/3478 3683/13/3525 3621/13/3526
f 3667/13/3497 3666/13/3512 3678/13/3527
f 3662/13/3507 3655/13/3506 3673/13/3528
f 3594/13/3529 3593/13/3498 3680/13/3519
f 3647/13/3499 3657/13/3493 3672/13/3508
f 3611/13/3476 3714/13/3530 3677/13/3518
f 3627/13/3511 3692/13/3531 3653/13/3495
f 3668/13/3505 3617/13/3471 3686/13/3532
f 3655/13/3506 3678/13/3527 3673/13/3528
f 3679/13/3533 3634/13/3513 3663/13/3515
f 3680/13/3519 3660/13/3484 3669/13/3534
f 3645/13/3489 3674/13/3535 3635/13/3457
f 3687/13/3536 3636/13/3472 3623/13/3480
f 3732/13/3537 3619/13/3466 3553/13/3403
f 3586/13/3475 3656/13/3538 3707/13/3539
f 3671/13/3522 3722/13/3520 3587/13/3521
f 3688/13/3540 3648/13/3494 3681/13/3510
f 3639/13/3501 3649/13/3467 3689/13/3541
f 3621/13/3526 3704/13/3542 3666/13/3512
f 3678/13/3527 3655/13/3506 3667/13/3497
f 3685/13/3543 3673/13/3528 3678/13/3527
f 3686/13/3532 3634/13/3513 3679/13/3533
f 3687/13/3536 3645/13/3489 3636/13/3472
f 3672/13/3508 3657/13/3493 3703/13/3544
f 3689/13/3541 3672/13/3508 3703/13/3544
f 3711/13/3545 3691/13/3546 3641/13/3485
f 3643/13/3477 3677/13/3518 3682/13/3517
f 3654/13/3496 3668/13/3505 3699/13/3547
f 3674/13/3535 3700/13/3548 3664/13/3516
f 3670/13/3549 3594/13/3529 3695/13/3550
f 3657/13/3493 3675/13/3551 3703/13/3544
f 3640/13/3502 3697/13/3552 3650/13/3503
f 3652/13/3482 3651/13/3500 3709/13/3553
f 3640/13/3502 3631/13/3504 3697/13/3552
f 3631/13/3504 3735/13/3554 3771/13/3555
f 3658/13/3486 3712/13/3556 3615/13/3444
f 3676/13/3557 3698/13/3558 3632/13/3487
f 3674/13/3535 3702/13/3559 3700/13/3548
f 3681/13/3510 3723/13/3560 3688/13/3540
f 3689/13/3541 3747/13/3561 3639/13/3501
f 3677/13/3518 3726/13/3562 3682/13/3517
f 3653/13/3495 3692/13/3531 3748/13/3563
f 3684/13/3564 3699/13/3547 3668/13/3505
f 3674/13/3535 3706/13/3565 3702/13/3559
f 3705/13/3566 3670/13/3549 3695/13/3550
f 3675/13/3551 3707/13/3539 3708/13/3567
f 3737/13/3568 3723/13/3560 3681/13/3510
f 3690/13/3569 3639/13/3501 3747/13/3561
f 3651/13/3500 3639/13/3501 3690/13/3569
f 3658/13/3486 3691/13/3546 3712/13/3556
f 3715/13/3570 3714/13/3530 3659/13/3571
f 3626/13/3478 3753/13/3572 3683/13/3525
f 3683/13/3525 3774/13/3573 3704/13/3542
f 3684/13/3564 3686/13/3532 3727/13/3574
f 3679/13/3533 3716/13/3575 3686/13/3532
f 3717/13/3576 3669/13/3534 3673/13/3528
f 3700/13/3548 3754/13/3577 3679/13/3533
f 3701/13/3578 3694/13/3579 3719/13/3580
f 3721/13/3581 3695/13/3550 3701/13/3578
f 3689/13/3541 3724/13/3582 3747/13/3561
f 3709/13/3553 3651/13/3500 3690/13/3569
f 3728/13/3583 3673/13/3528 3685/13/3543
f 3727/13/3574 3686/13/3532 3716/13/3575
f 3728/13/3583 3717/13/3576 3673/13/3528
f 3694/13/3579 3718/13/3584 3719/13/3580
f 3701/13/3578 3719/13/3580 3729/13/3585
f 3702/13/3559 3720/13/3586 3700/13/3548
f 3729/13/3585 3721/13/3581 3701/13/3578
f 3695/13/3550 3721/13/3581 3740/13/3587
f 3659/13/3571 3748/13/3563 3715/13/3570
f 3731/13/3588 3736/13/3589 3706/13/3565
f 3699/13/3547 3684/13/3564 3738/13/3590
f 3756/13/3591 3720/13/3586 3702/13/3559
f 3704/13/3542 3774/13/3573 3693/13/3592
f 3759/13/3593 3684/13/3564 3727/13/3574
f 3730/13/3594 3739/13/3595 3702/13/3559
f 3742/13/3596 3705/13/3566 3741/13/3597
f 3755/13/3598 3720/13/3586 3756/13/3591
f 3757/13/3599 3736/13/3589 3731/13/3588
f 3744/13/3600 3732/13/3537 3722/13/3520
f 3724/13/3582 3708/13/3567 3762/13/3601
f 3724/13/3582 3762/13/3601 3747/13/3561
f 3734/13/3523 3697/13/3552 3806/13/3602
f 3725/13/3603 3758/13/3604 3711/13/3545
f 3758/13/3604 3808/13/3605 3691/13/3546
f 3677/13/3518 3773/13/3606 3726/13/3562
f 3738/13/3590 3684/13/3564 3759/13/3593
f 3777/13/3607 3717/13/3576 3728/13/3583
f 3721/13/3581 3729/13/3585 3781/13/3608
f 3760/13/3609 3742/13/3596 3741/13/3597
f 3743/13/3610 3745/13/3611 3742/13/3596
f 3733/13/3612 3761/13/3613 3722/13/3520
f 3762/13/3601 3708/13/3567 3783/13/3614
f 3747/13/3561 3762/13/3601 3764/13/3615
f 3784/13/3616 3763/13/3617 3751/13/3618
f 3712/13/3556 3766/13/3619 3828/13/3620
f 3749/13/3621 3693/13/3592 3775/13/3622
f 3786/13/3623 3718/13/3584 3717/13/3576
f 3788/13/3624 3729/13/3585 3719/13/3580
f 3752/13/3625 3747/13/3561 3764/13/3615
f 3697/13/3552 3765/13/3626 3806/13/3602
f 3785/13/3627 3710/13/3628 3709/13/3553
f 3759/13/3593 3727/13/3574 3776/13/3629
f 3807/13/3630 3758/13/3604 3725/13/3603
f 3753/13/3572 3829/13/3631 3774/13/3573
f 3787/13/3632 3718/13/3584 3786/13/3623
f 3718/13/3584 3787/13/3632 3788/13/3624
f 3769/13/3633 3736/13/3589 3789/13/3634
f 3741/13/3597 3740/13/3587 3790/13/3635
f 3770/13/3636 3789/13/3634 3736/13/3589
f 3743/13/3610 3760/13/3609 3791/13/3637
f 3744/13/3600 3761/13/3613 3757/13/3599
f 3784/13/3616 3824/13/3638 3795/13/3639
f 3805/13/3640 3752/13/3625 3764/13/3615
f 3713/13/3524 3829/13/3631 3753/13/3572
f 3774/13/3573 3799/13/3641 3693/13/3592
f 3693/13/3592 3799/13/3641 3775/13/3622
f 3781/13/3608 3729/13/3585 3801/13/3642
f 3802/13/3643 3781/13/3608 3801/13/3642
f 3792/13/3644 3745/13/3611 3791/13/3637
f 3795/13/3639 3804/13/3645 3763/13/3617
f 3784/13/3616 3825/13/3646 3824/13/3638
f 3805/13/3640 3764/13/3615 3815/13/3647
f 3784/13/3616 3806/13/3602 3825/13/3646
f 3785/13/3627 3752/13/3625 3805/13/3640
f 3766/13/3619 3808/13/3605 3828/13/3620
f 3883/13/3648 3800/13/3649 3738/13/3590
f 3780/13/3650 3830/13/3651 3756/13/3591
f 3790/13/3635 3760/13/3609 3741/13/3597
f 3812/13/3652 3761/13/3613 3746/13/3653
f 3793/13/3654 3783/13/3614 3792/13/3644
f 3808/13/3605 3758/13/3604 3796/13/3655
f 3768/13/3656 3869/13/3657 3713/13/3524
f 3819/13/3658 3787/13/3632 3786/13/3623
f 3729/13/3585 3788/13/3624 3820/13/3659
f 3792/13/3644 3822/13/3660 3793/13/3654
f 3765/13/3626 3816/13/3661 3825/13/3646
f 3826/13/3662 3785/13/3627 3805/13/3640
f 3827/13/3663 3772/13/3664 3826/13/3662
f 3772/13/3664 3827/13/3663 3807/13/3630
f 3797/13/3665 3773/13/3606 3838/13/3666
f 3793/13/3654 3822/13/3660 3840/13/3667
f 3833/13/3668 3814/13/3669 3793/13/3654
f 3832/13/3670 3804/13/3645 3835/13/3671
f 3814/13/3669 3834/13/3672 3815/13/3647
f 3828/13/3620 3868/13/3673 3845/13/3674
f 3828/13/3620 3845/13/3674 3855/13/3675
f 3851/13/3676 3803/13/3677 3812/13/3652
f 3833/13/3668 3793/13/3654 3840/13/3667
f 3833/13/3668 3834/13/3672 3814/13/3669
f 3841/13/3678 3824/13/3638 3864/13/3679
f 3841/13/3678 3837/13/3680 3824/13/3638
f 3837/13/3680 3835/13/3671 3804/13/3645
f 3816/13/3661 3843/13/3681 3825/13/3646
f 3827/13/3663 3856/13/3682 3807/13/3630
f 3773/13/3606 3906/13/3683 3838/13/3666
f 3809/13/3684 3906/13/3683 3773/13/3606
f 3847/13/3685 3749/13/3621 3775/13/3622
f 3779/13/3686 3885/13/3687 3778/13/3688
f 3849/13/3689 3788/13/3624 3787/13/3632
f 3811/13/3690 3803/13/3677 3851/13/3676
f 3851/13/3676 3812/13/3652 3813/13/3691
f 3842/13/3692 3823/13/3693 3862/13/3694
f 3805/13/3640 3854/13/3695 3844/13/3696
f 3816/13/3661 3855/13/3675 3843/13/3681
f 3820/13/3659 3802/13/3643 3801/13/3642
f 3836/13/3697 3834/13/3672 3861/13/3698
f 3856/13/3682 3879/13/3699 3807/13/3630
f 3798/13/3700 3881/13/3701 3857/13/3702
f 3847/13/3685 3818/13/3703 3749/13/3621
f 3819/13/3658 3786/13/3623 3873/13/3704
f 3851/13/3676 3875/13/3705 3811/13/3690
f 3839/13/3706 3840/13/3667 3822/13/3660
f 3843/13/3681 3890/13/3707 3864/13/3679
f 3877/13/3708 3836/13/3697 3861/13/3698
f 3876/13/3709 3843/13/3681 3855/13/3675
f 3853/13/3710 3835/13/3671 3878/13/3711
f 3881/13/3701 3798/13/3700 3817/13/3712
f 3817/13/3712 3882/13/3713 3881/13/3701
f 3871/13/3714 3870/13/3715 3759/13/3593
f 3819/13/3658 3873/13/3704 3919/13/3716
f 3919/13/3716 3892/13/3717 3819/13/3658
f 3858/13/3718 3850/13/3719 3789/13/3634
f 3839/13/3706 3821/13/3720 3859/13/3721
f 3895/13/3722 3851/13/3676 3832/13/3670
f 3888/13/3723 3832/13/3670 3853/13/3710
f 3854/13/3695 3863/13/3724 3889/13/3725
f 3876/13/3709 3890/13/3707 3843/13/3681
f 3856/13/3682 3844/13/3696 3897/13/3726
f 3856/13/3682 3897/13/3726 3891/13/3727
f 3879/13/3699 3917/13/3728 3796/13/3655
f 3857/13/3702 3918/13/3729 3809/13/3684
f 3869/13/3657 3925/13/3730 3829/13/3631
f 3885/13/3687 3884/13/3731 3778/13/3688
f 3848/13/3732 3885/13/3687 3779/13/3686
f 3831/13/3733 3910/13/3734 3780/13/3650
f 3894/13/3735 3839/13/3706 3893/13/3736
f 3840/13/3667 3927/13/3737 3852/13/3738
f 3914/13/3739 3890/13/3707 3876/13/3709
f 3844/13/3696 3889/13/3725 3897/13/3726
f 3867/13/3740 3866/13/3741 3902/13/3742
f 3868/13/3673 3900/13/3743 3880/13/3744
f 3907/13/3745 3908/13/3746 3775/13/3622
f 3777/13/3607 3872/13/3747 3873/13/3704
f 3885/13/3687 3848/13/3732 3948/13/3748
f 3909/13/3749 3887/13/3750 3810/13/3751
f 3911/13/3752 3802/13/3643 3820/13/3659
f 3865/13/3753 3890/13/3707 3915/13/3754
f 3916/13/3755 3877/13/3708 3861/13/3698
f 3878/13/3711 3867/13/3740 3902/13/3742
f 3889/13/3725 3863/13/3724 3921/13/3756
f 3970/13/3757 3890/13/3707 3914/13/3739
f 3970/13/3757 3915/13/3754 3890/13/3707
f 3880/13/3744 3922/13/3758 3876/13/3709
f 3891/13/3727 3897/13/3726 3938/13/3759
f 3917/13/3728 3891/13/3727 3955/13/3760
f 3896/13/3761 3877/13/3708 3929/13/3762
f 3902/13/3742 3903/13/3763 3878/13/3711
f 3975/13/3764 3904/13/3765 3906/13/3683
f 3883/13/3648 3870/13/3715 3930/13/3766
f 3892/13/3717 3920/13/3767 3886/13/3768
f 3850/13/3719 3935/13/3769 3831/13/3733
f 3893/13/3736 3859/13/3721 3912/13/3770
f 3936/13/3771 3895/13/3722 3888/13/3723
f 3914/13/3739 3922/13/3758 3951/13/3772
f 3860/13/3773 3913/13/3774 3923/13/3775
f 3925/13/3730 3960/13/3776 3926/13/3777
f 3870/13/3715 3871/13/3714 3931/13/3778
f 3932/13/3779 3818/13/3703 3847/13/3685
f 3820/13/3659 3849/13/3689 3963/13/3780
f 3889/13/3725 3921/13/3756 3937/13/3781
f 3936/13/3771 3888/13/3723 3941/13/3782
f 3915/13/3754 3970/13/3757 3939/13/3783
f 3896/13/3761 3929/13/3762 3940/13/3784
f 3928/13/3785 3915/13/3754 3939/13/3783
f 3943/13/3786 3901/13/3787 3984/13/3788
f 3974/13/3789 3904/13/3765 3975/13/3764
f 3846/13/3790 3905/13/3791 3944/13/3792
f 3926/13/3777 3978/13/3793 3907/13/3745
f 3907/13/3745 3961/13/3794 3908/13/3746
f 3930/13/3766 3870/13/3715 3947/13/3795
f 3873/13/3704 3872/13/3747 3933/13/3796
f 3934/13/3797 3885/13/3687 3948/13/3748
f 3948/13/3748 3887/13/3750 3962/13/3798
f 4000/13/3799 3910/13/3734 3935/13/3769
f 3980/13/3800 3953/13/3801 3927/13/3737
f 3951/13/3772 3922/13/3758 3952/13/3802
f 3880/13/3744 3952/13/3802 3922/13/3758
f 3900/13/3743 3955/13/3760 3954/13/3803
f 3940/13/3784 3929/13/3762 3972/13/3804
f 3928/13/3785 3939/13/3783 3956/13/3805
f 3899/13/3806 3898/13/3807 3983/13/3808
f 3974/13/3789 3989/13/3809 3905/13/3791
f 3931/13/3778 3947/13/3795 3870/13/3715
f 3849/13/3689 3886/13/3768 3963/13/3780
f 3964/13/3810 4000/13/3799 3935/13/3769
f 3965/13/3811 3935/13/3769 3858/13/3718
f 3966/13/3812 3858/13/3718 3875/13/3705
f 3895/13/3722 3950/13/3813 3968/13/3814
f 3971/13/3815 3939/13/3783 3970/13/3757
f 3973/13/3816 3929/13/3762 3916/13/3755
f 3989/13/3809 3944/13/3792 3905/13/3791
f 3920/13/3767 3985/13/3817 3886/13/3768
f 3895/13/3722 3968/13/3814 3875/13/3705
f 3981/13/3818 3937/13/3781 3921/13/3756
f 3938/13/3759 3937/13/3781 4014/13/3819
f 3952/13/3802 3880/13/3744 3954/13/3803
f 3982/13/3820 3939/13/3783 3971/13/3815
f 3985/13/3817 3919/13/3716 3933/13/3796
f 3912/13/3770 3986/13/3821 4038/13/3822
f 3954/13/3803 3955/13/3760 4004/13/3823
f 3996/13/3824 3941/13/3782 3959/13/3825
f 3924/13/3826 3928/13/3785 3956/13/3805
f 3975/13/3764 3990/13/3827 3988/13/3828
f 3960/13/3776 3976/13/3829 3978/13/3793
f 3963/13/3780 3886/13/3768 3993/13/3830
f 3911/13/3752 3963/13/3780 4066/13/3831
f 3966/13/3812 3965/13/3811 3858/13/3718
f 3996/13/3824 3950/13/3813 3936/13/3771
f 3980/13/3800 4002/13/3832 3953/13/3801
f 3952/13/3802 3954/13/3803 4005/13/3833
f 3952/13/3802 4015/13/3834 3951/13/3772
f 3953/13/3801 4040/13/3835 3913/13/3774
f 3996/13/3824 3936/13/3771 3941/13/3782
f 3957/13/3836 3913/13/3774 4040/13/3835
f 3977/13/3837 3999/13/3838 3945/13/3839
f 3965/13/3811 3964/13/3810 3935/13/3769
f 3994/13/3840 3968/13/3814 3950/13/3813
f 4002/13/3832 3980/13/3800 4001/13/3841
f 3981/13/3818 3995/13/3842 4003/13/3843
f 3938/13/3759 4014/13/3819 4004/13/3823
f 4004/13/3823 4069/13/3844 3954/13/3803
f 3952/13/3802 4005/13/3833 4015/13/3834
f 4006/13/3845 3971/13/3815 4015/13/3834
f 4040/13/3835 3953/13/3801 4002/13/3832
f 3996/13/3824 3959/13/3825 3997/13/3846
f 4031/13/3847 3984/13/3788 4021/13/3848
f 4031/13/3847 3943/13/3786 3984/13/3788
f 3991/13/3849 3978/13/3793 3976/13/3829
f 3977/13/3837 3930/13/3766 4009/13/3850
f 4010/13/3851 3946/13/3852 3961/13/3794
f 4012/13/3853 3933/13/3796 3872/13/3747
f 4038/13/3822 3986/13/3821 4037/13/3854
f 3965/13/3811 4043/13/3855 3964/13/3810
f 4003/13/3843 3995/13/3842 4016/13/3856
f 3997/13/3846 3959/13/3825 4048/13/3857
f 3999/13/3838 3977/13/3837 4023/13/3858
f 4023/13/3858 3977/13/3837 4024/13/3859
f 4024/13/3859 3977/13/3837 4009/13/3850
f 3961/13/3794 4063/13/3860 4010/13/3851
f 3979/13/3861 4025/13/3862 3992/13/3863
f 4026/13/3864 3993/13/3830 3886/13/3768
f 3963/13/3780 3993/13/3830 4066/13/3831
f 3967/13/3865 3949/13/3866 4038/13/3822
f 3981/13/3818 4027/13/3867 3937/13/3781
f 4046/13/3868 4006/13/3845 4015/13/3834
f 3982/13/3820 4073/13/3869 4030/13/3870
f 3973/13/3816 4020/13/3871 4008/13/3872
f 3978/13/3793 3991/13/3849 4033/13/3873
f 4033/13/3873 4063/13/3860 3978/13/3793
f 4035/13/3874 4012/13/3853 3872/13/3747
f 3933/13/3796 4012/13/3853 4036/13/3875
f 3964/13/3810 4099/13/3876 4000/13/3799
f 3957/13/3836 4040/13/3835 4061/13/3877
f 4061/13/3877 4018/13/3878 3957/13/3836
f 4018/13/3878 3998/13/3879 3983/13/3808
f 3987/13/3880 4049/13/3881 4032/13/3882
f 3966/13/3812 4044/13/3883 3965/13/3811
f 3967/13/3865 4038/13/3822 4055/13/3884
f 4045/13/3885 3966/13/3812 3968/13/3814
f 3994/13/3840 4045/13/3885 3968/13/3814
f 3967/13/3865 4056/13/3886 4001/13/3841
f 4039/13/3887 4002/13/3832 4056/13/3886
f 4047/13/3888 3997/13/3846 4041/13/3889
f 3991/13/3849 4051/13/3890 4077/13/3891
f 4035/13/3874 4079/13/3892 4064/13/3893
f 4064/13/3893 4012/13/3853 4035/13/3874
f 4036/13/3875 4026/13/3864 3985/13/3817
f 3965/13/3811 4054/13/3894 4043/13/3855
f 4045/13/3885 3994/13/3840 4057/13/3895
f 4069/13/3844 4070/13/3896 4005/13/3833
f 4021/13/3848 4019/13/3897 4062/13/3898
f 4086/13/3899 4031/13/3847 4021/13/3848
f 4063/13/3860 4098/13/3900 4010/13/3851
f 4098/13/3900 4034/13/3901 4010/13/3851
f 4065/13/3902 3992/13/3863 4025/13/3862
f 4013/13/3903 4065/13/3902 4025/13/3862
f 4066/13/3831 3993/13/3830 4026/13/3864
f 3962/13/3798 4067/13/3904 4042/13/3905
f 4007/13/3906 4006/13/3845 4095/13/3907
f 4007/13/3906 4081/13/3908 4073/13/3869
f 4075/13/3909 4029/13/3910 4017/13/3911
f 4096/13/3912 4047/13/3888 4041/13/3889
f 4083/13/3913 4018/13/3878 4061/13/3877
f 4052/13/3914 4023/13/3858 4078/13/3915
f 4055/13/3884 4038/13/3822 4090/13/3916
f 4091/13/3917 3967/13/3865 4055/13/3884
f 4109/13/3918 4044/13/3883 4045/13/3885
f 4093/13/3919 4057/13/3895 4028/13/3920
f 4071/13/3921 4016/13/3856 4060/13/3922
f 4039/13/3887 4103/13/3923 4061/13/3877
f 4061/13/3877 4074/13/3924 4083/13/3913
f 4084/13/3925 4017/13/3911 4008/13/3872
f 4048/13/3857 4031/13/3847 4086/13/3899
f 4048/13/3857 4096/13/3912 4041/13/3889
f 4087/13/3926 4022/13/3927 4088/13/3928
f 4052/13/3914 4088/13/3928 4022/13/3927
f 4144/13/3929 4053/13/3930 3992/13/3863
f 4037/13/3854 3986/13/3821 4108/13/3931
f 4100/13/3932 3964/13/3810 4043/13/3855
f 4054/13/3894 4100/13/3932 4043/13/3855
f 4056/13/3886 4091/13/3917 4092/13/3933
f 4027/13/3867 4071/13/3921 4094/13/3934
f 4095/13/3907 4046/13/3868 4070/13/3896
f 4006/13/3845 4046/13/3868 4095/13/3907
f 4039/13/3887 4080/13/3935 4103/13/3923
f 4083/13/3913 3998/13/3879 4018/13/3878
f 4076/13/3936 4020/13/3871 4132/13/3937
f 4087/13/3926 4097/13/3938 4050/13/3939
f 4036/13/3875 4012/13/3853 4136/13/3940
f 4099/13/3876 4067/13/3904 4000/13/3799
f 4110/13/3941 4109/13/3918 4057/13/3895
f 4059/13/3942 4068/13/3943 4101/13/3944
f 4104/13/3945 4071/13/3921 4060/13/3922
f 4083/13/3913 4074/13/3924 4112/13/3946
f 4033/13/3873 4077/13/3891 4120/13/3947
f 4078/13/3915 4024/13/3859 4107/13/3948
f 4024/13/3859 4009/13/3850 4107/13/3948
f 4136/13/3940 4012/13/3853 4064/13/3893
f 4013/13/3903 4042/13/3905 4137/13/3949
f 4026/13/3864 4036/13/3875 4136/13/3940
f 4092/13/3933 4091/13/3917 4123/13/3950
f 4101/13/3944 4147/13/3951 4059/13/3942
f 4069/13/3844 4059/13/3942 4152/13/3952
f 4074/13/3924 4103/13/3923 4111/13/3953
f 4082/13/3954 4047/13/3888 4127/13/3955
f 4113/13/3956 3998/13/3879 4083/13/3913
f 4048/13/3857 4114/13/3957 4096/13/3912
f 4086/13/3899 4115/13/3958 4116/13/3959
f 4077/13/3891 4118/13/3960 4120/13/3947
f 4121/13/3961 4042/13/3905 4099/13/3876
f 4108/13/3931 4066/13/3831 4122/13/3962
f 4164/13/3963 4037/13/3854 4108/13/3931
f 4059/13/3942 4147/13/3951 4152/13/3952
f 4103/13/3923 4080/13/3935 4140/13/3964
f 4081/13/3908 4141/13/3965 4124/13/3966
f 4130/13/3967 4075/13/3909 4084/13/3925
f 4106/13/3968 4086/13/3899 4116/13/3959
f 4033/13/3873 4120/13/3947 4133/13/3969
f 4107/13/3948 4009/13/3850 4134/13/3970
f 4034/13/3901 4135/13/3971 4079/13/3892
f 4123/13/3950 4055/13/3884 4090/13/3916
f 4058/13/3972 4094/13/3934 4153/13/3973
f 4139/13/3974 4082/13/3954 4125/13/3975
f 4142/13/3976 4060/13/3922 4105/13/3977
f 4149/13/3978 4128/13/3979 4126/13/3980
f 4131/13/3981 4128/13/3979 4222/13/3982
f 4062/13/3898 4131/13/3981 4143/13/3983
f 4088/13/3928 4182/13/3984 4087/13/3926
f 4185/13/3985 4171/13/3986 4034/13/3901
f 4042/13/3905 4145/13/3987 4137/13/3949
f 4080/13/3935 4092/13/3933 4146/13/3988
f 4139/13/3974 4194/13/3989 4093/13/3919
f 4081/13/3908 4124/13/3966 4126/13/3980
f 4140/13/3964 4156/13/3990 4111/13/3953
f 4114/13/3957 4106/13/3968 4150/13/3991
f 4117/13/3992 4203/13/3993 4097/13/3938
f 4151/13/3994 4144/13/3929 4186/13/3995
f 4079/13/3892 4135/13/3971 4064/13/3893
f 4155/13/3996 4127/13/3955 4129/13/3997
f 4089/13/3998 4097/13/3938 4160/13/3999
f 4182/13/3984 4088/13/3928 4161/13/4000
f 4183/13/4001 4119/13/4002 4052/13/3914
f 4078/13/3915 4183/13/4001 4052/13/3914
f 4078/13/3915 4107/13/3948 4162/13/4003
f 4133/13/3969 4185/13/3985 4098/13/3900
f 4136/13/3940 4064/13/3893 4163/13/4004
f 4215/13/4005 4121/13/3961 4099/13/3876
f 4153/13/3973 4218/13/4006 4068/13/3943
f 4148/13/4007 4167/13/4008 4141/13/3965
f 4154/13/4009 4060/13/3922 4142/13/3976
f 4140/13/3964 4174/13/4010 4156/13/3990
f 4156/13/3990 4168/13/4011 4112/13/3946
f 4085/13/4012 4113/13/3956 4244/13/4013
f 4161/13/4000 4088/13/3928 4119/13/4002
f 4193/13/4014 4054/13/3894 4165/13/4015
f 4152/13/3952 4147/13/3951 4173/13/4016
f 4196/13/4017 4197/13/4018 4102/13/4019
f 4140/13/3964 4146/13/3988 4174/13/4010
f 4199/13/4020 4139/13/3974 4125/13/3975
f 4175/13/4021 4154/13/4009 4142/13/3976
f 4175/13/4021 4142/13/3976 4105/13/3977
f 4085/13/4012 4244/13/4013 4178/13/4022
f 4132/13/3937 4085/13/4012 4179/13/4023
f 4116/13/3959 4180/13/4024 4106/13/3968
f 4150/13/3991 4106/13/3968 4180/13/4024
f 4097/13/3938 4203/13/3993 4181/13/4025
f 4247/13/4026 4087/13/3926 4182/13/3984
f 4187/13/4027 4186/13/3995 4144/13/3929
f 4187/13/4027 4065/13/3902 4188/13/4028
f 4138/13/4029 4214/13/4030 4189/13/4031
f 4191/13/4032 4108/13/3931 4122/13/3962
f 4054/13/3894 4192/13/4033 4100/13/3932
f 4205/13/4034 4206/13/4035 4123/13/3950
f 4147/13/3951 4101/13/3944 4195/13/4036
f 4148/13/4007 4102/13/4019 4197/13/4018
f 4174/13/4010 4146/13/3988 4207/13/4037
f 4199/13/4020 4194/13/3989 4139/13/3974
f 4094/13/3934 4198/13/4038 4262/13/4039
f 4104/13/3945 4154/13/4009 4198/13/4038
f 4211/13/4040 4244/13/4013 4113/13/3956
f 4202/13/4041 4158/13/4042 4132/13/3937
f 4120/13/3947 4118/13/3960 4184/13/4043
f 4204/13/4044 4108/13/3931 4191/13/4032
f 4170/13/4045 4176/13/4046 4169/13/4047
f 4130/13/3967 4157/13/4048 4223/13/4049
f 4170/13/4045 4150/13/3991 4212/13/4050
f 4159/13/4051 4143/13/3983 4213/13/4052
f 4115/13/3958 4159/13/4051 4224/13/4053
f 4205/13/4034 4204/13/4044 4216/13/4054
f 4241/13/4055 4200/13/4056 4124/13/3966
f 4220/13/4057 4154/13/4009 4175/13/4021
f 4174/13/4010 4228/13/4058 4156/13/3990
f 4233/13/4059 4143/13/3983 4222/13/3982
f 4180/13/4024 4212/13/4050 4150/13/3991
f 4179/13/4023 4202/13/4041 4132/13/3937
f 4171/13/3986 4185/13/3985 4225/13/4060
f 4100/13/3932 4227/13/4061 4190/13/4062
f 4227/13/4061 4100/13/3932 4192/13/4033
f 4206/13/4035 4205/13/4034 4216/13/4054
f 4219/13/4063 4167/13/4008 4252/13/4064
f 4274/13/4065 4199/13/4020 4155/13/3996
f 4229/13/4066 4220/13/4057 4175/13/4021
f 4230/13/4067 4176/13/4046 4170/13/4045
f 4143/13/3983 4233/13/4059 4213/13/4052
f 4118/13/3960 4160/13/3999 4391/13/4068
f 4134/13/3970 4151/13/3994 4226/13/4069
f 4171/13/3986 4225/13/4060 4135/13/3971
f 4237/13/4070 4122/13/3962 4189/13/4031
f 4193/13/4014 4238/13/4071 4192/13/4033
f 4284/13/4072 4166/13/4073 4194/13/3989
f 4218/13/4006 4153/13/3973 4240/13/4074
f 4228/13/4058 4174/13/4010 4275/13/4075
f 4201/13/4076 4156/13/3990 4228/13/4058
f 4243/13/4077 4175/13/4021 4177/13/4078
f 4179/13/4023 4178/13/4022 4245/13/4079
f 4234/13/4080 4115/13/3958 4256/13/4081
f 4180/13/4024 4234/13/4080 4246/13/4082
f 4236/13/4083 4184/13/4043 4118/13/3960
f 4172/13/4084 4135/13/3971 4225/13/4060
f 4216/13/4054 4204/13/4044 4250/13/4085
f 4197/13/4018 4196/13/4017 4314/13/4086
f 4260/13/4087 4217/13/4088 4207/13/4037
f 4217/13/4088 4275/13/4075 4174/13/4010
f 4274/13/4065 4239/13/4089 4199/13/4020
f 4264/13/4090 4168/13/4011 4201/13/4076
f 4168/13/4011 4264/13/4090 4254/13/4091
f 4211/13/4040 4254/13/4091 4244/13/4013
f 4133/13/3969 4184/13/4043 4308/13/4092
f 4162/13/4003 4134/13/3970 4257/13/4093
f 4151/13/3994 4186/13/3995 4226/13/4069
f 4187/13/4027 4259/13/4094 4186/13/3995
f 4250/13/4085 4204/13/4044 4191/13/4032
f 4283/13/4095 4206/13/4035 4216/13/4054
f 4272/13/4096 4238/13/4071 4193/13/4014
f 4206/13/4035 4283/13/4095 4260/13/4087
f 4195/13/4036 4218/13/4006 4261/13/4097
f 4242/13/4098 4241/13/4055 4315/13/4099
f 4263/13/4100 4201/13/4076 4228/13/4058
f 4244/13/4013 4245/13/4079 4178/13/4022
f 4212/13/4050 4246/13/4082 4266/13/4101
f 4224/13/4053 4213/13/4052 4265/13/4102
f 4270/13/4103 4214/13/4030 4258/13/4104
f 4189/13/4031 4214/13/4030 4270/13/4103
f 4271/13/4105 4190/13/4062 4227/13/4061
f 4208/13/4106 4261/13/4097 4273/13/4107
f 4173/13/4016 4273/13/4107 4364/13/4108
f 4217/13/4088 4260/13/4087 4275/13/4075
f 4200/13/4056 4316/13/4109 4253/13/4110
f 4209/13/4111 4221/13/4112 4276/13/4113
f 4291/13/4114 4244/13/4013 4254/13/4091
f 4266/13/4101 4232/13/4115 4212/13/4050
f 4223/13/4049 4267/13/4116 4231/13/4117
f 4269/13/4118 4248/13/4119 4183/13/4001
f 4279/13/4120 4189/13/4031 4270/13/4103
f 4250/13/4085 4191/13/4032 4298/13/4121
f 4197/13/4018 4314/13/4086 4285/13/4122
f 4274/13/4065 4209/13/4111 4287/13/4123
f 4242/13/4098 4316/13/4109 4200/13/4056
f 4209/13/4111 4276/13/4113 4287/13/4123
f 4288/13/4124 4230/13/4067 4232/13/4115
f 4254/13/4091 4290/13/4125 4291/13/4114
f 4307/13/4126 4294/13/4127 4202/13/4041
f 4268/13/4128 4376/13/4129 4203/13/3993
f 4181/13/4025 4376/13/4129 4296/13/4130
f 4186/13/3995 4259/13/4094 4297/13/4131
f 4215/13/4005 4280/13/4132 4249/13/4133
f 4283/13/4095 4216/13/4054 4281/13/4134
f 4219/13/4063 4252/13/4064 4299/13/4135
f 4301/13/4136 4239/13/4089 4274/13/4065
f 4303/13/4137 4221/13/4112 4230/13/4067
f 4243/13/4077 4177/13/4078 4210/13/4138
f 4304/13/4139 4230/13/4067 4288/13/4124
f 4305/13/4140 4231/13/4117 4267/13/4116
f 4306/13/4141 4265/13/4102 4233/13/4059
f 4184/13/4043 4236/13/4083 4308/13/4092
f 4313/13/4142 4215/13/4005 4271/13/4105
f 4283/13/4095 4281/13/4134 4340/13/4143
f 4364/13/4108 4314/13/4086 4173/13/4016
f 4300/13/4144 4260/13/4087 4325/13/4145
f 4317/13/4146 4231/13/4117 4305/13/4140
f 4292/13/4147 4245/13/4079 4318/13/4148
f 4295/13/4149 4265/13/4102 4320/13/4150
f 4258/13/4104 4172/13/4084 4324/13/4151
f 4298/13/4121 4279/13/4120 4312/13/4152
f 4250/13/4085 4298/13/4121 4336/13/4153
f 4272/13/4096 4338/13/4154 4282/13/4155
f 4325/13/4145 4260/13/4087 4340/13/4143
f 4326/13/4156 4365/13/4157 4198/13/4038
f 4228/13/4058 4286/13/4158 4328/13/4159
f 4233/13/4059 4289/13/4160 4306/13/4141
f 4291/13/4114 4318/13/4148 4245/13/4079
f 4293/13/4161 4266/13/4101 4246/13/4082
f 4307/13/4126 4292/13/4147 4342/13/4162
f 4334/13/4163 4258/13/4104 4324/13/4151
f 4301/13/4136 4339/13/4164 4284/13/4072
f 4251/13/4165 4262/13/4039 4365/13/4157
f 4287/13/4123 4367/13/4166 4327/13/4167
f 4328/13/4159 4286/13/4158 4366/13/4168
f 4266/13/4101 4293/13/4161 4343/13/4169
f 4293/13/4161 4321/13/4170 4343/13/4169
f 4236/13/4083 4391/13/4068 4403/13/4171
f 4419/13/4172 4270/13/4103 4258/13/4104
f 4337/13/4173 4335/13/4174 4271/13/4105
f 4285/13/4122 4314/13/4086 4345/13/4175
f 4367/13/4166 4287/13/4123 4350/13/4176
f 4350/13/4176 4287/13/4123 4276/13/4113
f 4329/13/4177 4354/13/4178 4289/13/4160
f 4306/13/4141 4289/13/4160 4354/13/4178
f 4290/13/4125 4355/13/4179 4291/13/4114
f 4356/13/4180 4288/13/4124 4266/13/4101
f 4330/13/4181 4358/13/4182 4359/13/4183
f 4295/13/4149 4320/13/4150 4360/13/4184
f 4361/13/4185 4358/13/4182 4294/13/4127
f 4324/13/4151 4310/13/4186 4362/13/4187
f 4363/13/4188 4298/13/4121 4312/13/4152
f 4240/13/4074 4251/13/4165 4365/13/4157
f 4315/13/4099 4219/13/4063 4348/13/4189
f 4327/13/4167 4367/13/4166 4301/13/4136
f 4385/13/4190 4368/13/4191 4302/13/4192
f 4316/13/4109 4349/13/4193 4384/13/4194
f 4351/13/4195 4302/13/4192 4341/13/4196
f 4410/13/4197 4397/13/4198 4352/13/4199
f 4400/13/4200 4253/13/4110 4369/13/4201
f 4370/13/4202 4290/13/4125 4352/13/4199
f 4413/13/4203 4319/13/4204 4306/13/4141
f 4305/13/4140 4330/13/4181 4371/13/4205
f 4360/13/4184 4319/13/4204 4372/13/4206
f 4390/13/4207 4344/13/4208 4295/13/4149
f 4160/13/3999 4296/13/4130 4391/13/4068
f 4236/13/4083 4403/13/4171 4377/13/4209
f 4362/13/4187 4379/13/4210 4324/13/4151
f 4311/13/4211 4380/13/4212 4333/13/4213
f 4261/13/4097 4346/13/4214 4383/13/4215
f 4347/13/4216 4285/13/4122 4345/13/4175
f 4368/13/4191 4395/13/4217 4326/13/4156
f 4329/13/4177 4400/13/4200 4354/13/4178
f 4352/13/4199 4387/13/4218 4370/13/4202
f 4388/13/4219 4288/13/4124 4356/13/4180
f 4343/13/4169 4373/13/4220 4356/13/4180
f 4373/13/4220 4343/13/4169 4321/13/4170
f 4361/13/4185 4307/13/4126 4374/13/4221
f 4390/13/4207 4375/13/4222 4344/13/4208
f 4248/13/4119 4269/13/4118 4378/13/4223
f 4362/13/4187 4417/13/4224 4504/13/4225
f 4297/13/4131 4333/13/4213 4418/13/4226
f 4392/13/4227 4380/13/4212 4311/13/4211
f 4311/13/4211 4278/13/4228 4392/13/4227
f 4420/13/4229 4313/13/4142 4335/13/4174
f 4367/13/4166 4350/13/4176 4396/13/4230
f 4328/13/4159 4409/13/4231 4410/13/4197
f 4411/13/4232 4316/13/4109 4384/13/4194
f 4399/13/4233 4352/13/4199 4397/13/4198
f 4412/13/4234 4413/13/4203 4306/13/4141
f 4376/13/4129 4268/13/4128 4416/13/4235
f 4393/13/4236 4270/13/4103 4419/13/4172
f 4338/13/4154 4421/13/4237 4381/13/4238
f 4301/13/4136 4439/13/4239 4339/13/4164
f 4384/13/4194 4349/13/4193 4408/13/4240
f 4386/13/4241 4473/13/4242 4303/13/4137
f 4317/13/4146 4305/13/4140 4389/13/4243
f 4414/13/4244 4356/13/4180 4373/13/4220
f 4374/13/4221 4342/13/4162 4402/13/4245
f 4373/13/4220 4375/13/4222 4415/13/4246
f 4378/13/4223 4257/13/4093 4431/13/4247
f 4333/13/4213 4463/13/4248 4418/13/4226
f 4313/13/4142 4420/13/4229 4404/13/4249
f 4345/13/4175 4314/13/4086 4422/13/4250
f 4325/13/4145 4486/13/4251 4366/13/4168
f 4440/13/4252 4395/13/4217 4368/13/4191
f 287/13/55 278/13/51 279/13/57 280/13/56
f 4411/13/4232 4384/13/4194 4408/13/4240
f 4424/13/4253 4369/13/4201 4411/13/4232
f 4412/13/4234 4354/13/4178 4400/13/4200
f 4360/13/4184 4372/13/4206 4427/13/4254
f 4359/13/4183 4358/13/4182 4428/13/4255
f 4403/13/4171 4461/13/4256 4430/13/4257
f 4379/13/4210 4362/13/4187 4523/13/4258
f 4381/13/4238 4467/13/4259 4335/13/4174
f 4273/13/4107 4437/13/4260 4434/13/4261
f 4422/13/4250 4364/13/4108 4435/13/4262
f 4340/13/4143 4406/13/4263 4436/13/4264
f 4395/13/4217 4451/13/4265 4394/13/4266
f 4439/13/4239 4469/13/4267 4339/13/4164
f 4489/13/4268 4440/13/4252 4385/13/4190
f 4397/13/4198 4410/13/4197 4442/13/4269
f 4441/13/4270 4385/13/4190 4351/13/4195
f 4424/13/4253 4400/13/4200 4369/13/4201
f 4353/13/4271 4317/13/4146 4443/13/4272
f 4457/13/4273 4355/13/4179 4370/13/4202
f 4401/13/4274 4356/13/4180 4414/13/4244
f 4425/13/4275 4389/13/4243 4371/13/4205
f 4373/13/4220 4415/13/4246 4414/13/4244
f 4444/13/4276 4375/13/4222 4390/13/4207
f 4445/13/4277 4358/13/4182 4361/13/4185
f 4522/13/4278 4331/13/4279 4501/13/4280
f 4277/13/4281 4501/13/4280 4331/13/4279
f 4377/13/4209 4430/13/4257 4417/13/4224
f 4309/13/4282 4323/13/4283 4432/13/4284
f 4380/13/4212 4464/13/4285 4463/13/4248
f 4380/13/4212 4392/13/4227 4464/13/4285
f 4393/13/4236 4419/13/4172 4446/13/4286
f 4363/13/4188 4393/13/4236 4447/13/4287
f 4467/13/4259 4381/13/4238 4421/13/4237
f 4451/13/4265 4438/13/4288 4394/13/4266
f 4347/13/4216 4345/13/4175 4450/13/4289
f 4395/13/4217 4453/13/4290 4451/13/4265
f 4440/13/4252 4453/13/4290 4395/13/4217
f 4411/13/4232 4408/13/4240 4454/13/4291
f 4296/13/4130 4416/13/4235 4500/13/4292
f 4431/13/4247 4309/13/4282 4432/13/4284
f 4432/13/4284 4323/13/4283 4418/13/4226
f 4334/13/4163 4379/13/4210 4462/13/4293
f 4418/13/4226 4463/13/4248 4481/13/4294
f 4447/13/4287 4393/13/4236 4446/13/4286
f 4335/13/4174 4466/13/4295 4420/13/4229
f 4406/13/4263 4405/13/4296 4433/13/4297
f 4421/13/4237 4449/13/4298 4467/13/4259
f 4345/13/4175 4422/13/4250 4468/13/4299
f 4452/13/4300 4347/13/4216 4450/13/4289
f 4409/13/4231 4486/13/4251 4487/13/4301
f 4398/13/4302 4472/13/4303 4423/13/4304
f 4476/13/4305 4473/13/4242 4386/13/4241
f 4387/13/4218 4399/13/4233 4370/13/4202
f 4502/13/4306 4501/13/4280 4429/13/4307
f 4462/13/4293 4379/13/4210 4523/13/4258
f 4418/13/4226 4481/13/4294 4432/13/4284
f 4463/13/4248 4505/13/4308 4481/13/4294
f 4463/13/4248 4464/13/4285 4505/13/4308
f 4404/13/4249 4484/13/4309 4483/13/4310
f 4420/13/4229 4466/13/4295 4484/13/4309
f 4449/13/4298 4528/13/4311 4467/13/4259
f 4448/13/4312 4406/13/4263 4507/13/4313
f 4422/13/4250 4435/13/4262 4530/13/4314
f 4488/13/4315 4440/13/4252 4489/13/4268
f 4490/13/4316 4408/13/4240 4470/13/4317
f 4537/13/4318 4489/13/4268 4441/13/4270
f 4475/13/4319 4441/13/4270 4351/13/4195
f 4552/13/4320 4401/13/4274 4414/13/4244
f 4494/13/4321 4414/13/4244 4415/13/4246
f 4500/13/4292 4540/13/4322 4478/13/4323
f 4405/13/4296 4465/13/4324 4506/13/4325
f 4437/13/4260 4508/13/4326 4564/13/4327
f 4437/13/4260 4438/13/4288 4508/13/4326
f 4451/13/4265 4453/13/4290 4510/13/4328
f 4436/13/4264 4544/13/4329 4486/13/4251
f 4469/13/4267 4439/13/4239 4545/13/4330
f 4409/13/4231 4487/13/4301 4511/13/4331
f 4455/13/4332 4513/13/4333 4514/13/4334
f 4476/13/4305 4538/13/4335 4473/13/4242
f 4491/13/4336 4399/13/4233 4515/13/4337
f 4518/13/4338 4414/13/4244 4494/13/4321
f 4497/13/4339 4402/13/4245 4495/13/4340
f 4425/13/4275 4426/13/4341 4519/13/4342
f 4415/13/4246 4459/13/4343 4520/13/4344
f 4498/13/4345 4402/13/4245 4521/13/4346
f 4461/13/4256 4478/13/4323 4430/13/4257
f 4504/13/4225 4542/13/4347 4523/13/4258
f 4524/13/4348 4446/13/4286 4482/13/4349
f 4525/13/4350 4446/13/4286 4524/13/4348
f 4525/13/4350 4447/13/4287 4446/13/4286
f 4526/13/4351 4507/13/4313 4433/13/4297
f 4434/13/4261 4564/13/4327 4529/13/4352
f 4530/13/4314 4531/13/4353 4422/13/4250
f 4535/13/4354 4489/13/4268 4537/13/4318
f 4536/13/4355 4471/13/4356 4472/13/4303
f 4548/13/4357 4454/13/4291 4490/13/4316
f 4424/13/4253 4474/13/4358 4517/13/4359
f 4516/13/4360 4443/13/4272 4493/13/4361
f 4552/13/4320 4456/13/4362 4401/13/4274
f 4555/13/4363 4495/13/4340 4492/13/4364
f 4496/13/4365 4413/13/4203 4458/13/4366
f 4415/13/4246 4520/13/4344 4494/13/4321
f 4521/13/4346 4402/13/4245 4497/13/4339
f 4459/13/4343 4499/13/4367 4520/13/4344
f 4460/13/4368 4427/13/4254 4539/13/4369
f 4504/13/4225 4601/13/4370 4542/13/4347
f 4560/13/4371 4462/13/4293 4523/13/4258
f 4484/13/4309 4663/13/4372 4483/13/4310
f 4468/13/4299 4532/13/4373 4543/13/4374
f 4436/13/4264 4509/13/4375 4544/13/4329
f 4485/13/4376 4452/13/4300 4585/13/4377
f 4511/13/4331 4487/13/4301 4546/13/4378
f 4552/13/4320 4550/13/4379 4456/13/4362
f 4521/13/4346 4497/13/4339 4574/13/4380
f 4520/13/4344 4499/13/4367 4556/13/4381
f 4501/13/4280 4559/13/4382 4522/13/4278
f 4430/13/4257 4478/13/4323 4581/13/4383
f 4466/13/4295 4663/13/4372 4484/13/4309
f 4448/13/4312 4507/13/4313 4604/13/4384
f 4530/13/4314 4529/13/4352 4584/13/4385
f 4530/13/4314 4584/13/4385 4565/13/4386
f 4532/13/4373 4422/13/4250 4531/13/4353
f 4533/13/4387 4563/13/4388 4449/13/4298
f 4536/13/4355 4611/13/4389 4471/13/4356
f 4589/13/4390 4535/13/4354 4547/13/4391
f 4548/13/4357 4490/13/4316 4566/13/4392
f 4570/13/4393 4514/13/4334 4513/13/4333
f 4571/13/4394 4474/13/4358 4569/13/4395
f 4572/13/4396 4475/13/4319 4516/13/4360
f 4491/13/4336 4515/13/4337 4551/13/4397
f 4553/13/4398 4516/13/4360 4493/13/4361
f 4554/13/4399 4594/13/4400 4458/13/4366
f 4499/13/4367 4576/13/4401 4556/13/4381
f 4428/13/4255 4599/13/4402 4577/13/4403
f 4522/13/4278 4559/13/4382 4579/13/4404
f 4478/13/4323 4580/13/4405 4581/13/4383
f 4600/13/4406 4502/13/4306 4503/13/4407
f 4563/13/4388 4696/13/4408 4528/13/4311
f 4452/13/4300 4667/13/4409 4585/13/4377
f 4487/13/4301 4608/13/4410 4612/13/4411
f 4488/13/4315 4610/13/4412 4453/13/4290
f 4586/13/4413 4489/13/4268 4535/13/4354
f 4567/13/4414 4548/13/4357 4566/13/4392
f 4512/13/4415 4616/13/4416 4513/13/4333
f 4550/13/4379 4590/13/4417 4476/13/4305
f 4553/13/4398 4572/13/4396 4516/13/4360
f 4593/13/4418 4518/13/4338 4494/13/4321
f 4573/13/4419 4493/13/4361 4519/13/4342
f 4593/13/4418 4494/13/4321 4520/13/4344
f 4595/13/4420 4520/13/4344 4556/13/4381
f 4519/13/4342 4428/13/4255 4596/13/4421
f 4478/13/4323 4540/13/4322 4627/13/4422
f 4541/13/4423 4502/13/4306 4600/13/4406
f 4481/13/4294 4602/13/4424 4561/13/4425
f 4528/13/4311 4696/13/4408 4527/13/4426
f 4526/13/4351 4603/13/4427 4604/13/4384
f 4531/13/4353 4565/13/4386 4634/13/4428
f 4509/13/4375 4604/13/4384 4699/13/4429
f 4543/13/4374 4532/13/4373 4606/13/4430
f 4510/13/4328 4453/13/4290 4610/13/4412
f 4609/13/4431 4545/13/4330 4611/13/4389
f 4536/13/4355 4613/13/4432 4611/13/4389
f 4588/13/4433 4613/13/4432 4536/13/4355
f 4617/13/4434 4513/13/4333 4616/13/4416
f 4618/13/4435 4569/13/4395 4548/13/4357
f 4515/13/4337 4619/13/4436 4551/13/4397
f 4590/13/4417 4550/13/4379 4591/13/4437
f 4553/13/4398 4620/13/4438 4572/13/4396
f 4492/13/4364 4551/13/4397 4710/13/4439
f 4675/13/4440 4497/13/4339 4555/13/4363
f 4575/13/4441 4574/13/4380 4621/13/4442
f 4596/13/4421 4577/13/4403 4622/13/4443
f 4539/13/4369 4597/13/4444 4623/13/4445
f 4416/13/4235 4625/13/4446 4500/13/4292
f 4625/13/4446 4578/13/4447 4500/13/4292
f 4540/13/4322 4658/13/4448 4627/13/4422
f 4630/13/4449 4482/13/4349 4583/13/4450
f 4505/13/4308 4631/13/4451 4602/13/4424
f 4505/13/4308 4483/13/4310 4632/13/4452
f 4633/13/4453 4525/13/4350 4662/13/4454
f 4483/13/4310 4808/13/4455 4632/13/4452
f 4584/13/4385 4634/13/4428 4565/13/4386
f 4564/13/4327 4605/13/4456 4814/13/4457
f 4606/13/4430 4532/13/4373 4666/13/4458
f 4700/13/4459 4563/13/4388 4533/13/4387
f 4700/13/4459 4533/13/4387 4609/13/4431
f 4485/13/4376 4585/13/4377 4670/13/4460
f 4611/13/4389 4669/13/4461 4609/13/4431
f 4586/13/4413 4636/13/4462 4488/13/4315
f 4571/13/4394 4569/13/4395 4640/13/4463
f 4497/13/4339 4678/13/4464 4574/13/4380
f 4557/13/4465 4575/13/4441 4641/13/4466
f 4576/13/4401 4598/13/4467 4643/13/4468
f 4599/13/4402 4557/13/4465 4642/13/4469
f 4715/13/4470 4577/13/4403 4599/13/4402
f 4558/13/4471 4539/13/4369 4644/13/4472
f 4598/13/4467 4558/13/4471 4683/13/4473
f 4652/13/4474 4645/13/4475 4653/13/4476
f 4655/13/4477 4650/13/4478 4649/13/4479
f 4656/13/4480 4650/13/4478 4655/13/4477
f 4651/13/4481 4656/13/4482 4720/13/4483
f 4578/13/4447 4625/13/4446 4657/13/4484
f 4601/13/4370 4581/13/4383 4725/13/4485
f 4561/13/4425 4602/13/4424 4728/13/4486
f 4505/13/4308 4632/13/4452 4631/13/4451
f 4527/13/4426 4729/13/4487 4466/13/4295
f 4564/13/4327 4814/13/4457 4664/13/4488
f 4470/13/4317 4670/13/4460 4671/13/4489
f 4618/13/4435 4548/13/4357 4567/13/4414
f 4673/13/4490 4549/13/4491 4639/13/4492
f 4639/13/4492 4572/13/4396 4620/13/4438
f 4551/13/4397 4619/13/4436 4710/13/4439
f 4592/13/4493 4554/13/4399 4571/13/4394
f 4620/13/4438 4553/13/4398 4573/13/4419
f 4594/13/4400 4676/13/4494 4597/13/4444
f 4621/13/4442 4574/13/4380 4678/13/4464
f 4556/13/4381 4576/13/4401 4680/13/4495
f 4622/13/4443 4681/13/4496 4682/13/4497
f 4645/13/4498 4716/13/4499 4646/13/4500
f 4649/13/4501 4687/13/4502 4688/13/4503
f 4647/13/4504 4757/13/4505 4686/13/4506
f 4651/13/4507 4689/13/4508 4684/13/4509
f 4685/13/4510 4653/13/4476 4645/13/4475
f 4647/13/4511 4654/13/4512 4757/13/4513
f 4652/13/4514 4690/13/4515 4654/13/4516
f 4720/13/4483 4656/13/4482 4835/13/4517
f 4666/13/4458 4634/13/4428 4698/13/4518
f 4543/13/4374 4606/13/4430 4701/13/4519
f 4534/13/4520 4816/13/4521 4607/13/4522
f 4668/13/4523 4771/13/4524 4534/13/4520
f 4667/13/4409 4730/13/4525 4702/13/4526
f 4610/13/4412 4668/13/4523 4510/13/4328
f 4731/13/4527 4610/13/4412 4636/13/4462
f 4546/13/4378 4612/13/4411 4703/13/4528
f 4546/13/4378 4703/13/4528 4614/13/4529
f 4547/13/4391 4673/13/4490 4822/13/4530
f 4568/13/4531 4857/13/4532 4637/13/4533
f 4590/13/4417 4707/13/4534 4568/13/4531
f 4591/13/4437 4707/13/4534 4590/13/4417
f 4619/13/4436 4708/13/4535 4709/13/4536
f 4619/13/4436 4709/13/4536 4710/13/4439
f 4713/13/4537 4624/13/4538 4623/13/4445
f 4684/13/4509 4689/13/4508 4756/13/4539
f 4719/13/4540 4653/13/4476 4685/13/4510
f 4721/13/4541 4757/13/4513 4654/13/4512
f 4654/13/4516 4690/13/4515 4758/13/4542
f 4721/13/4543 4654/13/4516 4758/13/4542
f 4655/13/4544 4722/13/4545 4691/13/4546
f 4626/13/4547 4579/13/4404 4723/13/4548
f 4580/13/4405 4627/13/4422 4761/13/4549
f 4580/13/4405 4761/13/4549 4581/13/4383
f 4560/13/4371 4628/13/4550 4726/13/4551
f 4727/13/4552 4629/13/4553 4728/13/4486
f 4726/13/4551 4695/13/4554 4560/13/4371
f 4526/13/4351 4766/13/4555 4603/13/4427
f 4584/13/4385 4664/13/4488 4812/13/4556
f 4534/13/4520 4771/13/4524 4816/13/4521
f 4667/13/4409 4701/13/4519 4730/13/4525
f 4815/13/4557 4635/13/4558 4699/13/4429
f 4612/13/4411 4732/13/4559 4703/13/4528
f 4611/13/4389 4734/13/4560 4669/13/4461
f 4670/13/4460 4733/13/4561 4671/13/4489
f 4820/13/4562 4731/13/4527 4636/13/4462
f 4614/13/4529 4703/13/4528 4735/13/4563
f 4705/13/4564 4614/13/4529 4735/13/4563
f 4706/13/4565 4587/13/4566 4671/13/4489
f 4672/13/4567 4616/13/4416 4705/13/4564
f 4707/13/4534 4738/13/4568 4857/13/4532
f 4708/13/4535 4570/13/4393 4617/13/4434
f 4739/13/4569 4591/13/4437 4740/13/4570
f 4741/13/4571 4571/13/4394 4640/13/4463
f 4678/13/4464 4743/13/4572 4621/13/4442
f 4743/13/4572 4641/13/4466 4621/13/4442
f 4680/13/4495 4714/13/4573 4712/13/4574
f 4679/13/4575 4622/13/4443 4828/13/4576
f 4624/13/4538 4744/13/4577 4746/13/4578
f 4748/13/4579 4681/13/4496 4715/13/4470
f 4683/13/4473 4644/13/4472 4749/13/4580
f 4716/13/4499 4645/13/4498 4717/13/4581
f 4717/13/4581 4648/13/4582 4752/13/4583
f 4755/13/4584 4646/13/4500 4716/13/4499
f 4684/13/4509 4756/13/4539 4718/13/4585
f 4720/13/4483 4835/13/4517 4978/13/4586
f 4759/13/4587 4761/13/4549 4627/13/4422
f 4759/13/4587 4627/13/4422 4724/13/4588
f 4759/13/4587 4807/13/4589 4761/13/4549
f 4581/13/4383 4761/13/4549 4763/13/4590
f 4661/13/4591 4582/13/4592 4764/13/4593
f 4628/13/4550 4725/13/4485 4840/13/4594
f 4728/13/4486 4602/13/4424 4727/13/4552
f 4562/13/4595 4633/13/4453 4766/13/4555
f 4729/13/4487 4767/13/4596 4663/13/4372
f 4665/13/4597 4812/13/4556 4768/13/4598
f 4665/13/4597 4768/13/4598 4769/13/4599
f 4698/13/4518 4665/13/4597 4769/13/4599
f 4664/13/4488 4814/13/4457 4812/13/4556
f 4669/13/4461 4772/13/4600 4700/13/4459
f 4847/13/4601 4772/13/4600 4669/13/4461
f 4731/13/4527 4773/13/4602 4668/13/4523
f 4734/13/4560 4847/13/4601 4669/13/4461
f 4731/13/4527 4820/13/4562 4775/13/4603
f 4777/13/4604 4671/13/4489 4776/13/4605
f 4706/13/4565 4671/13/4489 4777/13/4604
f 4704/13/4606 4778/13/4607 4613/13/4432
f 4708/13/4535 4737/13/4608 4780/13/4609
f 4739/13/4569 4782/13/4610 4707/13/4534
f 4711/13/4611 4710/13/4439 4709/13/4536
f 4826/13/4612 4740/13/4570 4593/13/4418
f 4678/13/4464 4677/13/4613 4743/13/4572
f 4749/13/4580 4624/13/4538 4746/13/4578
f 4787/13/4614 4715/13/4470 4747/13/4615
f 4787/13/4614 4748/13/4579 4715/13/4470
f 4682/13/4497 4748/13/4579 4788/13/4616
f 4787/13/4614 4747/13/4615 4789/13/4617
f 4750/13/4618 4749/13/4580 4791/13/4619
f 4716/13/4499 4793/13/4620 4755/13/4584
f 4752/13/4583 4648/13/4582 4794/13/4621
f 4796/13/4622 4688/13/4503 4687/13/4502
f 4756/13/4539 4689/13/4508 4799/13/4623
f 4800/13/4624 4719/13/4625 4797/13/4626
f 4801/13/4627 4689/13/4508 4720/13/4628
f 4658/13/4448 4657/13/4484 4803/13/4629
f 4803/13/4629 4660/13/4630 4658/13/4448
f 4806/13/4631 4805/13/4632 4694/13/4633
f 4694/13/4634 4760/13/4635 4806/13/4631
f 4764/13/4593 4582/13/4592 4765/13/4636
f 4629/13/4553 4727/13/4552 4765/13/4636
f 4631/13/4451 4888/13/4637 4844/13/4638
f 4845/13/4639 4766/13/4555 4633/13/4453
f 4697/13/4640 4603/13/4427 4809/13/4641
f 4666/13/4458 4698/13/4518 4813/13/4642
f 4606/13/4430 4666/13/4458 4813/13/4642
f 4606/13/4430 4813/13/4642 4701/13/4519
f 4771/13/4524 4943/13/4643 4816/13/4521
f 4771/13/4524 4668/13/4523 4944/13/4644
f 4773/13/4602 4944/13/4644 4668/13/4523
f 4776/13/4605 4733/13/4561 4818/13/4645
f 4734/13/4560 4778/13/4607 4852/13/4646
f 4819/13/4647 4735/13/4563 4703/13/4528
f 4636/13/4462 4736/13/4648 4820/13/4562
f 4822/13/4530 4856/13/4649 4779/13/4650
f 4618/13/4435 4567/13/4414 4638/13/4651
f 4707/13/4534 4911/13/4652 4738/13/4568
f 4824/13/4653 4781/13/4654 4618/13/4435
f 4639/13/4492 4962/13/4655 4673/13/4490
f 4709/13/4536 4708/13/4535 4912/13/4656
f 4709/13/4536 4912/13/4656 4711/13/4611
f 4825/13/4657 4620/13/4438 4784/13/4658
f 4785/13/4659 4860/13/4660 4712/13/4574
f 4743/13/4572 4863/13/4661 4745/13/4662
f 4827/13/4663 4744/13/4577 4713/13/4537
f 4682/13/4497 4788/13/4616 4828/13/4576
f 4789/13/4617 4747/13/4615 4829/13/4664
f 4792/13/4665 4751/13/4666 4750/13/4618
f 4788/13/4616 4790/13/4667 4830/13/4668
f 4687/13/4502 4753/13/4669 4831/13/4670
f 4833/13/4671 4688/13/4503 4796/13/4622
f 4722/13/4545 5086/13/4672 4691/13/4546
f 4691/13/4546 5086/13/4672 4835/13/4517
f 4693/13/4673 4836/13/4674 4659/13/4675
f 4660/13/4630 4980/13/4676 4724/13/4588
f 4694/13/4677 4837/13/4678 4693/13/4673
f 4805/13/4679 4837/13/4678 4694/13/4677
f 4807/13/4589 4886/13/4680 4761/13/4549
f 4763/13/4590 4840/13/4594 4725/13/4485
f 4842/13/4681 4695/13/4554 4726/13/4551
f 4813/13/4642 4698/13/4518 4892/13/4682
f 4889/13/4683 4812/13/4556 4814/13/4457
f 4891/13/4684 4815/13/4557 4697/13/4640
f 4816/13/4521 4893/13/4685 4814/13/4457
f 4943/13/4643 4771/13/4524 4944/13/4644
f 4730/13/4525 4996/13/4686 4817/13/4687
f 4773/13/4602 4850/13/4688 4944/13/4644
f 4818/13/4645 4733/13/4561 4945/13/4689
f 4775/13/4603 4850/13/4688 4773/13/4602
f 4897/13/4690 4776/13/4605 4818/13/4645
f 4849/13/4691 4819/13/4647 4774/13/4692
f 4820/13/4562 4853/13/4693 4775/13/4603
f 4855/13/4694 4777/13/4604 4776/13/4605
f 4705/13/4564 4735/13/4563 4819/13/4647
f 4706/13/4565 4777/13/4604 4855/13/4694
f 4778/13/4607 4704/13/4606 4854/13/4695
f 4958/13/4696 4736/13/4648 4779/13/4650
f 4737/13/4608 4672/13/4567 4905/13/4697
f 4908/13/4698 4615/13/4699 4706/13/4565
f 4738/13/4568 4910/13/4700 4857/13/4532
f 4824/13/4653 4618/13/4435 4823/13/4701
f 4858/13/4702 4673/13/4490 4962/13/4655
f 4826/13/4612 4916/13/4703 4740/13/4570
f 4862/13/4704 4784/13/4658 4679/13/4575
f 4743/13/4572 4861/13/4705 4863/13/4661
f 4828/13/4576 4862/13/4704 4679/13/4575
f 4745/13/4662 4829/13/4664 4747/13/4615
f 4786/13/4706 4751/13/4666 4867/13/4707
f 4868/13/4708 4790/13/4667 4787/13/4614
f 4791/13/4619 4746/13/4578 4869/13/4709
f 4870/13/4710 4791/13/4619 4872/13/4711
f 4686/13/4506 4798/13/4712 4794/13/4621
f 4687/13/4502 4831/13/4670 4796/13/4622
f 4799/13/4623 4689/13/4508 4875/13/4713
f 4657/13/4484 4625/13/4446 4877/13/4714
f 4625/13/4446 4692/13/4715 4979/13/4716
f 4692/13/4715 4626/13/4547 4878/13/4717
f 4980/13/4676 4660/13/4630 4803/13/4629
f 4837/13/4678 4805/13/4679 4880/13/4718
f 4879/13/4719 4838/13/4720 4804/13/4721
f 4806/13/4631 4882/13/4722 4805/13/4632
f 4760/13/4635 4983/13/4723 4839/13/4724
f 4762/13/4725 4983/13/4723 4760/13/4635
f 4884/13/4726 4882/13/4722 4806/13/4631
f 4839/13/4724 4884/13/4726 4806/13/4631
f 4887/13/4727 4726/13/4551 4885/13/4728
f 4602/13/4424 4935/13/4729 4841/13/4730
f 4602/13/4424 4844/13/4638 4935/13/4729
f 4811/13/4731 4889/13/4683 4890/13/4732
f 4892/13/4682 4698/13/4518 4846/13/4733
f 4730/13/4525 4701/13/4519 4996/13/4686
f 4733/13/4561 4817/13/4687 4945/13/4689
f 4944/13/4644 4850/13/4688 4895/13/4734
f 4899/13/4735 4951/13/4736 4850/13/4688
f 4853/13/4693 4899/13/4735 4850/13/4688
f 4900/13/4737 4776/13/4605 4897/13/4690
f 4819/13/4647 4849/13/4691 4902/13/4738
f 4853/13/4693 4903/13/4739 4899/13/4735
f 4854/13/4695 4901/13/4740 4852/13/4646
f 4779/13/4650 4907/13/4741 4958/13/4696
f 4739/13/4569 4913/13/4742 4782/13/4610
f 4917/13/4743 4742/13/4744 4741/13/4571
f 4861/13/4705 4677/13/4613 4783/13/4745
f 4864/13/4746 4827/13/4663 4917/13/4743
f 4745/13/4662 4865/13/4747 4829/13/4664
f 4919/13/4748 4869/13/4709 4746/13/4578
f 4872/13/4711 4869/13/4709 4922/13/4749
f 4792/13/4665 4870/13/4710 4923/13/4750
f 4753/13/4669 4754/13/4751 4976/13/4752
f 4798/13/4712 4926/13/4753 4794/13/4621
f 4833/13/4671 4796/13/4622 4831/13/4670
f 4927/13/4754 4834/13/4755 4797/13/4626
f 4834/13/4755 5025/13/4756 4797/13/4626
f 4929/13/4757 4874/13/4758 4721/13/4541
f 5212/13/4759 4690/13/4515 4653/13/4760
f 5086/13/4672 5213/13/4761 4835/13/4517
f 4878/13/4717 4930/13/4762 4692/13/4715
f 4979/13/4716 4877/13/4714 4625/13/4446
f 4878/13/4717 4723/13/4548 4931/13/4763
f 4881/13/4764 4805/13/4679 4882/13/4765
f 4807/13/4589 4933/13/4766 4886/13/4680
f 4839/13/4724 4934/13/4767 4884/13/4726
f 4842/13/4681 4726/13/4551 4887/13/4727
f 4662/13/4454 4843/13/4768 4937/13/4769
f 4768/13/4598 4846/13/4733 4769/13/4599
f 4770/13/4770 4990/13/4771 4810/13/4772
f 4889/13/4683 4893/13/4685 4941/13/4773
f 4995/13/4774 4815/13/4557 4891/13/4684
f 4816/13/4521 4942/13/4775 4893/13/4685
f 4772/13/4600 4894/13/4776 5098/13/4777
f 4942/13/4775 4816/13/4521 4943/13/4643
f 4947/13/4778 4945/13/4689 5051/13/4779
f 4848/13/4780 4851/13/4781 4948/13/4782
f 4849/13/4691 4946/13/4783 4949/13/4784
f 4850/13/4688 4951/13/4736 4950/13/4785
f 4818/13/4645 4947/13/4778 4897/13/4690
f 4896/13/4786 4951/13/4736 4899/13/4735
f 4953/13/4787 4898/13/4788 4952/13/4789
f 4901/13/4740 4953/13/4787 4952/13/4789
f 4902/13/4738 4899/13/4735 4954/13/4790
f 4955/13/4791 4903/13/4739 4853/13/4693
f 4853/13/4693 4820/13/4562 4955/13/4791
f 4900/13/4737 4855/13/4694 4776/13/4605
f 4736/13/4648 4958/13/4696 4957/13/4792
f 4905/13/4697 4705/13/4564 4904/13/4793
f 4779/13/4650 4856/13/4649 4907/13/4741
f 4910/13/4700 4906/13/4794 4857/13/4532
f 4960/13/4795 4909/13/4796 4737/13/4608
f 4858/13/4702 5058/13/4797 4856/13/4649
f 4915/13/4798 4859/13/4799 4825/13/4657
f 4861/13/4705 4783/13/4745 4914/13/4800
f 4826/13/4612 4860/13/4660 4916/13/4703
f 4864/13/4746 4917/13/4743 4964/13/4801
f 4965/13/4802 4862/13/4704 4828/13/4576
f 4965/13/4802 4828/13/4576 4866/13/4803
f 4966/13/4804 4866/13/4803 4830/13/4668
f 4918/13/4805 4919/13/4748 4746/13/4578
f 4830/13/4668 4790/13/4667 4921/13/4806
f 4967/13/4807 4868/13/4708 4789/13/4617
f 4970/13/4808 4871/13/4809 4868/13/4708
f 4868/13/4708 4967/13/4807 4971/13/4810
f 4973/13/4811 4923/13/4750 4870/13/4710
f 4970/13/4808 4868/13/4708 4974/13/4812
f 4976/13/4752 4754/13/4751 4873/13/4813
f 4752/13/4583 4794/13/4621 4925/13/4814
f 4925/13/4814 4794/13/4621 4926/13/4753
f 4755/13/4584 4793/13/4620 4977/13/4815
f 5081/13/4816 4926/13/4753 4798/13/4712
f 4978/13/4817 4875/13/4713 4801/13/4627
f 4929/13/4757 5081/13/4818 4874/13/4758
f 5212/13/4759 4758/13/4542 4690/13/4515
f 4692/13/4715 4930/13/4762 4979/13/4716
f 4803/13/4629 4877/13/4714 4980/13/4676
f 4981/13/4819 4838/13/4720 4879/13/4719
f 4884/13/4726 4982/13/4820 4882/13/4722
f 4886/13/4680 4984/13/4821 4840/13/4594
f 4765/13/4636 4986/13/4822 4985/13/4823
f 4841/13/4730 4986/13/4822 4765/13/4636
f 4987/13/4824 4887/13/4727 4885/13/4728
f 4937/13/4769 4845/13/4639 4662/13/4454
f 4845/13/4639 4937/13/4769 4989/13/4825
f 4767/13/4596 5037/13/4826 4888/13/4637
f 4991/13/4827 4811/13/4828 4890/13/4829
f 4811/13/4828 4991/13/4827 4768/13/4830
f 4992/13/4831 4846/13/4733 4991/13/4832
f 4846/13/4733 4992/13/4831 4993/13/4833
f 4997/13/4834 4817/13/4687 4996/13/4686
f 4945/13/4689 4817/13/4687 4997/13/4834
f 4950/13/4785 4951/13/4736 5162/13/4835
f 4952/13/4789 4948/13/4782 4851/13/4781
f 4904/13/4793 4902/13/4738 4999/13/4836
f 4901/13/4740 4854/13/4695 5000/13/4837
f 4956/13/4838 5001/13/4839 4855/13/4694
f 4706/13/4565 4855/13/4694 5001/13/4839
f 4959/13/4840 5000/13/4837 4854/13/4695
f 4906/13/4794 4959/13/4840 4854/13/4695
f 4958/13/4696 5055/13/4841 4957/13/4792
f 4908/13/4698 4706/13/4565 5001/13/4839
f 4958/13/4696 4907/13/4741 5055/13/4841
f 5004/13/4842 4821/13/4843 4908/13/4698
f 4856/13/4649 5003/13/4844 4907/13/4741
f 5004/13/4842 4961/13/4845 4821/13/4843
f 4823/13/4701 4961/13/4845 5005/13/4846
f 4824/13/4653 4823/13/4701 5005/13/4846
f 4914/13/4800 4912/13/4656 5008/13/4847
f 4963/13/4848 5011/13/4849 4860/13/4660
f 4863/13/4661 4861/13/4705 5012/13/4850
f 5065/13/4851 4786/13/4706 4867/13/4707
f 4918/13/4805 4964/13/4801 4919/13/4748
f 5014/13/4852 4967/13/4807 4829/13/4664
f 4867/13/4707 4920/13/4853 4969/13/4854
f 4967/13/4807 5014/13/4852 4968/13/4855
f 4966/13/4804 4830/13/4668 4921/13/4806
f 4968/13/4855 4971/13/4810 4967/13/4807
f 4966/13/4804 4921/13/4806 5015/13/4856
f 4924/13/4857 5017/13/4858 5016/13/4859
f 4976/13/4752 5077/13/4860 5021/13/4861
f 5077/13/4860 4873/13/4813 5019/13/4862
f 5080/13/4863 4831/13/4670 5021/13/4861
f 4833/13/4671 5080/13/4863 5024/13/4864
f 5027/13/4865 4929/13/4866 4758/13/4542
f 4876/13/4867 5293/13/4868 5086/13/4672
f 4835/13/4517 5026/13/4869 4978/13/4586
f 4723/13/4548 4836/13/4674 4931/13/4763
f 4879/13/4719 4804/13/4721 5139/13/4870
f 4879/13/4719 5139/13/4870 5028/13/4871
f 5029/13/4872 4880/13/4718 4881/13/4764
f 5031/13/4873 4981/13/4819 4879/13/4719
f 4933/13/4766 4984/13/4821 4886/13/4680
f 4884/13/4726 5032/13/4874 4982/13/4820
f 5035/13/4875 4932/13/4876 4883/13/4877
f 5036/13/4878 5032/13/4874 4884/13/4726
f 4984/13/4821 4987/13/4824 4885/13/4728
f 4844/13/4638 4988/13/4879 4935/13/4729
f 4989/13/4825 4938/13/4880 4809/13/4641
f 4991/13/4881 4890/13/4882 5039/13/4883
f 4992/13/4884 4991/13/4885 5038/13/4886
f 4994/13/4887 5100/13/4888 4890/13/4732
f 4890/13/4889 5100/13/4890 5039/13/4891
f 4993/13/4892 4992/13/4884 5040/13/4893
f 4893/13/4685 4942/13/4775 5047/13/4894
f 5047/13/4894 4942/13/4775 5050/13/4895
f 5162/13/4835 5110/13/4896 4950/13/4785
f 5000/13/4837 5113/13/4897 4901/13/4740
f 4903/13/4739 5053/13/4898 4954/13/4790
f 4910/13/4700 5250/13/4899 5057/13/4900
f 5437/13/4901 4858/13/4702 4962/13/4655
f 4861/13/4705 4914/13/4800 5060/13/4902
f 4917/13/4743 5061/13/4903 5062/13/4904
f 5066/13/4905 4964/13/4801 5064/13/4906
f 4969/13/4854 5121/13/4907 4867/13/4707
f 5068/13/4908 4968/13/4855 5014/13/4852
f 4969/13/4854 4975/13/4909 5071/13/4910
f 4921/13/4806 4972/13/4911 5072/13/4912
f 5073/13/4913 4975/13/4909 4923/13/4750
f 5016/13/4859 5017/13/4858 5127/13/4914
f 5018/13/4915 5020/13/4916 5075/13/4917
f 5019/13/4862 5023/13/4918 5078/13/4919
f 5079/13/4920 4925/13/4814 4926/13/4753
f 4795/13/4921 4832/13/4922 5023/13/4918
f 4927/13/4754 4977/13/4815 5289/13/4923
f 5134/13/4924 5024/13/4864 5080/13/4863
f 5133/13/4925 4875/13/4713 5082/13/4926
f 4929/13/4866 5027/13/4865 5084/13/4927
f 4980/13/4676 4877/13/4714 5138/13/4928
f 5089/13/4929 4982/13/4930 5032/13/4874
f 5031/13/4873 5035/13/4931 4883/13/4877
f 5090/13/4932 5034/13/4933 5035/13/4875
f 4983/13/4723 4985/13/4823 5091/13/4934
f 5092/13/4935 5036/13/4936 4934/13/4767
f 5089/13/4929 5036/13/4878 5094/13/4937
f 5095/13/4938 5092/13/4935 4934/13/4767
f 5093/13/4939 5095/13/4938 4934/13/4767
f 5097/13/4940 4937/13/4769 4843/13/4768
f 5101/13/4941 5039/13/4942 5100/13/4943
f 4993/13/4892 5040/13/4893 5102/13/4944
f 5040/13/4945 5038/13/4886 5043/13/4946
f 5107/13/4947 4891/13/4684 4938/13/4880
f 5039/13/4948 5105/13/4949 5044/13/4950
f 5106/13/4951 5040/13/4945 5043/13/4946
f 5108/13/4952 5043/13/4946 5041/13/4953
f 4942/13/4775 4895/13/4734 5050/13/4895
f 4997/13/4834 4996/13/4686 5046/13/4954
f 4947/13/4778 5051/13/4779 5158/13/4955
f 4998/13/4956 4947/13/4778 5158/13/4955
f 4998/13/4956 5158/13/4955 5321/13/4957
f 5111/13/4958 5052/13/4959 4957/13/4792
f 4957/13/4792 5055/13/4841 5111/13/4958
f 5054/13/4960 5001/13/4839 5112/13/4961
f 4999/13/4836 5002/13/4962 4904/13/4793
f 5003/13/4844 5115/13/4963 4907/13/4741
f 5005/13/4846 4961/13/4845 5249/13/4964
f 4910/13/4700 5007/13/4965 5250/13/4899
f 5059/13/4966 4824/13/4653 5005/13/4846
f 4781/13/4654 5059/13/4966 5117/13/4967
f 5060/13/4902 4914/13/4800 5008/13/4847
f 5064/13/4906 5062/13/4904 5119/13/4968
f 5014/13/4852 5012/13/4850 5120/13/4969
f 5069/13/4970 4922/13/4749 5067/13/4971
f 5069/13/4970 5070/13/4972 4922/13/4749
f 5123/13/4973 4974/13/4812 4971/13/4810
f 5125/13/4974 5074/13/4975 4975/13/4909
f 5073/13/4913 4973/13/4811 5124/13/4976
f 5017/13/4858 5128/13/4977 5127/13/4914
f 5286/13/4978 5020/13/4916 4925/13/4814
f 5078/13/4919 5023/13/4918 5130/13/4979
f 4832/13/4922 5132/13/4980 5023/13/4918
f 5082/13/4926 4978/13/4817 5135/13/4981
f 5136/13/4982 5212/13/4759 5083/13/4983
f 5212/13/4759 5027/13/4865 4758/13/4542
f 4930/13/4762 4878/13/4717 5087/13/4984
f 4877/13/4714 5137/13/4985 5138/13/4928
f 4984/13/4821 4933/13/4766 5143/13/4986
f 4933/13/4766 5034/13/4933 5143/13/4986
f 5033/13/4987 5093/13/4939 4934/13/4767
f 5033/13/4987 5091/13/4934 5093/13/4939
f 5144/13/4988 5091/13/4934 4985/13/4823
f 5147/13/4989 5144/13/4988 4985/13/4823
f 5096/13/4990 5097/13/4940 4842/13/4681
f 5037/13/4826 5227/13/4991 4936/13/4992
f 5149/13/4993 5150/13/4994 4937/13/4769
f 5150/13/4994 4938/13/4880 4989/13/4825
f 5098/13/4777 5229/13/4995 5037/13/4826
f 5103/13/4996 5154/13/4997 5233/13/4998
f 5101/13/4999 5100/13/5000 5234/13/5001
f 4993/13/5002 5155/13/5003 5153/13/5004
f 5154/13/4997 5103/13/4996 4939/13/5005
f 5098/13/4777 5042/13/5006 5229/13/4995
f 5106/13/4951 5102/13/5007 5040/13/4945
f 5042/13/5006 5048/13/5008 5311/13/5009
f 5110/13/4896 5050/13/4895 4895/13/4734
f 5161/13/5010 5108/13/4952 5041/13/4953
f 4848/13/4780 4948/13/4782 5048/13/5008
f 5159/13/5011 5043/13/4946 5108/13/4952
f 5321/13/4957 5238/13/5012 4948/13/4782
f 5115/13/4963 5111/13/4958 5055/13/4841
f 5052/13/4959 5111/13/4958 5164/13/5013
f 5112/13/4961 5165/13/5014 5054/13/4960
f 5167/13/5015 5116/13/5016 5002/13/4962
f 5004/13/4842 5056/13/5017 5170/13/5018
f 5006/13/5019 4960/13/4795 5116/13/5016
f 5059/13/4966 5005/13/4846 5249/13/4964
f 4858/13/4702 5437/13/4901 5171/13/5020
f 5251/13/5021 5172/13/5022 5174/13/5023
f 5064/13/4906 5368/13/5024 5448/13/5025
f 5013/13/5026 5175/13/5027 5063/13/5028
f 5067/13/4971 5257/13/5029 5176/13/5030
f 5068/13/4908 5120/13/4969 5178/13/5031
f 5179/13/5032 4968/13/4855 5178/13/5031
f 5071/13/4910 5074/13/4975 5259/13/5033
f 5179/13/5032 5123/13/4973 4968/13/4855
f 5180/13/5034 4973/13/4811 5070/13/4972
f 5180/13/5034 5124/13/4976 4973/13/4811
f 5072/13/4912 5126/13/5035 5181/13/5036
f 4970/13/4808 4974/13/4812 5182/13/5037
f 5126/13/5035 4970/13/4808 5182/13/5037
f 5188/13/5038 5183/13/5039 5269/13/5040
f 5186/13/5041 5268/13/5042 5185/13/5043
f 5190/13/5044 5184/13/5045 5183/13/5039
f 5186/13/5041 5185/13/5043 5193/13/5046
f 5192/13/5047 5186/13/5041 5193/13/5046
f 5188/13/5038 5191/13/5048 5195/13/5049
f 5198/13/5050 5192/13/5047 5193/13/5046
f 5195/13/5049 5194/13/5051 5188/13/5038
f 5198/13/5050 5193/13/5046 5197/13/5052
f 5202/13/5053 5201/13/5054 5129/13/5055
f 5200/13/5056 5127/13/5057 5128/13/5058
f 5129/13/5055 5078/13/5059 5202/13/5053
f 5202/13/5060 5078/13/4919 5204/13/5061
f 5078/13/4919 5130/13/4979 5284/13/5062
f 5287/13/5063 5021/13/4861 5206/13/5064
f 5131/13/5065 5021/13/4861 5287/13/5063
f 5207/13/5066 4927/13/4754 5289/13/4923
f 5131/13/5065 5291/13/5067 5134/13/4924
f 5211/13/5068 5208/13/5069 5081/13/4816
f 4930/13/4762 5214/13/5070 4979/13/4716
f 5087/13/4984 4931/13/4763 5391/13/5071
f 5391/13/5071 4931/13/4763 4836/13/4674
f 5139/13/4870 4980/13/4676 5138/13/4928
f 5029/13/4872 5215/13/5072 4837/13/4678
f 5216/13/5073 5031/13/4873 5028/13/4871
f 5141/13/5074 5031/13/4873 5218/13/5075
f 5143/13/4986 5219/13/5076 5145/13/5077
f 5034/13/4933 5220/13/5078 5223/13/5079
f 5146/13/5080 5224/13/5081 5222/13/5082
f 5095/13/5083 5224/13/5084 5146/13/5085
f 5145/13/5077 5096/13/4990 4987/13/4824
f 5151/13/5086 5231/13/5087 5099/13/5088
f 5154/13/4997 5153/13/5089 5232/13/5090
f 5104/13/5091 5151/13/5092 5099/13/5093
f 5152/13/5094 5231/13/5095 5234/13/5001
f 5236/13/5096 5104/13/5091 5047/13/4894
f 5234/13/5097 5105/13/4949 5101/13/5098
f 5045/13/5099 5103/13/4996 5235/13/5100
f 5237/13/5101 5105/13/4949 5234/13/5097
f 5320/13/5102 5109/13/5103 5107/13/4947
f 5106/13/4951 5159/13/5011 5239/13/5104
f 5239/13/5104 5159/13/5011 5241/13/5105
f 5160/13/5106 5416/13/5107 5110/13/4896
f 5158/13/4955 5156/13/5108 5417/13/5109
f 5162/13/4835 4949/13/4784 5320/13/5102
f 5044/13/4950 5157/13/5110 5161/13/5010
f 5243/13/5111 5108/13/4952 5161/13/5010
f 5243/13/5111 5163/13/5112 5108/13/4952
f 5243/13/5111 5161/13/5010 5244/13/5113
f 5114/13/5114 5052/13/4959 5164/13/5013
f 5168/13/5115 5111/13/4958 5115/13/4963
f 5168/13/5115 5247/13/5116 5111/13/4958
f 5170/13/5018 5056/13/5017 5165/13/5014
f 5172/13/5022 5582/13/5117 5007/13/4965
f 5118/13/5118 5366/13/5119 5010/13/5120
f 5061/13/4903 5253/13/5121 5119/13/4968
f 5175/13/5027 5526/13/5122 5063/13/5028
f 5121/13/4907 5255/13/5123 5065/13/4851
f 5120/13/4969 5254/13/5124 5256/13/5125
f 5069/13/4970 5180/13/5034 5070/13/4972
f 5181/13/5036 5258/13/5126 5072/13/4912
f 5260/13/5127 5125/13/4974 5262/13/5128
f 5124/13/4976 5180/13/5034 5455/13/5129
f 5182/13/5037 5123/13/4973 5261/13/5130
f 5073/13/4913 5124/13/4976 5264/13/5131
f 5126/13/5035 5182/13/5037 5265/13/5132
f 5264/13/5131 5263/13/5133 5125/13/4974
f 5264/13/5131 5124/13/4976 5266/13/5134
f 5269/13/5040 5265/13/5135 5261/13/5130
f 5270/13/5136 5267/13/5137 5265/13/5132
f 5271/13/5138 5264/13/5131 5268/13/5042
f 5187/13/5139 5269/13/5040 5377/13/5140
f 5189/13/5141 5271/13/5138 5186/13/5041
f 5275/13/5142 5185/13/5043 5272/13/5143
f 5191/13/5048 5187/13/5139 5273/13/5144
f 5195/13/5049 5191/13/5048 5382/13/5145
f 5192/13/5047 5198/13/5050 5279/13/5146
f 5199/13/5147 5195/13/5049 5382/13/5145
f 5194/13/5051 5195/13/5049 5199/13/5148
f 5194/13/5051 5200/13/5056 5196/13/5149
f 5200/13/5056 5128/13/5058 5196/13/5149
f 5203/13/5150 5384/13/5151 5076/13/5152
f 5130/13/4979 5288/13/5153 5284/13/5062
f 5208/13/5069 5290/13/5154 5079/13/4920
f 5212/13/4759 5136/13/4982 5555/13/5155
f 5212/13/4759 5555/13/5155 5027/13/4865
f 5088/13/5156 5215/13/5072 5391/13/5071
f 5296/13/5157 5215/13/5072 5029/13/4872
f 5297/13/5158 5140/13/5159 5089/13/4929
f 5297/13/5158 5089/13/4929 5094/13/5160
f 5297/13/5158 5094/13/5160 5222/13/5082
f 5301/13/5161 5142/13/5162 5144/13/4988
f 5223/13/5079 5299/13/5163 5143/13/4986
f 5225/13/5164 5093/13/4939 5300/13/5165
f 5305/13/5166 5223/13/5079 5220/13/5078
f 5225/13/5167 5303/13/5168 5224/13/5169
f 5303/13/5168 5225/13/5167 5306/13/5170
f 5227/13/4991 5226/13/5171 5148/13/5172
f 5309/13/5173 5228/13/5174 5149/13/4993
f 5229/13/4995 5310/13/5175 5227/13/4991
f 5312/13/5176 5313/13/5177 5151/13/5178
f 5151/13/5178 5313/13/5177 5314/13/5179
f 5233/13/4998 5315/13/5180 5316/13/5181
f 5235/13/5100 5233/13/4998 5414/13/5182
f 5234/13/5001 5231/13/5095 5314/13/5183
f 5317/13/5184 5153/13/5004 5155/13/5003
f 5311/13/5009 5229/13/4995 5042/13/5006
f 5318/13/5185 5234/13/5097 5314/13/5186
f 5415/13/5187 5235/13/5100 5414/13/5182
f 5413/13/5188 5411/13/5189 5236/13/5096
f 5155/13/5190 5102/13/5007 5319/13/5191
f 5319/13/5191 5102/13/5007 5106/13/4951
f 5320/13/5102 5416/13/5107 5160/13/5106
f 5050/13/4895 5416/13/5107 5236/13/5096
f 5157/13/5110 5244/13/5113 5161/13/5010
f 5242/13/5192 5163/13/5112 5324/13/5193
f 5245/13/5194 5246/13/5195 5243/13/5111
f 5326/13/5196 5245/13/5194 5244/13/5113
f 5326/13/5196 5327/13/5197 5245/13/5194
f 5329/13/5198 5246/13/5195 5331/13/5199
f 5331/13/5199 5333/13/5200 5329/13/5198
f 5328/13/5201 5332/13/5202 5326/13/5196
f 5341/13/5203 5332/13/5202 5328/13/5201
f 5337/13/5204 5164/13/5013 5111/13/4958
f 5111/13/4958 5247/13/5116 5337/13/5204
f 5333/13/5200 5331/13/5199 5344/13/5205
f 5344/13/5205 5336/13/5206 5333/13/5200
f 5170/13/5018 5165/13/5014 5338/13/5207
f 5167/13/5015 5164/13/5013 5339/13/5208
f 5338/13/5207 5166/13/5209 5340/13/5210
f 5330/13/5211 5332/13/5212 5341/13/5203
f 5338/13/5207 5342/13/5213 5170/13/5018
f 5348/13/5214 5247/13/5116 5168/13/5115
f 5343/13/5215 5334/13/5216 5330/13/5211
f 5250/13/4899 5169/13/5217 5057/13/4900
f 5347/13/5218 5344/13/5205 5350/13/5219
f 5350/13/5219 5344/13/5205 5351/13/5220
f 5250/13/4899 5355/13/5221 5169/13/5217
f 5354/13/5222 5343/13/5215 5349/13/5223
f 5008/13/4847 5006/13/5019 5357/13/5224
f 5360/13/5225 5346/13/5226 5343/13/5215
f 5356/13/5227 5361/13/5228 5362/13/5229
f 5363/13/5230 5360/13/5225 5343/13/5215
f 5364/13/5231 5363/13/5230 5354/13/5222
f 5173/13/5232 5008/13/4847 5357/13/5224
f 5061/13/4903 5252/13/5233 5253/13/5121
f 5119/13/4968 5253/13/5121 5368/13/5024
f 5174/13/5023 5447/13/5234 5251/13/5021
f 5063/13/5028 5526/13/5122 5118/13/5118
f 5256/13/5125 5254/13/5124 5371/13/5235
f 5373/13/5236 5175/13/5027 5177/13/5237
f 5372/13/5238 5121/13/4907 5122/13/5239
f 5372/13/5238 5122/13/5239 5259/13/5033
f 5374/13/5240 5178/13/5031 5256/13/5125
f 5069/13/4970 5176/13/5030 5375/13/5241
f 5375/13/5241 5180/13/5034 5069/13/4970
f 5376/13/5242 5123/13/4973 5179/13/5032
f 5376/13/5242 5261/13/5130 5123/13/4973
f 5455/13/5129 5180/13/5034 5375/13/5241
f 5262/13/5128 5271/13/5138 5378/13/5243
f 5273/13/5144 5187/13/5139 5379/13/5244
f 5275/13/5142 5272/13/5143 5456/13/5245
f 5274/13/5246 5192/13/5047 5278/13/5247
f 5459/13/5248 5197/13/5052 5281/13/5249
f 5203/13/5150 5459/13/5250 5383/13/5251
f 5282/13/5252 5199/13/5147 5382/13/5145
f 5128/13/5253 5462/13/5254 5196/13/5149
f 5285/13/5255 5289/13/4923 5022/13/5256
f 5132/13/4980 5387/13/5257 5130/13/4979
f 5387/13/5257 5132/13/4980 5388/13/5258
f 5467/13/5259 5207/13/5066 5289/13/4923
f 5133/13/4925 5388/13/5258 5132/13/4980
f 5135/13/4981 5473/13/5260 5082/13/4926
f 5391/13/5071 5390/13/5261 5087/13/4984
f 5217/13/5262 5392/13/5263 5029/13/4872
f 5217/13/5262 5140/13/5159 5481/13/5264
f 5302/13/5265 5221/13/5266 5298/13/5267
f 5303/13/5268 5222/13/5082 5224/13/5081
f 5304/13/5269 5093/13/4939 5142/13/5162
f 5222/13/5082 5303/13/5268 5306/13/5270
f 5394/13/5271 5302/13/5265 5393/13/5272
f 5305/13/5166 5299/13/5163 5223/13/5079
f 5398/13/5273 5396/13/5274 5308/13/5275
f 5396/13/5274 5398/13/5273 5400/13/5276
f 5316/13/5181 5405/13/5277 5500/13/5278
f 5312/13/5176 5408/13/5279 5409/13/5280
f 5312/13/5176 5409/13/5280 5313/13/5177
f 5233/13/4998 5316/13/5181 5414/13/5182
f 5410/13/5281 5316/13/5282 5315/13/5283
f 5404/13/5284 5230/13/5285 5228/13/5174
f 5411/13/5189 5312/13/5176 5104/13/5091
f 5410/13/5286 5315/13/5287 5317/13/5288
f 5417/13/5109 5156/13/5108 5415/13/5187
f 5234/13/5097 5318/13/5185 5237/13/5101
f 5420/13/5289 5237/13/5101 5318/13/5185
f 5420/13/5289 5240/13/5290 5237/13/5101
f 5418/13/5291 5239/13/5104 5241/13/5105
f 5418/13/5291 5241/13/5105 5422/13/5292
f 5240/13/5290 5423/13/5293 5157/13/5110
f 5424/13/5294 5241/13/5105 5242/13/5192
f 5424/13/5294 5242/13/5192 5425/13/5295
f 5425/13/5295 5242/13/5192 5322/13/5296
f 5322/13/5296 5324/13/5193 5428/13/5297
f 5429/13/5298 5328/13/5201 5427/13/5299
f 5513/13/5300 5329/13/5198 5430/13/5301
f 5431/13/5302 5335/13/5303 5328/13/5201
f 5337/13/5204 5247/13/5116 5345/13/5304
f 5338/13/5207 5340/13/5210 5433/13/5305
f 5356/13/5227 5434/13/5306 5517/13/5307
f 5435/13/5308 5006/13/5019 5167/13/5015
f 5171/13/5020 5580/13/5309 5345/13/5304
f 5355/13/5221 5521/13/5310 5169/13/5217
f 5358/13/5311 5438/13/5312 5437/13/4901
f 5117/13/4967 5059/13/4966 5352/13/5313
f 5359/13/5314 5353/13/5315 5441/13/5316
f 5442/13/5317 5362/13/5229 5361/13/5228
f 5367/13/5318 5173/13/5232 5439/13/5319
f 5442/13/5317 5361/13/5228 5444/13/5320
f 5443/13/5321 5363/13/5230 5446/13/5322
f 5443/13/5321 5444/13/5320 5360/13/5225
f 5370/13/5323 5647/13/5324 5449/13/5325
f 5371/13/5235 5254/13/5124 5369/13/5326
f 5064/13/4906 5450/13/5327 5066/13/4905
f 5451/13/5328 5255/13/5123 5372/13/5238
f 5258/13/5126 5373/13/5236 5177/13/5237
f 5453/13/5329 5259/13/5033 5260/13/5127
f 5262/13/5128 5453/13/5329 5260/13/5127
f 5452/13/5330 5258/13/5126 5181/13/5036
f 5454/13/5331 5181/13/5036 5267/13/5137
f 5376/13/5242 5377/13/5140 5261/13/5130
f 5379/13/5244 5377/13/5140 5376/13/5242
f 5378/13/5243 5271/13/5138 5274/13/5246
f 5275/13/5142 5456/13/5245 5543/13/5332
f 5457/13/5333 5380/13/5334 5190/13/5044
f 5278/13/5247 5544/13/5335 5274/13/5246
f 5460/13/5336 5278/13/5247 5279/13/5146
f 5461/13/5337 5382/13/5145 5546/13/5338
f 5464/13/5339 5279/13/5146 5204/13/5061
f 5461/13/5337 5385/13/5340 5282/13/5252
f 5386/13/5341 5283/13/5342 5205/13/5343
f 5466/13/5344 5386/13/5341 5286/13/4978
f 5387/13/5257 5608/13/5345 5288/13/5153
f 5290/13/5154 5466/13/5344 5286/13/4978
f 5131/13/5065 5287/13/5063 5468/13/5346
f 5469/13/5347 5131/13/5065 5468/13/5346
f 5133/13/4925 5472/13/5348 5388/13/5258
f 5474/13/5349 5210/13/5350 5209/13/5351
f 5134/13/4924 5471/13/5352 5613/13/5353
f 5084/13/5354 5612/13/5355 5211/13/5068
f 5555/13/5155 5674/13/5356 5027/13/4865
f 5296/13/5157 5559/13/5357 5215/13/5072
f 5483/13/5358 5298/13/5267 5482/13/5359
f 5484/13/5360 5222/13/5082 5306/13/5270
f 5394/13/5271 5393/13/5272 5485/13/5361
f 5307/13/5362 5299/13/5163 5493/13/5363
f 5402/13/5364 5397/13/5365 5301/13/5161
f 5488/13/5366 5299/13/5163 5399/13/5367
f 5488/13/5366 5399/13/5368 5489/13/5369
f 5400/13/5276 5490/13/5370 5396/13/5274
f 5401/13/5371 5304/13/5269 5491/13/5372
f 5491/13/5372 5304/13/5269 5397/13/5365
f 5491/13/5372 5397/13/5365 5402/13/5364
f 5489/13/5369 5492/13/5373 5488/13/5366
f 5494/13/5374 5490/13/5370 5400/13/5276
f 5493/13/5363 5488/13/5366 5497/13/5375
f 5309/13/5173 5487/13/5376 5499/13/5377
f 5500/13/5278 5401/13/5371 5491/13/5372
f 5496/13/5378 5402/13/5364 5403/13/5379
f 5493/13/5363 5497/13/5375 5407/13/5380
f 5500/13/5278 5498/13/5381 5401/13/5382
f 5499/13/5377 5404/13/5284 5309/13/5173
f 5408/13/5279 5495/13/5383 5409/13/5280
f 5500/13/5278 5491/13/5372 5501/13/5384
f 5502/13/5385 5409/13/5280 5495/13/5383
f 5412/13/5386 5407/13/5380 5413/13/5188
f 5410/13/5286 5503/13/5387 5405/13/5388
f 5504/13/5389 5313/13/5177 5502/13/5385
f 5505/13/5390 5410/13/5286 5317/13/5288
f 5318/13/5391 5314/13/5392 5504/13/5389
f 5420/13/5289 5318/13/5391 5506/13/5393
f 5423/13/5293 5421/13/5394 5508/13/5395
f 5425/13/5295 5426/13/5396 5510/13/5397
f 5426/13/5396 5322/13/5296 5428/13/5297
f 5512/13/5398 5428/13/5297 5325/13/5399
f 5431/13/5302 5328/13/5201 5429/13/5298
f 5432/13/5400 5335/13/5303 5516/13/5401
f 5576/13/5402 5336/13/5206 5517/13/5307
f 5342/13/5213 5338/13/5207 5433/13/5305
f 5339/13/5208 5337/13/5204 5518/13/5403
f 5435/13/5308 5167/13/5015 5339/13/5208
f 5518/13/5403 5435/13/5308 5339/13/5208
f 5520/13/5404 5248/13/5405 5433/13/5305
f 5340/13/5210 5169/13/5217 5521/13/5310
f 5357/13/5224 5006/13/5019 5435/13/5308
f 5522/13/5406 5352/13/5313 5520/13/5404
f 5355/13/5221 5582/13/5117 5521/13/5310
f 5441/13/5316 5364/13/5231 5359/13/5314
f 5362/13/5229 5442/13/5317 5525/13/5407
f 5445/13/5408 5441/13/5316 5527/13/5409
f 5590/13/5410 5369/13/5326 5367/13/5318
f 5449/13/5325 5532/13/5411 5447/13/5234
f 5446/13/5322 5445/13/5408 5531/13/5412
f 5528/13/5413 5443/13/5321 5533/13/5414
f 5175/13/5027 5535/13/5415 5526/13/5122
f 5537/13/5416 5371/13/5235 5534/13/5417
f 5255/13/5123 5451/13/5328 5647/13/5324
f 5648/13/5418 5175/13/5027 5373/13/5236
f 5709/13/5419 5257/13/5029 5066/13/4905
f 5539/13/5420 5176/13/5030 5257/13/5029
f 5595/13/5421 5372/13/5238 5453/13/5329
f 5374/13/5240 5538/13/5422 5597/13/5423
f 5540/13/5424 5453/13/5329 5262/13/5128
f 5455/13/5129 5599/13/5425 5456/13/5245
f 5541/13/5426 5454/13/5331 5380/13/5334
f 5542/13/5427 5273/13/5144 5656/13/5428
f 5601/13/5429 5543/13/5332 5456/13/5245
f 5603/13/5430 5545/13/5431 5542/13/5427
f 5277/13/5432 5458/13/5433 5281/13/5249
f 5462/13/5434 5463/13/5435 5280/13/5436
f 5283/13/5342 5548/13/5437 5463/13/5435
f 5464/13/5339 5284/13/5062 5550/13/5438
f 5549/13/5439 5551/13/5440 5285/13/5255
f 5468/13/5346 5287/13/5063 5607/13/5441
f 5207/13/5066 5467/13/5259 5553/13/5442
f 5554/13/5443 5290/13/5154 5208/13/5069
f 5554/13/5443 5208/13/5069 5470/13/5444
f 5211/13/5068 5612/13/5355 5470/13/5444
f 5476/13/5445 5135/13/5446 5556/13/5447
f 5674/13/5356 5084/13/4927 5027/13/4865
f 5085/13/5448 5478/13/5449 5293/13/4868
f 5391/13/5071 5558/13/5450 5390/13/5261
f 5138/13/4928 5557/13/5451 5139/13/4870
f 5480/13/5452 5139/13/4870 5557/13/5451
f 5215/13/5072 5559/13/5357 5558/13/5450
f 5560/13/5453 5216/13/5073 5295/13/5454
f 5481/13/5264 5561/13/5455 5217/13/5262
f 5483/13/5358 5482/13/5359 5562/13/5456
f 5222/13/5082 5484/13/5360 5563/13/5457
f 5486/13/5458 5484/13/5360 5396/13/5274
f 5489/13/5369 5485/13/5361 5565/13/5459
f 5494/13/5374 5621/13/5460 5490/13/5370
f 5495/13/5383 5565/13/5459 5566/13/5461
f 5621/13/5460 5498/13/5462 5405/13/5388
f 5506/13/5393 5318/13/5391 5567/13/5463
f 5568/13/5464 5506/13/5393 5569/13/5465
f 5570/13/5466 5419/13/5467 5418/13/5291
f 5571/13/5468 5422/13/5292 5425/13/5295
f 5428/13/5297 5510/13/5397 5426/13/5396
f 5572/13/5469 5511/13/5470 5509/13/5471
f 5511/13/5470 5429/13/5298 5427/13/5299
f 5514/13/5472 5574/13/5473 5429/13/5298
f 5430/13/5301 5573/13/5474 5513/13/5475
f 5515/13/5476 5575/13/5477 5430/13/5301
f 5574/13/5473 5516/13/5401 5431/13/5302
f 5577/13/5478 5432/13/5400 5516/13/5401
f 5629/13/5479 5576/13/5402 5517/13/5307
f 5578/13/5480 5435/13/5308 5518/13/5403
f 5519/13/5481 5578/13/5480 5518/13/5403
f 5579/13/5482 5520/13/5404 5433/13/5305
f 5521/13/5310 5579/13/5482 5433/13/5305
f 5434/13/5306 5436/13/5483 5581/13/5484
f 5581/13/5484 5436/13/5483 5583/13/5485
f 5584/13/5486 5117/13/4967 5522/13/5406
f 5583/13/5485 5436/13/5483 5362/13/5229
f 5439/13/5319 5636/13/5487 5586/13/5488
f 5587/13/5489 5253/13/5121 5252/13/5233
f 5365/13/5490 5588/13/5491 5585/13/5492
f 5589/13/5493 5441/13/5316 5523/13/5494
f 5367/13/5318 5439/13/5319 5586/13/5488
f 5589/13/5493 5527/13/5409 5441/13/5316
f 5527/13/5409 5529/13/5495 5445/13/5408
f 5525/13/5407 5530/13/5496 5591/13/5497
f 5533/13/5414 5530/13/5496 5528/13/5413
f 5531/13/5412 5529/13/5495 5592/13/5498
f 5531/13/5412 5536/13/5499 5446/13/5322
f 5709/13/5419 5066/13/4905 5450/13/5327
f 5452/13/5330 5651/13/5500 5373/13/5236
f 5538/13/5422 5596/13/5501 5597/13/5423
f 5598/13/5502 5452/13/5330 5454/13/5331
f 5378/13/5243 5600/13/5503 5540/13/5424
f 5379/13/5244 5597/13/5423 5654/13/5504
f 5601/13/5429 5456/13/5245 5599/13/5425
f 5602/13/5505 5541/13/5426 5457/13/5333
f 5601/13/5429 5657/13/5506 5543/13/5332
f 5604/13/5507 5276/13/5508 5280/13/5436
f 5603/13/5430 5605/13/5509 5545/13/5431
f 5463/13/5435 5604/13/5507 5280/13/5436
f 5665/13/5510 5460/13/5336 5464/13/5339
f 5667/13/5511 5549/13/5512 5461/13/5337
f 5551/13/5440 5549/13/5439 5667/13/5511
f 5465/13/5513 5607/13/5441 5206/13/5064
f 5288/13/5153 5608/13/5345 5668/13/5514
f 5552/13/5515 5608/13/5345 5387/13/5257
f 5472/13/5348 5610/13/5516 5388/13/5258
f 5611/13/5517 5209/13/5351 5553/13/5442
f 5670/13/5518 5472/13/5348 5473/13/5260
f 5085/13/5519 5613/13/5353 5615/13/5520
f 5389/13/5521 5673/13/5522 5136/13/4982
f 5390/13/5261 5558/13/5450 5479/13/5523
f 5480/13/5452 5557/13/5451 5616/13/5524
f 5392/13/5263 5617/13/5525 5296/13/5157
f 5561/13/5455 5617/13/5525 5392/13/5263
f 5218/13/5075 5560/13/5453 5618/13/5526
f 5297/13/5158 5676/13/5527 5481/13/5264
f 5563/13/5457 5619/13/5528 5297/13/5158
f 5393/13/5272 5483/13/5358 5679/13/5529
f 5486/13/5458 5678/13/5530 5484/13/5360
f 5620/13/5531 5490/13/5370 5621/13/5460
f 5569/13/5465 5506/13/5393 5567/13/5463
f 5623/13/5532 5511/13/5470 5572/13/5469
f 5687/13/5533 5512/13/5398 5624/13/5534
f 5577/13/5478 5523/13/5494 5432/13/5400
f 5631/13/5535 5523/13/5494 5577/13/5478
f 5632/13/5536 5434/13/5306 5581/13/5484
f 5633/13/5537 5579/13/5482 5521/13/5310
f 5696/13/5538 5522/13/5406 5520/13/5404
f 5634/13/5539 5522/13/5406 5696/13/5538
f 5635/13/5540 5523/13/5494 5631/13/5535
f 5365/13/5490 5585/13/5492 5633/13/5541
f 5635/13/5540 5589/13/5493 5523/13/5494
f 5526/13/5122 5637/13/5542 5524/13/5543
f 5638/13/5544 5448/13/5025 5587/13/5489
f 5640/13/5545 5448/13/5025 5638/13/5544
f 5590/13/5410 5593/13/5546 5369/13/5326
f 5592/13/5498 5594/13/5547 5531/13/5412
f 5533/13/5414 5645/13/5548 5644/13/5549
f 5647/13/5324 5713/13/5550 5641/13/5551
f 5650/13/5552 5256/13/5125 5537/13/5416
f 5650/13/5552 5538/13/5422 5256/13/5125
f 5595/13/5421 5649/13/5553 5372/13/5238
f 5652/13/5554 5595/13/5421 5540/13/5424
f 5539/13/5420 5653/13/5555 5599/13/5425
f 5600/13/5503 5652/13/5554 5540/13/5424
f 5600/13/5503 5782/13/5556 5652/13/5554
f 5542/13/5427 5656/13/5428 5658/13/5557
f 5544/13/5335 5655/13/5558 5600/13/5503
f 5543/13/5332 5657/13/5506 5660/13/5559
f 5276/13/5508 5659/13/5560 5457/13/5333
f 5662/13/5561 5281/13/5249 5458/13/5433
f 5721/13/5562 5661/13/5563 5460/13/5336
f 5383/13/5564 5662/13/5561 5664/13/5565
f 5460/13/5336 5665/13/5510 5721/13/5562
f 5548/13/5437 5663/13/5566 5463/13/5435
f 5608/13/5345 5729/13/5567 5668/13/5514
f 5669/13/5568 5386/13/5341 5466/13/5344
f 5610/13/5516 5552/13/5515 5388/13/5258
f 5613/13/5353 5471/13/5352 5732/13/5569
f 5733/13/5570 5475/13/5571 5474/13/5349
f 5476/13/5572 5734/13/5573 5670/13/5518
f 5671/13/5574 5389/13/5521 5475/13/5575
f 5084/13/5354 5796/13/5576 5612/13/5355
f 5477/13/5577 5292/13/5578 5672/13/5579
f 5735/13/5580 5477/13/5577 5672/13/5579
f 5674/13/5356 5796/13/5581 5084/13/4927
f 5214/13/5070 5294/13/5582 5675/13/5583
f 5852/13/5584 5295/13/5454 5480/13/5452
f 5483/13/5358 5562/13/5456 5740/13/5585
f 5483/13/5358 5740/13/5585 5679/13/5529
f 5564/13/5586 5679/13/5529 5680/13/5587
f 5503/13/5387 5742/13/5588 5621/13/5460
f 5567/13/5463 5566/13/5461 5569/13/5465
f 5682/13/5589 5505/13/5390 5570/13/5466
f 5683/13/5590 5508/13/5395 5568/13/5464
f 5570/13/5466 5571/13/5468 5685/13/5591
f 5685/13/5591 5571/13/5468 5510/13/5397
f 5686/13/5592 5512/13/5398 5687/13/5533
f 5625/13/5593 5514/13/5472 5688/13/5594
f 5626/13/5595 5624/13/5534 5573/13/5474
f 5627/13/5596 5514/13/5472 5625/13/5593
f 5690/13/5597 5626/13/5595 5628/13/5598
f 5628/13/5598 5629/13/5479 5692/13/5599
f 5631/13/5535 5577/13/5478 5691/13/5600
f 5632/13/5536 5692/13/5599 5630/13/5601
f 5357/13/5224 5578/13/5480 5693/13/5602
f 5693/13/5602 5578/13/5480 5694/13/5603
f 5633/13/5537 5696/13/5604 5579/13/5482
f 5636/13/5487 5357/13/5224 5693/13/5602
f 5438/13/5312 5697/13/5605 5695/13/5606
f 5698/13/5607 5584/13/5486 5634/13/5539
f 5581/13/5484 5525/13/5407 5702/13/5608
f 5587/13/5489 5698/13/5607 5703/13/5609
f 5637/13/5542 5697/13/5605 5524/13/5543
f 5700/13/5610 5590/13/5410 5586/13/5488
f 5639/13/5611 5589/13/5493 5701/13/5612
f 5702/13/5608 5525/13/5407 5591/13/5497
f 5708/13/5613 5590/13/5410 5706/13/5614
f 5644/13/5549 5591/13/5497 5533/13/5414
f 5643/13/5615 5594/13/5547 5592/13/5498
f 5709/13/5419 5450/13/5327 5640/13/5545
f 5257/13/5029 5709/13/5419 5539/13/5420
f 5715/13/5616 5654/13/5504 5596/13/5501
f 5718/13/5617 5654/13/5504 5715/13/5616
f 5541/13/5426 5717/13/5618 5598/13/5502
f 5602/13/5505 5717/13/5618 5541/13/5426
f 5655/13/5558 5785/13/5619 5782/13/5556
f 5719/13/5620 5602/13/5505 5659/13/5560
f 5661/13/5563 5720/13/5621 5655/13/5558
f 5603/13/5430 5658/13/5557 5786/13/5622
f 5720/13/5621 5661/13/5563 5721/13/5562
f 5606/13/5623 5787/13/5624 5722/13/5625
f 5547/13/5626 5664/13/5565 5723/13/5627
f 5464/13/5339 5788/13/5628 5665/13/5510
f 5726/13/5629 5465/13/5513 5723/13/5627
f 5386/13/5341 5669/13/5568 5727/13/5630
f 5553/13/5442 5609/13/5631 5731/13/5632
f 5553/13/5442 5731/13/5632 5611/13/5517
f 5469/13/5347 5730/13/5633 5732/13/5569
f 5294/13/5582 5479/13/5523 5953/13/5634
f 5137/13/4985 5675/13/5583 5736/13/5635
f 5737/13/5636 5479/13/5523 5558/13/5450
f 5736/13/5635 5616/13/5524 5557/13/5451
f 5800/13/5637 5737/13/5636 5559/13/5357
f 5559/13/5357 5853/13/5638 5800/13/5637
f 5852/13/5584 5480/13/5452 5616/13/5524
f 5296/13/5157 5854/13/5639 5853/13/5638
f 5738/13/5640 5295/13/5454 5852/13/5584
f 5677/13/5641 5739/13/5642 5676/13/5527
f 5562/13/5456 5801/13/5643 5740/13/5585
f 5679/13/5529 5740/13/5585 5680/13/5587
f 5903/13/5644 5678/13/5530 5620/13/5531
f 5681/13/5645 5747/13/5646 5746/13/5647
f 5747/13/5646 5681/13/5645 5682/13/5589
f 5685/13/5591 5748/13/5648 5570/13/5466
f 5749/13/5649 5685/13/5591 5750/13/5650
f 5750/13/5650 5685/13/5591 5686/13/5592
f 5751/13/5651 5623/13/5532 5622/13/5652
f 5625/13/5593 5688/13/5594 5752/13/5653
f 5753/13/5654 5624/13/5534 5689/13/5655
f 5815/13/5656 5691/13/5600 5627/13/5596
f 5690/13/5597 5628/13/5598 5754/13/5657
f 5756/13/5658 5632/13/5536 5581/13/5484
f 5817/13/5659 5757/13/5660 5631/13/5535
f 5697/13/5605 5760/13/5661 5695/13/5606
f 5697/13/5605 5761/13/5662 5760/13/5661
f 5702/13/5608 5758/13/5663 5581/13/5484
f 5704/13/5664 5761/13/5662 5697/13/5605
f 5758/13/5663 5702/13/5608 5762/13/5665
f 5700/13/5610 5759/13/5666 5763/13/5667
f 5703/13/5609 5698/13/5607 5764/13/5668
f 5704/13/5664 5766/13/5669 5761/13/5662
f 5641/13/5551 5770/13/5670 5705/13/5671
f 5774/13/5672 5768/13/5673 5704/13/5664
f 5707/13/5674 5640/13/5545 5638/13/5544
f 5823/13/5675 5643/13/5615 5592/13/5498
f 5772/13/5676 5593/13/5546 5708/13/5613
f 5644/13/5549 5645/13/5548 5773/13/5677
f 5644/13/5549 5773/13/5677 5775/13/5678
f 5776/13/5679 5709/13/5419 5771/13/5680
f 5711/13/5681 5643/13/5615 5777/13/5682
f 5712/13/5683 5710/13/5684 5778/13/5685
f 5712/13/5686 5773/13/5687 5645/13/5548
f 5535/13/5415 5648/13/5418 5774/13/5672
f 5652/13/5554 5781/13/5688 5714/13/5689
f 5715/13/5616 5596/13/5501 5780/13/5690
f 5657/13/5506 5716/13/5691 5784/13/5692
f 5605/13/5509 5786/13/5622 5787/13/5624
f 5788/13/5628 5721/13/5562 5665/13/5510
f 5789/13/5693 5723/13/5627 5664/13/5565
f 5728/13/5694 5551/13/5440 5667/13/5511
f 5554/13/5443 5792/13/5695 5466/13/5344
f 5734/13/5573 5844/13/5696 5610/13/5516
f 5555/13/5155 5614/13/5697 5797/13/5698
f 5478/13/5699 5846/13/5700 5798/13/5701
f 5854/13/5639 5296/13/5157 5617/13/5525
f 5680/13/5587 5740/13/5585 5804/13/5702
f 5743/13/5703 5566/13/5461 5680/13/5587
f 5858/13/5704 5742/13/5705 5744/13/5706
f 5805/13/5707 5744/13/5706 5746/13/5647
f 5860/13/5708 5569/13/5465 5745/13/5709
f 5805/13/5707 5746/13/5647 5747/13/5646
f 5806/13/5710 5748/13/5711 5807/13/5712
f 5749/13/5713 5807/13/5712 5748/13/5711
f 5811/13/5714 5750/13/5650 5686/13/5592
f 5811/13/5714 5686/13/5592 5812/13/5715
f 5810/13/5716 5751/13/5651 5622/13/5652
f 5812/13/5715 5686/13/5592 5687/13/5533
f 5812/13/5715 5687/13/5533 5813/13/5717
f 5752/13/5653 5688/13/5594 5751/13/5651
f 5813/13/5717 5624/13/5534 5753/13/5654
f 5814/13/5718 5625/13/5593 5752/13/5653
f 5815/13/5656 5625/13/5593 5814/13/5718
f 5816/13/5719 5691/13/5600 5815/13/5656
f 5631/13/5535 5816/13/5719 5817/13/5659
f 5760/13/5661 5694/13/5603 5695/13/5606
f 5698/13/5607 5634/13/5539 5818/13/5720
f 5696/13/5604 5633/13/5537 5699/13/5721
f 5819/13/5722 5759/13/5666 5694/13/5603
f 5757/13/5660 5817/13/5659 5820/13/5723
f 5761/13/5662 5819/13/5722 5760/13/5661
f 5757/13/5660 5820/13/5723 5821/13/5724
f 5765/13/5725 5764/13/5668 5699/13/5721
f 5766/13/5669 5763/13/5667 5761/13/5662
f 5822/13/5726 5762/13/5665 5702/13/5608
f 5767/13/5727 5764/13/5668 5765/13/5725
f 5824/13/5728 5708/13/5613 5706/13/5614
f 5826/13/5729 5707/13/5674 5767/13/5727
f 5826/13/5730 5705/13/5671 5770/13/5670
f 5827/13/5731 5771/13/5732 5707/13/5674
f 5824/13/5728 5772/13/5676 5708/13/5613
f 5828/13/5733 5771/13/5732 5827/13/5731
f 5768/13/5673 5774/13/5672 5825/13/5734
f 5644/13/5549 5775/13/5678 5642/13/5735
f 5711/13/5681 5777/13/5682 5829/13/5736
f 5830/13/5737 5646/13/5738 5772/13/5676
f 5648/13/5418 5926/13/5739 5774/13/5672
f 5831/13/5740 5776/13/5679 5771/13/5732
f 5709/13/5419 5831/13/5740 5832/13/5741
f 5648/13/5418 5928/13/5742 5881/13/5743
f 5651/13/5500 5928/13/5742 5648/13/5418
f 5653/13/5555 5539/13/5420 5931/13/5744
f 5781/13/5688 5782/13/5556 5933/13/5745
f 5716/13/5691 5653/13/5555 5931/13/5744
f 5990/13/5746 5598/13/5502 5717/13/5618
f 5884/13/5747 5717/13/5618 5719/13/5620
f 5886/13/5748 5604/13/5507 5663/13/5566
f 5667/13/5511 5666/13/5749 5840/13/5750
f 5840/13/5750 5666/13/5749 5839/13/5751
f 5607/13/5441 5726/13/5629 5841/13/5752
f 5889/13/5753 5725/13/5754 5668/13/5755
f 5668/13/5514 5729/13/5567 5889/13/5756
f 5611/13/5517 5842/13/5757 5795/13/5758
f 5732/13/5569 5843/13/5759 5846/13/5700
f 5797/13/5698 5614/13/5697 5895/13/5760
f 5852/13/5584 5616/13/5524 5851/13/5761
f 5801/13/5643 5618/13/5526 5560/13/5453
f 5804/13/5702 5740/13/5585 5856/13/5762
f 5741/13/5763 5858/13/5704 5903/13/5644
f 5858/13/5704 5741/13/5763 5742/13/5705
f 5858/13/5704 5744/13/5706 5805/13/5707
f 5860/13/5708 5906/13/5764 5861/13/5765
f 5808/13/5766 5806/13/5710 5807/13/5712
f 5809/13/5767 5862/13/5768 5808/13/5769
f 5908/13/5770 5809/13/5767 5750/13/5650
f 5908/13/5770 5750/13/5650 5811/13/5714
f 5864/13/5771 5751/13/5651 5810/13/5716
f 5865/13/5772 5690/13/5597 5914/13/5773
f 5867/13/5774 5866/13/5775 5869/13/5776
f 5867/13/5774 5817/13/5659 5816/13/5719
f 5868/13/5777 5632/13/5536 5756/13/5658
f 5871/13/5778 5762/13/5779 5822/13/5780
f 5820/13/5723 5823/13/5675 5821/13/5724
f 5874/13/5781 5823/13/5675 5873/13/5782
f 5875/13/5783 5824/13/5784 5825/13/5734
f 5825/13/5734 5774/13/5672 5875/13/5785
f 5828/13/5786 5826/13/5729 5877/13/5787
f 5824/13/5784 5875/13/5783 5878/13/5788
f 5830/13/5737 5772/13/5676 5878/13/5789
f 5831/13/5740 5771/13/5732 5828/13/5733
f 5648/13/5418 5881/13/5743 5926/13/5739
f 5882/13/5790 5650/13/5552 5830/13/5737
f 5991/13/5791 5783/13/5792 5834/13/5793
f 5724/13/5794 5722/13/5625 5937/13/5795
f 5839/13/5751 5724/13/5794 5937/13/5795
f 5669/13/5568 5891/13/5796 5888/13/5797
f 5890/13/5798 5607/13/5441 5841/13/5752
f 5842/13/5757 5731/13/5632 5728/13/5694
f 5793/13/5799 5892/13/5800 5944/13/5801
f 5893/13/5802 5848/13/5803 5948/13/5804
f 5671/13/5574 5845/13/5805 5897/13/5806
f 5614/13/5697 5897/13/5806 5895/13/5760
f 5735/13/5580 5672/13/5579 5849/13/5807
f 5735/13/5808 5847/13/5809 5734/13/5810
f 5671/13/5574 5897/13/5806 5673/13/5522
f 5953/13/5634 5898/13/5811 5675/13/5583
f 5800/13/5637 5954/13/5812 5799/13/5813
f 5899/13/5814 5617/13/5525 5739/13/5642
f 5739/13/5642 6009/13/5815 5899/13/5814
f 5901/13/5816 5855/13/5817 5802/13/5818
f 5803/13/5819 5902/13/5820 5857/13/5821
f 5743/13/5703 5680/13/5587 5804/13/5702
f 5858/13/5704 5904/13/5822 5903/13/5644
f 5859/13/5823 5905/13/5824 5858/13/5704
f 5859/13/5823 5747/13/5646 5806/13/5710
f 6017/13/5825 5806/13/5710 5808/13/5769
f 5862/13/5768 6017/13/5825 5808/13/5769
f 5909/13/5826 5684/13/5827 5907/13/5828
f 5752/13/5653 5864/13/5771 5911/13/5829
f 5910/13/5830 5813/13/5717 5753/13/5654
f 5911/13/5829 5814/13/5718 5752/13/5653
f 5913/13/5831 5815/13/5656 5814/13/5718
f 5815/13/5656 5913/13/5831 5915/13/5832
f 5755/13/5833 5972/13/5834 5914/13/5773
f 5866/13/5835 5915/13/5832 6025/13/5836
f 5755/13/5833 5632/13/5536 5868/13/5777
f 5917/13/5837 5820/13/5723 5869/13/5776
f 5820/13/5723 5918/13/5838 5873/13/5782
f 5873/13/5782 5823/13/5675 5820/13/5723
f 5919/13/5839 5769/13/5840 5775/13/5678
f 5874/13/5781 5978/13/5841 5777/13/5682
f 5829/13/5736 5777/13/5682 5978/13/5841
f 5829/13/5736 5921/13/5842 5711/13/5843
f 5880/13/5844 5878/13/5788 5875/13/5783
f 5877/13/5845 5879/13/5846 5925/13/5847
f 5831/13/5740 5828/13/5733 5923/13/5848
f 5882/13/5790 5830/13/5737 5922/13/5849
f 5832/13/5741 5831/13/5740 5923/13/5848
f 5928/13/5742 5926/13/5739 5881/13/5743
f 6035/13/5850 5714/13/5689 5933/13/5745
f 5784/13/5692 5885/13/5851 5992/13/5852
f 5786/13/5622 5991/13/5791 5934/13/5853
f 5664/13/5565 5662/13/5561 5936/13/5854
f 5788/13/5628 5935/13/5855 5721/13/5562
f 5935/13/5855 5788/13/5628 5995/13/5856
f 5840/13/5750 5839/13/5751 5941/13/5857
f 5837/13/5858 5942/13/5859 5938/13/5860
f 5943/13/5861 5841/13/5752 5939/13/5862
f 5941/13/5857 5945/13/5863 5840/13/5750
f 5892/13/5800 6001/13/5864 5944/13/5801
f 5844/13/5696 6001/13/5864 5892/13/5800
f 5949/13/5865 5845/13/5805 5795/13/5758
f 5949/13/5866 5950/13/5867 5895/13/5868
f 5894/13/5869 5896/13/5870 5798/13/5871
f 5949/13/5866 5895/13/5868 5897/13/5872
f 5849/13/5807 5896/13/5870 5951/13/5873
f 5897/13/5806 5845/13/5805 5949/13/5865
f 5735/13/5580 5849/13/5807 5951/13/5873
f 5850/13/5874 5851/13/5761 5736/13/5635
f 5956/13/5875 5899/13/5814 6009/13/5815
f 5855/13/5817 5957/13/5876 6009/13/5815
f 5961/13/5877 5745/13/5709 5743/13/5703
f 5859/13/5823 5962/13/5878 5905/13/5824
f 5859/13/5823 5806/13/5710 5963/13/5879
f 5906/13/5764 5961/13/5877 5964/13/5880
f 5861/13/5765 5964/13/5880 5965/13/5881
f 5966/13/5882 6017/13/5825 5862/13/5768
f 5863/13/5883 5969/13/5884 5908/13/5770
f 5913/13/5831 5814/13/5718 5970/13/5885
f 5971/13/5886 5912/13/5887 5914/13/5888
f 5972/13/5834 5755/13/5833 5973/13/5889
f 6025/13/5836 5916/13/5890 5869/13/5776
f 5868/13/5777 5756/13/5658 5974/13/5891
f 5917/13/5837 5869/13/5776 5916/13/5890
f 5870/13/5892 5974/13/5891 5756/13/5658
f 5975/13/5893 5918/13/5838 5917/13/5837
f 5976/13/5894 5872/13/5895 5977/13/5896
f 6065/13/5897 5873/13/5782 5975/13/5893
f 5829/13/5736 5978/13/5841 5982/13/5898
f 5829/13/5736 5982/13/5898 6109/13/5899
f 5923/13/5848 5924/13/5900 5984/13/5901
f 5924/13/5902 5925/13/5847 5984/13/5901
f 5927/13/5903 5985/13/5904 5925/13/5847
f 5926/13/5739 5986/13/5905 5983/13/5906
f 5987/13/5907 5832/13/5741 5923/13/5848
f 5928/13/5742 5986/13/5905 5926/13/5739
f 5991/13/5791 5834/13/5793 5989/13/5908
f 5886/13/5748 6039/13/5909 5884/13/5747
f 5662/13/5561 5992/13/5852 6079/13/5910
f 5787/13/5624 5934/13/5853 5994/13/5911
f 5938/13/5860 5937/13/5912 5996/13/5913
f 5939/13/5914 5838/13/5915 5940/13/5916
f 5942/13/5859 5839/13/5917 5938/13/5860
f 5998/13/5918 5942/13/5859 5888/13/5797
f 5888/13/5797 5891/13/5796 5998/13/5918
f 5889/13/5919 5999/13/5920 6000/13/5921
f 5889/13/5756 5944/13/5801 6001/13/5864
f 6002/13/5922 5795/13/5758 5945/13/5863
f 5946/13/5923 5792/13/5695 5893/13/5802
f 5947/13/5924 5894/13/5869 5843/13/5759
f 5952/13/5925 6001/13/5864 5844/13/5696
f 5896/13/5870 6005/13/5926 5951/13/5873
f 5847/13/5809 5952/13/5925 5844/13/5696
f 5953/13/5634 6007/13/5927 5898/13/5811
f 6006/13/5928 5851/13/5761 5850/13/5874
f 5955/13/5929 5852/13/5584 5851/13/5761
f 5899/13/5814 5956/13/5875 6047/13/5930
f 5900/13/5931 5738/13/5640 5955/13/5929
f 6010/13/5932 5801/13/5643 5900/13/5931
f 6011/13/5933 5901/13/5816 5902/13/5820
f 6012/13/5934 5902/13/5820 5959/13/5935
f 6013/13/5936 5804/13/5702 5958/13/5937
f 6014/13/5938 5804/13/5702 6013/13/5936
f 5905/13/5824 6015/13/5939 5904/13/5822
f 5962/13/5878 6086/13/5940 5905/13/5824
f 5963/13/5879 6016/13/5941 5859/13/5823
f 5967/13/5942 5861/13/5765 5965/13/5881
f 6020/13/5943 5968/13/5944 6054/13/5945
f 6021/13/5946 5909/13/5826 5907/13/5828
f 5864/13/5771 6021/13/5946 6056/13/5947
f 6023/13/5948 5911/13/5829 6056/13/5947
f 5912/13/5949 5910/13/5830 5753/13/5654
f 5972/13/5834 6024/13/5950 5971/13/5951
f 6060/13/5952 5913/13/5831 5970/13/5885
f 6025/13/5836 5915/13/5832 6060/13/5952
f 6028/13/5953 5917/13/5837 6026/13/5954
f 5871/13/5778 6029/13/5955 5974/13/5891
f 5920/13/5956 6031/13/5957 5778/13/5685
f 5981/13/5958 5778/13/5685 6031/13/5957
f 5981/13/5958 6032/13/5959 5775/13/5960
f 5984/13/5901 5925/13/5847 5985/13/5904
f 6033/13/5961 5882/13/5790 5922/13/5849
f 6033/13/5961 6034/13/5962 5882/13/5790
f 5984/13/5901 5987/13/5907 5923/13/5848
f 6034/13/5962 5930/13/5963 5882/13/5790
f 6035/13/5850 5985/13/5904 5927/13/5903
f 6075/13/5964 5989/13/5908 5930/13/5963
f 6038/13/5965 5989/13/5908 6075/13/5964
f 5988/13/5966 5835/13/5967 6114/13/5968
f 6040/13/5969 5934/13/5853 5991/13/5791
f 5935/13/5855 6041/13/5970 5835/13/5967
f 5996/13/5913 6078/13/5971 5836/13/5972
f 5936/13/5854 6079/13/5910 6042/13/5973
f 6043/13/5974 5937/13/5795 5994/13/5911
f 6000/13/5921 5947/13/5975 5890/13/5798
f 6005/13/5926 6003/13/5976 5952/13/5925
f 6048/13/5977 5900/13/5931 5955/13/5929
f 5956/13/5875 6049/13/5978 6081/13/5979
f 6083/13/5980 6010/13/5932 6008/13/5981
f 6012/13/5934 6011/13/5933 5902/13/5820
f 6013/13/5936 5958/13/5937 6010/13/5932
f 6050/13/5982 5960/13/5983 5904/13/5822
f 6051/13/5984 6014/13/5938 6013/13/5936
f 6086/13/5940 6015/13/5939 5905/13/5824
f 6017/13/5825 6053/13/5985 5963/13/5879
f 6053/13/5985 6017/13/5825 6018/13/5986
f 6018/13/5986 6017/13/5825 5966/13/5987
f 6091/13/5988 5967/13/5942 5965/13/5881
f 6091/13/5988 6019/13/5989 5967/13/5942
f 6021/13/5946 6019/13/5989 6091/13/5988
f 6055/13/5990 5969/13/5884 6022/13/5991
f 5910/13/5830 6057/13/5992 6022/13/5991
f 5912/13/5949 6057/13/5992 5910/13/5830
f 6095/13/5993 6023/13/5948 6058/13/5994
f 6060/13/5952 5970/13/5885 6095/13/5993
f 6061/13/5995 6025/13/5836 6060/13/5952
f 6061/13/5995 6026/13/5954 6025/13/5836
f 5871/13/5778 6103/13/5996 6029/13/5955
f 5975/13/5893 6028/13/5953 6063/13/5997
f 5976/13/5894 6103/13/5996 5871/13/5778
f 5975/13/5893 6063/13/5997 6065/13/5897
f 5979/13/5998 6066/13/5999 5977/13/5896
f 6067/13/6000 5978/13/5841 6104/13/6001
f 5986/13/5905 6033/13/6002 5983/13/5906
f 6068/13/6003 5984/13/5901 5985/13/5904
f 5985/13/5904 6035/13/5850 6068/13/6003
f 6070/13/6004 5987/13/5907 5984/13/5901
f 6074/13/6005 6068/13/6003 6035/13/5850
f 6035/13/5850 5988/13/5966 6074/13/6005
f 6075/13/5964 5930/13/5963 6071/13/6006
f 5988/13/5966 6037/13/6007 6074/13/6005
f 5988/13/5966 6114/13/5968 6037/13/6007
f 5992/13/5852 6077/13/6008 6079/13/5910
f 5887/13/6009 6042/13/5973 6117/13/6010
f 5887/13/6009 6117/13/6010 5995/13/5856
f 6004/13/6011 5997/13/6012 5998/13/5918
f 6007/13/5927 6045/13/6013 6006/13/5928
f 6045/13/6013 6046/13/6014 5851/13/5761
f 6048/13/5977 5955/13/5929 6046/13/6014
f 6084/13/6015 6010/13/5932 6083/13/5980
f 6084/13/6015 6013/13/5936 6010/13/5932
f 6124/13/6016 6013/13/5936 6084/13/6015
f 6015/13/5939 6086/13/5940 6123/13/6017
f 6016/13/5941 6088/13/6018 6087/13/6019
f 5964/13/5880 6052/13/6020 6089/13/6021
f 6091/13/5988 5965/13/5881 6089/13/6021
f 6018/13/6022 6127/13/6023 6090/13/6024
f 6127/13/6023 6018/13/6022 6020/13/6025
f 6127/13/6023 6020/13/6025 6054/13/6026
f 6092/13/6027 6054/13/6026 6055/13/5990
f 6092/13/6027 6055/13/5990 6057/13/5992
f 6059/13/6028 6094/13/6029 6057/13/5992
f 6059/13/6028 6096/13/6030 6094/13/6029
f 6024/13/5950 6096/13/6030 6059/13/6028
f 6062/13/6031 6100/13/6032 6099/13/6033
f 6100/13/6032 6062/13/6031 6029/13/5955
f 6065/13/5897 6063/13/5997 6104/13/6001
f 6107/13/6034 5980/13/6035 6108/13/6036
f 5982/13/5898 6138/13/6037 6109/13/5899
f 5921/13/5842 6108/13/6036 5980/13/6035
f 6110/13/6038 6070/13/6004 6068/13/6003
f 6036/13/6039 6070/13/6004 6112/13/6040
f 6070/13/6004 6110/13/6038 6112/13/6040
f 6076/13/6041 6111/13/6042 6073/13/6043
f 6071/13/6006 6038/13/5965 6075/13/5964
f 6114/13/5968 6074/13/6005 6037/13/6007
f 6111/13/6042 6076/13/6041 6113/13/6044
f 6079/13/5910 6077/13/6008 6080/13/6045
f 6043/13/5974 6116/13/6046 6143/13/6047
f 6041/13/5970 6117/13/6010 6115/13/6048
f 6042/13/5973 6080/13/6045 6117/13/6010
f 6044/13/6049 6118/13/6050 6145/13/6051
f 6048/13/5977 6046/13/6014 6119/13/6052
f 6049/13/5978 6118/13/6050 6081/13/5979
f 6049/13/5978 6082/13/6053 6118/13/6050
f 6120/13/6054 6048/13/5977 6119/13/6052
f 6122/13/6055 6084/13/6015 6083/13/5980
f 6085/13/6056 6121/13/6057 6011/13/5933
f 6015/13/5939 6123/13/6017 6050/13/5982
f 6125/13/6058 6051/13/5984 6152/13/6059
f 6089/13/6021 6052/13/6020 6125/13/6058
f 6091/13/5988 6089/13/6021 6126/13/6060
f 6021/13/5946 6128/13/6061 6158/13/6062
f 6094/13/6029 6129/13/6063 6092/13/6027
f 6130/13/6064 6093/13/6065 6158/13/6062
f 6134/13/6066 6060/13/5952 6132/13/6067
f 6098/13/6068 6060/13/5952 6134/13/6066
f 6100/13/6032 6208/13/6069 6099/13/6033
f 6135/13/6070 6102/13/6071 6101/13/6072
f 6064/13/6073 6179/13/6074 5976/13/5894
f 6136/13/6075 6104/13/6001 6063/13/5997
f 6067/13/6000 6163/13/6076 6138/13/6037
f 6106/13/6077 6031/13/5957 6107/13/6034
f 5981/13/5958 6106/13/6077 6183/13/6078
f 6038/13/5965 6071/13/6006 6139/13/6079
f 6113/13/6044 6072/13/6080 6111/13/6042
f 6074/13/6005 6114/13/5968 6141/13/6081
f 6113/13/6044 6142/13/6082 6072/13/6080
f 6143/13/6047 6116/13/6046 6139/13/6079
f 6115/13/6048 6141/13/6081 6114/13/5968
f 6143/13/6047 6142/13/6082 6078/13/5971
f 6144/13/6083 6115/13/6048 6117/13/6010
f 6046/13/6014 6045/13/6013 6119/13/6052
f 6082/13/6053 6166/13/6084 6118/13/6050
f 6082/13/6053 6121/13/6057 6148/13/6085
f 6122/13/6055 6083/13/5980 6147/13/6086
f 6085/13/6056 6149/13/6087 6121/13/6057
f 6122/13/6055 6150/13/6088 6084/13/6015
f 6150/13/6088 6124/13/6016 6084/13/6015
f 6152/13/6059 6051/13/5984 6124/13/6016
f 6154/13/6089 6089/13/6021 6125/13/6058
f 6088/13/6018 6155/13/6090 6153/13/6091
f 6170/13/6092 6126/13/6060 6089/13/6021
f 6156/13/6093 6090/13/6024 6127/13/6023
f 6127/13/6023 6157/13/6094 6156/13/6093
f 6128/13/6061 6091/13/5988 6126/13/6060
f 6092/13/6027 6157/13/6094 6127/13/6023
f 6158/13/6062 6171/13/6095 6173/13/6096
f 6173/13/6096 6130/13/6064 6158/13/6062
f 6132/13/6067 6130/13/6064 6174/13/6097
f 6177/13/6098 6159/13/6099 6097/13/6100
f 6160/13/6101 6098/13/6068 6134/13/6066
f 6208/13/6069 6177/13/6098 6099/13/6033
f 6136/13/6075 6135/13/6070 6162/13/6102
f 6181/13/6103 6066/13/5999 6105/13/6104
f 6181/13/6103 6105/13/6104 6030/13/6105
f 6144/13/6083 6140/13/6106 6141/13/6081
f 6115/13/6048 6144/13/6083 6141/13/6081
f 6164/13/6107 6165/13/6108 6045/13/6013
f 6118/13/6050 6164/13/6107 6145/13/6051
f 6146/13/6109 6147/13/6086 6119/13/6052
f 6148/13/6085 6166/13/6084 6082/13/6053
f 6122/13/6055 6147/13/6086 6150/13/6088
f 6124/13/6016 6150/13/6088 6167/13/6110
f 6153/13/6091 6191/13/6111 6151/13/6112
f 6193/13/6113 6125/13/6058 6152/13/6059
f 6156/13/6093 6157/13/6094 6169/13/6114
f 6171/13/6095 6128/13/6061 6126/13/6060
f 6174/13/6097 6130/13/6064 6173/13/6096
f 6131/13/6115 6175/13/6116 6129/13/6063
f 6134/13/6066 6132/13/6067 6174/13/6097
f 6096/13/6030 6176/13/6117 6206/13/6118
f 6178/13/6119 6135/13/6070 6160/13/6101
f 6136/13/6075 6162/13/6102 6180/13/6120
f 6182/13/6121 6138/13/6037 6163/13/6076
f 6138/13/6037 6182/13/6121 6184/13/6122
f 6212/13/6123 6183/13/6078 6106/13/6077
f 6138/13/6037 6184/13/6122 6109/13/5899
f 6107/13/6034 6212/13/6123 6106/13/6077
f 6108/13/6036 6184/13/6122 6107/13/6034
f 6166/13/6084 6148/13/6085 6186/13/6124
f 6188/13/6125 6167/13/6110 6150/13/6088
f 6168/13/6126 6190/13/6127 6189/13/6128
f 6191/13/6111 6168/13/6126 6151/13/6112
f 6193/13/6113 6152/13/6059 6167/13/6110
f 6194/13/6129 6191/13/6111 6153/13/6091
f 6195/13/6130 6154/13/6089 6193/13/6113
f 6169/13/6114 6194/13/6129 6155/13/6090
f 6170/13/6131 6195/13/6130 6126/13/6060
f 6198/13/6132 6169/13/6114 6157/13/6094
f 6157/13/6094 6200/13/6133 6198/13/6132
f 6201/13/6134 6173/13/6096 6199/13/6135
f 6175/13/6116 6203/13/6136 6129/13/6063
f 6204/13/6137 6174/13/6097 6173/13/6096
f 6207/13/6138 6134/13/6066 6174/13/6097
f 6177/13/6098 6176/13/6117 6159/13/6099
f 6178/13/6119 6160/13/6101 6134/13/6066
f 6161/13/6139 6209/13/6140 6239/13/6141
f 6178/13/6119 6162/13/6102 6135/13/6070
f 6179/13/6074 6209/13/6140 6161/13/6139
f 6181/13/6103 6242/13/6142 6137/13/6143
f 6185/13/6144 6212/13/6123 6107/13/6034
f 6188/13/6125 6147/13/6086 6214/13/6145
f 6191/13/6111 6190/13/6127 6168/13/6126
f 6218/13/6146 6216/13/6147 6190/13/6127
f 6194/13/6129 6218/13/6146 6191/13/6111
f 6194/13/6129 6196/13/6148 6252/13/6149
f 6198/13/6132 6221/13/6150 6196/13/6148
f 6200/13/6133 6221/13/6150 6198/13/6132
f 6257/13/6151 6222/13/6152 6199/13/6135
f 6221/13/6150 6202/13/6153 6286/13/6154
f 6201/13/6134 6222/13/6152 6223/13/6155
f 6224/13/6156 6202/13/6153 6203/13/6136
f 6204/13/6137 6201/13/6134 6223/13/6155
f 6225/13/6157 6204/13/6137 6223/13/6155
f 6258/13/6158 6203/13/6136 6226/13/6159
f 6206/13/6118 6227/13/6160 6226/13/6159
f 6229/13/6161 6174/13/6097 6205/13/6162
f 6228/13/6163 6230/13/6164 6229/13/6161
f 6176/13/6117 6262/13/6165 6227/13/6160
f 6229/13/6161 6230/13/6164 6232/13/6166
f 6174/13/6097 6229/13/6161 6233/13/6167
f 6232/13/6166 6233/13/6167 6229/13/6161
f 6234/13/6168 6176/13/6117 6177/13/6169
f 6236/13/6170 6235/13/6171 6234/13/6168
f 6238/13/6172 6178/13/6119 6207/13/6138
f 6238/13/6172 6162/13/6102 6178/13/6119
f 6184/13/6122 6182/13/6121 6280/13/6173
f 6215/13/6174 6213/13/6175 6186/13/6124
f 6188/13/6125 6214/13/6145 6245/13/6176
f 6167/13/6110 6188/13/6125 6247/13/6177
f 6245/13/6176 6247/13/6177 6188/13/6125
f 6216/13/6147 6246/13/6178 6187/13/6179
f 6250/13/6180 6217/13/6181 6247/13/6177
f 6249/13/6182 6216/13/6147 6251/13/6183
f 6252/13/6149 6251/13/6183 6218/13/6146
f 6254/13/6184 6252/13/6149 6196/13/6148
f 6253/13/6185 6220/13/6186 6219/13/6187
f 6254/13/6184 6196/13/6148 6221/13/6150
f 6254/13/6184 6256/13/6188 6283/13/6189
f 6197/13/6190 6220/13/6186 6257/13/6151
f 6255/13/6191 6257/13/6151 6220/13/6186
f 6286/13/6154 6256/13/6188 6221/13/6150
f 6255/13/6191 6222/13/6152 6257/13/6151
f 6288/13/6192 6223/13/6155 6222/13/6152
f 6202/13/6153 6258/13/6158 6286/13/6154
f 6225/13/6157 6223/13/6155 6288/13/6192
f 6260/13/6193 6259/13/6194 6288/13/6192
f 6226/13/6159 6291/13/6195 6258/13/6158
f 6227/13/6160 6291/13/6195 6226/13/6159
f 6292/13/6196 6259/13/6194 6260/13/6193
f 6262/13/6165 6261/13/6197 6291/13/6195
f 6259/13/6194 6292/13/6196 6263/13/6198
f 6230/13/6164 6259/13/6194 6264/13/6199
f 6265/13/6200 6230/13/6164 6264/13/6199
f 6264/13/6199 6263/13/6198 6265/13/6200
f 6263/13/6198 6261/13/6197 6231/13/6201
f 6235/13/6171 6267/13/6202 6231/13/6201
f 6235/13/6171 6231/13/6201 6234/13/6168
f 6233/13/6167 6232/13/6166 6269/13/6203
f 6268/13/6204 6269/13/6203 6232/13/6166
f 6238/13/6172 6207/13/6138 6233/13/6167
f 6238/13/6172 6269/13/6203 6271/13/6205
f 6237/13/6206 6274/13/6207 6236/13/6170
f 6271/13/6205 6272/13/6208 6238/13/6172
f 6272/13/6208 6273/13/6209 6238/13/6172
f 6209/13/6140 6274/13/6207 6239/13/6141
f 6240/13/6210 6273/13/6209 6243/13/6211
f 6272/13/6208 6243/13/6211 6273/13/6209
f 6242/13/6142 6304/13/6212 6275/13/6213
f 6276/13/6214 6277/13/6215 6279/13/6216
f 6279/13/6216 6280/13/6173 6305/13/6217
f 6278/13/6218 6279/13/6216 6277/13/6215
f 6278/13/6218 6304/13/6212 6211/13/6219
f 6242/13/6142 6211/13/6219 6304/13/6212
f 6278/13/6218 6211/13/6219 6244/13/6220
f 6250/13/6180 6249/13/6182 6281/13/6221
f 6283/13/6189 6281/13/6221 6252/13/6149
f 6285/13/6222 6283/13/6189 6286/13/6223
f 6255/13/6191 6284/13/6224 6288/13/6192
f 6288/13/6192 6284/13/6224 6289/13/6225
f 6291/13/6195 6290/13/6226 6286/13/6223
f 6260/13/6193 6289/13/6225 6292/13/6196
f 6293/13/6227 6289/13/6225 6291/13/6195
f 6293/13/6227 6292/13/6196 6289/13/6225
f 6292/13/6196 6293/13/6227 6261/13/6197
f 6269/13/6203 6268/13/6204 6295/13/6228
f 6270/13/6229 6267/13/6202 6235/13/6171
f 6294/13/6230 6267/13/6202 6297/13/6231
f 6296/13/6232 6295/13/6228 6294/13/6230
f 6296/13/6232 6294/13/6230 6297/13/6231
f 6271/13/6205 6295/13/6228 6296/13/6232
f 6299/13/6233 6270/13/6229 6274/13/6207
f 6271/13/6205 6296/13/6232 6300/13/6234
f 6299/13/6233 6274/13/6207 6241/13/6235
f 6301/13/6236 6272/13/6208 6271/13/6205
f 6300/13/6234 6296/13/6232 6302/13/6237
f 6302/13/6237 6296/13/6232 6303/13/6238
f 6297/13/6231 6303/13/6238 6296/13/6232
f 6303/13/6238 6297/13/6231 6298/13/6239
f 6276/13/6214 6303/13/6238 6277/13/6215
f 6298/13/6239 6299/13/6233 6304/13/6240
f 6302/13/6237 6303/13/6238 6276/13/6214
f 6305/13/6217 6301/13/6236 6302/13/6237
f 6279/13/6216 6305/13/6217 6276/13/6214
f 623/13/6241 644/13/6242 622/13/6243
f 620/13/6244 621/13/6245 624/13/6246
f 272/13/41 275/13/43 273/13/39
f 276/13/42 287/13/55 273/13/39
f 277/13/46 274/13/45 288/13/53
f 274/13/45 275/13/43 272/13/41
f 334/13/109 292/13/6247 284/13/48 315/13/6248
f 275/13/43 283/13/44 276/13/42
f 282/13/58 279/13/57 295/13/6249
f 283/13/44 285/13/64 276/13/42
f 272/13/41 286/13/40 288/13/53
f 290/13/84 304/13/54 288/13/53
f 288/13/53 274/13/45 272/13/41
f 287/13/55 280/13/56 289/13/67
f 304/13/54 281/13/47 277/13/46
f 292/13/6247 277/13/46 284/13/48
f 292/13/49 293/13/63 274/13/45
f 276/13/42 285/13/64 294/13/60
f 295/13/52 278/13/51 294/13/60
f 294/13/60 285/13/64 298/13/82
f 297/13/72 299/13/74 285/13/64
f 298/13/82 285/13/64 299/13/74
f 288/13/53 286/13/40 328/13/75
f 300/13/66 273/13/39 287/13/55
f 302/13/96 304/13/6250 290/13/84
f 298/13/82 307/13/83 294/13/60
f 307/13/83 295/13/52 294/13/60
f 316/13/111 295/13/6251 307/13/83
f 293/13/63 308/13/90 297/13/72
f 290/13/84 288/13/53 328/13/75
f 300/13/66 287/13/55 301/13/68
f 290/13/84 310/13/6252 302/13/96
f 302/13/96 313/13/95 304/13/6253
f 314/13/102 312/13/101 303/13/6254
f 305/13/59 304/13/70 313/13/6255
f 305/13/59 315/13/6248 284/13/48
f 308/13/90 317/13/94 309/13/73 297/13/72
f 296/13/108 292/13/6247 334/13/109
f 308/13/90 293/13/63 296/13/65
f 301/13/68 322/13/116 320/13/115 300/13/66
f 328/13/75 300/13/66 319/13/128
f 325/13/91 354/13/146 341/13/145 317/13/94
f 310/13/6252 290/13/84 321/13/85
f 301/13/68 289/13/67 311/13/86
f 291/13/78 324/13/80 314/13/6256
f 305/13/6257 313/13/6258 323/13/6259
f 317/13/94 308/13/90 325/13/91
f 318/13/92 316/13/111 307/13/83
f 326/13/93 327/13/6260 309/13/73
f 327/13/6260 299/13/74 309/13/6261
f 319/13/128 300/13/66 320/13/115
f 331/13/97 302/13/96 310/13/6252
f 333/13/120 315/13/6262 323/13/100
f 299/13/74 327/13/6260 343/13/112
f 319/13/128 345/13/114 328/13/75
f 330/13/129 320/13/115 337/13/117
f 322/13/116 301/13/68 311/13/86
f 331/13/97 338/13/99 313/13/98
f 350/13/6263 315/13/6262 333/13/120
f 315/13/6248 350/13/131 334/13/109
f 335/13/107 351/13/134 306/13/71
f 336/13/110 318/13/92 353/13/126
f 310/13/6252 321/13/85 370/13/204 346/13/6264
f 341/13/145 326/13/93 317/13/94
f 343/13/112 327/13/6260 326/13/93
f 350/13/131 361/13/165 372/13/155 364/13/132
f 347/13/141 322/13/116 311/13/86
f 311/13/86 348/13/118 347/13/141
f 346/13/6264 349/13/153 310/13/6252
f 331/13/97 310/13/6252 349/13/6265
f 338/13/99 331/13/97 349/13/6265
f 350/13/131 333/13/120 338/13/99
f 351/13/121 339/13/119 332/13/105
f 340/13/122 363/13/133 335/13/107
f 352/13/123 354/13/146 325/13/91
f 344/13/127 326/13/93 341/13/145
f 337/13/117 322/13/116 358/13/175
f 322/13/116 347/13/141 358/13/175
f 359/13/154 349/13/153 346/13/6264
f 361/13/165 338/13/99 349/13/6265
f 361/13/165 350/13/131 338/13/99
f 362/13/142 348/13/118 339/13/130
f 365/13/6266 363/13/6267 340/13/122
f 352/13/123 373/13/143 354/13/146
f 353/13/126 365/13/6266 340/13/122
f 344/13/127 368/13/150 369/13/151
f 357/13/139 370/13/204 321/13/85
f 371/13/152 361/13/165 349/13/153
f 362/13/142 360/13/140 348/13/118
f 386/13/173 387/13/212 329/13/113 345/13/114
f 380/13/178 362/13/142 363/13/133
f 374/13/6268 380/13/6269 363/13/6267
f 365/13/6266 374/13/6268 363/13/6267
f 354/13/146 375/13/156 366/13/147
f 367/13/148 365/13/6270 353/13/135
f 368/13/150 341/13/149 376/13/158
f 355/13/6271 342/13/124 369/13/151
f 319/13/128 386/13/173 345/13/114
f 370/13/204 357/13/139 379/13/185
f 382/13/191 380/13/6269 374/13/6268
f 367/13/148 392/13/6272 365/13/6270
f 366/13/6273 383/13/169 376/13/168
f 385/13/170 367/13/148 377/13/6274
f 385/13/170 377/13/6274 369/13/151
f 369/13/151 368/13/150 394/13/172
f 389/13/179 391/13/180 375/13/156 373/13/143
f 388/13/174 319/13/128 356/13/138
f 399/13/234 358/13/175 347/13/141
f 346/13/6264 370/13/204 359/13/154
f 374/13/6275 390/13/189 382/13/191
f 369/13/151 395/13/6276 396/13/171 385/13/170
f 374/13/6275 392/13/6272 390/13/189
f 392/13/6272 374/13/6275 365/13/6270
f 393/13/183 392/13/6272 367/13/148
f 383/13/169 403/13/6277 384/13/167
f 403/13/6277 394/13/172 384/13/167
f 369/13/151 394/13/172 395/13/6276
f 383/13/197 408/13/198 409/13/6278 403/13/193
f 357/13/139 329/13/113 387/13/212
f 378/13/163 330/13/129 397/13/176
f 397/13/176 330/13/129 337/13/117
f 347/13/141 360/13/140 399/13/234
f 380/13/6269 382/13/191 407/13/186
f 381/13/166 372/13/155 413/13/187
f 402/13/182 366/13/147 391/13/180
f 393/13/183 415/13/207 392/13/6272
f 419/13/202 356/13/138 378/13/163
f 405/13/232 357/13/139 387/13/212
f 405/13/232 398/13/184 357/13/139
f 358/13/175 399/13/234 397/13/176
f 379/13/185 466/13/205 370/13/204
f 360/13/140 411/13/177 435/13/246
f 413/13/187 400/13/188 381/13/166
f 392/13/6272 415/13/207 390/13/189
f 389/13/179 414/13/196 391/13/180
f 421/13/213 441/13/260 405/13/232 387/13/212
f 403/13/193 409/13/6278 404/13/194
f 410/13/200 395/13/195 404/13/194
f 396/13/199 395/13/195 410/13/200
f 387/13/212 386/13/173 418/13/201
f 360/13/140 435/13/246 399/13/234
f 413/13/187 406/13/164 359/13/154
f 416/13/218 402/13/182 414/13/196
f 408/13/198 402/13/182 416/13/218
f 426/13/206 393/13/183 410/13/200
f 420/13/254 419/13/202 422/13/214
f 418/13/201 388/13/174 419/13/202
f 412/13/288 424/13/215 359/13/154
f 416/13/218 414/13/196 425/13/217
f 432/13/229 409/13/208 408/13/220
f 417/13/209 433/13/230 410/13/211
f 422/13/214 378/13/163 423/13/203
f 466/13/205 412/13/288 359/13/154
f 390/13/189 437/13/237 427/13/228
f 437/13/237 390/13/189 415/13/207
f 416/13/218 425/13/217 447/13/264
f 428/13/236 415/13/207 426/13/206
f 426/13/206 429/13/238 428/13/236
f 416/13/218 447/13/264 430/13/219
f 408/13/220 431/13/224 432/13/229
f 421/13/213 418/13/201 434/13/253
f 419/13/202 434/13/253 418/13/201
f 434/13/253 419/13/202 420/13/254
f 466/13/205 398/13/184 443/13/244
f 424/13/215 436/13/235 413/13/187
f 400/13/188 413/13/187 436/13/235
f 430/13/219 447/13/264 452/13/242
f 432/13/229 438/13/240 439/13/6279
f 433/13/225 432/13/229 439/13/6279
f 439/13/6279 440/13/252 433/13/225
f 440/13/252 448/13/269 433/13/225
f 448/13/269 429/13/221 433/13/225
f 445/13/262 444/13/226 401/13/190 427/13/228
f 456/13/249 472/13/251 439/13/250 438/13/240
f 429/13/238 448/13/269 453/13/239
f 470/13/243 431/13/224 430/13/219
f 399/13/234 476/13/245 449/13/233
f 424/13/215 412/13/288 477/13/290
f 446/13/227 451/13/265 425/13/217
f 447/13/264 425/13/217 451/13/265
f 428/13/236 487/13/247 437/13/237
f 453/13/239 448/13/269 454/13/267
f 456/13/249 438/13/240 431/13/224
f 510/13/298 494/13/319 489/13/280 479/13/266
f 440/13/252 472/13/251 457/13/270
f 440/13/252 457/13/270 448/13/269
f 411/13/177 485/13/308 435/13/246
f 411/13/177 467/13/261 485/13/308
f 436/13/235 424/13/215 492/13/291
f 446/13/227 436/13/235 468/13/6280
f 451/13/265 446/13/227 468/13/6280
f 452/13/242 447/13/264 479/13/266
f 453/13/239 469/13/268 487/13/247
f 479/13/266 470/13/243 452/13/242
f 471/13/283 455/13/248 470/13/243
f 456/13/6281 455/13/282 473/13/284
f 472/13/285 456/13/6281 473/13/284
f 459/13/256 421/13/213 458/13/271
f 460/13/255 420/13/254 462/13/258
f 463/13/259 423/13/203 474/13/306
f 474/13/306 423/13/203 442/13/241
f 475/13/272 405/13/232 441/13/260
f 444/13/226 478/13/263 467/13/261
f 492/13/291 468/13/6280 436/13/235
f 437/13/237 487/13/247 486/13/277
f 479/13/266 471/13/283 470/13/243
f 472/13/285 481/13/281 482/13/286
f 457/13/270 472/13/285 482/13/286
f 412/13/288 466/13/205 484/13/276
f 435/13/246 485/13/308 491/13/275
f 477/13/290 412/13/288 519/13/289
f 445/13/262 486/13/277 478/13/263
f 451/13/265 510/13/298 479/13/266
f 469/13/268 488/13/292 487/13/247
f 471/13/283 479/13/266 489/13/280
f 475/13/272 505/13/295 464/13/231
f 468/13/6280 492/13/291 493/13/297
f 493/13/297 451/13/265 468/13/6280
f 487/13/247 523/13/311 486/13/277
f 568/13/401 569/13/403 557/13/378 543/13/350
f 487/13/247 488/13/292 495/13/310
f 489/13/280 494/13/319 500/13/278
f 476/13/245 491/13/275 527/13/273
f 478/13/263 520/13/309 467/13/261
f 492/13/291 477/13/290 498/13/324
f 488/13/292 499/13/299 495/13/310
f 502/13/313 458/13/271 460/13/255
f 458/13/271 501/13/303 459/13/256
f 483/13/287 461/13/257 490/13/293
f 504/13/305 441/13/260 483/13/287
f 478/13/263 521/13/347 520/13/309
f 523/13/311 478/13/263 486/13/277
f 530/13/322 458/13/271 502/13/313
f 496/13/296 462/13/258 503/13/304
f 503/13/304 463/13/259 507/13/315
f 508/13/358 507/13/315 474/13/306
f 504/13/305 505/13/295 475/13/272
f 498/13/324 477/13/290 519/13/289
f 492/13/291 498/13/324 522/13/326
f 493/13/297 492/13/291 522/13/326
f 521/13/347 478/13/263 523/13/311
f 494/13/319 524/13/318 513/13/320
f 500/13/278 513/13/320 514/13/367
f 562/13/312 500/13/278 514/13/367
f 517/13/353 483/13/287 490/13/293
f 518/13/323 508/13/358 474/13/306
f 518/13/323 474/13/306 497/13/294
f 524/13/318 510/13/298 511/13/328
f 512/13/317 499/13/299 561/13/366
f 516/13/329 525/13/330 533/13/351
f 496/13/296 531/13/332 506/13/314
f 490/13/293 516/13/329 532/13/354
f 517/13/353 490/13/293 532/13/354
f 503/13/304 507/13/315 534/13/331
f 526/13/333 483/13/287 517/13/353
f 505/13/295 504/13/305 536/13/359
f 529/13/335 484/13/276 509/13/307
f 491/13/275 552/13/394 538/13/334
f 485/13/308 574/13/336 491/13/275
f 498/13/324 519/13/289 539/13/325
f 561/13/366 499/13/299 591/13/338
f 533/13/351 532/13/354 516/13/329
f 507/13/315 508/13/358 535/13/342
f 536/13/359 504/13/305 526/13/333
f 551/13/360 518/13/323 527/13/273
f 536/13/359 537/13/316 505/13/295
f 574/13/336 552/13/394 491/13/275
f 523/13/311 512/13/317 542/13/348
f 554/13/349 502/13/313 506/13/314
f 525/13/330 501/13/303 545/13/397
f 547/13/343 548/13/374 531/13/332
f 543/13/350 532/13/354 533/13/351
f 531/13/332 534/13/331 547/13/343
f 549/13/356 526/13/333 517/13/353
f 551/13/360 560/13/357 508/13/358
f 527/13/273 528/13/344 551/13/360
f 538/13/334 552/13/394 605/13/407
f 540/13/346 574/13/336 520/13/309
f 540/13/346 521/13/347 553/13/409
f 521/13/347 542/13/348 553/13/409
f 501/13/303 515/13/321 545/13/397
f 555/13/370 506/13/314 546/13/386
f 557/13/378 517/13/353 543/13/350
f 558/13/363 556/13/376 547/13/343
f 517/13/353 557/13/378 549/13/356
f 559/13/364 558/13/363 535/13/342
f 538/13/334 585/13/382 528/13/344
f 545/13/397 515/13/321 577/13/362
f 564/13/368 525/13/330 545/13/397
f 546/13/386 531/13/332 565/13/371
f 566/13/372 531/13/332 548/13/374
f 525/13/330 567/13/387 544/13/352
f 568/13/401 543/13/350 544/13/352
f 556/13/376 578/13/373 547/13/343
f 589/13/623 590/13/337 524/13/318 576/13/434
f 560/13/357 572/13/379 559/13/364
f 550/13/355 583/13/405 536/13/359
f 573/13/365 509/13/307 537/13/316
f 587/13/385 539/13/325 586/13/345
f 540/13/346 575/13/453 574/13/336
f 541/13/327 522/13/326 607/13/396
f 576/13/434 511/13/328 541/13/327
f 570/13/375 579/13/417 556/13/376
f 572/13/379 580/13/391 558/13/380
f 582/13/381 572/13/379 560/13/357
f 550/13/355 581/13/392 583/13/405
f 536/13/359 583/13/405 584/13/361
f 575/13/453 588/13/395 574/13/336
f 606/13/384 640/13/408 539/13/325
f 540/13/346 553/13/409 575/13/453
f 542/13/348 618/13/410 553/13/409
f 576/13/434 524/13/318 511/13/328
f 627/13/6282 656/13/6283 655/13/6284 651/13/6285
f 593/13/425 565/13/371 566/13/372
f 544/13/352 594/13/399 595/13/400
f 595/13/400 597/13/402 568/13/401
f 596/13/415 578/13/373 556/13/376
f 596/13/6286 556/13/6287 579/13/429
f 599/13/421 580/13/6288 572/13/379
f 582/13/381 599/13/421 572/13/379
f 639/13/406 552/13/394 588/13/395
f 716/13/560 541/13/327 607/13/396
f 554/13/349 660/13/412 577/13/362
f 609/13/398 545/13/397 601/13/424
f 592/13/413 554/13/349 555/13/370
f 548/13/374 593/13/425 566/13/372
f 599/13/421 579/13/429 580/13/6288
f 581/13/392 603/13/418 583/13/405
f 605/13/407 604/13/383 538/13/334
f 553/13/409 600/13/411 575/13/453
f 577/13/362 601/13/424 545/13/397
f 592/13/413 555/13/370 565/13/371
f 564/13/368 609/13/398 563/13/369
f 596/13/415 611/13/485 610/13/416
f 569/13/403 597/13/402 612/13/426
f 611/13/485 596/13/6286 579/13/429
f 603/13/418 569/13/403 613/13/427
f 573/13/365 615/13/393 616/13/557
f 573/13/365 667/13/432 586/13/345
f 587/13/385 667/13/432 617/13/433
f 618/13/410 542/13/348 561/13/366
f 627/13/470 620/13/6289 624/13/471
f 601/13/424 631/13/481 609/13/398
f 632/13/515 592/13/413 593/13/425
f 638/13/502 614/13/431 604/13/383
f 637/13/430 616/13/557 615/13/393
f 638/13/502 604/13/383 605/13/407
f 541/13/327 716/13/560 641/13/435
f 591/13/338 562/13/312 608/13/423
f 625/13/439 651/13/6290 647/13/464
f 658/13/6291 629/13/6292 653/13/6293 657/13/6294
f 612/13/426 595/13/400 635/13/452 664/13/486
f 601/13/424 660/13/412 659/13/480
f 661/13/482 563/13/369 609/13/398
f 662/13/483 633/13/449 602/13/414
f 676/13/517 610/13/416 611/13/485
f 649/13/563 624/13/6295 643/13/6296 692/13/564
f 665/13/484 676/13/517 611/13/485
f 666/13/420 678/13/487 599/13/421
f 614/13/431 666/13/420 582/13/381
f 668/13/454 679/13/489 588/13/395
f 575/13/453 600/13/411 669/13/490
f 590/13/337 589/13/623 642/13/422
f 621/13/6297 671/13/522 643/13/519
f 671/13/6298 621/13/437 647/13/464
f 673/13/506 651/13/6299 655/13/509 675/13/507
f 650/13/472 624/13/471 649/13/530
f 651/13/6290 673/13/506 647/13/464
f 652/13/534 674/13/512 653/13/6300
f 656/13/535 627/13/470 654/13/497
f 701/13/570 658/13/498 657/13/6301 703/13/595
f 657/13/511 653/13/6302 674/13/512
f 661/13/482 609/13/398 631/13/481
f 633/13/449 632/13/515 593/13/425
f 734/13/500 637/13/430 583/13/405
f 715/13/501 605/13/407 639/13/406
f 607/13/396 640/13/408 716/13/560
f 576/13/434 873/13/621 589/13/623
f 619/13/436 591/13/338 670/13/491
f 672/13/492 644/13/459 680/13/503
f 648/13/468 681/13/527 646/13/466
f 648/13/469 628/13/440 683/13/496
f 630/13/448 592/13/413 632/13/515
f 712/13/518 662/13/483 610/13/416
f 635/13/452 663/13/451 690/13/552
f 715/13/501 639/13/406 679/13/489
f 691/13/559 606/13/384 617/13/433
f 640/13/408 606/13/384 691/13/559
f 717/13/561 576/13/434 641/13/435
f 576/13/434 717/13/561 873/13/621
f 672/13/492 695/13/529 645/13/460
f 697/13/6303 743/13/531 649/13/530
f 681/13/527 698/13/6304 694/13/526
f 701/13/570 682/13/495 658/13/498
f 684/13/508 675/13/507 685/13/510
f 703/13/6305 657/13/6306 686/13/513
f 694/13/525 719/13/567 740/13/585 680/13/523
f 707/13/548 703/13/6305 686/13/513
f 659/13/480 660/13/412 725/13/578
f 660/13/412 687/13/6307 725/13/578
f 758/13/6308 659/13/480 709/13/577
f 687/13/6307 660/13/412 630/13/448
f 758/13/6308 631/13/481 659/13/480
f 661/13/482 631/13/481 710/13/668
f 729/13/551 663/13/451 689/13/516
f 676/13/517 767/13/580 712/13/518
f 678/13/487 713/13/554 665/13/484
f 735/13/671 573/13/365 616/13/557
f 667/13/432 573/13/365 735/13/671
f 641/13/435 716/13/560 737/13/562
f 618/13/410 838/13/750 772/13/583
f 618/13/410 619/13/436 838/13/750
f 642/13/422 589/13/623 773/13/622
f 671/13/522 718/13/705 693/13/520
f 718/13/705 671/13/6298 647/13/464
f 672/13/492 680/13/503 740/13/585
f 758/13/6308 756/13/6309 710/13/668 631/13/481
f 697/13/588 649/13/563 720/13/565
f 695/13/529 721/13/569 652/13/493
f 684/13/508 722/13/676 696/13/528
f 744/13/628 681/13/505 683/13/496
f 705/13/544 685/13/510 708/13/547
f 754/13/549 686/13/513 706/13/545
f 775/13/625 608/13/423 642/13/422 774/13/624
f 711/13/611 632/13/515 688/13/514
f 727/13/612 688/13/514 633/13/449
f 633/13/449 728/13/550 727/13/612
f 728/13/550 633/13/449 662/13/483
f 690/13/552 729/13/551 730/13/617
f 712/13/518 767/13/580 731/13/616
f 664/13/486 635/13/452 830/13/581
f 677/13/499 664/13/486 732/13/488
f 832/13/556 713/13/554 614/13/431
f 616/13/557 714/13/555 735/13/671
f 715/13/501 832/13/556 638/13/502
f 715/13/501 679/13/489 768/13/696
f 771/13/584 669/13/490 618/13/410
f 696/13/528 738/13/703 718/13/705 647/13/464
f 753/13/597 757/13/6310 756/13/6309 724/13/575
f 742/13/6311 743/13/531 697/13/6303
f 744/13/628 683/13/496 701/13/570
f 745/13/627 681/13/505 744/13/628
f 748/13/647 702/13/536 654/13/497
f 701/13/570 703/13/595 746/13/6312
f 751/13/594 746/13/6312 703/13/595
f 752/13/602 751/13/594 707/13/596
f 708/13/547 785/13/6313 705/13/544
f 755/13/6314 707/13/548 754/13/549
f 722/13/676 776/13/675 738/13/703 696/13/528
f 756/13/604 708/13/547 724/13/576
f 759/13/634 708/13/636 758/13/6315
f 789/13/662 687/13/6307 630/13/448
f 758/13/6308 709/13/577 759/13/605
f 711/13/6316 754/13/6317 760/13/6318
f 760/13/609 632/13/515 711/13/611
f 726/13/579 661/13/482 710/13/668
f 727/13/612 728/13/550 765/13/638
f 667/13/432 735/13/671 794/13/672
f 736/13/558 667/13/432 794/13/672
f 770/13/620 716/13/560 691/13/559
f 654/13/497 699/13/532 779/13/678 780/13/648
f 739/13/587 777/13/642 721/13/569
f 698/13/566 778/13/6319 719/13/567
f 742/13/6311 779/13/643 743/13/531
f 779/13/678 699/13/532 743/13/531
f 746/13/6320 781/13/6321 744/13/628 701/13/570
f 778/13/6322 745/13/6323 749/13/682 783/13/684
f 778/13/6322 698/13/6324 745/13/6323
f 779/13/643 742/13/6311 747/13/6325
f 654/13/497 780/13/648 748/13/647
f 705/13/544 785/13/6313 722/13/676 684/13/508
f 747/13/650 742/13/6326 784/13/651
f 782/13/629 787/13/680 749/13/6327 745/13/627
f 702/13/536 748/13/647 800/13/660 723/13/6328
f 725/13/578 687/13/6307 789/13/662
f 760/13/6318 754/13/6317 750/13/6329
f 790/13/6330 752/13/602 755/13/601
f 789/13/662 630/13/448 760/13/609
f 710/13/668 756/13/6309 757/13/6310
f 762/13/667 726/13/579 710/13/668
f 792/13/740 764/13/614 726/13/579
f 766/13/615 689/13/516 764/13/614
f 831/13/695 733/13/582 732/13/488
f 835/13/697 679/13/489 769/13/619
f 739/13/587 672/13/492 812/13/586
f 777/13/642 739/13/587 795/13/726
f 779/13/643 747/13/6325 799/13/644
f 751/13/594 781/13/6331 746/13/6312
f 799/13/644 747/13/6325 786/13/656
f 760/13/6318 750/13/6329 798/13/641 789/13/686
f 753/13/657 723/13/6328 800/13/660
f 790/13/6332 755/13/6333 807/13/6334 803/13/6335
f 804/13/690 749/13/6327 787/13/680
f 786/13/632 788/13/631 805/13/692
f 807/13/6336 787/13/6337 803/13/6338
f 807/13/693 804/13/690 787/13/680
f 805/13/692 757/13/6310 753/13/597
f 755/13/606 761/13/610 763/13/613 807/13/693
f 805/13/692 808/13/666 757/13/6310
f 808/13/666 710/13/668 757/13/6310
f 853/13/710 865/13/708 778/13/6319 783/13/684
f 726/13/579 762/13/667 792/13/740
f 765/13/638 731/13/616 809/13/743
f 713/13/554 793/13/553 665/13/484
f 715/13/501 810/13/746 832/13/556
f 736/13/558 794/13/672 844/13/761
f 693/13/520 811/13/673 720/13/626
f 693/13/520 718/13/705 811/13/673
f 778/13/6319 865/13/708 719/13/567
f 741/13/589 796/13/640 813/13/677
f 816/13/758 824/13/718 788/13/6339 784/13/6340
f 814/13/674 722/13/676 785/13/6313
f 777/13/642 815/13/687 798/13/641
f 821/13/649 744/13/628 781/13/6341
f 813/13/677 816/13/758 784/13/630
f 785/13/635 819/13/685 814/13/6342
f 820/13/681 781/13/6331 751/13/594
f 748/13/647 818/13/646 800/13/660
f 786/13/656 806/13/655 817/13/6343 799/13/644
f 789/13/662 815/13/6344 825/13/735 801/13/661
f 823/13/730 819/13/757 759/13/605
f 823/13/730 759/13/605 801/13/661
f 845/13/724 846/13/699 770/13/620 691/13/559
f 827/13/6345 806/13/655 805/13/654
f 803/13/6346 826/13/717 790/13/716
f 842/13/741 791/13/637 765/13/638
f 713/13/554 883/13/770 793/13/553
f 768/13/696 810/13/746 715/13/501
f 691/13/559 736/13/558 871/13/723
f 838/13/750 619/13/436 901/13/702
f 718/13/705 875/13/704 811/13/673
f 839/13/706 738/13/703 776/13/675
f 823/13/730 801/13/661 851/13/728
f 821/13/649 781/13/6341 820/13/6347
f 804/13/690 829/13/694 822/13/683
f 808/13/666 788/13/6339 824/13/718
f 762/13/667 808/13/666 841/13/719
f 792/13/740 855/13/720 764/13/614
f 856/13/721 730/13/617 766/13/615
f 767/13/580 809/13/743 731/13/616
f 832/13/556 810/13/746 843/13/722
f 794/13/672 834/13/670 844/13/761
f 892/13/762 835/13/697 769/13/619
f 771/13/584 836/13/700 893/13/698
f 827/13/6345 828/13/6348 817/13/6349 806/13/655
f 772/13/583 838/13/750 847/13/748
f 775/13/625 874/13/725 837/13/701
f 875/13/704 738/13/703 839/13/706
f 795/13/726 739/13/587 848/13/752
f 739/13/587 812/13/586 848/13/752
f 852/13/6350 864/13/731 801/13/661
f 897/13/755 819/13/757 823/13/730
f 817/13/6351 828/13/6352 818/13/6353
f 822/13/683 854/13/739 853/13/710
f 906/13/819 905/13/772 865/13/708 918/13/768
f 829/13/694 868/13/6354 854/13/739
f 843/13/722 883/13/770 713/13/554
f 836/13/700 772/13/583 872/13/749
f 774/13/624 773/13/622 859/13/763
f 839/13/706 861/13/773 875/13/704
f 812/13/586 797/13/639 848/13/752
f 840/13/707 819/13/733 866/13/6355
f 823/13/730 850/13/729 897/13/6356
f 852/13/734 825/13/735 867/13/765
f 825/13/6357 815/13/6358 867/13/6359
f 849/13/780 867/13/6359 815/13/6358
f 842/13/741 868/13/6354 829/13/694
f 841/13/719 855/13/720 792/13/740
f 793/13/553 881/13/769 767/13/580
f 847/13/748 838/13/750 860/13/751
f 861/13/773 839/13/706 840/13/707
f 849/13/727 795/13/726 862/13/753
f 864/13/731 852/13/6350 877/13/6360
f 878/13/804 813/13/677 796/13/640
f 896/13/774 840/13/707 866/13/6355
f 865/13/708 853/13/710 918/13/768
f 879/13/759 813/13/677 878/13/804
f 854/13/739 868/13/6354 880/13/767
f 824/13/718 879/13/759 841/13/719
f 842/13/741 887/13/742 868/13/6354
f 830/13/581 690/13/552 856/13/721
f 877/13/6360 884/13/785 864/13/731
f 811/13/673 885/13/771 796/13/640
f 876/13/764 886/13/6361 850/13/729
f 865/13/708 905/13/772 797/13/639
f 850/13/6362 886/13/789 897/13/790
f 855/13/720 841/13/719 898/13/792
f 856/13/721 855/13/720 899/13/805
f 809/13/743 888/13/813 869/13/744
f 889/13/795 888/13/813 809/13/743
f 889/13/795 809/13/743 767/13/580
f 881/13/769 889/13/795 767/13/580
f 890/13/797 833/13/669 831/13/695
f 891/13/796 834/13/670 833/13/669
f 872/13/749 847/13/748 894/13/816
f 863/13/754 914/13/827 876/13/764
f 864/13/731 914/13/808 863/13/754
f 867/13/6359 849/13/780 904/13/779
f 885/13/771 878/13/804 796/13/640
f 873/13/621 952/13/802 913/13/837 773/13/622
f 898/13/792 879/13/759 878/13/804
f 898/13/792 841/13/719 879/13/759
f 868/13/6354 926/13/847 880/13/767
f 926/13/847 868/13/6354 887/13/742
f 843/13/722 870/13/760 909/13/775
f 920/13/798 871/13/723 844/13/761
f 836/13/700 912/13/800 893/13/698
f 900/13/801 846/13/699 845/13/724
f 914/13/808 864/13/731 902/13/786
f 895/13/777 861/13/773 896/13/774
f 862/13/753 848/13/752 905/13/772
f 926/13/847 918/13/768 880/13/767
f 882/13/618 830/13/581 908/13/860
f 910/13/776 834/13/670 891/13/796
f 857/13/745 944/13/783 810/13/746
f 946/13/824 947/13/815 845/13/724 871/13/723
f 859/13/763 773/13/622 913/13/837
f 876/13/764 914/13/827 922/13/854
f 884/13/785 877/13/6360 915/13/6363
f 876/13/764 922/13/854 886/13/6361
f 903/13/788 886/13/789 922/13/854
f 904/13/779 916/13/809 915/13/791
f 916/13/809 904/13/779 862/13/781
f 895/13/787 896/13/778 903/13/788
f 862/13/753 905/13/772 916/13/809
f 917/13/803 898/13/792 878/13/804
f 926/13/847 887/13/742 869/13/744
f 908/13/860 830/13/581 927/13/782
f 925/13/811 905/13/772 906/13/819
f 919/13/793 898/13/792 917/13/803
f 927/13/782 856/13/721 899/13/805
f 908/13/860 927/13/782 928/13/832
f 909/13/775 942/13/814 883/13/770
f 909/13/775 870/13/760 943/13/833
f 920/13/798 910/13/776 930/13/823
f 871/13/723 920/13/798 946/13/824
f 979/13/890 947/13/815 946/13/824 1014/13/866
f 874/13/725 859/13/763 913/13/837
f 936/13/829 922/13/854 914/13/827
f 916/13/809 938/13/6364 924/13/810
f 895/13/787 903/13/788 923/13/879
f 923/13/879 939/13/817 895/13/787
f 885/13/771 895/13/787 932/13/818
f 941/13/820 906/13/819 918/13/768
f 918/13/768 926/13/847 941/13/820
f 934/13/831 899/13/805 919/13/793
f 926/13/847 869/13/744 933/13/812
f 929/13/806 890/13/797 831/13/695
f 935/13/876 858/13/747 900/13/801
f 894/13/816 847/13/748 950/13/835
f 884/13/785 924/13/810 937/13/830
f 924/13/810 884/13/785 915/13/6363
f 923/13/879 903/13/788 965/13/880
f 903/13/788 922/13/854 965/13/880
f 907/13/794 962/13/6365 888/13/813
f 971/13/840 891/13/796 890/13/797
f 976/13/850 910/13/776 891/13/796
f 930/13/823 910/13/776 976/13/850
f 900/13/801 948/13/834 935/13/876
f 949/13/6366 858/13/747 935/13/876
f 931/13/784 894/13/816 951/13/836
f 949/13/6366 952/13/802 858/13/747
f 936/13/829 954/13/855 922/13/854
f 941/13/820 926/13/847 983/13/849
f 955/13/6367 928/13/832 968/13/821
f 956/13/859 882/13/618 908/13/860
f 976/13/850 891/13/796 971/13/840
f 930/13/823 1014/13/866 946/13/824
f 912/13/800 931/13/784 957/13/842
f 950/13/835 860/13/751 963/13/838
f 953/13/826 913/13/837 952/13/802
f 902/13/786 958/13/852 921/13/807
f 959/13/843 954/13/855 936/13/829
f 926/13/847 933/13/812 1011/13/848
f 888/13/813 975/13/902 933/13/812
f 911/13/799 1006/13/841 972/13/822
f 947/13/815 979/13/890 997/13/889 948/13/834
f 965/13/880 922/13/854 964/13/856
f 966/13/907 924/13/810 938/13/6364
f 984/13/858 934/13/831 917/13/803
f 962/13/6365 975/13/902 888/13/813
f 928/13/832 955/13/6367 969/13/872
f 962/13/6365 907/13/794 970/13/896
f 1005/13/883 943/13/833 944/13/783
f 935/13/876 1000/13/875 990/13/6368 949/13/6366
f 957/13/842 945/13/825 912/13/800
f 973/13/863 924/13/810 966/13/907
f 1011/13/848 974/13/893 983/13/849
f 975/13/902 1011/13/848 933/13/812
f 962/13/6365 970/13/896 986/13/895
f 944/13/783 996/13/865 1005/13/883
f 945/13/825 978/13/874 1006/13/841
f 945/13/825 957/13/842 978/13/874
f 957/13/842 951/13/836 998/13/873
f 953/13/826 991/13/862 980/13/867
f 923/13/879 1009/13/882 939/13/817
f 939/13/817 1009/13/882 960/13/845
f 1044/13/1018 984/13/858 961/13/846
f 940/13/839 994/13/891 993/13/909 916/13/809
f 950/13/835 963/13/838 1002/13/877
f 991/13/862 952/13/802 949/13/6366
f 937/13/830 973/13/863 982/13/868
f 916/13/809 993/13/909 938/13/6364
f 1001/13/884 998/13/873 951/13/836 950/13/835
f 1009/13/882 961/13/846 960/13/845
f 995/13/925 955/13/6367 968/13/821
f 907/13/794 988/13/861 970/13/896
f 1006/13/841 996/13/865 972/13/822
f 1000/13/875 948/13/834 997/13/889
f 1017/13/927 975/13/902 962/13/6365 986/13/895
f 949/13/6366 990/13/6368 991/13/862
f 992/13/878 1004/13/887 964/13/856
f 1013/13/897 971/13/840 956/13/859
f 1006/13/841 978/13/874 1036/13/898
f 1000/13/875 997/13/889 1007/13/888
f 998/13/873 1001/13/884 999/13/916
f 991/13/862 990/13/6368 1008/13/886
f 1018/13/903 978/13/874 998/13/873 999/13/916
f 979/13/890 1014/13/866 1038/13/900
f 1013/13/897 1026/13/911 1035/13/899 989/13/864
f 1001/13/884 1030/13/905 999/13/916
f 959/13/843 1015/13/920 981/13/869
f 1015/13/6369 959/13/853 958/13/852
f 993/13/909 966/13/907 938/13/6364
f 967/13/857 983/13/849 1072/13/939
f 977/13/851 989/13/864 1035/13/899
f 1038/13/900 1029/13/919 1007/13/888
f 1007/13/888 990/13/6368 1000/13/875
f 1001/13/884 1002/13/877 1030/13/905
f 990/13/6368 1007/13/888 1019/13/918
f 1019/13/918 1008/13/886 990/13/6368
f 1002/13/877 1003/13/885 1020/13/904
f 1008/13/886 1019/13/918 1021/13/6370
f 1003/13/885 1008/13/6371 1021/13/906
f 1025/13/912 987/13/871 969/13/872
f 1025/13/912 1013/13/897 987/13/871
f 1005/13/883 996/13/865 1048/13/914
f 1014/13/866 1035/13/899 1037/13/915
f 1015/13/6369 958/13/852 1031/13/6372
f 1034/13/6373 961/13/846 1009/13/882
f 1047/13/947 969/13/872 955/13/6367
f 969/13/872 1047/13/947 1025/13/912
f 1027/13/913 1012/13/894 970/13/896
f 1027/13/913 1005/13/883 1048/13/914
f 1028/13/917 1039/13/931 1059/13/6374 1057/13/942
f 1050/13/930 1019/13/918 1029/13/919
f 1030/13/905 1020/13/904 1039/13/931
f 1019/13/918 1050/13/930 1040/13/963
f 1019/13/918 1040/13/963 1042/13/936
f 1019/13/918 1042/13/936 1021/13/935
f 992/13/878 1032/13/921 1033/13/923
f 993/13/909 1043/13/945 1022/13/908
f 1016/13/881 1053/13/946 1009/13/882
f 994/13/891 967/13/857 1072/13/939
f 1009/13/882 1080/13/976 1034/13/6373
f 1034/13/6373 1044/13/1018 961/13/846
f 983/13/849 974/13/893 1121/13/938
f 1045/13/924 984/13/858 1044/13/1018
f 968/13/821 985/13/870 1046/13/926
f 955/13/6367 995/13/925 1047/13/947
f 1036/13/898 1018/13/903 1048/13/914
f 1029/13/919 1038/13/900 1049/13/929
f 1041/13/932 1039/13/931 1020/13/933
f 1051/13/934 1020/13/933 1021/13/935
f 1054/13/966 993/13/909 994/13/891
f 1053/13/946 1080/13/976 1009/13/882
f 974/13/893 1010/13/892 1121/13/938
f 1048/13/914 1056/13/941 1027/13/913
f 1018/13/903 1057/13/942 1056/13/941
f 1049/13/944 1037/13/915 1075/13/960
f 1026/13/911 1063/13/928 1067/13/958 1037/13/915
f 1050/13/930 1058/13/943 1040/13/963
f 1041/13/932 1059/13/6374 1039/13/931
f 1046/13/926 985/13/870 1045/13/924
f 1023/13/901 1060/13/954 1011/13/848
f 1025/13/912 1047/13/947 1063/13/928
f 1040/13/963 1082/13/979 1068/13/6375 1042/13/936
f 1067/13/958 1075/13/960 1037/13/915
f 1059/13/6374 1064/13/949 1057/13/942
f 1049/13/944 1075/13/960 1058/13/943
f 1033/13/923 1032/13/921 1065/13/6376
f 1052/13/937 1043/13/945 1084/13/951
f 1017/13/927 1066/13/953 1023/13/901
f 1061/13/955 1066/13/953 1017/13/927
f 1077/13/6377 1078/13/6378 1015/13/6369 1031/13/6372
f 1069/13/950 1041/13/932 1051/13/934
f 1053/13/946 1033/13/923 1070/13/6379
f 1065/13/6376 1070/13/990 1033/13/923
f 1071/13/952 1043/13/945 993/13/909
f 1076/13/964 1059/13/6374 1041/13/932
f 1079/13/988 1032/13/921 1015/13/920 1078/13/6380
f 1093/13/982 1100/13/992 1076/13/964 1069/13/950
f 1065/13/6376 1032/13/921 1079/13/988
f 994/13/891 1072/13/939 1085/13/967
f 1081/13/6381 1062/13/948 1046/13/926
f 1047/13/947 1074/13/957 1063/13/928
f 1096/13/983 1024/13/910 1073/13/956
f 1040/13/963 1090/13/962 1082/13/979
f 1076/13/964 1089/13/972 1059/13/6374
f 1083/13/965 1042/13/936 1068/13/6375
f 1081/13/6381 1046/13/926 1087/13/968
f 1061/13/955 1095/13/984 1066/13/953
f 1058/13/943 1075/13/960 1090/13/962
f 1092/13/980 1068/13/6375 1082/13/979
f 1065/13/6376 1079/13/988 1070/13/990
f 1085/13/967 1072/13/939 1094/13/997
f 1080/13/976 1101/13/975 1034/13/6373
f 1086/13/1016 1044/13/1018 1034/13/6373
f 1066/13/953 1123/13/999 1060/13/954
f 1066/13/953 1095/13/984 1123/13/999
f 1024/13/910 1096/13/983 1061/13/955
f 1055/13/940 1098/13/970 1073/13/956
f 1124/13/977 1103/13/1019 1075/13/960
f 1098/13/970 1064/13/949 1099/13/1013
f 1083/13/965 1068/13/6375 1092/13/980
f 1091/13/971 1076/13/964 1100/13/992 1104/13/1001
f 1084/13/951 1071/13/952 1108/13/974
f 1054/13/966 1071/13/952 993/13/909
f 1073/13/956 1102/13/1065 1096/13/983
f 1064/13/949 1059/13/6374 1089/13/972 1099/13/1013
f 1083/13/965 1105/13/981 1069/13/950
f 1077/13/959 1052/13/937 1106/13/973
f 1106/13/973 1084/13/951 1108/13/974
f 1053/13/946 1070/13/6379 1107/13/989
f 1072/13/939 1121/13/938 1149/13/996
f 1075/13/960 1103/13/1019 1090/13/962
f 1106/13/6382 1114/13/6383 1078/13/6378 1077/13/6377
f 1112/13/987 1083/13/965 1092/13/980
f 1079/13/988 1078/13/6380 1114/13/994
f 1054/13/966 1085/13/967 1119/13/1008 1108/13/974
f 1123/13/999 1010/13/892 1060/13/954
f 1088/13/969 1062/13/948 1081/13/6381
f 1098/13/970 1109/13/1066 1073/13/956
f 1110/13/978 1090/13/962 1134/13/1014
f 1113/13/986 1116/13/1004 1105/13/981
f 1116/13/1004 1117/13/1034 1105/13/981
f 1093/13/982 1105/13/981 1117/13/1034
f 1108/13/974 1128/13/1035 1106/13/973
f 1079/13/988 1118/13/1005 1107/13/989
f 1053/13/946 1107/13/989 1136/13/1007
f 1156/13/6384 1157/13/6385 1114/13/6383 1106/13/6382
f 1034/13/6373 1101/13/975 1120/13/1056
f 1090/13/962 1103/13/1019 1162/13/1031
f 1111/13/985 1110/13/978 1125/13/1015
f 1112/13/987 1092/13/980 1111/13/985
f 1115/13/993 1093/13/982 1117/13/1034
f 1128/13/1035 1108/13/974 1119/13/1023
f 1131/13/1011 1123/13/999 1095/13/984
f 1096/13/983 1102/13/1065 1131/13/1011
f 1109/13/1066 1102/13/1065 1073/13/956
f 1074/13/957 1132/13/991 1097/13/961
f 1133/13/1050 1109/13/1066 1098/13/970
f 1090/13/962 1162/13/1031 1134/13/1014
f 1091/13/971 1144/13/1012 1089/13/972
f 1135/13/1052 1091/13/971 1104/13/1001
f 1126/13/1002 1100/13/992 1115/13/993
f 1137/13/1109 1120/13/1056 1101/13/975
f 1034/13/6373 1120/13/1056 1086/13/1016
f 1121/13/938 1010/13/892 1226/13/1097
f 1150/13/1048 1226/13/1097 1010/13/892
f 1160/13/1027 1122/13/1000 1045/13/924
f 1138/13/1029 1081/13/6381 1087/13/968
f 1081/13/6381 1138/13/1029 1143/13/1036
f 1143/13/1036 1088/13/969 1081/13/6381
f 1133/13/1050 1098/13/970 1099/13/1013
f 1128/13/1035 1119/13/1023 1148/13/1025
f 1101/13/975 1053/13/946 1159/13/1010
f 1149/13/996 1121/13/938 1226/13/1097
f 1097/13/961 1132/13/991 1167/13/1030
f 1144/13/1012 1133/13/1050 1099/13/1013
f 1145/13/1071 1125/13/1015 1134/13/1014
f 1135/13/1052 1104/13/1001 1126/13/1002
f 1139/13/1021 1111/13/985 1125/13/1015
f 1127/13/1003 1163/13/1043 1116/13/1004
f 1158/13/1045 1130/13/1009 1085/13/967
f 1162/13/1031 1145/13/1071 1134/13/1014
f 1135/13/1052 1161/13/1032 1091/13/971
f 1147/13/6386 1127/13/1003 1112/13/987
f 1116/13/1004 1155/13/1044 1117/13/1034
f 1154/13/1042 1139/13/1021 1153/13/1037 1185/13/6387
f 1140/13/1022 1114/13/994 1157/13/1060
f 1151/13/998 1150/13/1048 1010/13/892
f 1213/13/1040 1142/13/1028 1123/13/999
f 1166/13/1076 1143/13/1036 1138/13/1029
f 1153/13/1037 1125/13/1015 1145/13/1071
f 1135/13/1052 1126/13/1002 1146/13/1033
f 1147/13/6386 1112/13/987 1154/13/1042
f 1146/13/1033 1117/13/1034 1171/13/1054
f 1163/13/1043 1127/13/1003 1147/13/6386
f 1140/13/1022 1164/13/1046 1129/13/1006
f 1085/13/967 1141/13/1026 1158/13/1045
f 1169/13/1049 1144/13/1012 1161/13/1032
f 1133/13/1050 1173/13/1079 1109/13/1066
f 1179/13/1072 1145/13/1071 1162/13/1031
f 1148/13/1025 1158/13/1045 1191/13/1062
f 1101/13/975 1159/13/1010 1137/13/1109
f 1176/13/1057 1165/13/1017 1086/13/1016
f 1173/13/1079 1133/13/1050 1169/13/1049
f 1161/13/1032 1178/13/1090 1169/13/1049
f 1162/13/1031 1174/13/1055 1179/13/1072
f 1170/13/1051 1178/13/1090 1161/13/1032
f 1175/13/1053 1146/13/1033 1171/13/1054
f 1156/13/1038 1148/13/1025 1182/13/1063
f 1164/13/1046 1140/13/1022 1181/13/1061
f 1192/13/1169 1160/13/1027 1165/13/1017
f 1173/13/1079 1183/13/1064 1109/13/1066
f 1179/13/1072 1174/13/1055 1221/13/1081
f 1168/13/1041 1184/13/1088 1235/13/1198 1174/13/1055
f 1155/13/1044 1187/13/1068 1171/13/1054
f 1168/13/1041 1167/13/1030 1184/13/1088
f 1194/13/1082 1170/13/1051 1175/13/1053
f 1195/13/1067 1171/13/1054 1186/13/1103
f 1188/13/1093 1147/13/6386 1154/13/1042
f 1186/13/1103 1171/13/1054 1189/13/1069
f 1190/13/1070 1147/13/6386 1188/13/1093
f 1190/13/1070 1163/13/1043 1147/13/6386
f 1159/13/1010 1164/13/1046 1202/13/1083
f 1196/13/1073 1158/13/1045 1141/13/1026
f 1176/13/1057 1120/13/1056 1137/13/1109
f 1213/13/1040 1151/13/998 1142/13/1028
f 1220/13/1118 1183/13/1064 1173/13/1079
f 1198/13/1078 1220/13/1118 1173/13/1079
f 1194/13/1082 1178/13/1090 1170/13/1051
f 1208/13/1094 1180/13/1059 1190/13/1070
f 1192/13/1169 1122/13/1000 1160/13/1027
f 1203/13/1086 1193/13/1047 1151/13/998
f 1210/13/6388 1211/13/1096 1157/13/6385 1156/13/6384
f 1199/13/1080 1153/13/1037 1179/13/1072
f 1153/13/1037 1199/13/1080 1185/13/6387
f 1200/13/1092 1154/13/1042 1185/13/6387
f 1186/13/1103 1189/13/1069 1201/13/1104
f 1187/13/1068 1180/13/1059 1209/13/1095
f 1224/13/1113 1225/13/1108 1159/13/1010 1202/13/1083
f 1210/13/6388 1156/13/1038 1182/13/1063
f 1212/13/1085 1122/13/1000 1192/13/1169
f 1214/13/1099 1177/13/1058 1143/13/1036
f 1206/13/1089 1198/13/1078 1169/13/1049
f 1215/13/1105 1195/13/1067 1186/13/1103
f 1209/13/1095 1189/13/1069 1187/13/1068
f 1223/13/1101 1202/13/1083 1181/13/1061
f 1217/13/1106 1196/13/1073 1141/13/1026
f 1218/13/1115 1176/13/1057 1137/13/1109
f 1197/13/1077 1219/13/1098 1131/13/1011
f 1214/13/1099 1205/13/1087 1177/13/1058
f 1174/13/1055 1235/13/1198 1236/13/1100
f 1185/13/6387 1199/13/1080 1200/13/1092
f 1215/13/1105 1194/13/1082 1195/13/1067
f 1209/13/1095 1222/13/1123 1189/13/1069
f 1182/13/1063 1196/13/1073 1233/13/1107
f 1419/13/1235 1318/13/1084 1226/13/1097 1234/13/1110
f 1172/13/1039 1318/13/1084 1317/13/1265
f 1165/13/1017 1176/13/1057 1192/13/1169
f 1227/13/1199 1184/13/1088 1205/13/1087
f 1227/13/1199 1235/13/1198 1184/13/1088
f 1228/13/1225 1198/13/1078 1206/13/1089
f 1200/13/1092 1199/13/1080 1229/13/1119
f 1239/13/1129 1208/13/1094 1190/13/1070
f 1208/13/1094 1231/13/1131 1209/13/1095
f 1231/13/1131 1208/13/1094 1239/13/1129
f 1231/13/1131 1232/13/1124 1209/13/1095
f 1222/13/1123 1209/13/1095 1232/13/1124
f 1210/13/6388 1182/13/1063 1233/13/1107
f 1202/13/1083 1223/13/1101 1224/13/1113
f 1226/13/1097 1150/13/1048 1234/13/1110
f 1290/13/6389 1227/13/1199 1205/13/1087
f 1237/13/1226 1206/13/1089 1207/13/1091
f 1238/13/1111 1207/13/1091 1194/13/1082
f 1230/13/1127 1190/13/1070 1216/13/1102
f 1201/13/1104 1189/13/1069 1222/13/1123
f 1239/13/1129 1190/13/1070 1230/13/1127
f 1250/13/1249 1220/13/1118 1198/13/1078
f 1250/13/1249 1243/13/1117 1220/13/1118
f 1228/13/1225 1250/13/1249 1198/13/1078
f 1266/13/1144 1200/13/1092 1229/13/1119
f 1252/13/1112 1245/13/1121 1215/13/1105
f 1216/13/1102 1246/13/1122 1230/13/1127
f 1253/13/1130 1239/13/1129 1247/13/1128
f 1253/13/1130 1254/13/1132 1231/13/1131
f 1232/13/1124 1231/13/1131 1254/13/1132
f 1260/13/1137 1257/13/1153 1259/13/1138
f 1197/13/1077 1262/13/1194 1219/13/1098
f 1263/13/1141 1251/13/1145 1229/13/1119
f 1265/13/1143 1264/13/1142 1238/13/1111
f 1200/13/1092 1266/13/1144 1246/13/1122
f 1252/13/1112 1222/13/1123 1248/13/1125
f 1267/13/1147 1247/13/1128 1230/13/1127
f 1267/13/1147 1253/13/1130 1247/13/1128
f 1268/13/1148 1248/13/1125 1255/13/1133
f 1325/13/1146 1270/13/1135 1253/13/1130
f 1254/13/1132 1253/13/1130 1270/13/1135
f 1270/13/1135 1271/13/1150 1254/13/1132
f 1271/13/1150 1255/13/1133 1254/13/1132
f 1257/13/1153 1274/13/1175 1296/13/1174
f 1258/13/1156 1272/13/1136 1273/13/1152
f 1270/13/1135 1276/13/1157 1271/13/1150
f 1257/13/1153 1275/13/1154 1274/13/1175
f 1258/13/1156 1256/13/1134 1272/13/1136
f 1256/13/1134 1276/13/1157 1270/13/1135
f 1277/13/1155 1278/13/1161 1258/13/1156
f 1256/13/1134 1258/13/1156 1278/13/1161
f 1278/13/1161 1276/13/1157 1256/13/1134
f 1278/13/1161 1281/13/1180 1276/13/1157
f 1281/13/1180 1279/13/1158 1276/13/1157
f 1283/13/1164 1280/13/1139 1279/13/1158
f 1282/13/1162 1275/13/1154 1260/13/1137
f 1304/13/1160 1284/13/1182 1278/13/1161
f 1285/13/1163 1260/13/1137 1280/13/1139
f 1288/13/1165 1289/13/1188 1287/13/1166
f 1358/13/1168 1217/13/1106 1141/13/1026
f 1237/13/1226 1228/13/1225 1206/13/1089
f 1291/13/1200 1237/13/1226 1207/13/1091
f 1230/13/1127 1246/13/1122 1344/13/1227
f 1267/13/1147 1230/13/1127 1292/13/1171
f 1294/13/1172 1293/13/1205 1248/13/1125
f 1268/13/1148 1294/13/1172 1248/13/1125
f 1297/13/1206 1273/13/1152 1295/13/1151
f 1297/13/1206 1299/13/1179 1273/13/1152
f 1299/13/1179 1277/13/1155 1273/13/1152
f 1301/13/6390 1298/13/1176 1275/13/1154
f 1275/13/1154 1282/13/1162 1301/13/6390
f 1279/13/1158 1303/13/1181 1283/13/1164
f 1284/13/1182 1305/13/1185 1303/13/1181
f 1305/13/1185 1283/13/1164 1303/13/1181
f 1289/13/1188 1282/13/1162 1285/13/1163
f 1328/13/1183 1286/13/1184 1304/13/1160
f 1284/13/1182 1304/13/1160 1286/13/1184
f 1287/13/1166 1283/13/1164 1305/13/1185
f 1287/13/1166 1285/13/1163 1283/13/1164
f 1285/13/1163 1287/13/1166 1289/13/1188
f 1307/13/1189 1328/13/1183 1330/13/1209
f 1286/13/1184 1308/13/1210 1305/13/1185
f 1309/13/1211 1308/13/1210 1286/13/1184
f 1307/13/1189 1309/13/1211 1286/13/1184
f 1310/13/1167 1287/13/1166 1306/13/1186
f 1311/13/1192 1288/13/1165 1310/13/1167
f 1312/13/1190 1288/13/1165 1311/13/1192
f 1307/13/1189 1315/13/1213 1309/13/1211
f 1315/13/1213 1316/13/1212 1309/13/1211
f 1317/13/1265 1141/13/1026 1172/13/1039
f 1306/13/1186 1308/13/1210 1378/13/6391 1332/13/1231
f 1339/13/1223 1242/13/1075 1204/13/1074
f 1203/13/1086 1219/13/1098 1320/13/1195
f 1249/13/1126 1214/13/1099 1341/13/1196
f 1290/13/6389 1205/13/1087 1249/13/1126
f 1322/13/1197 1236/13/1100 1235/13/1198
f 1323/13/1201 1342/13/1203 1251/13/1145
f 1324/13/1204 1245/13/1121 1252/13/1112
f 1246/13/1122 1266/13/1144 1344/13/1227
f 1344/13/1227 1292/13/1171 1230/13/1127
f 1347/13/1240 1297/13/1206 1295/13/1151
f 1373/13/1208 1328/13/1183 1300/13/1178
f 1329/13/1187 1301/13/6390 1282/13/1162
f 1313/13/1214 1307/13/1189 1330/13/1209
f 1316/13/1212 1378/13/6391 1308/13/1210
f 1333/13/1216 1311/13/1192 1314/13/1191
f 1315/13/1213 1307/13/1189 1313/13/1214
f 1211/13/1096 1210/13/6388 1357/13/1233
f 1357/13/1233 1210/13/6388 1233/13/1107
f 1225/13/1108 1224/13/1113 1336/13/6392
f 1240/13/1114 1336/13/6392 1224/13/1113
f 1358/13/1168 1141/13/1026 1317/13/1265
f 1317/13/1265 1318/13/1084 1458/13/1442
f 1192/13/1169 1241/13/1116 1337/13/1220
f 1383/13/1247 1212/13/1085 1192/13/1169
f 1359/13/1248 1402/13/1193 1193/13/1047
f 1324/13/1204 1265/13/1143 1245/13/1121
f 1346/13/1170 1292/13/1171 1366/13/1173
f 1294/13/1172 1296/13/1174 1367/13/1228
f 1296/13/1174 1326/13/1177 1367/13/1228
f 1347/13/1240 1295/13/1151 1366/13/1173
f 1349/13/1207 1297/13/1206 1347/13/1240
f 1350/13/1256 1299/13/1179 1349/13/1207
f 1300/13/1178 1299/13/1179 1350/13/1256
f 1327/13/6393 1298/13/1176 1301/13/6390
f 1301/13/6390 1374/13/1243 1327/13/6393
f 1374/13/1243 1301/13/6390 1329/13/1187
f 1244/13/1120 1236/13/1100 1362/13/1280 1263/13/1141
f 1352/13/1215 1330/13/1209 1331/13/1258
f 1330/13/1209 1352/13/1215 1313/13/1214
f 1312/13/1190 1311/13/1192 1334/13/1217
f 1334/13/1217 1354/13/1304 1312/13/1190
f 1316/13/1212 1315/13/1213 1356/13/6394
f 1261/13/1140 1211/13/1096 1357/13/1233
f 1240/13/1114 1456/13/1234 1336/13/6392
f 1225/13/1108 1400/13/1358 1218/13/1115
f 1339/13/1223 1204/13/1074 1212/13/1085
f 1319/13/1221 1193/13/1047 1203/13/1086
f 1341/13/1196 1242/13/1075 1340/13/1222
f 1385/13/1323 1249/13/1126 1341/13/1196
f 1385/13/1323 1290/13/6389 1249/13/1126
f 1228/13/1225 1361/13/1236 1250/13/1249
f 1381/13/6395 1415/13/1301 1380/13/6396 1356/13/6394
f 1363/13/1283 1264/13/1142 1343/13/1202
f 1364/13/6397 1344/13/1227 1342/13/1203
f 1345/13/1253 1343/13/1202 1265/13/1143
f 1345/13/1253 1265/13/1143 1324/13/1204
f 1293/13/1205 1367/13/1228 1388/13/1238
f 1365/13/1237 1366/13/1173 1292/13/1171
f 1369/13/1254 1367/13/1228 1326/13/1177
f 1348/13/1229 1369/13/1254 1326/13/1177
f 1371/13/1270 1350/13/1256 1349/13/1207
f 1327/13/6393 1372/13/1242 1298/13/1176
f 1350/13/1256 1373/13/1208 1300/13/1178
f 1373/13/1208 1331/13/1258 1330/13/1209
f 1352/13/1215 1331/13/1258 1376/13/1262
f 1351/13/1230 1312/13/1190 1354/13/1304
f 1381/13/6395 1315/13/1213 1352/13/1215
f 1381/13/6395 1356/13/6394 1315/13/1213
f 1316/13/1212 1356/13/6394 1380/13/6396
f 1378/13/6391 1316/13/1212 1380/13/6396
f 1398/13/1246 1333/13/1216 1353/13/1232
f 1381/13/6395 1352/13/1215 1355/13/1261
f 1398/13/1246 1382/13/1274 1334/13/1217
f 1358/13/1168 1417/13/1266 1335/13/1218
f 1383/13/1247 1339/13/1223 1212/13/1085
f 1243/13/1117 1384/13/1250 1262/13/1194
f 1360/13/1278 1290/13/6389 1385/13/1323
f 1360/13/1278 1227/13/1199 1290/13/6389
f 1360/13/1278 1322/13/1197 1227/13/1199
f 1387/13/1252 1386/13/1251 1291/13/1200
f 1263/13/1141 1362/13/1280 1404/13/1267
f 1404/13/1267 1323/13/1201 1263/13/1141
f 1364/13/6397 1365/13/1237 1344/13/1227
f 1389/13/1288 1369/13/1254 1348/13/1229
f 1371/13/1270 1349/13/1207 1370/13/1241
f 1372/13/1242 1389/13/1288 1348/13/1229
f 1327/13/6393 1390/13/1292 1372/13/1242
f 1390/13/1292 1327/13/6393 1374/13/1243
f 1411/13/1295 1373/13/1208 1410/13/1255
f 1391/13/1293 1374/13/1243 1375/13/1244
f 1392/13/1257 1376/13/1262 1331/13/1258
f 1393/13/1271 1375/13/1244 1351/13/1230
f 1394/13/1260 1351/13/1230 1354/13/1304
f 1218/13/1115 1400/13/1358 1401/13/1307 1241/13/1116
f 1354/13/1304 1334/13/1217 1382/13/1274
f 1261/13/1140 1357/13/1233 1399/13/1275
f 1363/13/1283 1405/13/1282 1387/13/1252 1264/13/1142
f 1458/13/1442 1318/13/1084 1419/13/1235
f 1419/13/1235 1603/13/1340 1458/13/1442
f 1322/13/1197 1362/13/1280 1236/13/1100
f 1430/13/1294 1451/13/1330 1432/13/1299 1392/13/1257
f 1323/13/1201 1406/13/1268 1342/13/1203
f 1364/13/6397 1342/13/1203 1406/13/1268
f 1363/13/1283 1343/13/1202 1407/13/1269
f 1364/13/6397 1425/13/6398 1365/13/1237
f 1407/13/1269 1345/13/1253 1388/13/1238
f 1407/13/1269 1388/13/1238 1408/13/1286
f 1409/13/1287 1365/13/1237 1425/13/6398
f 1409/13/1287 1368/13/1239 1365/13/1237
f 1388/13/1238 1369/13/1254 1408/13/1286
f 1370/13/1241 1410/13/1255 1371/13/1270
f 1389/13/1288 1372/13/1242 1428/13/1289
f 1390/13/1292 1428/13/1289 1372/13/1242
f 1391/13/1293 1390/13/1292 1374/13/1243
f 1373/13/1208 1411/13/1295 1392/13/1257
f 1376/13/1262 1392/13/1257 1432/13/1299
f 1395/13/1302 1355/13/1261 1413/13/1263
f 1332/13/1231 1378/13/6391 1396/13/1318
f 1378/13/6391 1380/13/6396 1396/13/1318
f 1397/13/1264 1353/13/1232 1379/13/1245
f 1415/13/1301 1381/13/6395 1355/13/1261
f 1399/13/6399 1357/13/1233 1335/13/1218
f 1261/13/1140 1488/13/1276 1456/13/1234
f 1418/13/1357 1336/13/6392 1456/13/1234
f 1225/13/1108 1336/13/6392 1418/13/1357
f 1422/13/1279 1361/13/1236 1321/13/1224
f 1425/13/6398 1364/13/6397 1406/13/1268
f 1426/13/1327 1370/13/1241 1409/13/1287
f 1389/13/1288 1443/13/1285 1369/13/1254
f 1426/13/1327 1427/13/1290 1370/13/1241
f 1429/13/1296 1411/13/1295 1410/13/1255
f 1431/13/1297 1448/13/1315 1391/13/1293
f 1430/13/1294 1392/13/1257 1411/13/1295
f 1322/13/1197 1421/13/1277 1440/13/1405 1362/13/1280
f 1431/13/1297 1375/13/1244 1433/13/1298
f 1414/13/1351 1394/13/1260 1354/13/1304
f 1396/13/1318 1435/13/1300 1332/13/1231
f 1414/13/1351 1354/13/1304 1416/13/1352
f 1436/13/1319 1397/13/1264 1435/13/1300
f 1416/13/1352 1354/13/1304 1455/13/1303
f 1453/13/1338 1380/13/6396 1415/13/1301
f 1454/13/1273 1398/13/1246 1397/13/1264
f 1335/13/1218 1473/13/1305 1399/13/6399
f 1320/13/1195 1534/13/1460 1319/13/1221
f 1420/13/6400 1320/13/1195 1262/13/1194
f 1403/13/1309 1490/13/1322 1341/13/1196
f 1429/13/1296 1463/13/1314 1450/13/1331 1430/13/1294
f 1440/13/1405 1423/13/1281 1362/13/1280
f 1441/13/1324 1386/13/1251 1387/13/1252
f 1459/13/1311 1442/13/1362 1406/13/1268
f 1424/13/1284 1363/13/1283 1407/13/1269
f 1425/13/6398 1406/13/1268 1442/13/1362
f 1445/13/1341 1427/13/1290 1426/13/1327
f 1445/13/1341 1446/13/1313 1427/13/1290
f 1447/13/1291 1444/13/1312 1428/13/1289
f 1446/13/1313 1410/13/1255 1427/13/1290
f 1502/13/6401 1436/13/1319 1471/13/1336 1531/13/1378
f 1451/13/1330 1430/13/1294 1450/13/1331
f 1412/13/1272 1433/13/1298 1393/13/1271
f 1395/13/1302 1413/13/1263 1434/13/1335
f 1396/13/1318 1380/13/6396 1453/13/1338
f 1454/13/1273 1455/13/1303 1382/13/1274
f 1317/13/1265 1458/13/1442 1457/13/1321
f 1439/13/1310 1420/13/6400 1262/13/1194
f 1422/13/1279 1384/13/1250 1361/13/1236
f 1405/13/1282 1441/13/1324 1387/13/1252
f 1460/13/1325 1407/13/1269 1408/13/1286
f 1442/13/1362 1409/13/1287 1425/13/6398
f 1462/13/1329 1444/13/1312 1447/13/1291
f 1449/13/1316 1462/13/1329 1448/13/1315
f 1431/13/1297 1464/13/1347 1449/13/1316
f 1377/13/1259 1394/13/1260 1412/13/1272
f 1470/13/1349 1395/13/1302 1434/13/1335
f 1487/13/1377 1471/13/1336 1435/13/1300
f 1453/13/1338 1452/13/1317 1396/13/1318
f 1435/13/1300 1452/13/1317 1487/13/1377
f 1573/13/1339 1419/13/1235 1402/13/1193
f 1339/13/1223 1438/13/1308 1340/13/1222
f 1474/13/1383 1360/13/1278 1385/13/1323
f 1475/13/1361 1441/13/1324 1405/13/1282
f 1495/13/1328 1409/13/1287 1442/13/1362
f 1476/13/1342 1426/13/1327 1495/13/1328
f 1478/13/1345 1446/13/1313 1445/13/1341
f 1478/13/1345 1463/13/1314 1446/13/1313
f 1480/13/1365 1479/13/1343 1449/13/1316
f 1467/13/1333 1433/13/1298 1468/13/1368
f 1481/13/1392 1451/13/1330 1466/13/1332
f 1451/13/1330 1481/13/1392 1432/13/1299
f 1468/13/1368 1433/13/1298 1412/13/1272
f 1414/13/1351 1482/13/1348 1394/13/1260
f 1485/13/1354 1395/13/1302 1470/13/1349
f 1472/13/1337 1486/13/1417 1453/13/1338
f 1486/13/1417 1452/13/1317 1453/13/1338
f 1502/13/6401 1454/13/1273 1436/13/1319
f 1502/13/6401 1455/13/1303 1454/13/1273
f 1437/13/1306 1417/13/1266 1489/13/1394
f 1489/13/1394 1417/13/1266 1518/13/1320
f 1504/13/1400 1337/13/1220 1401/13/1307
f 1534/13/1460 1320/13/1195 1420/13/6400
f 1384/13/1250 1491/13/1402 1439/13/1310
f 1491/13/1402 1384/13/1250 1422/13/1279
f 1493/13/1363 1442/13/1362 1459/13/1311
f 1461/13/1326 1444/13/1312 1477/13/1408
f 1496/13/1364 1445/13/1341 1476/13/1342
f 1479/13/1343 1477/13/1408 1444/13/1312
f 1480/13/1365 1449/13/1316 1464/13/1347
f 1467/13/1333 1512/13/1375 1464/13/1347
f 1469/13/1334 1432/13/1299 1481/13/1392
f 1483/13/1350 1434/13/1335 1529/13/1391
f 1490/13/1322 1520/13/1420 1474/13/1383 1385/13/1323
f 1456/13/1234 1488/13/1276 1503/13/1381
f 1604/13/1399 1338/13/1219 1337/13/1220
f 1441/13/1324 1538/13/1422 1505/13/1359
f 1440/13/1405 1492/13/1360 1423/13/1281
f 1538/13/1422 1441/13/1324 1475/13/1361
f 1494/13/1370 1424/13/1284 1460/13/1325
f 1506/13/1385 1476/13/1342 1495/13/1328
f 1461/13/1326 1494/13/1370 1460/13/1325
f 1507/13/1371 1479/13/1343 1480/13/1365
f 1508/13/1388 1497/13/1344 1478/13/1345
f 1508/13/1388 1509/13/1372 1497/13/1344
f 1510/13/1373 1464/13/1347 1512/13/1375
f 1434/13/1335 1469/13/1334 1529/13/1391
f 1482/13/1348 1414/13/1351 1484/13/1353
f 1500/13/1376 1485/13/1354 1470/13/1349
f 1455/13/1303 1513/13/6402 1501/13/1355
f 1513/13/6402 1455/13/1303 1502/13/6401
f 1503/13/6403 1488/13/1276 1515/13/1379
f 1516/13/1395 1473/13/1305 1437/13/1306
f 1533/13/1397 1400/13/1358 1418/13/1357
f 1452/13/1317 1532/13/1416 1531/13/1378 1487/13/1377
f 1491/13/1402 1422/13/1279 1505/13/1359
f 1492/13/1360 1521/13/1384 1493/13/1363
f 1538/13/1422 1475/13/1361 1494/13/1370
f 1522/13/1424 1506/13/1385 1521/13/1384
f 1494/13/1370 1461/13/1326 1523/13/1426
f 1477/13/1408 1523/13/1426 1461/13/1326
f 1527/13/1466 1498/13/1366 1510/13/1373
f 1481/13/1392 1466/13/1332 1511/13/1374
f 1486/13/1417 1532/13/1416 1452/13/1317
f 1506/13/1385 1522/13/1424 1524/13/1386 1496/13/1364
f 1514/13/1456 1502/13/6401 1531/13/1378
f 1418/13/1357 1503/13/1381 1517/13/1398
f 1489/13/1394 1518/13/1320 1615/13/1396
f 1359/13/1248 1563/13/1382 1519/13/1369
f 1440/13/1405 1421/13/1277 1474/13/1383
f 1539/13/1425 1538/13/1422 1494/13/1370
f 1537/13/1406 1440/13/1405 1552/13/1421 1553/13/1447
f 1523/13/1426 1477/13/1408 1525/13/1407
f 1512/13/1375 1468/13/1368 1528/13/1390
f 1472/13/1337 1547/13/1415 1486/13/1417
f 1457/13/1321 1458/13/1442 1758/13/1443
f 1604/13/1399 1561/13/1401 1338/13/1219
f 1548/13/1505 1438/13/1308 1383/13/1247
f 1563/13/1382 1319/13/1221 1534/13/1460
f 1535/13/1459 1534/13/1460 1420/13/6400
f 1550/13/6404 1535/13/1459 1420/13/6400
f 1420/13/6400 1439/13/1310 1550/13/6404
f 1549/13/1431 1520/13/1420 1490/13/1322
f 1606/13/1419 1552/13/1421 1474/13/1383
f 1572/13/1440 1571/13/1502 1503/13/6403 1515/13/1379
f 1539/13/1425 1494/13/1370 1523/13/1426
f 1523/13/1426 1525/13/1407 1577/13/1427
f 1526/13/1387 1524/13/1386 1554/13/1463
f 1507/13/1371 1567/13/1435 1541/13/1409
f 1543/13/1411 1567/13/1435 1507/13/1371
f 1543/13/1411 1498/13/1366 1527/13/1466
f 1528/13/1390 1482/13/1348 1569/13/1451
f 1485/13/1354 1546/13/1439 1472/13/1337
f 1582/13/1482 1531/13/1378 1532/13/1416
f 1513/13/6402 1502/13/6401 1514/13/1456
f 1516/13/1380 1572/13/1440 1515/13/1379
f 1400/13/1358 1586/13/1418 1401/13/1307
f 1562/13/1444 1548/13/1505 1383/13/1247
f 1564/13/1458 1563/13/1382 1534/13/1460
f 1589/13/1507 1524/13/1386 1522/13/1424
f 1565/13/1464 1590/13/1433 1525/13/1407
f 1554/13/1463 1524/13/1386 1589/13/1507
f 1565/13/1464 1525/13/1407 1541/13/1409
f 1545/13/1414 1481/13/1392 1557/13/1413
f 1558/13/1428 1528/13/1390 1568/13/1478
f 1568/13/1478 1528/13/1390 1569/13/1451
f 1569/13/1451 1482/13/1348 1484/13/1353
f 1584/13/1483 1532/13/1416 1547/13/1415
f 1532/13/1416 1584/13/1483 1582/13/1482
f 1514/13/1456 1531/13/1378 1582/13/1482
f 1582/13/1482 1601/13/1454 1514/13/1456
f 1517/13/1398 1585/13/1501 1586/13/1418 1533/13/1397
f 1536/13/1404 1574/13/1445 1551/13/1403
f 1540/13/1423 1589/13/1507 1522/13/1424
f 1567/13/1435 1578/13/1436 1593/13/1476
f 1608/13/1449 1555/13/1412 1542/13/1410
f 1579/13/1450 1512/13/1375 1558/13/1428
f 1581/13/1453 1484/13/1353 1530/13/1393
f 1583/13/1455 1513/13/6402 1514/13/1456
f 1517/13/1398 1503/13/1381 1571/13/1502
f 1517/13/1398 1571/13/1502 1585/13/1501
f 1527/13/1466 1627/13/1629 1652/13/1666 1543/13/1411
f 1634/13/1504 1504/13/1400 1401/13/1307
f 1645/13/1514 1548/13/1505 1562/13/1444
f 1549/13/1431 1587/13/1527 1520/13/1420
f 1551/13/1403 1550/13/6404 1439/13/1310
f 1552/13/1421 1606/13/1419 1637/13/1461
f 1588/13/1448 1539/13/1425 1577/13/1427
f 1566/13/1434 1526/13/1387 1592/13/1475
f 1559/13/1429 1529/13/1391 1545/13/1414
f 1597/13/6405 1559/13/1429 1545/13/1414
f 1559/13/1429 1570/13/1438 1483/13/1350
f 1568/13/1478 1569/13/1451 1598/13/1480
f 1501/13/1355 1600/13/1510 1530/13/1393
f 1571/13/1502 1572/13/1440 1602/13/1499
f 1572/13/1440 1560/13/1441 1602/13/1499
f 1551/13/1403 1605/13/1623 1550/13/6404
f 1637/13/1461 1619/13/1530 1553/13/1447
f 1576/13/1446 1589/13/1507 1540/13/1423
f 1579/13/1450 1558/13/1428 1609/13/1477
f 1610/13/1490 1545/13/1414 1596/13/1469
f 1610/13/1490 1597/13/6405 1545/13/1414
f 1600/13/1510 1581/13/1453 1530/13/1393
f 1611/13/1471 1612/13/1496 1546/13/1439
f 1560/13/1430 1615/13/1396 1616/13/1484
f 1587/13/1527 1606/13/1419 1520/13/1420
f 1576/13/1446 1553/13/1447 1619/13/1530
f 1619/13/1530 1638/13/1593 1576/13/1446
f 1576/13/1446 1620/13/1660 1589/13/1507
f 1598/13/1480 1628/13/1495 1568/13/1478
f 1628/13/1495 1629/13/1492 1568/13/1478
f 1631/13/1494 1559/13/1429 1597/13/6405
f 1632/13/1479 1569/13/1451 1580/13/1452
f 1513/13/6402 1613/13/1511 1501/13/1355
f 1513/13/6402 1583/13/1455 1613/13/1511
f 1547/13/1415 1546/13/1439 1612/13/1496
f 1584/13/1483 1547/13/1415 1658/13/1497
f 1571/13/1502 1602/13/1499 1661/13/1500
f 1603/13/1340 1573/13/1339 1663/13/1473
f 1519/13/1369 1563/13/1382 1730/13/1655
f 1550/13/6404 1618/13/1525 1535/13/1459
f 1605/13/1623 1618/13/1525 1550/13/6404
f 1637/13/1461 1606/13/1419 1587/13/1527
f 1587/13/1527 1636/13/1529 1637/13/1461
f 1605/13/1623 1551/13/1403 1574/13/1445
f 1638/13/1593 1620/13/1660 1576/13/1446
f 1588/13/1448 1639/13/1531 1607/13/1474
f 1639/13/1531 1588/13/1448 1577/13/1427
f 1639/13/1531 1577/13/1427 1590/13/1433
f 1590/13/1433 1621/13/1486 1639/13/1531
f 1620/13/1660 1648/13/1506 1589/13/1507
f 1622/13/1462 1554/13/1463 1648/13/1506
f 1600/13/1510 1657/13/1520 1580/13/1452 1581/13/1453
f 1627/13/1629 1527/13/1466 1595/13/1467
f 1594/13/1468 1640/13/1491 1596/13/1469
f 1630/13/1493 1609/13/1477 1629/13/1492
f 1631/13/1494 1643/13/1534 1570/13/1438
f 1660/13/1498 1583/13/1455 1601/13/1454
f 1664/13/1457 1730/13/1655 1563/13/1382
f 1646/13/1513 1549/13/1431 1548/13/1505
f 1565/13/1464 1649/13/1625 1623/13/1487
f 1649/13/1625 1565/13/1464 1591/13/1465
f 1624/13/1516 1665/13/1533 1593/13/1476
f 1650/13/1594 1608/13/1449 1566/13/1434
f 1555/13/1412 1608/13/1449 1651/13/1567
f 1652/13/1666 1626/13/1489 1543/13/1411
f 1651/13/1567 1556/13/1437 1555/13/1412
f 1627/13/1629 1595/13/1467 1642/13/1601
f 1642/13/1601 1595/13/1467 1630/13/1493
f 1653/13/1517 1631/13/1494 1597/13/6405
f 1610/13/1490 1653/13/1517 1597/13/6405
f 1628/13/1495 1632/13/1479 1668/13/1519
f 1643/13/1534 1599/13/1470 1570/13/1438
f 1655/13/1543 1629/13/1492 1628/13/1495
f 1640/13/1491 1666/13/1604 1667/13/1538 1610/13/1490
f 1713/13/1512 1584/13/1483 1658/13/1497
f 1633/13/1503 1571/13/1502 1661/13/1500
f 1661/13/1500 1560/13/1441 1644/13/6406
f 1586/13/1418 1585/13/1501 1701/13/1521
f 1504/13/1400 1634/13/1504 1662/13/1524
f 1792/13/1528 1605/13/1623 1574/13/1445
f 1704/13/1566 1594/13/1468 1556/13/1437
f 1630/13/1493 1629/13/1492 1655/13/1543
f 1694/13/1558 1689/13/1557 1688/13/1614 1693/13/6407
f 1655/13/1543 1669/13/1536 1630/13/1493
f 1668/13/1519 1580/13/1452 1657/13/1520
f 1672/13/1540 1599/13/1470 1643/13/1534
f 1678/13/1544 1628/13/1495 1656/13/1535
f 1671/13/1539 1674/13/1546 1653/13/1517
f 1675/13/1574 1655/13/1543 1678/13/1544
f 1676/13/6408 1678/13/1544 1656/13/1535
f 1583/13/1455 1660/13/1498 1613/13/1511
f 1677/13/1545 1710/13/1548 1674/13/1546
f 1681/13/1550 1675/13/1574 1678/13/1544
f 1682/13/1551 1678/13/1544 1676/13/6408
f 1680/13/1549 1684/13/1576 1679/13/1547
f 1686/13/1556 1691/13/1646 1690/13/1554
f 1690/13/1554 1692/13/6409 1687/13/1555
f 1698/13/6410 1692/13/6411 1690/13/1584 1697/13/1586
f 1695/13/1559 1694/13/1558 1696/13/1650
f 1742/13/1634 1717/13/1577 1682/13/1551 1676/13/6408
f 1694/13/1589 1693/13/1560 1700/13/1562
f 1618/13/1525 1703/13/1657 1564/13/1458
f 1622/13/1462 1814/13/1565 1592/13/1475
f 1797/13/1597 1651/13/1567 1608/13/1449
f 1704/13/1566 1641/13/1509 1594/13/1468
f 1640/13/1491 1705/13/1600 1666/13/1604
f 1673/13/1541 1643/13/1534 1654/13/1518
f 1707/13/1542 1706/13/1568 1668/13/1519
f 1669/13/1536 1655/13/1543 1675/13/1574
f 1657/13/1520 1613/13/1511 1709/13/1570
f 1676/13/6408 1656/13/1535 1742/13/1634
f 1712/13/1606 1613/13/1511 1660/13/1498
f 1658/13/1497 1612/13/1496 1768/13/1605
f 1659/13/6412 1614/13/1481 1713/13/1512
f 1660/13/1498 1614/13/1481 1659/13/6412
f 1715/13/1573 1669/13/1536 1675/13/1574
f 1698/13/6410 1727/13/6413 1726/13/6414 1692/13/6411
f 1681/13/1550 1719/13/1579 1715/13/1573
f 1718/13/1580 1681/13/1550 1685/13/1553
f 1721/13/1581 1680/13/1549 1683/13/1552
f 1721/13/1581 1723/13/1610 1684/13/1576
f 1724/13/1583 1685/13/1553 1722/13/1578
f 1753/13/6415 1691/13/1646 1686/13/1556
f 1725/13/1645 1690/13/1554 1691/13/1646
f 1744/13/1672 1714/13/1572 1765/13/1630 1774/13/1693
f 1644/13/6406 1757/13/1617 1661/13/1500
f 1867/13/1760 1586/13/1418 1701/13/1521
f 1703/13/1657 1664/13/1457 1564/13/1458
f 1646/13/1513 1731/13/1730 1635/13/1526
f 1635/13/1526 1636/13/1529 1587/13/1527
f 1647/13/1515 1845/13/1733 1792/13/1528
f 1638/13/1593 1732/13/1592 1620/13/1660
f 1735/13/1595 1566/13/1434 1734/13/1508
f 1608/13/1449 1650/13/1594 1797/13/1597
f 1642/13/1601 1630/13/1493 1670/13/1537
f 1740/13/1667 1672/13/1540 1673/13/1541
f 1706/13/1568 1742/13/1634 1656/13/1535
f 1740/13/1667 1611/13/1471 1672/13/1540
f 1611/13/1471 1740/13/1667 1711/13/1571
f 1741/13/1709 1713/13/1512 1658/13/1497
f 1708/13/1569 1710/13/1548 1716/13/1575
f 1714/13/1572 1744/13/1672 1683/13/1552
f 1746/13/1582 1683/13/1552 1744/13/1672
f 1715/13/1573 1719/13/1579 1720/13/1609
f 1751/13/1723 1688/13/6416 1752/13/1615
f 1754/13/1644 1693/13/6407 1688/13/1614
f 1696/13/1650 1755/13/1649 1695/13/1559
f 1788/13/1678 1697/13/1586 1725/13/1585
f 1696/13/1588 1700/13/1562 1756/13/1652
f 1699/13/1706 1756/13/1652 1700/13/1562
f 1661/13/1500 1838/13/6417 1633/13/1503
f 1616/13/1484 1729/13/1472 1841/13/1619
f 1729/13/1472 1758/13/1443 2025/13/1653
f 1842/13/1620 1634/13/1504 1586/13/1418
f 1868/13/1590 1561/13/1401 1617/13/1485
f 1922/13/1822 1730/13/1655 1664/13/1457
f 1733/13/1532 1845/13/1733 1647/13/1515
f 1665/13/1533 1649/13/1625 1591/13/1465
f 1761/13/1664 1624/13/1516 1625/13/1488
f 1626/13/1489 1761/13/1664 1625/13/1488
f 1763/13/1802 1652/13/1666 1627/13/1629
f 1766/13/1631 1740/13/1667 1673/13/1541
f 1712/13/1606 1767/13/1632 1709/13/1570
f 1767/13/1632 1706/13/1568 1707/13/1542
f 1660/13/1498 1659/13/6412 1769/13/1767
f 1660/13/1498 1769/13/1767 1712/13/1606
f 1706/13/1568 1767/13/1632 1770/13/1633
f 1708/13/1569 1771/13/6418 1766/13/1631
f 1742/13/1634 1770/13/1633 1772/13/1671
f 1772/13/1671 1717/13/1577 1742/13/1634
f 1743/13/1685 1738/13/1602 1739/13/1603
f 1771/13/6418 1708/13/1569 1716/13/1575
f 1772/13/1671 1773/13/1670 1717/13/1577
f 1743/13/1685 1739/13/1603 1745/13/1607 1776/13/1690
f 1561/13/1401 1868/13/1590 1843/13/1820 1759/13/1819
f 1717/13/1577 1773/13/1670 1722/13/1578
f 1775/13/1715 1716/13/1575 1747/13/1608
f 1745/13/1607 1715/13/1573 1720/13/1609
f 1779/13/6419 1722/13/1578 1773/13/1670
f 1722/13/1578 1779/13/6419 1749/13/1612
f 1749/13/1612 1781/13/1639 1724/13/1583
f 1782/13/1636 1718/13/1580 1724/13/1583
f 1751/13/1723 1830/13/1643 1688/13/1614
f 1699/13/1706 1809/13/1789 1756/13/1652
f 1778/13/1635 1801/13/1717 1775/13/1715 1747/13/1608
f 1759/13/1819 1562/13/1444 1561/13/1401
f 1791/13/1656 1922/13/1822 1664/13/1457
f 1702/13/1563 1731/13/1730 1646/13/1513
f 1793/13/1658 1732/13/1592 1636/13/1529
f 1639/13/1531 1795/13/1662 1733/13/1532
f 1704/13/1566 1762/13/1627 1819/13/1599
f 1764/13/1628 1763/13/1802 1627/13/1629
f 1738/13/1602 1764/13/1628 1642/13/1601
f 1737/13/1598 1765/13/1630 1705/13/1600
f 1766/13/1631 1799/13/1668 1740/13/1667
f 1771/13/6418 1716/13/1575 1775/13/1715
f 1686/13/1556 1750/13/1613 1860/13/1777 1753/13/6415
f 1779/13/6419 1773/13/1670 1777/13/1741
f 1783/13/1638 1746/13/1582 1804/13/1673
f 1783/13/1638 1721/13/1581 1746/13/1582
f 1861/13/1753 1753/13/6415 1860/13/1777
f 1726/13/6414 1727/13/6413 1836/13/1814 1834/13/1813
f 1689/13/1557 1695/13/1559 1784/13/1675
f 1812/13/1621 1811/13/1591 1663/13/1473
f 1730/13/1655 1922/13/1822 1812/13/1621
f 1844/13/6420 1790/13/1622 1562/13/1444
f 1790/13/1622 1702/13/1563 1645/13/1514
f 1794/13/1659 1813/13/1661 1620/13/1660
f 1735/13/1595 1902/13/1682 1650/13/1594
f 1816/13/1735 1736/13/1596 1797/13/1597
f 1817/13/1683 1651/13/1567 1736/13/1596
f 1818/13/1765 1798/13/1665 1652/13/1666
f 1763/13/1802 1818/13/1765 1652/13/1666
f 1847/13/1687 1737/13/1598 1819/13/1599
f 1821/13/1686 1765/13/1630 1737/13/1598
f 1822/13/1689 1820/13/1684 1743/13/1685
f 1799/13/1668 1850/13/1738 1711/13/1571
f 1850/13/1738 1768/13/1605 1711/13/1571
f 1768/13/1605 1850/13/1738 1658/13/1497
f 1769/13/1767 1767/13/1632 1712/13/1606
f 1765/13/1630 1821/13/1686 1774/13/1693
f 1804/13/1673 1744/13/1672 1802/13/1692
f 1779/13/6419 1777/13/1741 1824/13/1744
f 1803/13/1691 1745/13/1607 1805/13/1674
f 1805/13/1674 1782/13/1636 1826/13/1772
f 1782/13/1636 1781/13/1639 1827/13/1748
f 1687/13/1555 1828/13/6421 1750/13/1613
f 1752/13/1615 1689/13/1557 1829/13/1722
f 1828/13/6421 1687/13/1555 1785/13/1641
f 1753/13/6415 1861/13/1753 1691/13/1646
f 1755/13/1649 1806/13/1676 1695/13/1559
f 1862/13/1724 1785/13/1641 1726/13/1642
f 1831/13/1694 1807/13/1784 1754/13/1644
f 1726/13/1642 1834/13/6422 1893/13/1725
f 1895/13/1695 1755/13/1649 1787/13/1648
f 1804/13/1673 1855/13/1775 1859/13/1720 1783/13/1638
f 1754/13/1616 1807/13/6423 1728/13/1587
f 1808/13/1677 1837/13/1700 1697/13/1586
f 1699/13/1706 1865/13/1705 1809/13/1789
f 1757/13/1617 1839/13/1892 1838/13/1618
f 1839/13/1869 1757/13/1679 1810/13/1680
f 1840/13/1728 1867/13/1760 1701/13/1521
f 1586/13/1418 1867/13/1760 1842/13/1620
f 1759/13/1819 1844/13/6420 1562/13/1444
f 1873/13/1795 1845/13/1733 1733/13/1532
f 1814/13/1565 1760/13/1564 1924/13/1823
f 1816/13/1735 1797/13/1597 1945/13/1798
f 1713/13/1512 1848/13/1710 1659/13/6412
f 1769/13/1767 1849/13/6424 1767/13/1632
f 1799/13/1668 1766/13/1631 1850/13/1738
f 1850/13/1738 1766/13/1631 1851/13/1714
f 1800/13/1669 1772/13/1671 1823/13/1712
f 1851/13/1714 1766/13/1631 1771/13/6418
f 1851/13/1714 1771/13/6418 1775/13/1715
f 1853/13/1716 1775/13/1715 1801/13/1717
f 1886/13/6425 1856/13/1805 1778/13/1635 1748/13/1611
f 1826/13/1772 1782/13/1636 1827/13/1748
f 1779/13/6419 1858/13/6426 1857/13/1749 1749/13/1612
f 1898/13/1933 1728/13/1587 1807/13/6423 1896/13/1934
f 1857/13/1749 1781/13/1639 1749/13/1612
f 1827/13/1748 1781/13/1639 1857/13/1749
f 1806/13/1676 1755/13/1649 1832/13/1696
f 1633/13/1503 1838/13/6417 1866/13/1758
f 1870/13/1731 1635/13/1526 1731/13/1730
f 1793/13/1658 1635/13/1526 1870/13/1731
f 1845/13/1733 1873/13/1795 1871/13/1732
f 1794/13/1659 1732/13/1592 1872/13/1707
f 1875/13/1734 1924/13/1823 1760/13/1564
f 1814/13/1565 1877/13/1945 1734/13/1508
f 1735/13/1595 1734/13/1508 1877/13/1945
f 1902/13/1682 1945/13/1798 1797/13/1597
f 1848/13/1710 1769/13/1767 1659/13/6412
f 1850/13/1738 1905/13/1851 1906/13/1711
f 1849/13/6424 1769/13/1767 1928/13/1768
f 1849/13/6424 1823/13/1688 1767/13/1632
f 1879/13/1769 1774/13/1693 1821/13/1686
f 1879/13/1769 1802/13/1692 1774/13/1693
f 1855/13/1775 1804/13/1673 1825/13/1719
f 1886/13/1750 1748/13/1611 1859/13/1721
f 1807/13/1784 1831/13/1694 1894/13/1785
f 1910/13/1773 1885/13/1771 1805/13/1674 1826/13/1772
f 1728/13/1704 1898/13/1867 1865/13/1705
f 1840/13/1728 1633/13/1503 1899/13/1759
f 1841/13/1619 1921/13/1654 1920/13/1790
f 1703/13/1657 1901/13/1872 1791/13/1656
f 1871/13/1732 1901/13/1872 1703/13/1657
f 1733/13/1532 1795/13/1662 1873/13/1795
f 1872/13/1707 1813/13/1661 1794/13/1659
f 1877/13/1945 1902/13/1682 1735/13/1595
f 1846/13/1663 1944/13/1796 1665/13/1533
f 1846/13/1663 1903/13/1763 1944/13/1796
f 1764/13/1628 1820/13/1684 1926/13/1804
f 1880/13/1739 1905/13/1851 1850/13/1738
f 1907/13/1828 1880/13/1739 1851/13/1714
f 1800/13/1669 1823/13/1712 1852/13/1713
f 1908/13/1770 1904/13/1736 1822/13/1689
f 1853/13/1716 1907/13/1828 1851/13/1714
f 1854/13/1718 1801/13/1717 1884/13/1746
f 1884/13/1746 1778/13/1635 1856/13/1805
f 1858/13/6426 1779/13/6419 1824/13/1744
f 1785/13/1641 1892/13/1779 1912/13/1776 1828/13/6421
f 1856/13/1805 1886/13/6425 1911/13/6427
f 1911/13/6428 1886/13/1750 1888/13/1751
f 1912/13/1776 1750/13/1613 1828/13/6421
f 1919/13/1791 1839/13/1869 1810/13/1680 1841/13/1619
f 1829/13/1722 1913/13/1812 1752/13/1615
f 1993/13/1778 1785/13/1641 1862/13/1724
f 1914/13/1781 1786/13/1647 1890/13/1754
f 1862/13/1724 1893/13/1725 1993/13/1778
f 1895/13/1695 1915/13/1780 1832/13/1696
f 1808/13/1677 1788/13/1678 1897/13/2035
f 1897/13/2035 1788/13/1678 1835/13/1699
f 1838/13/1618 1839/13/1892 1866/13/6429
f 1784/13/1675 1806/13/1676 1913/13/1812 1829/13/1722
f 2000/13/1816 1867/13/1760 1840/13/1728
f 1943/13/1941 1901/13/1872 1871/13/1732
f 2028/13/1873 1795/13/1662 1874/13/1762
f 1815/13/1626 1925/13/1708 2003/13/1875
f 1946/13/1797 1903/13/1763 1761/13/1664
f 1819/13/1599 2004/13/1826 1847/13/1687
f 1928/13/1768 1823/13/1688 1849/13/6424
f 1929/13/1832 1909/13/1745 1879/13/1769
f 1885/13/1771 1930/13/6430 1882/13/1742
f 1825/13/1719 1909/13/1745 1958/13/1833
f 1911/13/6427 1932/13/1835 1856/13/1805
f 1861/13/1753 1912/13/1776 1934/13/1809
f 1912/13/1776 1861/13/1753 1860/13/1777
f 1891/13/1755 1752/13/1615 1913/13/1812
f 1893/13/1725 1834/13/6422 1939/13/1815 2022/13/1931
f 1895/13/1695 2098/13/1889 1915/13/1780
f 1790/13/1622 1844/13/6420 2001/13/1939 1869/13/1729
f 1835/13/1699 1833/13/1698 1971/13/1979
f 2026/13/1818 1844/13/6420 1759/13/1819
f 1950/13/1827 1952/13/1909 1852/13/1713 1823/13/1712
f 1813/13/1661 1872/13/1707 2330/13/2135
f 1875/13/1734 1813/13/1661 2107/13/1943
f 1977/13/1824 1877/13/1945 1814/13/1565
f 1798/13/1665 1947/13/1764 1946/13/1797
f 1817/13/1683 1816/13/1735 1978/13/1799
f 1847/13/1687 2004/13/1826 1980/13/1766
f 1949/13/1849 1905/13/1851 1880/13/1739
f 1981/13/1850 1950/13/1827 1928/13/1768
f 1858/13/6426 1824/13/1744 1883/13/1743 1959/13/1854
f 1908/13/1770 2005/13/1905 1904/13/1736
f 1952/13/1909 1881/13/1740 1852/13/1713
f 1881/13/1740 1952/13/1909 1953/13/1877
f 1953/13/1877 1883/13/1743 1881/13/1740
f 1908/13/1770 1882/13/1742 1956/13/6431
f 1883/13/1743 1953/13/1877 1957/13/1855
f 1909/13/1745 1955/13/1831 1958/13/1833
f 1858/13/6426 1964/13/1916 1963/13/1837 1857/13/1749
f 1962/13/1858 1911/13/6428 1888/13/1751
f 1932/13/1835 1911/13/6427 1962/13/1858
f 1891/13/1755 1969/13/1927 2056/13/2025 1970/13/1841
f 1933/13/1808 1965/13/1838 1887/13/1747
f 1889/13/1752 1887/13/1747 1965/13/1838
f 1936/13/6432 1913/13/1812 1937/13/1811
f 1890/13/1754 1861/13/1753 1967/13/1839
f 1891/13/1755 1913/13/1812 1936/13/6432
f 1893/13/1725 2022/13/1931 1994/13/1866
f 1916/13/1980 1971/13/1979 1833/13/1698
f 1917/13/1787 1808/13/1677 1897/13/2035
f 1971/13/1979 1897/13/2035 1835/13/1699
f 1899/13/1759 1866/13/1758 1972/13/1894
f 1972/13/1894 1866/13/6429 1839/13/1892
f 1973/13/2043 1842/13/1620 1900/13/1761
f 2025/13/1653 1789/13/1523 2325/13/1817
f 1974/13/1844 1843/13/1820 1868/13/1590
f 1901/13/1872 1922/13/1822 1791/13/1656
f 1871/13/1732 1976/13/6433 1943/13/1941
f 1948/13/1801 1947/13/1764 1818/13/1765
f 2005/13/1905 1927/13/1803 1904/13/1736
f 1880/13/1739 1951/13/1829 1949/13/1849
f 1951/13/1829 1907/13/1828 1954/13/1830
f 1930/13/6430 1956/13/6431 1882/13/1742
f 1983/13/1853 1982/13/1852 1884/13/1746
f 1931/13/1806 1856/13/1805 1961/13/1836
f 1989/13/1923 1987/13/1860 1934/13/1809
f 1935/13/1810 1989/13/1923 1934/13/1809
f 1990/13/1862 1936/13/6432 1937/13/1811
f 1969/13/1927 1891/13/1755 1936/13/6432
f 1968/13/1840 1806/13/1676 1915/13/1780
f 1863/13/1726 1914/13/1781 2058/13/1929 1995/13/2031
f 1916/13/1782 1863/13/1726 1995/13/2031
f 1996/13/1890 1895/13/1695 1864/13/1727
f 1939/13/1815 1836/13/1814 1997/13/6434
f 1809/13/1789 1998/13/2039 1940/13/1786
f 1999/13/1984 1899/13/1759 1972/13/1894
f 2000/13/1816 1899/13/1759 1999/13/1984
f 2066/13/1792 2025/13/1653 2204/13/2044
f 2330/13/2135 2107/13/1943 1813/13/1661
f 2071/13/1899 2003/13/1875 1925/13/1708
f 1817/13/1683 1978/13/1799 1979/13/1800
f 1848/13/1710 1878/13/1737 2077/13/1907
f 1957/13/1855 1953/13/1877 2040/13/1879
f 1957/13/1855 2040/13/1879 2006/13/1996
f 1984/13/1856 1855/13/1775 1958/13/1833
f 1931/13/1806 1961/13/1836 2007/13/1913
f 1959/13/1854 1964/13/1916 1858/13/6426
f 2008/13/1912 1986/13/1857 1888/13/1774
f 1985/13/1880 1966/13/1807 1965/13/1838
f 1961/13/1836 1932/13/1835 2010/13/1859
f 2010/13/1859 2011/13/1881 1961/13/1836
f 2013/13/1883 1933/13/1808 1963/13/1837
f 2013/13/1883 2014/13/1914 1965/13/1838
f 2015/13/1885 1963/13/1837 1964/13/1916
f 2017/13/6435 1989/13/1923 1935/13/1810
f 1992/13/1864 2017/13/6435 1935/13/1810
f 1936/13/6432 2018/13/1925 1969/13/1927
f 1991/13/1863 1937/13/1811 1968/13/1840
f 1970/13/1841 2021/13/1842 1894/13/1785
f 1809/13/1789 1918/13/1788 1998/13/2039
f 1844/13/6420 2026/13/1818 2001/13/1939
f 1922/13/1822 2106/13/1871 1942/13/1821
f 2027/13/1898 1976/13/6433 1871/13/1732
f 2068/13/1846 2330/13/2135 1872/13/1707
f 1945/13/1798 2029/13/1825 2110/13/1900
f 2035/13/1906 1878/13/1737 1949/13/1849
f 1981/13/1850 1848/13/1710 2034/13/1952
f 1950/13/1827 1981/13/1850 2036/13/1953
f 1949/13/1849 1951/13/1829 2037/13/1992
f 1929/13/1832 2080/13/1955 1955/13/1831
f 1956/13/6431 2038/13/1908 1908/13/1770
f 1930/13/6430 2081/13/2054 1956/13/6431
f 1958/13/1833 2167/13/1956 1984/13/1856
f 2042/13/1959 1964/13/1916 1959/13/1854
f 2042/13/1959 2012/13/1915 1964/13/1916
f 2044/13/1917 1986/13/1857 2043/13/1962
f 2011/13/1881 2045/13/1967 2009/13/1882
f 2049/13/1920 2013/13/1883 2015/13/1885
f 2049/13/1920 2047/13/1919 2013/13/1883
f 2089/13/1921 2015/13/1885 2046/13/1918
f 2050/13/1966 2048/13/1884 2044/13/1917
f 2048/13/1884 2051/13/1922 2010/13/1859
f 2051/13/1922 2052/13/1968 2011/13/1881
f 1987/13/1860 2092/13/1924 2053/13/1973
f 2018/13/1925 1936/13/6432 1990/13/1862
f 2055/13/1926 2056/13/2025 1969/13/1927
f 2020/13/1888 2057/13/1928 1915/13/1780
f 2064/13/2089 2062/13/1930 1939/13/1815 1997/13/6434
f 2060/13/1891 2098/13/1889 1895/13/1695
f 1994/13/1866 2022/13/1931 2059/13/2027
f 2099/13/1935 1896/13/1783 2021/13/1842
f 2075/13/1987 2004/13/1826 1979/13/1800 2074/13/1949
f 1999/13/1984 1972/13/1894 2065/13/1937
f 2001/13/1939 1975/13/1793 1869/13/1729
f 2068/13/1846 1870/13/1731 1975/13/1793
f 2027/13/1898 1873/13/1795 1923/13/1794
f 2109/13/1946 1877/13/1945 1977/13/1824
f 2211/13/2137 2029/13/1825 1902/13/1682
f 1978/13/1799 2031/13/1848 2111/13/2047
f 2073/13/1950 1979/13/1800 1978/13/1799
f 1848/13/1710 2077/13/1907 2078/13/1991 2034/13/1952
f 2104/13/2127 2103/13/1895 1920/13/1790 2066/13/1792
f 2079/13/1994 1950/13/1827 2036/13/1953
f 2079/13/1994 1952/13/1909 1950/13/1827
f 2038/13/1908 2215/13/1954 2005/13/1905
f 1951/13/1829 2039/13/1910 2037/13/1992
f 1955/13/1831 2080/13/1955 2117/13/1957
f 2081/13/2054 2038/13/1908 1956/13/6431
f 2117/13/1957 1958/13/1833 1955/13/1831
f 2082/13/1999 1982/13/1852 1983/13/1853
f 1957/13/1855 2006/13/1996 2041/13/1911
f 2007/13/1913 1983/13/1853 1931/13/1806
f 2042/13/1959 2085/13/2003 2012/13/1915
f 2086/13/1964 2014/13/1914 2047/13/1919
f 2045/13/1967 2011/13/1881 2052/13/1968
f 2093/13/1974 1990/13/1862 2054/13/2016
f 2054/13/2016 1990/13/1862 1991/13/1863
f 2017/13/6435 1992/13/1864 2094/13/1977
f 1991/13/1863 1968/13/1840 2142/13/1976
f 2095/13/1975 1938/13/1865 1967/13/1839
f 2097/13/2024 1970/13/1841 2056/13/2025
f 1994/13/1866 2096/13/2021 2019/13/1887
f 2099/13/1935 2021/13/1842 2061/13/1978
f 2101/13/2125 1898/13/1933 2099/13/1935
f 1941/13/1756 2102/13/1982 2063/13/1936
f 1898/13/1867 2101/13/2125 2023/13/1868
f 1930/13/6430 1885/13/1771 2120/13/1958 2081/13/2054
f 1923/13/1794 2028/13/1873 2027/13/1898
f 1944/13/1796 2266/13/2341 2071/13/1899
f 2109/13/1946 2211/13/2137 1902/13/1682
f 2031/13/1848 2212/13/1986 2111/13/2047
f 1978/13/1799 2162/13/2048 2073/13/1950
f 2076/13/1903 2112/13/1951 1926/13/1804
f 2077/13/1907 2035/13/1906 2113/13/1989
f 2035/13/1906 1949/13/1849 2217/13/1993
f 1982/13/1852 2118/13/1998 2039/13/1910
f 2137/13/2015 2139/13/2073 2018/13/1925 2093/13/1974
f 2121/13/2099 2082/13/1999 2007/13/1913
f 2042/13/1959 2041/13/1911 2122/13/2002
f 1985/13/1880 2124/13/1963 2083/13/1960
f 2084/13/1961 2009/13/1882 2045/13/1967
f 2085/13/2003 2126/13/1970 2046/13/1918
f 2090/13/1971 2044/13/1917 2087/13/1965
f 2125/13/2004 2045/13/1967 2088/13/1969
f 2086/13/1964 2047/13/1919 2091/13/1972
f 2091/13/1972 2049/13/1920 2129/13/2006
f 2128/13/2005 2052/13/1968 2051/13/1922
f 2181/13/2065 2132/13/2012 2177/13/2066
f 2131/13/2013 2132/13/2012 2181/13/2065
f 2137/13/2015 2134/13/2008 2133/13/2010
f 2135/13/2011 2136/13/2017 2132/13/2012
f 2138/13/2014 2134/13/2008 2137/13/2015
f 2053/13/1973 2092/13/1924 2135/13/2018
f 2019/13/1887 2312/13/2022 2193/13/2184 2094/13/1977
f 2143/13/2079 2095/13/1975 2016/13/1886
f 2056/13/2025 2055/13/1926 2141/13/2020 2144/13/2023
f 2268/13/2142 2078/13/1991 2077/13/1907 2113/13/1989
f 2020/13/1888 2098/13/1889 2057/13/1928
f 2145/13/2029 2096/13/2021 1994/13/1866
f 1994/13/1866 2059/13/2027 2145/13/2029
f 2146/13/2026 2061/13/1978 1970/13/1841
f 2195/13/2032 1995/13/2031 2058/13/1929
f 2060/13/1891 1996/13/1890 2149/13/2084
f 2150/13/2033 1916/13/1782 1995/13/2031
f 2147/13/2028 2022/13/1931 2062/13/1930
f 2063/13/1932 2149/13/2084 1996/13/1890
f 2100/13/1981 1916/13/1980 2150/13/6436
f 2100/13/1981 2151/13/2034 1971/13/1979
f 1837/13/1700 1917/13/1787 2152/13/2036
f 2155/13/2042 1974/13/1844 1842/13/1620
f 2105/13/1897 2157/13/1896 1942/13/1821
f 2026/13/1818 2158/13/2131 2206/13/1938
f 1975/13/1793 2001/13/1939 2159/13/2133
f 2068/13/1846 1975/13/1793 2159/13/2133
f 2067/13/1940 1943/13/1941 1976/13/6433
f 2029/13/1825 2211/13/2137 2160/13/2091
f 2112/13/1951 2163/13/2049 1948/13/1801
f 2170/13/2153 2228/13/2155 2126/13/1970 2085/13/2003
f 2214/13/2051 2218/13/2206 2080/13/1955
f 2037/13/1992 2116/13/1995 2217/13/1993
f 2218/13/2206 2219/13/2056 2080/13/1955
f 2165/13/1997 2040/13/1879 2115/13/1878
f 2219/13/2056 2117/13/1957 2080/13/1955
f 2119/13/2000 2006/13/1996 2165/13/1997
f 2083/13/1960 2120/13/1958 1960/13/1834
f 2007/13/1913 2168/13/2150 2121/13/2099
f 2168/13/2150 2007/13/1913 2084/13/1961
f 2169/13/2059 2170/13/2153 2085/13/2003
f 2172/13/2061 2226/13/2058 2124/13/1963
f 2171/13/2060 2087/13/1965 2043/13/1962
f 2003/13/1875 2071/13/1899 2265/13/2298 2209/13/2045
f 2127/13/2104 2090/13/1971 2087/13/1965
f 2174/13/2063 2050/13/1966 2090/13/1971
f 2176/13/2160 2129/13/2006 2130/13/2007
f 2183/13/2070 2242/13/2168 2177/13/2066
f 2182/13/2068 2134/13/2008 2186/13/2074
f 2241/13/2117 2133/13/2010 2178/13/2009
f 2184/13/2116 2139/13/2073 2241/13/2117
f 2241/13/2117 2139/13/2073 2133/13/2010
f 2183/13/2070 2132/13/2012 2136/13/2017
f 2138/13/2014 2187/13/2178 2186/13/2074
f 2136/13/2017 1989/13/1923 2189/13/2076
f 2188/13/2075 1988/13/1861 2135/13/2011
f 2192/13/2181 2189/13/2076 1989/13/1923
f 2191/13/2077 2018/13/1925 2139/13/2073
f 2138/13/2014 1991/13/1863 2187/13/2178
f 2192/13/2181 1989/13/1923 2017/13/6435
f 2142/13/1976 2187/13/2178 1991/13/1863
f 2017/13/6435 2094/13/1977 2192/13/2181
f 2311/13/2082 2195/13/2032 2058/13/1929
f 2098/13/1889 2060/13/1891 2196/13/2083
f 2197/13/2085 2099/13/1935 2061/13/1978
f 2256/13/2088 1917/13/1787 1897/13/2035
f 2101/13/2125 2099/13/1935 2198/13/2086
f 1917/13/1787 2256/13/2088 2152/13/2036
f 2154/13/1870 2103/13/1895 2104/13/2127
f 2105/13/1897 2106/13/1871 2261/13/6437
f 2207/13/2333 2261/13/6437 2106/13/1871
f 2207/13/2333 2106/13/1871 2067/13/1940
f 2159/13/2133 2330/13/2135 2068/13/1846
f 2255/13/6438 2320/13/2290 2149/13/2084 2063/13/1932
f 2210/13/2136 2109/13/1946 2070/13/1876
f 1944/13/1796 2332/13/2245 2266/13/2341
f 1944/13/1796 2030/13/1901 2332/13/2245
f 2213/13/2046 1946/13/1797 2161/13/1947
f 2076/13/1903 2215/13/1954 2336/13/2092
f 2115/13/1878 2079/13/1994 2270/13/2352
f 2384/13/2098 2118/13/1998 2082/13/1999
f 2120/13/1958 2221/13/2053 2081/13/2054
f 2223/13/2100 2167/13/1956 2166/13/2055
f 2083/13/1960 2226/13/2058 2224/13/2101
f 2229/13/2105 2227/13/2103 2125/13/2004
f 2283/13/2106 2126/13/1970 2228/13/2155
f 2230/13/2109 2231/13/2157 2091/13/1972
f 2234/13/2111 2235/13/2110 2128/13/2005
f 2129/13/2006 2176/13/2160 2230/13/2109
f 2239/13/2067 2177/13/2066 2242/13/2168
f 2241/13/2117 2178/13/2009 2296/13/2114
f 2239/13/2067 2238/13/2112 2181/13/2065
f 2179/13/2069 2182/13/2068 2244/13/2173
f 2244/13/2173 2182/13/2068 2246/13/2119
f 2247/13/2175 2185/13/2071 2180/13/2072
f 2189/13/2076 2249/13/6439 2183/13/2070
f 2247/13/2175 2250/13/2120 2185/13/2071
f 2141/13/2020 2191/13/2077 2252/13/2231
f 2143/13/2079 2140/13/2019 2365/13/2186
f 2365/13/2186 2095/13/1975 2143/13/2079
f 2252/13/2231 2144/13/2023 2141/13/2020
f 2311/13/2082 2095/13/1975 2365/13/2186
f 2253/13/2124 2366/13/2123 2145/13/2029
f 2196/13/2083 2149/13/2084 2320/13/2290
f 2145/13/2029 2147/13/2028 2253/13/2124
f 2254/13/2190 2150/13/2033 2148/13/2030
f 2263/13/2334 2067/13/1940 1976/13/6433 2027/13/1898
f 2255/13/2194 2063/13/1936 2102/13/1982
f 2023/13/1868 2101/13/2125 2258/13/2126
f 2200/13/2038 2023/13/1868 2258/13/2126
f 2206/13/1938 2262/13/2132 2001/13/1939
f 2067/13/1940 2263/13/2334 2207/13/2333
f 2172/13/2061 2281/13/6440 2278/13/2149 2226/13/2058
f 2069/13/1942 2108/13/1847 2209/13/2045
f 2071/13/1899 2266/13/2341 2265/13/2298
f 2376/13/2139 2032/13/1902 2072/13/1948
f 2267/13/2138 2074/13/1949 2073/13/1950
f 2214/13/2051 2075/13/1987 2335/13/2343
f 2113/13/1989 2338/13/2251 2340/13/2141
f 2269/13/2143 2114/13/1990 2078/13/1991
f 2382/13/2095 2115/13/1878 2270/13/2352
f 2273/13/2096 2038/13/1908 2221/13/2053
f 2222/13/2097 2219/13/2056 2344/13/2207
f 2276/13/2151 2274/13/2146 2121/13/2099
f 2169/13/2059 2122/13/2002 2277/13/2148
f 2225/13/2057 2279/13/2154 2171/13/2060
f 2130/13/2007 2291/13/2218 2290/13/2164 2176/13/2160
f 2227/13/2103 2168/13/2150 2084/13/1961
f 2173/13/2062 2281/13/6440 2172/13/2061
f 2283/13/2106 2237/13/2267 2130/13/2007
f 2173/13/2062 2091/13/1972 2231/13/2157
f 2233/13/2108 2174/13/2063 2127/13/2104
f 2237/13/2267 2285/13/2219 2130/13/2007
f 2284/13/2159 2286/13/2166 2232/13/2107
f 2287/13/2162 2231/13/2157 2230/13/2109
f 2234/13/2111 2232/13/2107 2286/13/2166
f 2235/13/2110 2289/13/2216 2175/13/2064
f 2192/13/2181 2094/13/1977 2309/13/2183 2307/13/2180
f 2286/13/2166 2292/13/2163 2234/13/2111
f 2294/13/2167 2288/13/2161 2290/13/2164
f 2293/13/2165 2295/13/6441 2292/13/2163
f 2295/13/6441 2239/13/2067 2292/13/2163
f 2298/13/2225 2294/13/2167 2296/13/2114
f 2297/13/6442 2238/13/2112 2295/13/6441
f 2240/13/2113 2238/13/2112 2297/13/6442
f 2239/13/2067 2295/13/6441 2238/13/2112
f 2298/13/2225 2296/13/2114 2179/13/2069
f 2298/13/2225 2179/13/2069 2244/13/2173
f 2244/13/2173 2358/13/2222 2298/13/2225
f 2243/13/2118 2241/13/2117 2300/13/2170
f 2249/13/6439 2303/13/2172 2242/13/2168
f 2249/13/6439 2242/13/2168 2183/13/2070
f 2190/13/2078 2139/13/2073 2184/13/2116
f 2250/13/2120 2306/13/2371 2188/13/2075
f 2306/13/2371 2140/13/2019 2188/13/2075
f 2364/13/2229 2251/13/2080 2194/13/2081 2314/13/2122
f 2306/13/2371 2310/13/2187 2140/13/2019
f 2308/13/2182 2142/13/1976 2251/13/2080
f 2191/13/2077 2363/13/2228 2252/13/2231
f 2193/13/2184 2312/13/2022 2415/13/2185
f 2313/13/2121 2144/13/2023 2252/13/2231
f 2479/13/2383 2217/13/1993 2116/13/1995 2271/13/2385
f 2317/13/2191 2148/13/2030 2195/13/2032
f 2318/13/6443 2316/13/2189 2196/13/2083
f 2196/13/2083 2320/13/2290 2318/13/6443
f 2197/13/2085 2146/13/2026 2319/13/2234
f 2150/13/2033 2254/13/2190 2100/13/6444
f 2062/13/1930 2462/13/2193 2321/13/2192
f 2198/13/2086 2197/13/2085 2322/13/2235
f 2323/13/2195 2154/13/1870 2259/13/2128
f 2066/13/1792 2204/13/2044 2372/13/2198
f 2260/13/2129 2155/13/2042 1900/13/1761
f 2326/13/6445 1974/13/1844 2155/13/2042
f 2325/13/1817 2156/13/1845 2373/13/2130
f 1974/13/1844 2326/13/6445 2205/13/1985
f 2326/13/6445 2158/13/2131 2205/13/1985
f 2157/13/1896 2105/13/1897 2327/13/2474
f 2327/13/2474 2105/13/1897 2261/13/6437
f 2158/13/2131 2422/13/2199 2206/13/1938
f 2027/13/1898 2329/13/2337 2263/13/2334
f 2027/13/1898 2331/13/2201 2329/13/2337
f 2070/13/1876 2208/13/1944 2423/13/2243
f 2376/13/2139 2161/13/1947 2032/13/1902
f 2163/13/2049 2334/13/2247 2376/13/2139
f 2335/13/2343 2075/13/1987 2074/13/1949
f 2214/13/2051 2335/13/2343 2377/13/2248
f 2215/13/1954 2337/13/2303 2336/13/2092
f 2338/13/2251 2379/13/2252 2340/13/2141
f 2269/13/2143 2268/13/2142 2380/13/2253
f 2342/13/2204 2216/13/1988 2217/13/1993
f 2215/13/1954 2272/13/2052 2337/13/2303
f 2231/13/2157 2287/13/2162 2354/13/2313 2395/13/2158
f 2270/13/2352 2079/13/1994 2430/13/2205
f 2220/13/2094 2343/13/2256 2116/13/1995
f 2221/13/2053 2345/13/2388 2273/13/2096
f 2222/13/2097 2344/13/2207 2346/13/2391
f 2225/13/2057 2223/13/2100 2348/13/2262
f 2224/13/2101 2387/13/2211 2386/13/2209
f 2279/13/2154 2225/13/2057 2348/13/2262
f 2277/13/2148 2280/13/2152 2169/13/2059
f 2350/13/2396 2281/13/6440 2173/13/2062
f 2127/13/2104 2282/13/2102 2352/13/2214
f 2286/13/2166 2284/13/2159 2357/13/2273 2293/13/2165
f 2285/13/2219 2291/13/2218 2130/13/2007
f 2289/13/2216 2235/13/2110 2292/13/2163
f 2100/13/1981 2417/13/2289 2369/13/2327 2151/13/2034
f 2399/13/2221 2287/13/2162 2294/13/2167
f 2357/13/2273 2297/13/6442 2293/13/2165
f 2297/13/6442 2295/13/6441 2293/13/2165
f 2289/13/2216 2292/13/2163 2239/13/2067
f 2299/13/2169 2289/13/2216 2239/13/2067
f 2296/13/2114 2291/13/2218 2300/13/2170
f 2301/13/2227 2240/13/2113 2297/13/6442
f 2246/13/2119 2360/13/2177 2304/13/2174
f 2245/13/2115 2361/13/2316 2247/13/2175
f 2408/13/2405 2190/13/2078 2248/13/2176
f 2247/13/2175 2361/13/2316 2250/13/2120
f 2189/13/2076 2407/13/2281 2249/13/6439
f 2187/13/2178 2362/13/2282 2305/13/2179
f 2362/13/2282 2187/13/2178 2308/13/2182
f 2414/13/2230 2313/13/2121 2252/13/2231
f 2317/13/2191 2195/13/2032 2315/13/2188
f 2253/13/2124 2499/13/2287 2366/13/2123
f 2319/13/2234 2146/13/2026 2367/13/2232
f 2417/13/2289 2100/13/6444 2254/13/2190
f 2320/13/2290 2255/13/6438 2368/13/2291
f 2370/13/6446 2368/13/2380 2255/13/2194 2201/13/2040
f 2258/13/2126 2198/13/2086 2322/13/2235
f 2421/13/2239 2324/13/2197 2204/13/2044 2325/13/1817
f 2256/13/2088 2151/13/2034 2369/13/2327
f 2152/13/2036 2418/13/2236 2257/13/2037
f 2200/13/2038 2371/13/2237 2199/13/2087
f 2065/13/1937 2024/13/1893 2467/13/2295
f 2104/13/2127 2066/13/1792 2602/13/2196
f 2330/13/2135 2159/13/2133 2328/13/2240 2508/13/2200
f 2173/13/2062 2395/13/2158 2527/13/2363 2350/13/2396
f 2550/13/2339 2069/13/1942 2209/13/2045
f 2510/13/2242 2210/13/2136 2070/13/1876
f 2375/13/2510 2265/13/2298 2266/13/2341
f 2111/13/2047 2212/13/1986 2333/13/2203
f 2335/13/2343 2074/13/1949 2475/13/2246
f 2337/13/2303 2556/13/2434 2336/13/2092
f 2269/13/2143 2608/13/2254 2381/13/2255
f 2347/13/2145 2165/13/1997 2383/13/2258
f 2221/13/2053 2386/13/2209 2345/13/2388
f 2390/13/2264 2349/13/2212 2168/13/2150
f 2391/13/2265 2170/13/2153 2280/13/2152
f 2282/13/2102 2279/13/2154 2435/13/2263
f 2281/13/6440 2392/13/2358 2278/13/2149
f 2350/13/2396 2392/13/2358 2281/13/6440
f 2394/13/2269 2233/13/2108 2352/13/2214
f 2310/13/2187 2534/13/2461 2457/13/2411 2365/13/2186
f 2353/13/2215 2233/13/2108 2441/13/2268
f 2396/13/2271 2351/13/2213 2236/13/2156
f 2397/13/2270 2285/13/2219 2237/13/2267
f 2353/13/2215 2398/13/2272 2284/13/2159
f 2400/13/2223 2355/13/2217 2289/13/2216
f 2403/13/2275 2300/13/2170 2401/13/2224
f 2301/13/2227 2297/13/6442 2357/13/2273
f 2402/13/2274 2299/13/2169 2303/13/2172
f 2403/13/2275 2445/13/2314 2243/13/2118
f 2445/13/2314 2405/13/2278 2243/13/2118
f 2404/13/2459 2304/13/2174 2360/13/2177
f 2446/13/2277 2406/13/2317 2245/13/2115
f 2447/13/2276 2303/13/2172 2249/13/6439
f 2249/13/6439 2407/13/2281 2447/13/2276
f 2405/13/2278 2408/13/2405 2248/13/2176
f 2361/13/2316 2245/13/2115 2406/13/2317
f 2361/13/2316 2409/13/2319 2250/13/2120
f 2363/13/2228 2190/13/2078 2412/13/2321
f 2364/13/2229 2413/13/6447 2308/13/2182
f 2315/13/2188 2311/13/2082 2365/13/2186
f 2364/13/2229 2314/13/2122 2316/13/2189
f 2320/13/2290 2460/13/2292 2318/13/6443
f 2321/13/2192 2462/13/2193 2416/13/2233
f 2256/13/2088 2369/13/2327 2418/13/2236
f 2257/13/2037 2419/13/2293 2462/13/2193
f 2371/13/2237 2258/13/2126 2465/13/2294
f 2370/13/6448 2201/13/2040 2199/13/2087
f 2153/13/2041 2065/13/1937 2468/13/2296
f 2203/13/1983 2153/13/2041 2420/13/2331
f 2469/13/2426 2326/13/6445 2155/13/2042
f 2157/13/1896 2327/13/2474 2373/13/2130
f 2208/13/1944 2107/13/1943 2264/13/2134
f 2376/13/2139 2474/13/2431 2161/13/1947
f 2267/13/2138 2162/13/2048 2426/13/2300
f 2341/13/2144 2381/13/2255 2429/13/2348
f 2428/13/2250 2339/13/2140 2342/13/2204
f 2430/13/2205 2164/13/2050 2341/13/2144
f 2342/13/2204 2217/13/1993 2479/13/2383
f 2431/13/2301 2218/13/2206 2214/13/2051
f 2116/13/1995 2433/13/2257 2271/13/2385
f 2344/13/2207 2218/13/2206 2431/13/2301
f 2384/13/2098 2343/13/2256 2118/13/1998
f 2484/13/2259 2222/13/2097 2346/13/2391
f 2386/13/2209 2483/13/2356 2345/13/2388
f 2484/13/2259 2348/13/2262 2223/13/2100
f 2438/13/2308 2397/13/2270 2393/13/2266
f 2440/13/2312 2527/13/2363 2395/13/2158
f 2397/13/2270 2439/13/2311 2356/13/2220
f 2440/13/2312 2354/13/2313 2287/13/2162
f 2398/13/2272 2353/13/2215 2441/13/2268
f 2400/13/2223 2442/13/2365 2355/13/2217
f 2399/13/2221 2443/13/2401 2440/13/2312
f 2444/13/2367 2301/13/2227 2398/13/2272
f 2442/13/2365 2400/13/2223 2402/13/2274
f 2359/13/2226 2443/13/2401 2399/13/2221
f 2495/13/2315 2403/13/2275 2401/13/2224
f 2444/13/2367 2446/13/2277 2301/13/2227
f 2449/13/2460 2304/13/2174 2404/13/2459
f 2405/13/2278 2445/13/2314 2448/13/2406
f 2405/13/2278 2448/13/2406 2408/13/2405
f 2451/13/2320 2583/13/2370 2407/13/2281
f 2452/13/2322 2190/13/2078 2408/13/2405
f 2250/13/2120 2409/13/2319 2306/13/2371
f 2453/13/2284 2410/13/2280 2307/13/2180
f 2497/13/2323 2363/13/2228 2412/13/2321
f 2413/13/6447 2362/13/2282 2308/13/2182
f 2532/13/2408 2310/13/2187 2306/13/2371
f 2364/13/2229 2456/13/2286 2413/13/6447
f 2313/13/2121 2414/13/2230 2458/13/2325 2367/13/6449
f 2457/13/2411 2315/13/2188 2365/13/2186
f 2415/13/2185 2366/13/2123 2455/13/2324
f 2487/13/2529 2490/13/2393 2280/13/2152 2277/13/2148
f 2319/13/2234 2367/13/2232 2458/13/2325
f 2318/13/6443 2460/13/2292 2316/13/2189
f 2322/13/2235 2319/13/2234 2461/13/2326
f 2461/13/2326 2465/13/2294 2322/13/2235
f 2369/13/2327 2463/13/2328 2464/13/2329
f 2370/13/6448 2199/13/2087 2466/13/2330
f 2370/13/6446 2466/13/2378 2368/13/2380
f 2467/13/2238 2202/13/2090 2323/13/2195
f 2260/13/2129 2203/13/1983 2420/13/2331
f 2507/13/2557 2158/13/2131 2326/13/6445
f 2373/13/2130 2327/13/2474 2547/13/2472
f 2261/13/6437 2207/13/2333 2548/13/2335
f 2550/13/2339 2374/13/2241 2069/13/1942
f 2511/13/2299 2211/13/2137 2210/13/2136
f 2512/13/2381 2160/13/2091 2211/13/2137
f 2425/13/2244 2471/13/2340 2332/13/2245
f 2473/13/2428 2212/13/1986 2472/13/2202
f 2427/13/2432 2474/13/2431 2376/13/2139
f 2427/13/2432 2376/13/2139 2334/13/2247
f 2556/13/2434 2476/13/2351 2515/13/6450
f 2337/13/2303 2476/13/2351 2556/13/2434
f 2340/13/2141 2518/13/2345 2477/13/2346
f 2341/13/2144 2558/13/2349 2430/13/2205
f 2382/13/2095 2270/13/2352 2561/13/2353
f 2481/13/2208 2382/13/2095 2563/13/2354
f 2346/13/2391 2344/13/2207 2431/13/2301
f 2571/13/2305 2384/13/2098 2274/13/2146
f 2486/13/2452 2572/13/2357 2387/13/2211
f 2387/13/2211 2488/13/2307 2486/13/2452
f 2487/13/2529 2277/13/2148 2388/13/2260
f 2489/13/2395 2435/13/2263 2434/13/2304
f 2498/13/2373 2316/13/2189 2460/13/2292 2501/13/2417
f 2490/13/2393 2391/13/2265 2280/13/2152
f 2524/13/2394 2491/13/2361 2391/13/2265
f 2436/13/2309 2393/13/2266 2491/13/2361
f 2437/13/2310 2492/13/2360 2351/13/2213
f 2528/13/2398 2441/13/2268 2394/13/2269
f 2495/13/2315 2401/13/2224 2356/13/2220
f 2441/13/2268 2496/13/2366 2398/13/2272
f 2359/13/2226 2304/13/2174 2443/13/2401
f 2360/13/2177 2680/13/2279 2404/13/2459
f 2585/13/2543 2583/13/2370 2451/13/2320
f 2411/13/2283 2680/13/2279 2305/13/2179
f 2532/13/2408 2534/13/2461 2310/13/2187
f 2454/13/2285 2537/13/2498 2414/13/2230
f 2456/13/2286 2316/13/2189 2541/13/2374
f 2502/13/2376 2417/13/2289 2459/13/2288 2500/13/2375
f 2503/13/2420 2416/13/2233 2462/13/2193 2419/13/2293
f 2474/13/2431 2552/13/2562 2213/13/2046 2161/13/1947
f 2465/13/2294 2461/13/2326 2504/13/2422
f 2463/13/2328 2502/13/2376 2464/13/2329
f 2464/13/2329 2503/13/2420 2419/13/2293
f 2466/13/2378 2465/13/2294 2504/13/2422
f 2468/13/2296 2467/13/2295 2506/13/6451
f 2470/13/2336 2548/13/2335 2263/13/2334
f 2264/13/2134 2508/13/2200 2509/13/2506
f 2265/13/2298 2375/13/2510 2424/13/2297
f 2513/13/2342 2212/13/1986 2473/13/2428
f 2514/13/2382 2333/13/2203 2513/13/2342
f 2431/13/2301 2378/13/2249 2516/13/2442 2519/13/2441
f 2336/13/2092 2556/13/2434 2334/13/2247
f 2379/13/2252 2428/13/2250 2607/13/2435
f 2377/13/2248 2555/13/2344 2516/13/2442
f 2428/13/2250 2342/13/2204 2517/13/2384
f 2516/13/2442 2378/13/2249 2377/13/2248
f 2380/13/2253 2268/13/2142 2478/13/2347
f 2520/13/2443 2432/13/2302 2273/13/2096 2521/13/2389
f 2432/13/2302 2520/13/2443 2480/13/2350
f 2433/13/2257 2611/13/2569 2271/13/2385
f 2496/13/2366 2630/13/2404 2446/13/2277 2444/13/2367
f 2346/13/2391 2431/13/2301 2522/13/2390
f 2523/13/2392 2389/13/2261 2349/13/2212
f 2392/13/2358 2575/13/2451 2488/13/2307
f 2350/13/2396 2527/13/2363 2526/13/2397
f 2394/13/2269 2352/13/2214 2525/13/2359
f 2396/13/2271 2530/13/2400 2437/13/2310
f 2499/13/2287 2416/13/2233 2503/13/2420 2542/13/2419
f 2304/13/2174 2449/13/2460 2443/13/2401
f 2584/13/2407 2452/13/2322 2408/13/2405
f 2411/13/2283 2586/13/2544 2680/13/2279
f 2451/13/2320 2410/13/2280 2453/13/2284
f 2533/13/2599 2362/13/2282 2413/13/6447
f 2456/13/2286 2535/13/2499 2413/13/6447
f 2456/13/2286 2538/13/2464 2535/13/2499
f 2589/13/2412 2457/13/2411 2534/13/2461
f 2456/13/2286 2541/13/2374 2538/13/2464
f 2540/13/2466 2414/13/2230 2537/13/2498
f 2455/13/2324 2499/13/2287 2596/13/2413
f 2540/13/2466 2458/13/2325 2414/13/2230
f 2500/13/2375 2545/13/2415 2502/13/2376
f 2504/13/2422 2461/13/2326 2458/13/2325 2543/13/2423
f 2483/13/2356 2570/13/2527 2567/13/2524 2521/13/2389
f 2501/13/2417 2460/13/2377 2546/13/2424
f 2502/13/2376 2545/13/2415 2503/13/2420
f 2505/13/2379 2504/13/2422 2546/13/2424
f 2505/13/2379 2546/13/2424 2460/13/2377
f 2464/13/2329 2502/13/2376 2503/13/2420
f 2326/13/6445 2641/13/2639 2507/13/2557
f 2158/13/2131 2507/13/2557 2422/13/2199
f 2262/13/2132 2422/13/2199 2549/13/2332
f 2327/13/2474 2261/13/6437 2548/13/2335
f 2423/13/2243 2208/13/1944 2605/13/2338
f 2266/13/2341 2776/13/2427 2375/13/2510
f 2552/13/2562 2551/13/2429 2213/13/2046
f 2479/13/2383 2560/13/2386 2517/13/2384
f 2521/13/2389 2564/13/2573 2520/13/2443
f 2519/13/2441 2565/13/2521 2431/13/2301
f 2522/13/2390 2431/13/2301 2565/13/2521
f 2521/13/2389 2567/13/2524 2564/13/2573
f 2589/13/2412 2590/13/2502 2593/13/2465 2539/13/2410
f 2484/13/2259 2522/13/2390 2569/13/2447
f 2568/13/2446 2485/13/2306 2385/13/2210
f 2483/13/2356 2572/13/2357 2570/13/2527
f 2616/13/2448 2487/13/2529 2388/13/2260
f 2573/13/2449 2489/13/2395 2434/13/2304
f 2390/13/2264 2576/13/6452 2523/13/2392
f 2526/13/2397 2575/13/2451 2392/13/2358
f 2576/13/6452 2390/13/2264 2492/13/2360
f 2527/13/2363 2626/13/2454 2526/13/2397
f 2496/13/2366 2528/13/2398 2578/13/2492
f 2449/13/2460 2493/13/2362 2443/13/2401
f 2676/13/2368 2722/13/2587 2402/13/2274
f 2448/13/2406 2445/13/2314 2581/13/2457
f 2406/13/2317 2630/13/2404 2450/13/2318
f 2531/13/2369 2583/13/2370 2582/13/2494
f 2585/13/2543 2632/13/2539 2583/13/2370
f 2411/13/2283 2588/13/6453 2586/13/2544
f 2588/13/6453 2411/13/2283 2362/13/2282
f 2362/13/2282 2533/13/2599 2588/13/6453
f 2413/13/6454 2535/13/2499 2533/13/2599
f 2540/13/2466 2537/13/2498 2591/13/2550 2594/13/2467
f 2641/13/2639 2326/13/6445 2469/13/2426 2692/13/2425
f 2538/13/2464 2595/13/2463 2592/13/2500
f 2597/13/2418 2595/13/2463 2498/13/2373
f 2543/13/2423 2458/13/2325 2540/13/2466
f 2597/13/2418 2501/13/2417 2546/13/2424
f 2506/13/2551 2467/13/2238 2600/13/2469
f 2420/13/2331 2468/13/2296 2601/13/2554
f 2323/13/2195 2602/13/2196 2638/13/2504
f 2155/13/2042 2260/13/2129 2692/13/2425
f 2772/13/2473 2693/13/2471 2421/13/2239 2373/13/2130
f 2618/13/6455 2617/13/2620 2389/13/2261 2523/13/2392
f 2547/13/2472 2327/13/2474 2642/13/2556
f 2603/13/2476 2508/13/2200 2328/13/2240
f 2604/13/2507 2470/13/2336 2331/13/2201
f 2736/13/2696 2776/13/2427 2471/13/2340
f 2645/13/2605 2471/13/2340 2425/13/2244
f 2551/13/2429 2645/13/2605 2425/13/2244
f 2553/13/2430 2606/13/2645 2474/13/2431
f 2555/13/2344 2475/13/2246 2648/13/2563
f 2516/13/2442 2555/13/2344 2696/13/2564
f 2561/13/2353 2558/13/2349 2650/13/2512
f 2559/13/2437 2562/13/2439 2742/13/2705
f 2271/13/2385 2611/13/2569 2653/13/2438
f 2520/13/2443 2564/13/2573 2562/13/2439
f 2433/13/2257 2612/13/2445 2611/13/2569
f 2482/13/2355 2661/13/2480 2612/13/2445
f 2570/13/2527 2614/13/2522 2567/13/2524
f 2617/13/2620 2615/13/2481 2389/13/2261
f 2619/13/2528 2621/13/2484 2524/13/2394 2490/13/2393
f 2619/13/2528 2490/13/2393 2487/13/2529
f 2523/13/2392 2576/13/6452 2618/13/6455
f 2682/13/2596 2634/13/2462 2532/13/2408 2587/13/2372
f 2525/13/2359 2489/13/2395 2622/13/2483
f 2491/13/2361 2524/13/2394 2621/13/2484
f 2623/13/2533 2576/13/6452 2492/13/2360
f 2622/13/2483 2624/13/2453 2525/13/2359
f 2436/13/2309 2491/13/2361 2625/13/2535
f 2717/13/2486 2668/13/2532 2492/13/2360
f 2438/13/2308 2436/13/2309 2625/13/2535
f 2673/13/2490 2626/13/2454 2529/13/2399
f 2577/13/2456 2439/13/2311 2670/13/2455
f 2627/13/2487 2578/13/2492 2528/13/2398
f 2580/13/2403 2495/13/2315 2577/13/2456
f 2493/13/2362 2628/13/2491 2673/13/2490
f 2402/13/2274 2722/13/2587 2579/13/2402
f 2677/13/2493 2628/13/2491 2449/13/2460
f 2633/13/2538 2450/13/2318 2630/13/2404
f 2583/13/2370 2632/13/2539 2582/13/2494
f 2587/13/2372 2450/13/2318 2633/13/2538
f 2635/13/2497 2637/13/2549 2591/13/2550 2537/13/2498
f 2451/13/2320 2453/13/2284 2683/13/2547
f 2681/13/2546 2497/13/2323 2452/13/2322
f 2635/13/2497 2454/13/2285 2497/13/2323
f 2646/13/2757 2648/13/2563 2475/13/2246 2426/13/2300
f 2594/13/2467 2591/13/2550 2592/13/2500
f 2598/13/2416 2593/13/2465 2596/13/2413
f 2597/13/2418 2599/13/2468 2595/13/2463
f 2599/13/2468 2543/13/2423 2594/13/2467
f 2545/13/2415 2598/13/2416 2544/13/2421
f 2639/13/2553 2260/13/2129 2420/13/2331
f 2602/13/2196 2690/13/2470 2689/13/2555
f 2642/13/2556 2327/13/2474 2694/13/2475
f 2422/13/2199 2731/13/2558 2549/13/2332
f 2509/13/2506 2508/13/2200 2603/13/2476
f 2512/13/2381 2511/13/2299 2695/13/2560
f 2645/13/2605 2736/13/2696 2471/13/2340
f 2514/13/2382 2646/13/2757 2426/13/2300
f 2427/13/2432 2647/13/2607 2553/13/2430
f 2334/13/2247 2554/13/2433 2647/13/2607 2427/13/2432
f 2616/13/2448 2709/13/2577 2665/13/2530 2487/13/2529
f 2607/13/2435 2517/13/2384 2649/13/2647
f 2379/13/2252 2607/13/2435 2833/13/2760
f 2834/13/2565 2608/13/2254 2380/13/2253
f 2608/13/2254 2834/13/2565 2557/13/2436
f 2696/13/2564 2781/13/2514 2516/13/2442
f 2517/13/2384 2560/13/2386 2649/13/2647
f 2518/13/2345 2379/13/2252 2836/13/2759
f 2650/13/2512 2654/13/2612 2561/13/2353
f 2566/13/2387 2613/13/2444 2657/13/2519
f 2656/13/2574 2564/13/2573 2567/13/2524
f 2612/13/2445 2661/13/2480 2706/13/2575
f 2567/13/2524 2660/13/2523 2656/13/2574
f 2569/13/2447 2522/13/2390 2658/13/2520
f 2616/13/2448 2568/13/2446 2659/13/2518
f 2662/13/2525 2663/13/2662 2569/13/2447
f 2565/13/2521 2519/13/2441 2788/13/2616 2705/13/2654
f 2576/13/6452 2711/13/6456 2618/13/6455
f 2619/13/2528 2666/13/2581 2621/13/2484
f 2576/13/6452 2623/13/2533 2711/13/6456
f 2666/13/2581 2667/13/2485 2621/13/2484
f 2575/13/2451 2714/13/2531 2620/13/2482
f 2717/13/2486 2437/13/2310 2671/13/2488
f 2670/13/2455 2672/13/2629 2577/13/2456
f 2580/13/2403 2577/13/2456 2672/13/2629
f 2578/13/2492 2627/13/2487 2718/13/2536
f 2629/13/2458 2580/13/2403 2723/13/2628
f 2675/13/2537 2630/13/2404 2578/13/2492
f 2452/13/2322 2584/13/2407 2681/13/2546
f 2588/13/6453 2684/13/2595 2586/13/2544
f 2453/13/2284 2685/13/2409 2683/13/2547
f 2684/13/2595 2588/13/6453 2533/13/2599
f 2636/13/2503 2590/13/2502 2686/13/2686
f 2636/13/2496 2729/13/2634 2685/13/2409
f 2468/13/2296 2506/13/6451 2688/13/2601
f 2640/13/2602 2692/13/2425 2260/13/2129
f 2374/13/2241 2643/13/2478 2604/13/2507
f 2514/13/2382 2513/13/2342 2829/13/2643
f 2779/13/2755 2474/13/2431 2606/13/2645
f 2476/13/2351 2740/13/2513 2515/13/6450
f 2698/13/2567 2650/13/2512 2557/13/2436
f 2700/13/2570 2560/13/2386 2653/13/2438
f 2654/13/2612 2650/13/2512 2699/13/2568
f 2742/13/2705 2562/13/2439 2701/13/2711
f 2655/13/2517 2561/13/2353 2654/13/2612
f 2788/13/2616 2519/13/2441 2610/13/2479
f 2703/13/2576 2613/13/2444 2655/13/2517
f 2833/13/2760 2607/13/2435 2649/13/2647 2832/13/2649
f 2658/13/2520 2565/13/2521 2705/13/2654
f 2657/13/2519 2747/13/2619 2659/13/2518
f 2706/13/2575 2661/13/2480 2746/13/2617
f 2661/13/2480 2707/13/6457 2746/13/2617
f 2707/13/6457 2661/13/2480 2615/13/2481
f 2615/13/2481 2708/13/2622 2707/13/6457
f 2614/13/2522 2570/13/2527 2752/13/2578
f 2615/13/2481 2617/13/2620 2708/13/2622
f 2710/13/2579 2569/13/2447 2663/13/2662
f 2573/13/2449 2710/13/2579 2756/13/6458
f 2664/13/2526 2620/13/2482 2758/13/2626
f 2756/13/6458 2574/13/2450 2573/13/2449
f 2618/13/6455 2711/13/6456 2617/13/2620
f 2665/13/2530 2666/13/2581 2619/13/2528
f 2756/13/6458 2713/13/2580 2574/13/2450
f 2712/13/2583 2711/13/6456 2623/13/2533
f 2620/13/2482 2714/13/2531 2758/13/2626
f 2713/13/2580 2716/13/2585 2622/13/2483
f 2669/13/2534 2626/13/2454 2762/13/2676
f 2626/13/2454 2721/13/2586 2762/13/2676
f 2718/13/2536 2627/13/2487 2624/13/2453
f 2672/13/2629 2670/13/2455 2720/13/2630
f 2719/13/2627 2671/13/2488 2674/13/2489
f 2580/13/2403 2672/13/2629 2723/13/2628
f 2673/13/2490 2628/13/2491 2721/13/2586
f 2628/13/2491 2677/13/2493 2724/13/2588
f 2679/13/2542 2631/13/2495 2766/13/2591
f 2585/13/2543 2683/13/2547 2727/13/2592
f 2682/13/2596 2587/13/2372 2877/13/2593
f 2730/13/2600 2533/13/2599 2535/13/2499
f 2880/13/2685 2636/13/2503 2686/13/2686
f 2729/13/2634 2636/13/2496 2880/13/2685
f 2689/13/2555 2690/13/2470 2771/13/2637
f 2825/13/2690 2507/13/2557 2641/13/2639
f 2507/13/2557 2825/13/2690 2731/13/2558
f 2774/13/2640 2603/13/2476 2549/13/2332
f 2548/13/2335 2470/13/2336 2773/13/2693
f 2931/13/2819 2470/13/2336 2604/13/2507
f 2734/13/2508 2643/13/2478 2550/13/2339
f 2733/13/2559 2644/13/2511 2510/13/2242
f 2424/13/2297 2968/13/2603 2734/13/2508
f 2737/13/2561 2551/13/2429 2552/13/2562
f 2474/13/2431 2779/13/2755 2737/13/2561
f 2646/13/2757 2514/13/2382 2778/13/2644
f 2648/13/2563 2646/13/2757 2939/13/2756
f 2739/13/2609 2554/13/2433 2556/13/2434
f 2739/13/2609 2556/13/2434 2515/13/6450
f 2515/13/6450 2740/13/2513 2739/13/2609
f 2804/13/2727 2617/13/2620 2711/13/6456 2712/13/2583
f 2836/13/2759 2379/13/2252 2833/13/2760
f 2741/13/2702 2560/13/2386 2700/13/2570
f 2654/13/2612 2699/13/2568 2782/13/2651
f 2743/13/2650 2610/13/2479 2652/13/2515
f 2701/13/2711 2562/13/2439 2785/13/2614
f 2747/13/2619 2657/13/2519 2703/13/2576
f 2748/13/2655 2751/13/2663 2658/13/2520
f 2660/13/2523 2752/13/2578 2750/13/2656
f 2662/13/2525 2658/13/2520 2751/13/2663
f 2751/13/2663 2663/13/2662 2662/13/2525
f 2804/13/2727 2802/13/2621 2617/13/2620
f 2755/13/2625 2757/13/2582 2666/13/2581 2665/13/2530
f 2707/13/6457 2708/13/2622 2795/13/2668 2793/13/2719
f 2863/13/2735 2761/13/2680 2716/13/2585
f 2625/13/2535 2720/13/2630 2670/13/2455
f 2716/13/2585 2763/13/2633 2718/13/2536
f 2674/13/2489 2722/13/2587 2719/13/2627
f 2675/13/2537 2718/13/2536 2763/13/2633
f 2764/13/2589 2629/13/2458 2723/13/2628
f 2767/13/2590 2813/13/2631 2676/13/2368
f 2765/13/2632 2633/13/2538 2675/13/2537
f 2724/13/2588 2725/13/2541 2768/13/2682
f 2818/13/2744 2683/13/2547 2728/13/2597
f 2770/13/2636 2640/13/2602 2639/13/2553
f 2826/13/6459 2731/13/2558 2825/13/2690
f 2883/13/2641 2549/13/2332 2731/13/2558
f 2694/13/2475 2548/13/2335 2773/13/2693
f 2773/13/2693 2470/13/2336 2931/13/2819
f 2775/13/2820 2931/13/2819 2604/13/2507
f 2998/13/2751 2511/13/2299 2644/13/2511
f 2998/13/2751 2695/13/2560 2511/13/2299
f 2937/13/2642 2473/13/2428 2695/13/2560
f 2478/13/2347 2949/13/2709 2651/13/2516
f 2740/13/2513 2559/13/2437 2742/13/2705
f 2700/13/2570 2783/13/2652 2741/13/2702
f 2477/13/2346 2518/13/2345 2898/13/2769
f 2478/13/2347 2477/13/2346 2842/13/2710
f 2743/13/2650 2845/13/2615 2610/13/2479
f 2786/13/2716 2703/13/2576 2745/13/2611
f 2702/13/2571 2746/13/2617 2787/13/2653
f 2786/13/2716 2747/13/2619 2703/13/2576
f 2746/13/2617 2789/13/2718 2787/13/2653
f 2786/13/2716 2790/13/2658 2747/13/2619
f 2660/13/2523 2750/13/2656 2656/13/2574
f 2746/13/2617 2707/13/6457 2789/13/2718
f 2791/13/2659 2749/13/2618 2747/13/2619
f 2850/13/6460 2751/13/2663 2748/13/2655
f 2789/13/2718 2707/13/6457 2793/13/2719
f 2754/13/2624 2857/13/2726 2799/13/2666 2752/13/2578
f 2852/13/2776 2854/13/2665 2751/13/2663
f 2851/13/2661 2797/13/2671 2709/13/2577
f 2798/13/2777 2797/13/2671 2851/13/2661
f 2752/13/2578 2799/13/2666 2792/13/2660
f 2708/13/2622 2800/13/2669 2795/13/2668
f 2796/13/2664 2803/13/2722 2663/13/2662
f 2663/13/2662 2803/13/2722 2710/13/2579
f 2756/13/6458 2710/13/2579 2803/13/2722 2805/13/2779
f 2713/13/2580 2759/13/2781 2863/13/2735 2716/13/2585
f 2805/13/2779 2713/13/2580 2756/13/6458
f 2712/13/2583 2806/13/2674 2804/13/2727
f 2758/13/2626 2714/13/2531 2907/13/2673
f 2759/13/2781 2713/13/2580 2805/13/2779
f 2760/13/2672 2714/13/2531 2866/13/2678
f 2715/13/2584 2807/13/2675 2809/13/6461 2625/13/2535
f 2668/13/2532 2808/13/2731 2806/13/2674
f 2714/13/2531 2669/13/2534 2866/13/2678
f 2810/13/2679 2808/13/2731 2668/13/2532 2717/13/2486
f 2798/13/2777 2799/13/2666 2857/13/2726 2856/13/2778
f 2669/13/2534 2762/13/2676 2866/13/2678
f 2809/13/6461 2720/13/2630 2625/13/2535
f 2813/13/2631 2719/13/2627 2722/13/2587
f 2720/13/2630 2764/13/2589 2723/13/2628
f 2814/13/2738 2721/13/2586 2724/13/2588
f 2921/13/2743 2814/13/2738 2724/13/2588
f 2816/13/2683 2679/13/2542 2766/13/2591
f 2876/13/2800 2726/13/2545 2765/13/2632
f 2678/13/2540 2727/13/2592 2815/13/2681
f 2816/13/2683 2681/13/2546 2679/13/2542
f 2683/13/2547 2818/13/2744 2727/13/2592
f 2684/13/2595 2730/13/2600 2817/13/2594
f 2728/13/2597 2880/13/2685 2818/13/2744
f 2686/13/2548 2682/13/2596 2820/13/2684
f 2769/13/2635 2687/13/2501 2637/13/2549
f 2687/13/2501 2769/13/2635 2821/13/2807
f 2687/13/2501 2821/13/2807 2730/13/2600
f 2881/13/2813 2770/13/2636 2601/13/2554
f 2692/13/2425 2640/13/2602 2824/13/2638
f 2772/13/2473 2642/13/2556 2994/13/2876
f 2827/13/2899 2731/13/2558 2826/13/6459
f 2828/13/2691 2642/13/2556 2694/13/2475
f 2509/13/2506 2603/13/2476 2932/13/2749
f 2732/13/2477 2509/13/2506 2967/13/2748
f 2643/13/2478 2734/13/2508 2934/13/2889
f 2644/13/2511 2733/13/2559 2935/13/6462
f 2375/13/2510 2981/13/2694 2735/13/2509
f 2838/13/2707 2781/13/2514 2831/13/2701
f 2838/13/2707 2743/13/2650 2781/13/2514
f 2839/13/2765 2741/13/2702 2841/13/2708
f 2783/13/2652 2899/13/2714 2841/13/2708
f 2743/13/2650 2784/13/2706 2845/13/2615
f 2844/13/2713 2848/13/2774 2786/13/2716
f 2744/13/2610 2787/13/2653 2846/13/2715
f 2787/13/2653 2789/13/2718 2846/13/2715
f 2849/13/2657 2704/13/2572 2656/13/2574
f 2904/13/6463 2850/13/6460 2788/13/2616
f 2850/13/6460 2748/13/2655 2788/13/2616
f 2851/13/2661 2905/13/2775 2853/13/2721
f 2792/13/2660 2849/13/2657 2750/13/2656
f 2851/13/2661 2749/13/2618 2791/13/2659
f 2852/13/2776 2751/13/2663 2850/13/6460
f 2854/13/2665 2852/13/2776 2793/13/2719
f 2794/13/2667 2798/13/2777 2851/13/2661
f 2801/13/2670 2854/13/2665 2795/13/2668
f 2799/13/2666 2798/13/2777 2794/13/2667
f 2796/13/2664 2854/13/2665 2801/13/2670
f 2860/13/2729 2800/13/2669 2802/13/2621 2804/13/2727
f 2753/13/2623 2859/13/2725 2861/13/2730 2755/13/2625
f 2809/13/6461 2869/13/2790 2870/13/2740 2720/13/2630
f 2758/13/2626 2907/13/2673 2857/13/2726
f 2865/13/2783 2809/13/6461 2807/13/2675
f 2808/13/2731 2810/13/2679 2864/13/2733
f 2809/13/6461 2865/13/2783 2869/13/2790
f 2822/13/2811 2881/13/2813 2601/13/2554 2688/13/2601
f 2761/13/2680 2812/13/2792 2763/13/2633
f 2871/13/2737 2916/13/2736 2719/13/2627
f 2721/13/2586 2872/13/2739 2811/13/2677
f 2812/13/2792 2873/13/2741 2763/13/2633
f 2874/13/2742 2871/13/2737 2813/13/2631
f 2875/13/2796 2766/13/2591 2764/13/2589
f 2877/13/2593 2726/13/2545 2876/13/2800
f 2816/13/2683 2923/13/2803 2819/13/2598
f 2946/13/2767 2944/13/2829 2891/13/2762 2895/13/2712
f 2638/13/2504 2823/13/2809 2822/13/2688
f 2824/13/2638 2640/13/2602 2963/13/2817
f 2770/13/2636 2963/13/2817 2640/13/2602
f 2882/13/2746 2690/13/2470 2691/13/2505
f 2825/13/2690 3029/13/2951 2826/13/6459
f 2827/13/2899 2883/13/2641 2731/13/2558
f 2932/13/2749 2603/13/2476 2774/13/2640
f 2884/13/2697 2999/13/2695 2736/13/2696
f 2829/13/2643 2513/13/2342 3013/13/2753
f 2830/13/2646 2648/13/2563 2941/13/2856
f 2887/13/2758 2740/13/2513 2888/13/2700
f 2837/13/2703 2698/13/2567 2835/13/2698
f 2780/13/2648 2741/13/2702 2839/13/2765
f 2945/13/6464 2892/13/6465 2838/13/2707
f 2896/13/6466 2892/13/6465 2945/13/6464 2893/13/2764
f 2819/13/2598 2923/13/2803 2959/13/2851 2925/13/6467
f 2836/13/2759 2948/13/2768 2518/13/2345
f 2892/13/6465 2784/13/2706 2838/13/2707
f 2896/13/6466 2893/13/2764 2841/13/2708
f 2894/13/2766 2782/13/2651 2840/13/2704
f 2899/13/2714 2896/13/6466 2841/13/2708
f 2900/13/2771 2844/13/2713 2894/13/2766
f 2897/13/2717 2900/13/2771 2894/13/2766
f 2784/13/2706 2892/13/6465 2896/13/6466
f 2899/13/2714 2903/13/2773 2896/13/6466
f 2847/13/2613 2902/13/2772 2897/13/2717
f 2901/13/2770 2848/13/2774 2844/13/2713
f 2896/13/6466 2904/13/6463 2784/13/2706
f 2899/13/2714 2846/13/2715 2903/13/2773
f 2784/13/2706 2904/13/6463 2845/13/2615
f 2790/13/2658 2786/13/2716 2848/13/2774
f 2847/13/2613 2849/13/2657 2902/13/2772
f 2904/13/6463 2788/13/2616 2845/13/2615
f 2905/13/2775 2791/13/2659 2848/13/2774
f 2903/13/2773 2850/13/6460 2904/13/6463
f 2849/13/2657 2905/13/2775 2901/13/2770
f 2905/13/2775 2851/13/2661 2791/13/2659
f 2852/13/2776 2850/13/6460 2906/13/2720
f 2792/13/2660 2853/13/2721 2905/13/2775
f 2856/13/2778 2859/13/2725 2798/13/2777
f 2805/13/2779 2803/13/2722 2855/13/2723
f 2907/13/2673 2909/13/2782 2856/13/2778
f 2862/13/2728 2910/13/2784 2858/13/2724
f 2859/13/2725 2909/13/2782 2861/13/2730
f 2865/13/2783 2807/13/2675 2861/13/2730
f 2864/13/2733 2908/13/2780 2910/13/2784
f 2864/13/2733 2910/13/2784 2808/13/2731
f 2760/13/2672 2911/13/2787 2909/13/2782
f 2760/13/2672 2866/13/2678 2911/13/2787
f 2912/13/2786 2868/13/2734 2863/13/2735
f 2913/13/2788 2911/13/2787 2811/13/2677
f 2913/13/2788 2869/13/2790 2865/13/2783
f 2912/13/2786 2915/13/2791 2868/13/2734
f 2915/13/2791 2912/13/2786 2867/13/2732
f 2868/13/2734 2812/13/2792 2761/13/2680
f 2914/13/2789 2913/13/2788 2872/13/2739
f 2811/13/2677 2872/13/2739 2913/13/2788
f 2922/13/2802 2766/13/2591 2875/13/2796
f 2874/13/2742 2767/13/2590 2957/13/2798
f 2920/13/2797 2876/13/2800 2765/13/2632
f 2922/13/2802 2816/13/2683 2766/13/2591
f 2727/13/2592 2960/13/2835 2815/13/2681
f 2727/13/2592 2878/13/2745 2960/13/2835
f 2943/13/2827 2891/13/2762 2944/13/2829 2985/13/2871
f 2730/13/2600 2961/13/2808 2817/13/2594
f 2925/13/6467 2769/13/2635 2819/13/2598
f 2880/13/2685 2820/13/2687 2926/13/2806
f 2769/13/2635 2925/13/6467 2821/13/2807
f 2928/13/2814 2770/13/2636 2881/13/2813
f 2994/13/2876 2642/13/2556 2995/13/2692
f 3008/13/2956 2774/13/2640 2883/13/2641
f 2934/13/2889 3009/13/2750 2643/13/2478
f 2935/13/6462 2936/13/2752 2644/13/2511
f 2551/13/2429 2886/13/2754 2885/13/2604
f 2779/13/2755 3023/13/2824 2886/13/2754
f 2940/13/2868 2647/13/2607 2738/13/2608
f 2648/13/2563 2939/13/2756 2941/13/2856
f 2831/13/2701 2830/13/2646 2942/13/2858
f 2972/13/2842 2838/13/2707 2971/13/2826
f 2843/13/2699 2943/13/2827 2888/13/2700
f 2838/13/2707 2972/13/2842 2945/13/6464
f 2780/13/2648 2839/13/2765 2889/13/6468
f 2833/13/2760 2832/13/2649 2974/13/2844
f 2988/13/2828 2840/13/2704 2835/13/2698
f 2893/13/2764 2945/13/6464 2839/13/2765
f 2890/13/2761 2833/13/2760 2974/13/2844
f 2946/13/2767 2840/13/2704 2988/13/2828
f 2834/13/2565 2651/13/2516 2947/13/2967
f 2948/13/2768 2836/13/2759 3117/13/2763
f 2904/13/6463 2896/13/6466 2903/13/2773
f 2901/13/2770 2905/13/2775 2848/13/2774
f 2850/13/6460 2903/13/2773 2906/13/2720
f 2858/13/2724 2908/13/2780 2855/13/2723
f 2914/13/2789 2917/13/2793 2869/13/2790
f 2950/13/2832 2812/13/2792 2915/13/2791
f 2951/13/2830 2952/13/2831 2914/13/2789
f 2950/13/2832 2873/13/2741 2812/13/2792
f 2918/13/2794 2921/13/2743 2955/13/2848
f 2921/13/2743 2958/13/2801 2955/13/2848
f 2959/13/2851 2923/13/2803 2922/13/2802
f 2879/13/2805 2877/13/2593 2956/13/2799
f 2958/13/2801 2817/13/2594 2961/13/2808
f 2924/13/2804 2960/13/2835 2878/13/2745
f 2961/13/2808 2925/13/6467 2959/13/2851
f 2961/13/2808 2821/13/2807 2925/13/6467
f 2824/13/2638 2963/13/2817 2964/13/2910
f 2824/13/2638 2964/13/2910 2965/13/2912
f 2824/13/2638 2965/13/2912 2825/13/2690
f 3008/13/2956 2966/13/2837 2774/13/2640
f 2734/13/2508 2968/13/2603 2934/13/2889
f 2606/13/2645 2970/13/2841 2779/13/2755
f 2647/13/2607 2940/13/2868 2970/13/2841
f 2941/13/2856 2939/13/2756 2969/13/2840
f 2942/13/2858 2971/13/2826 2831/13/2701
f 2989/13/6469 2973/13/2845 2780/13/2648 2889/13/6468
f 2945/13/6464 2972/13/2842 2889/13/6468
f 2927/13/2810 2980/13/6470 2979/13/2874 2962/13/2836
f 2832/13/2649 2780/13/2648 2973/13/2845
f 2835/13/2698 2991/13/2862 2988/13/2828
f 2839/13/2765 2945/13/6464 2889/13/6468
f 2834/13/2565 2990/13/2882 2697/13/2566
f 2953/13/2833 2950/13/2832 2915/13/2791
f 2951/13/2830 2954/13/2834 2952/13/2831
f 2976/13/2847 2915/13/2791 2919/13/2795
f 2977/13/2849 2953/13/2833 2976/13/2847
f 2960/13/2835 2976/13/2847 2957/13/2798
f 2977/13/2849 2976/13/2847 2960/13/2835
f 2978/13/2850 2922/13/2802 2954/13/2834
f 2958/13/2801 2978/13/2850 2955/13/2848
f 2978/13/2850 2959/13/2851 2922/13/2802
f 2879/13/2805 2956/13/2799 2977/13/2849
f 2924/13/2804 2977/13/2849 2960/13/2835
f 3015/13/2893 2984/13/2843 2971/13/2826 2942/13/2858
f 2980/13/6471 2927/13/2815 2929/13/2816
f 2882/13/2746 2691/13/2505 2930/13/2747
f 2733/13/2559 2933/13/2821 2935/13/6462
f 3036/13/2825 2779/13/2755 2970/13/2841
f 2941/13/2856 2969/13/2840 3024/13/2892
f 2942/13/2858 2983/13/2857 3015/13/2893
f 3003/13/2869 2888/13/2700 2943/13/2827
f 2944/13/2829 3004/13/2861 2985/13/2871
f 2987/13/2860 2889/13/6468 2972/13/2842
f 2975/13/2846 2697/13/2566 2990/13/2882
f 2651/13/2516 2949/13/2709 2947/13/2967
f 2928/13/2814 2979/13/2852 3006/13/2873
f 2980/13/6470 2992/13/2863 2979/13/2874
f 2992/13/2863 2980/13/6471 2929/13/2816
f 2963/13/2817 2928/13/2814 3006/13/2873
f 2993/13/2864 2929/13/2816 2882/13/2746
f 2827/13/2899 2826/13/6459 3029/13/2951
f 3009/13/2750 2934/13/2889 3047/13/2888
f 2968/13/2603 3019/13/2887 2934/13/2889
f 2935/13/6462 2997/13/2865 2936/13/2752
f 3034/13/2855 2937/13/2642 3000/13/2822
f 2885/13/2604 3012/13/2866 3022/13/2854
f 2829/13/2643 2938/13/2823 3001/13/2839
f 3024/13/2892 2983/13/2857 2941/13/2856
f 2738/13/2608 3003/13/2869 3002/13/2867
f 3011/13/2891 3010/13/2879 2981/13/2694 2999/13/2695
f 2943/13/2827 2985/13/2871 3003/13/2869
f 2887/13/2758 2888/13/2700 3003/13/2869
f 2986/13/2859 2972/13/2842 2984/13/2843
f 2988/13/2828 3005/13/2872 3004/13/2861
f 2987/13/2860 2989/13/6469 2889/13/6468
f 2964/13/2910 2963/13/2817 3007/13/2885
f 3037/13/2895 3050/13/6472 3014/13/2880 3002/13/2867
f 2999/13/2695 2884/13/2697 3011/13/2891
f 2940/13/2868 3014/13/2880 2970/13/2841
f 3016/13/2881 2984/13/2843 3039/13/2894
f 3005/13/2872 2991/13/2862 3017/13/2883
f 3025/13/2896 2974/13/2844 2973/13/2845
f 2991/13/2862 2975/13/2846 3017/13/2883
f 2990/13/2882 2834/13/2565 2947/13/2967
f 3006/13/2873 2992/13/2863 3044/13/2897
f 3044/13/2897 2992/13/2863 2993/13/2864
f 2825/13/2690 2965/13/2912 3028/13/2911
f 2994/13/2876 2995/13/2692 3141/13/2877
f 2883/13/2641 3018/13/2930 3008/13/2956
f 3020/13/2917 2935/13/6462 2933/13/2821
f 3010/13/2879 3019/13/2887 2968/13/2603
f 3020/13/2917 2997/13/2865 2935/13/6462
f 3001/13/2839 2938/13/2823 3035/13/2904
f 3003/13/2869 3037/13/2895 3002/13/2867
f 3025/13/2896 2989/13/6469 2987/13/2860
f 3025/13/2896 2973/13/2845 2989/13/6469
f 3017/13/2883 2990/13/2882 3026/13/2907
f 2890/13/2761 2974/13/2844 3025/13/2896
f 3053/13/2898 2882/13/2746 2930/13/2747
f 3029/13/2951 2825/13/2690 3028/13/2911
f 3141/13/2877 2828/13/2691 3082/13/2915
f 3032/13/2878 2967/13/2748 3031/13/2886
f 2886/13/2754 3023/13/2824 3012/13/2866
f 2970/13/2841 3014/13/2880 3036/13/2825
f 3037/13/2895 3040/13/2870 3041/13/2943
f 3042/13/6473 2986/13/2859 3016/13/2881
f 3040/13/2870 3005/13/2872 3043/13/2908
f 3042/13/6473 3025/13/2896 2986/13/2859
f 3005/13/2872 3017/13/2883 3043/13/2908
f 3045/13/2974 3044/13/2897 2993/13/2864
f 2828/13/2691 3030/13/2853 3110/13/2914
f 3054/13/2931 2966/13/2837 3008/13/2956
f 3098/13/2932 2775/13/2820 3046/13/2933
f 3009/13/2750 3046/13/2933 2775/13/2820
f 3033/13/2903 3020/13/2917 2933/13/2821
f 3011/13/2891 3048/13/2935 3010/13/2879
f 2982/13/2838 3034/13/2855 3086/13/2937
f 3074/13/2939 3022/13/2854 3012/13/2866
f 3012/13/2866 3023/13/2824 3063/13/2938
f 3035/13/2904 3013/13/2753 3062/13/6474
f 3038/13/2906 3049/13/2905 3076/13/2952 3051/13/6475
f 3051/13/6475 3039/13/2894 3038/13/2906
f 3041/13/2943 3040/13/2870 3067/13/2944
f 3016/13/2881 3039/13/2894 3051/13/6475
f 3051/13/6475 3042/13/6473 3016/13/2881
f 3040/13/2870 3043/13/2908 3067/13/2944
f 3025/13/2896 3042/13/6473 3094/13/2924
f 2898/13/2769 2948/13/2768 3068/13/2949
f 3078/13/2948 2949/13/2709 2842/13/2710
f 2993/13/2864 3053/13/2898 3045/13/2974
f 3029/13/2951 3081/13/2954 2827/13/2899
f 2996/13/2818 2775/13/2820 3098/13/2932
f 3047/13/2888 3019/13/2887 3057/13/2934
f 3059/13/2936 3086/13/2937 3034/13/2855
f 3022/13/2854 3074/13/2939 3060/13/2920
f 3062/13/6474 3013/13/2753 3061/13/2921
f 3062/13/6474 3089/13/2941 3035/13/2904
f 3023/13/2824 3064/13/2940 3063/13/2938
f 3035/13/2904 3089/13/2941 3001/13/2839
f 3066/13/2922 3014/13/2880 3050/13/6472
f 3075/13/2945 3050/13/6472 3037/13/2895 3041/13/2943
f 3091/13/2979 3093/13/2966 3076/13/2952 3065/13/2942
f 3094/13/2924 3042/13/6473 3051/13/6475
f 3067/13/2944 3043/13/2908 3052/13/2923
f 3079/13/2909 3027/13/2884 3097/13/2991
f 3027/13/2884 3070/13/2929 3097/13/2991
f 3070/13/2929 3044/13/2897 3045/13/2974
f 2827/13/2899 3081/13/2954 3083/13/2900
f 3073/13/2918 3020/13/2917 3033/13/2903
f 3066/13/2922 3050/13/6472 3075/13/2945
f 3077/13/2965 3051/13/6475 3076/13/2952
f 3094/13/2924 3051/13/6475 3077/13/2965
f 2990/13/2882 2947/13/2967 3052/13/2923
f 3028/13/2911 3119/13/2953 3072/13/2950
f 3110/13/2914 3030/13/2853 3131/13/3009
f 3074/13/2939 3063/13/2938 3088/13/2961
f 3061/13/2921 3103/13/2960 3062/13/6474
f 3063/13/2938 3090/13/2962 3088/13/2961
f 3091/13/2979 3065/13/2942 3089/13/2941
f 3064/13/2940 3066/13/2922 3090/13/2962
f 3092/13/2963 3090/13/2962 3066/13/2922
f 3092/13/2963 3066/13/2922 3075/13/2945
f 3112/13/2976 3114/13/2983 3058/13/2919 3073/13/2918
f 3068/13/2949 2948/13/2768 3095/13/2947
f 3079/13/2909 3119/13/2953 2964/13/2910
f 3053/13/2898 3071/13/2875 3080/13/2913
f 3048/13/2935 3102/13/2972 3101/13/2971
f 3104/13/2987 3062/13/6474 3103/13/2960
f 3104/13/2987 3089/13/2941 3062/13/6474
f 3092/13/2963 3105/13/6476 3090/13/2962
f 3106/13/2989 3093/13/2966 3091/13/2979
f 3067/13/2944 3052/13/2923 3108/13/3002
f 3100/13/2970 3032/13/2878 3031/13/2886
f 3210/13/3061 3250/13/3137 3249/13/3111 3209/13/3070
f 3088/13/2961 3146/13/3014 3087/13/2959
f 3090/13/2962 3146/13/3014 3088/13/2961
f 3156/13/2980 3089/13/2941 3104/13/2987
f 3094/13/2924 3077/13/2965 3129/13/3001
f 3148/13/3024 3122/13/2946 3094/13/2924
f 3095/13/2947 3117/13/2763 3122/13/2946
f 3097/13/2991 3070/13/2929 3125/13/2993
f 3118/13/2995 3045/13/2974 3109/13/2975
f 3054/13/2931 3008/13/2956 3132/13/2955
f 3055/13/2901 3134/13/3011 3031/13/2886
f 3084/13/2957 3164/13/2997 3099/13/2969
f 3113/13/2977 3144/13/2998 3084/13/2957
f 3102/13/2972 3120/13/2986 3101/13/2971
f 3115/13/2978 3058/13/2919 3167/13/2984
f 3145/13/2973 3115/13/2978 3121/13/3042
f 3103/13/2960 3175/13/2988 3104/13/2987
f 3109/13/2975 3053/13/2898 3080/13/2913
f 3126/13/2996 3018/13/2930 3083/13/2900
f 3175/13/2988 3103/13/2960 3128/13/3000
f 3146/13/3014 3090/13/2962 3147/13/3044
f 3105/13/6476 3147/13/3044 3090/13/2962
f 3149/13/3047 2947/13/2967 3130/13/2981
f 3131/13/3009 3030/13/2853 3150/13/3027
f 3030/13/2853 3111/13/2916 3150/13/3027
f 3135/13/3006 3112/13/2976 3085/13/2958
f 3148/13/3024 3094/13/2924 3129/13/3001
f 3137/13/3068 3052/13/2923 2947/13/2967
f 3069/13/2928 3068/13/2949 3179/13/3018
f 3123/13/2992 3097/13/2991 3124/13/2994
f 3125/13/2993 3070/13/2929 3118/13/2995
f 3119/13/2953 3079/13/2909 3138/13/3007
f 3109/13/2975 3080/13/2913 3140/13/3003
f 3126/13/2996 3081/13/2954 3072/13/2950
f 3018/13/2930 3126/13/2996 3132/13/2955
f 3111/13/2916 3098/13/2932 3152/13/3021
f 3055/13/2901 3142/13/3010 3134/13/3011
f 3098/13/2932 3046/13/2933 3152/13/3021
f 3143/13/3012 3152/13/3021 3046/13/2933
f 3154/13/3030 3114/13/2983 3112/13/2976
f 3052/13/2923 3137/13/3068 3136/13/3017
f 3069/13/2928 3190/13/3019 3078/13/2948
f 3142/13/3010 3054/13/2931 3133/13/3004
f 3162/13/3026 3111/13/2916 3151/13/3022
f 3156/13/2980 3184/13/3067 3106/13/2989
f 3105/13/6476 3092/13/2963 3185/13/3016
f 3185/13/3016 3107/13/2964 3158/13/3033
f 2947/13/2967 3149/13/3047 3137/13/3068
f 3140/13/3003 3141/13/2877 3161/13/3025
f 3134/13/3011 3163/13/3063 3100/13/2970
f 3172/13/3064 3153/13/3005 3100/13/2970
f 3166/13/3056 3144/13/2998 3113/13/2977
f 3127/13/2999 3166/13/3056 3113/13/2977
f 3174/13/3031 3167/13/2984 3114/13/2983
f 3106/13/2989 3184/13/3067 3157/13/3015
f 3185/13/3016 3168/13/3116 3105/13/6476
f 3169/13/3032 3093/13/2966 3157/13/3015
f 3095/13/2947 3122/13/2946 3189/13/3051
f 3213/13/3045 3149/13/3047 3130/13/2981
f 3123/13/2992 3124/13/2994 3191/13/3037
f 3170/13/3038 3125/13/2993 3118/13/2995
f 3172/13/3064 3100/13/2970 3163/13/3063
f 3189/13/3051 3202/13/3076 3095/13/2947
f 3095/13/2947 3202/13/3076 3159/13/2990
f 3138/13/3007 3123/13/2992 3191/13/3037
f 3170/13/3038 3118/13/2995 3171/13/3035
f 3171/13/3035 3109/13/2975 3140/13/3003
f 3153/13/3005 3172/13/3064 3135/13/3006
f 3129/13/3001 3169/13/3032 3186/13/3023
f 3149/13/3047 3188/13/3046 3137/13/3068
f 3161/13/3025 3180/13/2982 3204/13/3071
f 3150/13/3027 3162/13/3026 3215/13/3039
f 3163/13/3063 3240/13/3106 3172/13/3064
f 3173/13/3028 3182/13/3054 3143/13/3012
f 3144/13/2998 3219/13/3057 3164/13/2997
f 3165/13/3029 3135/13/3006 3195/13/3065
f 3196/13/3036 3101/13/2971 3120/13/2986
f 3116/13/2985 3257/13/3115 3120/13/2986
f 3105/13/6476 3197/13/3043 3147/13/3044
f 3157/13/3015 3176/13/3066 3169/13/3032
f 3108/13/3002 3136/13/3017 3187/13/3050
f 3140/13/3003 3161/13/3025 3210/13/3061
f 3160/13/3020 3203/13/3075 3126/13/2996
f 3126/13/2996 3205/13/3084 3132/13/2955
f 3240/13/3106 3194/13/6477 3172/13/3064
f 3164/13/2997 3219/13/3057 3212/13/3055
f 3127/13/2999 3196/13/3036 3207/13/3073
f 3231/13/3092 3175/13/2988 3128/13/3000
f 3175/13/2988 3231/13/3092 3198/13/3059
f 3156/13/2980 3198/13/3059 3184/13/3067
f 3096/13/2968 3078/13/2948 3241/13/3048
f 3191/13/3037 3177/13/3034 3199/13/3108
f 3215/13/3039 3211/13/3072 3131/13/3009
f 3215/13/3039 3162/13/3026 3200/13/3086
f 3142/13/3010 3201/13/3062 3134/13/3011
f 3154/13/3030 3216/13/3121 3174/13/3031
f 3115/13/2978 3167/13/2984 3174/13/3031
f 3168/13/3116 3197/13/3043 3105/13/6476
f 3232/13/3074 3237/13/3095 3148/13/3024
f 3189/13/3051 3148/13/3024 3237/13/3095
f 3138/13/3007 3191/13/3037 3208/13/3081
f 3193/13/3052 3138/13/3007 3227/13/3082
f 3193/13/3052 3160/13/3020 3139/13/3008
f 3126/13/2996 3203/13/3075 3205/13/3084
f 3228/13/3083 3181/13/3041 3178/13/3040
f 3151/13/3022 3152/13/3021 3206/13/3053
f 3204/13/3071 3180/13/2982 3211/13/3072
f 3136/13/3017 3223/13/3094 3187/13/3050
f 3202/13/3076 3189/13/3051 3261/13/3097
f 3190/13/3019 3225/13/3079 3241/13/3048
f 3209/13/3070 3171/13/3035 3210/13/3061
f 3132/13/2955 3205/13/3084 3178/13/3040
f 3212/13/3055 3182/13/3054 3173/13/3028
f 3220/13/3128 3196/13/3036 3120/13/2986
f 3121/13/3042 3234/13/3049 3221/13/3101
f 3244/13/3131 3186/13/3023 3169/13/3032
f 3272/13/3104 3130/13/2981 3096/13/2968
f 3190/13/3019 3179/13/3018 3247/13/3080
f 3208/13/3081 3191/13/3037 3199/13/3108
f 3199/13/3108 3177/13/3034 3226/13/3136
f 3192/13/3060 3226/13/3136 3177/13/3034
f 3211/13/3072 3215/13/3039 3200/13/3086
f 3151/13/3022 3239/13/3085 3162/13/3026
f 3230/13/3088 3172/13/3064 3194/13/6477
f 3165/13/3029 3216/13/3121 3154/13/3030
f 3155/13/3013 3183/13/3058 3235/13/3089
f 3244/13/3131 3232/13/3074 3186/13/3023
f 3203/13/3075 3214/13/3125 3205/13/3084
f 3235/13/3089 3257/13/3115 3116/13/2985
f 3222/13/3091 3128/13/3000 3236/13/3090
f 3244/13/3131 3169/13/3032 3176/13/3066
f 3188/13/3046 3213/13/3045 3238/13/6478
f 3213/13/3045 3130/13/2981 3272/13/3104
f 3179/13/3018 3202/13/3076 3326/13/3107
f 3203/13/3075 3193/13/3052 3214/13/3125
f 3233/13/3100 3151/13/3022 3206/13/3053
f 3120/13/2986 3257/13/3115 3220/13/3128
f 3259/13/3140 3184/13/3067 3198/13/3059
f 3168/13/3116 3185/13/3016 3245/13/3103
f 3136/13/3017 3224/13/3069 3223/13/3094
f 3096/13/2968 3241/13/3048 3272/13/3104
f 3184/13/3067 3259/13/3140 3217/13/3078
f 3244/13/3131 3176/13/3066 3217/13/3078
f 3246/13/3093 3245/13/3103 3158/13/3033
f 3305/13/3096 3268/13/3098 3189/13/3051
f 3199/13/3108 3226/13/3136 3242/13/3109
f 3248/13/3110 3226/13/3136 3192/13/3060
f 3249/13/3111 3192/13/3060 3209/13/3070
f 3214/13/3125 3193/13/3052 3227/13/3082
f 3250/13/3137 3210/13/3061 3218/13/3077
f 3206/13/3053 3182/13/3054 3253/13/3113
f 3166/13/3056 3207/13/3073 3219/13/3057
f 3196/13/3036 3310/13/3129 3207/13/3073
f 3232/13/3074 3244/13/3131 3271/13/3150
f 3226/13/3136 3274/13/3135 3273/13/3134 3242/13/3109
f 3227/13/3082 3262/13/3126 3214/13/3125
f 3254/13/3118 3204/13/3071 3211/13/3072
f 3214/13/3125 3270/13/3119 3205/13/3084
f 3181/13/3041 3228/13/3083 3251/13/3183
f 3252/13/3120 3201/13/3062 3229/13/3087
f 3256/13/3179 3194/13/6477 3240/13/3106
f 3217/13/3078 3259/13/3140 3279/13/3132
f 3265/13/3117 3264/13/3124 3168/13/3116
f 3228/13/3083 3270/13/3119 3251/13/3183
f 3165/13/3029 3195/13/3065 3281/13/3145
f 3263/13/3122 3278/13/3123 3174/13/3031
f 3266/13/3151 3246/13/3093 3223/13/3094
f 3237/13/3095 3232/13/3074 3267/13/3206
f 3223/13/3094 3224/13/3069 3260/13/3152
f 3213/13/3045 3294/13/3105 3238/13/6478
f 3225/13/3079 3285/13/3141 3241/13/3048
f 3262/13/3126 3227/13/3082 3275/13/3139
f 3211/13/3072 3200/13/3086 3254/13/3118
f 3229/13/3087 3181/13/3041 3251/13/3183
f 3216/13/3121 3165/13/3029 3281/13/3145
f 3264/13/3124 3283/13/3130 3197/13/3043
f 3267/13/3206 3232/13/3074 3271/13/3150
f 3231/13/3092 3293/13/3202 3301/13/3184 3259/13/3140
f 3289/13/3127 3276/13/3174 3214/13/3125
f 3270/13/3119 3214/13/3125 3276/13/3174
f 3251/13/3183 3270/13/3119 3277/13/3154
f 3188/13/3046 3238/13/6478 3304/13/3133
f 3284/13/6479 3247/13/3080 3326/13/3107
f 3280/13/3172 3250/13/3137 3269/13/3112
f 3297/13/3138 3322/13/6480 3255/13/3099
f 3251/13/3183 3323/13/3182 3229/13/3087
f 3230/13/3088 3281/13/3145 3195/13/3065
f 3263/13/3122 3216/13/3121 3282/13/3146
f 3305/13/3096 3237/13/3095 3267/13/3206
f 3286/13/3143 3249/13/3111 3250/13/3137
f 3298/13/3161 3221/13/3101 3234/13/3049
f 3258/13/3114 3291/13/3192 3257/13/3115
f 3236/13/3090 3221/13/3101 3298/13/3161
f 3272/13/3104 3241/13/3048 3314/13/3142
f 3274/13/3135 3248/13/3110 3295/13/3155
f 3296/13/3158 3254/13/3118 3255/13/3099
f 3229/13/3087 3323/13/3182 3252/13/3120
f 3194/13/6477 3256/13/3179 3230/13/3088
f 3220/13/3128 3291/13/3192 3310/13/3129
f 3257/13/3115 3291/13/3192 3220/13/3128
f 3235/13/3089 3292/13/3163 3258/13/3114
f 3303/13/3168 3266/13/3151 3260/13/3152
f 3273/13/3134 3274/13/3135 3329/13/3156
f 3295/13/3155 3248/13/3110 3286/13/3143
f 3289/13/3127 3262/13/3126 3275/13/3139
f 3296/13/3158 3269/13/3112 3254/13/3118
f 3293/13/3202 3222/13/3091 3299/13/3162
f 3231/13/3092 3222/13/3091 3293/13/3202
f 3363/13/3217 3306/13/3159 3323/13/3182 3377/13/3328
f 3279/13/3132 3259/13/3140 3301/13/3184
f 3302/13/3148 3265/13/3117 3245/13/3103
f 3250/13/3137 3280/13/3172 3286/13/3143
f 3290/13/3157 3280/13/3172 3269/13/3112
f 3307/13/3178 3233/13/3100 3206/13/3053
f 3243/13/3102 3288/13/3175 3212/13/3055
f 3292/13/3163 3183/13/3058 3283/13/3130
f 3279/13/3132 3301/13/3184 3311/13/3166
f 3246/13/3093 3266/13/3151 3313/13/3167
f 3287/13/3144 3233/13/3100 3307/13/3178
f 3278/13/3123 3298/13/3161 3234/13/3049
f 3300/13/3164 3265/13/3117 3318/13/3165
f 3304/13/3133 3238/13/6478 3319/13/6481
f 3247/13/3080 3284/13/6479 3328/13/3218
f 3285/13/3141 3247/13/3080 3328/13/3218
f 3316/13/3171 3295/13/3155 3280/13/3172
f 3330/13/3211 3290/13/3157 3296/13/3158
f 3317/13/3251 3296/13/3158 3255/13/3099
f 3317/13/3251 3255/13/3099 3322/13/6480
f 3212/13/3055 3347/13/3188 3253/13/3113
f 3336/13/3189 3212/13/3055 3288/13/3175
f 3238/13/6478 3294/13/3105 3319/13/6481
f 3319/13/6481 3294/13/3105 3327/13/3169
f 3326/13/3107 3382/13/3208 3284/13/6479
f 3353/13/3177 3289/13/3127 3320/13/3173
f 3330/13/3211 3296/13/3158 3317/13/3251
f 3306/13/3159 3252/13/3120 3323/13/3182
f 3256/13/3179 3332/13/3239 3230/13/3088
f 3308/13/3160 3230/13/3088 3332/13/3239
f 3282/13/3146 3338/13/3190 3263/13/3122
f 3337/13/3230 3309/13/3147 3310/13/3129
f 3333/13/3186 3244/13/3131 3311/13/3166
f 3325/13/3180 3246/13/3093 3313/13/3167
f 3267/13/3206 3271/13/3150 3334/13/3187
f 3277/13/3154 3335/13/3222 3251/13/3183
f 3309/13/3147 3337/13/3230 3288/13/3175
f 3310/13/3129 3340/13/3193 3337/13/3230
f 3278/13/3123 3263/13/3122 3339/13/3191
f 3283/13/3130 3365/13/3204 3292/13/3163
f 3315/13/3170 3329/13/3156 3352/13/3210
f 3280/13/3172 3344/13/3198 3316/13/3171
f 3361/13/3199 3280/13/3172 3290/13/3157
f 3361/13/3199 3290/13/3157 3330/13/3211
f 3346/13/3200 3332/13/3239 3256/13/3179
f 3308/13/3160 3338/13/3190 3282/13/3146
f 3348/13/3201 3278/13/3123 3339/13/3191
f 3348/13/3201 3298/13/3161 3278/13/3123
f 3300/13/3164 3350/13/3203 3283/13/3130
f 3268/13/3098 3305/13/3096 3351/13/3207
f 3320/13/3173 3345/13/3215 3353/13/3177
f 3317/13/3251 3362/13/3212 3330/13/3211
f 3321/13/3153 3335/13/3222 3277/13/3154
f 3365/13/3204 3349/13/3194 3292/13/3163
f 3373/13/3205 3354/13/3185 3293/13/3202
f 3350/13/3203 3300/13/3164 3356/13/3214
f 3301/13/3184 3293/13/3202 3354/13/3185
f 3326/13/3107 3261/13/3097 3375/13/3209
f 3351/13/3207 3267/13/3206 3334/13/3187
f 3351/13/3207 3375/13/3209 3261/13/3097
f 3359/13/3252 3317/13/3251 3322/13/6480
f 3260/13/3152 3304/13/3133 3360/13/3248
f 3304/13/3133 3319/13/6481 3360/13/3248
f 3328/13/3218 3284/13/6479 3382/13/3208
f 3327/13/3169 3314/13/3142 3397/13/3220
f 3371/13/3228 3338/13/3190 3308/13/3160
f 3288/13/3175 3337/13/3230 3378/13/3256
f 3371/13/3228 3364/13/3234 3338/13/3190
f 3339/13/3191 3338/13/3190 3364/13/3234
f 3348/13/3201 3339/13/3191 3379/13/3235
f 3367/13/3259 3325/13/3180 3313/13/3167
f 3369/13/3226 3315/13/3170 3409/13/3224
f 3347/13/3188 3383/13/3254 3307/13/3178
f 3336/13/3189 3288/13/3175 3378/13/3256
f 3337/13/3230 3372/13/3229 3378/13/3256
f 3340/13/3193 3384/13/3231 3372/13/3229
f 3341/13/3195 3348/13/3201 3385/13/3240
f 3366/13/3223 3324/13/3149 3417/13/3247
f 3328/13/3218 3431/13/3301 3406/13/3311 3357/13/3219
f 3332/13/3239 3403/13/3268 3308/13/3160
f 3341/13/3195 3415/13/3236 3342/13/3196
f 3373/13/3205 3342/13/3196 3380/13/3237
f 3381/13/3244 3311/13/3166 3354/13/3185
f 3356/13/3214 3318/13/3165 3392/13/3246
f 3360/13/3248 3374/13/3233 3303/13/3168
f 3287/13/3144 3400/13/3274 3297/13/3138
f 3349/13/3194 3387/13/3242 3386/13/3241
f 3388/13/3238 3387/13/3242 3365/13/3204
f 3389/13/3243 3391/13/3245 3354/13/3185
f 3356/13/3214 3392/13/3246 3390/13/3257
f 3318/13/3165 3302/13/3148 3392/13/3246
f 3344/13/3198 3421/13/3262 3368/13/3225
f 3369/13/3226 3398/13/3273 3345/13/3215
f 3322/13/6480 3297/13/3138 3400/13/3274
f 3251/13/3183 3335/13/3222 3331/13/3181
f 3402/13/3265 3347/13/3188 3336/13/3189
f 3308/13/3160 3403/13/3268 3370/13/3227
f 3378/13/3256 3404/13/3321 3336/13/3189
f 3311/13/3166 3381/13/3244 3333/13/3186
f 3367/13/3259 3313/13/3167 3374/13/3233
f 3395/13/3260 3334/13/3187 3312/13/3176
f 3382/13/3208 3430/13/3270 3328/13/3218
f 3357/13/3219 3406/13/3311 3397/13/3220
f 3421/13/3262 3344/13/3198 3361/13/3199
f 3361/13/3199 3358/13/3213 3410/13/3261
f 3345/13/3215 3398/13/3273 3399/13/3263
f 3394/13/3250 3362/13/3212 3317/13/3251
f 3359/13/3252 3322/13/6480 3400/13/3274
f 3373/13/3205 3380/13/3237 3389/13/3243
f 3424/13/3297 3319/13/6481 3327/13/3169
f 3382/13/3208 3375/13/3209 3430/13/3270
f 3431/13/3301 3328/13/3218 3430/13/3270
f 3331/13/3181 3335/13/3222 3505/13/3384 3426/13/3280
f 3327/13/3169 3397/13/3220 3408/13/3295
f 3407/13/3266 3336/13/3189 3404/13/3321
f 3422/13/3255 3404/13/3321 3378/13/3256
f 3396/13/3292 3319/13/6481 3424/13/3297
f 3327/13/3169 3408/13/3295 3424/13/3297
f 3368/13/3225 3421/13/3262 3440/13/3302
f 3403/13/3268 3363/13/3217 3412/13/3290
f 3384/13/3231 3414/13/3269 3372/13/3229
f 3416/13/3334 3380/13/3237 3415/13/3236
f 3419/13/3267 3351/13/3207 3418/13/3249
f 3360/13/3248 3319/13/6481 3396/13/3292
f 3408/13/3295 3397/13/3220 3406/13/3311
f 3323/13/3182 3426/13/3280 3377/13/3328
f 3379/13/3235 3413/13/3276 3385/13/3240
f 3394/13/3250 3359/13/3252 3425/13/3279
f 3427/13/3329 3401/13/3264 3402/13/3265
f 3370/13/3227 3403/13/3268 3428/13/3287
f 3370/13/3227 3433/13/3288 3371/13/3228
f 3472/13/3285 3389/13/3243 3380/13/3237
f 3427/13/3329 3402/13/3265 3432/13/3332
f 3432/13/3332 3402/13/3265 3407/13/3266
f 3414/13/3269 3443/13/3305 3372/13/3229
f 3472/13/3285 3380/13/3237 3416/13/3334
f 3388/13/3238 3390/13/3257 3423/13/3281
f 3429/13/3286 3405/13/3232 3381/13/3244
f 3444/13/3316 3395/13/3260 3366/13/3223
f 3395/13/3260 3444/13/3316 3418/13/3249
f 3430/13/3270 3465/13/3294 3431/13/3301
f 3372/13/3229 3443/13/3305 3422/13/3255
f 3450/13/3306 3415/13/3236 3385/13/3240
f 3458/13/3307 3416/13/3334 3415/13/3236
f 3423/13/3281 3436/13/3325 3387/13/3242
f 3445/13/3283 3360/13/3248 3437/13/3293
f 3406/13/3311 3431/13/3301 3452/13/3300
f 3446/13/3395 3368/13/3225 3440/13/3302
f 3478/13/3291 3449/13/3304 3414/13/3269
f 3420/13/3271 3368/13/3225 3446/13/3395
f 3447/13/3253 3505/13/3384 3335/13/3222
f 3464/13/3309 3419/13/3267 3418/13/3249 3451/13/3318
f 3453/13/3289 3363/13/3217 3377/13/3328
f 3383/13/3254 3401/13/3264 3427/13/3329
f 3403/13/3268 3456/13/3303 3428/13/3287
f 3487/13/3344 3490/13/6482 3452/13/3300 3465/13/3294
f 3396/13/3292 3424/13/3297 3466/13/3308
f 3447/13/3253 3468/13/3320 3505/13/3384
f 3404/13/3321 3482/13/3333 3407/13/3266
f 3429/13/3286 3391/13/3245 3461/13/6483
f 3435/13/3282 3393/13/3258 3503/13/3317
f 3503/13/3317 3393/13/3258 3367/13/3259
f 3463/13/3319 3418/13/3249 3444/13/3316
f 3432/13/3332 3407/13/3266 3482/13/3333
f 3460/13/3326 3390/13/3257 3454/13/3314
f 3481/13/3366 3410/13/3261 3441/13/3277
f 3425/13/3279 3499/13/3453 3394/13/3250
f 3448/13/3278 3400/13/3274 3469/13/3275
f 3433/13/3288 3457/13/3347 3434/13/3284
f 3422/13/3255 3476/13/3323 3471/13/3322
f 3475/13/3327 3420/13/3271 3474/13/3394
f 3440/13/3302 3410/13/3261 3481/13/3366
f 3398/13/3273 3504/13/3409 3399/13/3263
f 3383/13/3254 3470/13/3330 3442/13/3298
f 3477/13/3338 3434/13/3284 3457/13/3347
f 3413/13/3276 3434/13/3284 3477/13/3338
f 3461/13/6483 3391/13/3245 3473/13/3313
f 3445/13/3283 3437/13/3293 3480/13/3352
f 3479/13/3371 3451/13/3318 3463/13/3319
f 3451/13/3318 3479/13/3371 3464/13/3309
f 3439/13/3310 3467/13/3312 3492/13/3375
f 3474/13/3394 3420/13/3271 3446/13/3395
f 3399/13/3263 3504/13/3409 3468/13/3320
f 3518/13/3331 3432/13/3332 3544/13/3335
f 3493/13/3356 3433/13/3288 3428/13/3287
f 3443/13/3305 3483/13/3393 3476/13/3323
f 3443/13/3305 3449/13/3304 3483/13/3393
f 3503/13/3317 3445/13/3283 3517/13/3351
f 3463/13/3319 3508/13/3341 3479/13/3371
f 3480/13/3352 3437/13/3293 3509/13/3373
f 3486/13/3343 3465/13/3294 3464/13/3309
f 3466/13/3308 3438/13/3296 3489/13/3346
f 3438/13/3296 3439/13/3310 3488/13/3345
f 3452/13/3300 3490/13/6482 3491/13/3391 3467/13/3312
f 3412/13/3290 3453/13/3289 3512/13/3400 3535/13/3358
f 3467/13/3312 3491/13/3391 3492/13/3375
f 3426/13/3280 3505/13/3384 3500/13/3386
f 3493/13/3356 3428/13/3287 3456/13/3303
f 3494/13/3339 3450/13/3306 3484/13/3336
f 3485/13/3340 3449/13/3304 3478/13/3291
f 3436/13/3325 3423/13/3281 3529/13/3353
f 3508/13/3341 3444/13/3316 3462/13/3315
f 3497/13/3342 3464/13/3309 3479/13/3371
f 3437/13/3293 3466/13/3308 3509/13/3373
f 3466/13/3308 3489/13/3346 3509/13/3373
f 3446/13/3395 3440/13/3302 3498/13/3396
f 3398/13/3273 3549/13/3337 3504/13/3409
f 3441/13/3277 3394/13/3250 3499/13/3453
f 3453/13/3289 3426/13/3280 3512/13/3400
f 3461/13/6483 3473/13/3313 3502/13/3370
f 3454/13/3314 3530/13/3388 3460/13/3326
f 3488/13/3345 3439/13/3310 3492/13/3375
f 3448/13/3278 3469/13/3275 3506/13/3398
f 3672/13/3508 3649/13/3467 3603/13/3439 3614/13/3509
f 3507/13/3348 3433/13/3288 3493/13/3356
f 3429/13/3286 3461/13/6483 3502/13/3370
f 3522/13/3381 3454/13/3314 3435/13/3282
f 3455/13/3299 3429/13/3286 3521/13/3362
f 3506/13/3398 3469/13/3275 3442/13/3298
f 3513/13/3359 3482/13/3333 3471/13/3322
f 3515/13/3361 3494/13/3339 3484/13/3336
f 3472/13/3285 3495/13/3349 3510/13/3354
f 3454/13/3314 3522/13/3381 3530/13/3388
f 3522/13/3381 3435/13/3282 3503/13/3317
f 3462/13/3315 3455/13/3299 3521/13/3362
f 3460/13/3326 3520/13/3389 3529/13/3353
f 3486/13/3343 3511/13/3418 3487/13/3344
f 3505/13/3384 3468/13/3320 3550/13/6484
f 3506/13/3398 3442/13/3298 3470/13/3330
f 3426/13/3280 3500/13/3386 3512/13/3400
f 3470/13/3330 3427/13/3329 3518/13/3331
f 3477/13/3338 3519/13/3360 3484/13/3336
f 3516/13/3363 3508/13/3341 3462/13/3315
f 3490/13/6482 3487/13/3344 3555/13/3424
f 3498/13/3396 3440/13/3302 3524/13/3367
f 3411/13/3272 3525/13/3376 3549/13/3337
f 3549/13/3337 3526/13/3455 3504/13/3409
f 3456/13/3303 3566/13/3412 3501/13/3357
f 3449/13/3304 3527/13/3369 3483/13/3393
f 3459/13/3324 3585/13/3413 3485/13/3340
f 3459/13/3324 3529/13/3353 3585/13/3413
f 3510/13/3354 3495/13/3349 3546/13/3379
f 3531/13/3372 3479/13/3371 3508/13/3341
f 3532/13/3364 3509/13/3373 3540/13/3382
f 3497/13/3342 3531/13/3372 3533/13/3419
f 3533/13/3419 3486/13/3343 3497/13/3342
f 3509/13/3373 3489/13/3346 3540/13/3382
f 3487/13/3344 3511/13/3418 3555/13/3424
f 3490/13/6482 3555/13/3424 3491/13/3391
f 3468/13/3320 3534/13/3410 3550/13/6484
f 3566/13/3412 3456/13/3303 3535/13/3358
f 3485/13/3340 3585/13/3413 3527/13/3369
f 3495/13/3349 3494/13/3339 3528/13/3378
f 3537/13/3431 3502/13/3370 3510/13/3354
f 3539/13/3432 3503/13/3317 3517/13/3351
f 3486/13/3343 3533/13/3419 3511/13/3418
f 3499/13/3453 3425/13/3279 3580/13/3406
f 3552/13/3469 3470/13/3330 3518/13/3331
f 3521/13/3362 3502/13/3370 3602/13/3404
f 3522/13/3381 3538/13/3380 3530/13/3388
f 3503/13/3317 3539/13/3432 3538/13/3380
f 3517/13/3351 3496/13/3350 3539/13/3432
f 3474/13/3394 3446/13/3395 3548/13/3397
f 3505/13/3384 3550/13/6484 3543/13/3385
f 3542/13/3355 3448/13/3278 3551/13/3399
f 3564/13/3448 3506/13/3398 3470/13/3330
f 3547/13/3390 3508/13/3341 3516/13/3363
f 3540/13/3382 3523/13/3365 3570/13/3420
f 3555/13/3424 3584/13/6485 3491/13/3391
f 3541/13/3374 3491/13/3391 3574/13/6486
f 3548/13/3397 3578/13/3462 3474/13/3394
f 3552/13/3469 3518/13/3331 3556/13/3470
f 3477/13/3338 3507/13/3348 3558/13/3387
f 3545/13/3392 3557/13/3402 3476/13/3323
f 3559/13/3428 3519/13/3360 3558/13/3387
f 3515/13/3361 3519/13/3360 3559/13/3428
f 3520/13/3389 3554/13/3460 3529/13/3353
f 3539/13/3432 3496/13/3350 3562/13/3433
f 3496/13/3350 3532/13/3364 3562/13/3433
f 3575/13/3408 3531/13/3372 3508/13/3341
f 3532/13/3364 3540/13/3382 3569/13/3417
f 3563/13/3415 3533/13/3419 3531/13/3372
f 3523/13/3365 3541/13/3374 3570/13/3420
f 3511/13/3418 3590/13/3422 3555/13/3424
f 3578/13/3462 3525/13/3376 3474/13/3394
f 3548/13/3397 3498/13/3396 3524/13/3367
f 3571/13/3383 3441/13/3277 3499/13/3453
f 3560/13/3414 3553/13/3403 3527/13/3369
f 3567/13/3429 3528/13/3378 3515/13/3361
f 3554/13/3460 3585/13/3413 3529/13/3353
f 3568/13/3437 3530/13/3388 3538/13/3380
f 3575/13/3408 3508/13/3341 3547/13/3390
f 3564/13/3448 3551/13/3399 3506/13/3398
f 3564/13/3448 3470/13/3330 3552/13/3469
f 3544/13/3335 3556/13/3470 3518/13/3331
f 3586/13/3475 3546/13/3379 3528/13/3378
f 3573/13/3438 3520/13/3389 3530/13/3388
f 3562/13/3433 3532/13/3364 3569/13/3417
f 3555/13/3424 3583/13/3423 3584/13/6485
f 3571/13/3383 3591/13/3426 3524/13/3367
f 3585/13/3413 3554/13/3460 3587/13/3521
f 3537/13/3431 3510/13/3354 3581/13/3430
f 3590/13/3422 3511/13/3418 3563/13/3415
f 3541/13/3374 3574/13/6486 3577/13/3421
f 3574/13/6486 3491/13/3391 3584/13/6485
f 3526/13/3455 3622/13/3436 3504/13/3409
f 3565/13/3401 3572/13/3411 3512/13/3400
f 3566/13/3412 3607/13/3441 3501/13/3357
f 3594/13/3529 3558/13/3387 3507/13/3348
f 3526/13/3455 3549/13/3337 3606/13/3435
f 3507/13/3348 3514/13/3368 3593/13/3498
f 3575/13/3408 3595/13/3447 3561/13/3407
f 3569/13/3417 3576/13/3416 3589/13/3445
f 3597/13/3446 3563/13/3415 3561/13/3407
f 3591/13/3426 3571/13/3383 3499/13/3453
f 3580/13/3406 3599/13/3454 3499/13/3453
f 3593/13/3498 3594/13/3529 3507/13/3348
f 3588/13/3405 3602/13/3404 3614/13/3509
f 3630/13/3434 3562/13/3433 3596/13/3443
f 3563/13/3415 3597/13/3446 3610/13/3451
f 3574/13/6486 3584/13/6485 3604/13/6487
f 3612/13/3464 3565/13/3401 3543/13/3385
f 3556/13/3470 3544/13/3335 3600/13/3514
f 3544/13/3335 3513/13/3359 3629/13/3450
f 3557/13/3402 3635/13/3457 3536/13/3377
f 3596/13/3443 3569/13/3417 3589/13/3445
f 3584/13/6485 3583/13/3423 3604/13/6487
f 3599/13/3454 3580/13/3406 3644/13/3456
f 3592/13/3449 3542/13/3355 3551/13/3399
f 3600/13/3514 3544/13/3335 3629/13/3450
f 3554/13/3460 3608/13/3459 3587/13/3521
f 3608/13/3459 3520/13/3389 3573/13/3438
f 3603/13/3439 3588/13/3405 3614/13/3509
f 3615/13/3444 3576/13/3416 3570/13/3420
f 3525/13/3376 3642/13/3463 3598/13/3427
f 3579/13/3425 3611/13/3476 3548/13/3397
f 3534/13/3410 3622/13/3436 3550/13/6484
f 3550/13/6484 3628/13/3479 3543/13/3385
f 3558/13/3387 3594/13/3529 3618/13/3458
f 3560/13/3414 3585/13/3413 3613/13/3491
f 3581/13/3430 3546/13/3379 3620/13/3492
f 3595/13/3447 3652/13/3482 3597/13/3446
f 3599/13/3454 3605/13/3452 3591/13/3426
f 3616/13/3465 3572/13/3411 3565/13/3401
f 3593/13/3498 3514/13/3368 3607/13/3441
f 3557/13/3402 3645/13/3489 3635/13/3457
f 3620/13/3492 3546/13/3379 3586/13/3475
f 3608/13/3459 3573/13/3438 3646/13/6488
f 3550/13/6484 3622/13/3436 3628/13/3479
f 3552/13/3469 3617/13/3471 3564/13/3448
f 3566/13/3412 3572/13/3411 3616/13/3465
f 3545/13/3392 3623/13/3480 3636/13/3472
f 3602/13/3404 3581/13/3430 3647/13/3499
f 3614/13/3509 3602/13/3404 3647/13/3499
f 3589/13/3445 3615/13/3444 3631/13/3504
f 3615/13/3444 3570/13/3420 3658/13/3486
f 3590/13/3422 3610/13/3451 3632/13/3487
f 3590/13/3422 3632/13/3487 3583/13/3423
f 3577/13/3421 3574/13/6486 3641/13/3485
f 3606/13/3435 3626/13/3478 3621/13/3526
f 3606/13/3435 3621/13/3526 3622/13/3436
f 3644/13/3456 3627/13/3511 3599/13/3454
f 3573/13/3438 3648/13/3494 3646/13/6488
f 3648/13/3494 3573/13/3438 3568/13/3437
f 3570/13/3420 3577/13/3421 3658/13/3486
f 3583/13/3423 3665/13/3488 3604/13/6487
f 3641/13/3485 3574/13/6486 3604/13/6487
f 3542/13/3355 3592/13/3449 3654/13/3496
f 3634/13/3513 3617/13/3471 3556/13/3470
f 3710/13/3628 3624/13/3481 3652/13/3482 3709/13/3553
f 3639/13/3501 3595/13/3447 3649/13/3467
f 3630/13/3434 3596/13/3443 3650/13/3503
f 3651/13/3500 3652/13/3482 3595/13/3447
f 3548/13/3397 3643/13/3477 3642/13/3463
f 3566/13/3412 3616/13/3465 3662/13/3507
f 3556/13/3470 3600/13/3514 3634/13/3513
f 3566/13/3412 3662/13/3507 3660/13/3484
f 3656/13/3538 3586/13/3475 3567/13/3429
f 3585/13/3413 3587/13/3521 3613/13/3491
f 3626/13/3478 3598/13/3427 3625/13/3483
f 3611/13/3476 3605/13/3452 3714/13/3530
f 3653/13/3495 3659/13/3571 3605/13/3452
f 3564/13/3448 3617/13/3471 3633/13/3468
f 3605/13/3452 3659/13/3571 3714/13/3530
f 3616/13/3465 3612/13/3464 3655/13/3506
f 3629/13/3450 3663/13/3515 3600/13/3514
f 3622/13/3436 3621/13/3526 3666/13/3512
f 3655/13/3506 3612/13/3464 3667/13/3497
f 3649/13/3467 3672/13/3508 3689/13/3541
f 3662/13/3507 3669/13/3534 3660/13/3484
f 3670/13/3549 3618/13/3458 3594/13/3529
f 3732/13/3537 3623/13/3480 3619/13/3466
f 3608/13/3459 3646/13/6488 3671/13/3522
f 3674/13/3535 3601/13/3442 3635/13/3457
f 3696/13/6489 3661/13/3473 3618/13/3458
f 3657/13/3493 3620/13/3492 3675/13/3551
f 3676/13/3557 3610/13/3451 3624/13/3481
f 3610/13/3451 3676/13/3557 3632/13/3487
f 3644/13/3456 3692/13/3531 3627/13/3511
f 3686/13/3532 3617/13/3471 3634/13/3513
f 3673/13/3528 3669/13/3534 3662/13/3507
f 3664/13/3516 3679/13/3533 3663/13/3515
f 3638/13/3474 3732/13/3537 3553/13/3403
f 3637/13/3490 3656/13/3538 3567/13/3429
f 3620/13/3492 3586/13/3475 3707/13/3539
f 3646/13/6488 3648/13/3494 3688/13/3540
f 3604/13/6487 3711/13/3545 3641/13/3485
f 3625/13/3483 3682/13/3517 3713/13/3524
f 3666/13/3512 3704/13/3542 3693/13/3592
f 3699/13/3547 3692/13/3531 3644/13/3456
f 3654/13/3496 3699/13/3547 3644/13/3456
f 3684/13/3564 3668/13/3505 3686/13/3532
f 3601/13/3442 3674/13/3535 3664/13/3516
f 3613/13/3491 3722/13/3520 3638/13/3474
f 3698/13/3558 3725/13/3603 3665/13/3488 3632/13/3487
f 3725/13/3603 3711/13/3545 3604/13/6487 3665/13/3488
f 3784/13/3616 3751/13/3618 3723/13/3560 3737/13/3568
f 3659/13/3571 3653/13/3495 3748/13/3563
f 3621/13/3526 3683/13/3525 3704/13/3542
f 3666/13/3512 3693/13/3592 3678/13/3527
f 3680/13/3519 3669/13/3534 3694/13/3579
f 3700/13/3548 3679/13/3533 3664/13/3516
f 3695/13/3550 3594/13/3529 3680/13/3519
f 3674/13/3535 3645/13/3489 3706/13/3565
f 3687/13/3536 3706/13/3565 3645/13/3489
f 3696/13/6489 3618/13/3458 3670/13/3549
f 3637/13/3490 3661/13/3473 3696/13/6489
f 3646/13/6488 3688/13/3540 3671/13/3522
f 3735/13/3554 3615/13/3444 3712/13/3556
f 3631/13/3504 3615/13/3444 3735/13/3554
f 3680/13/3519 3694/13/3579 3701/13/3578
f 3695/13/3550 3680/13/3519 3701/13/3578
f 3675/13/3551 3620/13/3492 3707/13/3539
f 3697/13/3552 3631/13/3504 3771/13/3555
f 3624/13/3481 3710/13/3628 3676/13/3557
f 3658/13/3486 3641/13/3485 3691/13/3546
f 3705/13/3566 3696/13/6489 3670/13/3549
f 3731/13/3588 3706/13/3565 3687/13/3536
f 3671/13/3522 3733/13/3612 3722/13/3520
f 3737/13/3568 3681/13/3510 3734/13/3523
f 3734/13/3523 3650/13/3503 3697/13/3552
f 3717/13/3576 3718/13/3584 3669/13/3534
f 3679/13/3533 3754/13/3577 3716/13/3575
f 3694/13/3579 3669/13/3534 3718/13/3584
f 3700/13/3548 3720/13/3586 3754/13/3577
f 3623/13/3480 3731/13/3588 3687/13/3536
f 3638/13/3474 3722/13/3520 3732/13/3537
f 3707/13/3539 3656/13/3538 3637/13/3490
f 3703/13/3544 3675/13/3551 3708/13/3567
f 3688/13/3540 3723/13/3560 3671/13/3522
f 3689/13/3541 3703/13/3544 3724/13/3582
f 3800/13/3649 3748/13/3563 3692/13/3531
f 3692/13/3531 3699/13/3547 3800/13/3649
f 3706/13/3565 3730/13/3594 3702/13/3559
f 3705/13/3566 3695/13/3550 3740/13/3587
f 3705/13/3566 3742/13/3596 3696/13/6489
f 3623/13/3480 3732/13/3537 3731/13/3588
f 3637/13/3490 3696/13/6489 3742/13/3596
f 3626/13/3478 3713/13/3524 3753/13/3572
f 3706/13/3565 3736/13/3589 3730/13/3594
f 3724/13/3582 3703/13/3544 3708/13/3567
f 3705/13/3566 3740/13/3587 3741/13/3597
f 3637/13/3490 3742/13/3596 3745/13/3611
f 3671/13/3522 3746/13/3653 3733/13/3612
f 3746/13/3653 3671/13/3522 3723/13/3560
f 3685/13/3543 3678/13/3527 3749/13/3621 3750/13/6490
f 3752/13/3625 3690/13/3569 3747/13/3561
f 3749/13/3621 3678/13/3527 3693/13/3592
f 3808/13/3605 3766/13/3619 3712/13/3556 3691/13/3546
f 3720/13/3586 3755/13/3598 3754/13/3577
f 3702/13/3559 3739/13/3595 3756/13/3591
f 3744/13/3600 3731/13/3588 3732/13/3537
f 3723/13/3560 3751/13/3618 3746/13/3653
f 3737/13/3568 3734/13/3523 3806/13/3602
f 3691/13/3546 3711/13/3545 3758/13/3604
f 3726/13/3562 3797/13/3665 3682/13/3517
f 3740/13/3587 3721/13/3581 3781/13/3608
f 3697/13/3552 3771/13/3555 3765/13/3626
f 3768/13/3656 3713/13/3524 3682/13/3517 3767/13/6491
f 3753/13/3572 3774/13/3573 3683/13/3525
f 3750/13/6490 3728/13/3583 3685/13/3543
f 3730/13/3594 3769/13/3633 3739/13/3595
f 3730/13/3594 3736/13/3589 3769/13/3633
f 3757/13/3599 3770/13/3636 3736/13/3589
f 3722/13/3520 3761/13/3613 3744/13/3600
f 3707/13/3539 3637/13/3490 3745/13/3611
f 3746/13/3653 3751/13/3618 3763/13/3617
f 3784/13/3616 3737/13/3568 3806/13/3602
f 3752/13/3625 3709/13/3553 3690/13/3569
f 3785/13/3627 3676/13/3557 3710/13/3628
f 3771/13/3555 3735/13/3554 3765/13/3626
f 3735/13/3554 3712/13/3556 3828/13/3620
f 3754/13/3577 3779/13/3686 3778/13/3688 3716/13/3575
f 3677/13/3518 3714/13/3530 3773/13/3606
f 3738/13/3590 3800/13/3649 3699/13/3547
f 3777/13/3607 3786/13/3623 3717/13/3576
f 3718/13/3584 3788/13/3624 3719/13/3580
f 3760/13/3609 3743/13/3610 3742/13/3596
f 3757/13/3599 3731/13/3588 3744/13/3600
f 3765/13/3626 3735/13/3554 3828/13/3620
f 3772/13/3664 3698/13/3558 3676/13/3557
f 3807/13/3630 3725/13/3603 3698/13/3558
f 3767/13/6491 3682/13/3517 3797/13/3665
f 3773/13/3606 3797/13/3665 3726/13/3562
f 3715/13/3570 3809/13/3684 3714/13/3530
f 3727/13/3574 3716/13/3575 3778/13/3688
f 3792/13/3644 3783/13/3614 3708/13/3567 3707/13/3539
f 3754/13/3577 3755/13/3598 3779/13/3686
f 3739/13/3595 3780/13/3650 3756/13/3591
f 3782/13/6492 3770/13/3636 3757/13/3599
f 3745/13/3611 3792/13/3644 3707/13/3539
f 3794/13/6493 3764/13/3615 3762/13/3601 3793/13/3654
f 3761/13/3613 3733/13/3612 3746/13/3653
f 3785/13/3627 3709/13/3553 3752/13/3625
f 3676/13/3557 3785/13/3627 3772/13/3664
f 3698/13/3558 3772/13/3664 3807/13/3630
f 3809/13/3684 3773/13/3606 3714/13/3530
f 3748/13/3563 3800/13/3649 3817/13/3712
f 3769/13/3633 3780/13/3650 3739/13/3595
f 3757/13/3599 3761/13/3613 3782/13/6492
f 3745/13/3611 3743/13/3610 3791/13/3637
f 3843/13/3681 3864/13/3679 3824/13/3638 3825/13/3646
f 3763/13/3617 3784/13/3616 3795/13/3639
f 3764/13/3615 3794/13/6493 3815/13/3647
f 3758/13/3604 3807/13/3630 3796/13/3655
f 3715/13/3570 3748/13/3563 3798/13/3700
f 3817/13/3712 3798/13/3700 3748/13/3563
f 3750/13/6490 3818/13/3703 3728/13/3583
f 3755/13/3598 3810/13/3751 3779/13/3686
f 3802/13/3643 3740/13/3587 3781/13/3608
f 3761/13/3613 3803/13/3677 3782/13/6492
f 3793/13/3654 3762/13/3601 3783/13/3614
f 3746/13/3653 3763/13/3617 3813/13/3691
f 3804/13/3645 3813/13/3691 3763/13/3617
f 3798/13/3700 3809/13/3684 3715/13/3570
f 3818/13/3703 3777/13/3607 3728/13/3583
f 3756/13/3591 3830/13/3651 3755/13/3598
f 3812/13/3652 3803/13/3677 3761/13/3613
f 3813/13/3691 3812/13/3652 3746/13/3653
f 3793/13/3654 3814/13/3669 3794/13/6493
f 3794/13/6493 3814/13/3669 3815/13/3647
f 3765/13/3626 3828/13/3620 3816/13/3661
f 3713/13/3524 3869/13/3657 3829/13/3631
f 3801/13/3642 3729/13/3585 3820/13/3659
f 3789/13/3634 3770/13/3636 3782/13/6492
f 3760/13/3609 3790/13/3635 3821/13/3720
f 3803/13/3677 3811/13/3690 3782/13/6492
f 3822/13/3660 3792/13/3644 3791/13/3637
f 3824/13/3638 3837/13/3680 3795/13/3639
f 3804/13/3645 3795/13/3639 3837/13/3680
f 3823/13/6494 3805/13/3640 3815/13/3647
f 3806/13/3602 3765/13/3626 3825/13/3646
f 3826/13/3662 3772/13/3664 3785/13/3627
f 3828/13/3620 3808/13/3605 3868/13/3673
f 3774/13/3573 3829/13/3631 3799/13/3641
f 3883/13/3648 3817/13/3712 3800/13/3649
f 3755/13/3598 3830/13/3651 3810/13/3751
f 3802/13/3643 3790/13/3635 3740/13/3587
f 3791/13/3637 3760/13/3609 3821/13/3720
f 3813/13/3691 3804/13/3645 3832/13/3670
f 3815/13/3647 3834/13/3672 3836/13/3697
f 3836/13/3697 3823/13/3693 3815/13/3647
f 3834/13/3672 3852/13/3738 3860/13/3773 3861/13/3698
f 3816/13/3661 3828/13/3620 3855/13/3675
f 3808/13/3605 3796/13/3655 3868/13/3673
f 3797/13/3665 3838/13/3666 3767/13/6491
f 3749/13/3621 3818/13/3703 3750/13/6490
f 3892/13/3717 3787/13/3632 3819/13/3658
f 3831/13/3733 3780/13/3650 3769/13/3633
f 3789/13/3634 3831/13/3733 3769/13/3633
f 3782/13/6492 3811/13/3690 3789/13/3634
f 3839/13/3706 3822/13/3660 3791/13/3637
f 3842/13/3692 3805/13/3640 3823/13/6494
f 3805/13/3640 3842/13/3692 3854/13/3695
f 3805/13/3640 3844/13/3696 3826/13/3662
f 3826/13/3662 3856/13/3682 3827/13/3663
f 3768/13/3656 3767/13/6491 3846/13/3790
f 3768/13/3656 3846/13/3790 3869/13/3657
f 3810/13/3751 3848/13/3732 3779/13/3686
f 3820/13/3659 3788/13/3624 3849/13/3689
f 3839/13/3706 3791/13/3637 3821/13/3720
f 3832/13/3670 3851/13/3676 3813/13/3691
f 3852/13/3738 3833/13/3668 3840/13/3667
f 3852/13/3738 3834/13/3672 3833/13/3668
f 3832/13/3670 3835/13/3671 3853/13/3710
f 3862/13/3694 3823/13/3693 3836/13/3697
f 3835/13/3671 3837/13/3680 3841/13/3678
f 3809/13/3684 3798/13/3700 3857/13/3702
f 3874/13/6495 3790/13/3635 3802/13/3643
f 3850/13/3719 3831/13/3733 3789/13/3634
f 3858/13/3718 3789/13/3634 3811/13/3690
f 3821/13/3720 3790/13/3635 3859/13/3721
f 3852/13/3738 3927/13/3737 3913/13/3774 3860/13/3773
f 3854/13/3695 3842/13/3692 3863/13/3724
f 3865/13/3753 3841/13/3678 3864/13/3679
f 3865/13/3753 3866/13/3741 3841/13/3678
f 3866/13/3741 3867/13/3740 3841/13/3678
f 3867/13/3740 3835/13/3671 3841/13/3678
f 3856/13/3682 3826/13/3662 3844/13/3696
f 3829/13/3631 3926/13/3777 3799/13/3641
f 3817/13/3712 3883/13/3648 3882/13/3713
f 3786/13/3623 3777/13/3607 3873/13/3704
f 3862/13/3694 3863/13/3724 3842/13/3692
f 3890/13/3707 3865/13/3753 3864/13/3679
f 3877/13/3708 3862/13/3694 3836/13/3697
f 3835/13/3671 3867/13/3740 3878/13/3711
f 3845/13/3674 3868/13/3673 3880/13/3744
f 3807/13/3630 3879/13/3699 3796/13/3655
f 3767/13/6491 3905/13/3791 3846/13/3790
f 3799/13/3641 3926/13/3777 3907/13/3745
f 3870/13/3715 3883/13/3648 3738/13/3590
f 3870/13/3715 3738/13/3590 3759/13/3593
f 3871/13/3714 3759/13/3593 3776/13/3629
f 3727/13/3574 3884/13/3731 3776/13/3629
f 3886/13/3768 3787/13/3632 3892/13/3717
f 3787/13/3632 3886/13/3768 3849/13/3689
f 3848/13/3732 3810/13/3751 3887/13/3750
f 3894/13/3735 3840/13/3667 3839/13/3706
f 3856/13/3682 3891/13/3727 3879/13/3699
f 3845/13/3674 3880/13/3744 3855/13/3675
f 3796/13/3655 3917/13/3728 3868/13/3673
f 3767/13/6491 3838/13/3666 3905/13/3791
f 3838/13/3666 3906/13/3683 3904/13/3765
f 3906/13/3683 3809/13/3684 3918/13/3729
f 3799/13/3641 3907/13/3745 3775/13/3622
f 3884/13/3731 3727/13/3574 3778/13/3688
f 3893/13/3736 3839/13/3706 3859/13/3721
f 3895/13/3722 3875/13/3705 3851/13/3676
f 3840/13/3667 3894/13/3735 3927/13/3737
f 3888/13/3723 3895/13/3722 3832/13/3670
f 3877/13/3708 3896/13/3761 3862/13/3694
f 3844/13/3696 3854/13/3695 3889/13/3725
f 3898/13/3807 3861/13/3698 3860/13/3773
f 3901/13/3787 3902/13/3742 3866/13/3741
f 3868/13/3673 3917/13/3728 3900/13/3743
f 3838/13/3666 3904/13/3765 3905/13/3791
f 3829/13/3631 3925/13/3730 3926/13/3777
f 3930/13/3766 3882/13/3713 3883/13/3648
f 3776/13/3629 3884/13/3731 3871/13/3714
f 3892/13/3717 3919/13/3716 3920/13/3767
f 3810/13/3751 3830/13/3651 3909/13/3749
f 3780/13/3650 3910/13/3734 3830/13/3651
f 3874/13/6495 3802/13/3643 3911/13/3752
f 3874/13/6495 3912/13/3770 3790/13/3635
f 3790/13/3635 3912/13/3770 3859/13/3721
f 3875/13/3705 3858/13/3718 3811/13/3690
f 3853/13/3710 3878/13/3711 3941/13/3782 3888/13/3723
f 3988/13/3828 3987/13/3880 3974/13/3789 3975/13/3764
f 3855/13/3675 3880/13/3744 3876/13/3709
f 3903/13/3763 3941/13/3782 3878/13/3711
f 3898/13/3807 3899/13/3806 3861/13/3698
f 3899/13/3806 3916/13/3755 3861/13/3698
f 3866/13/3741 3865/13/3753 3924/13/3826
f 3869/13/3657 3846/13/3790 3925/13/3730
f 3775/13/3622 3908/13/3746 3847/13/3685
f 3818/13/3703 3872/13/3747 3777/13/3607
f 3831/13/3733 3935/13/3769 3910/13/3734
f 3940/13/3784 3862/13/3694 3896/13/3761
f 3876/13/3709 3922/13/3758 3914/13/3739
f 3917/13/3728 3879/13/3699 3891/13/3727
f 3923/13/3775 3898/13/3807 3860/13/3773
f 3924/13/3826 3865/13/3753 3915/13/3754
f 3975/13/3764 3906/13/3683 3918/13/3729
f 3848/13/3732 3887/13/3750 3948/13/3748
f 3894/13/3735 3893/13/3736 3949/13/3866
f 3940/13/3784 3863/13/3724 3862/13/3694
f 3863/13/3724 3940/13/3784 3921/13/3756
f 3953/13/3801 3913/13/3774 3927/13/3737
f 3917/13/3728 3955/13/3760 3900/13/3743
f 3916/13/3755 3929/13/3762 3877/13/3708
f 3901/13/3787 3866/13/3741 3924/13/3826
f 3925/13/3730 3846/13/3790 3976/13/3829
f 3944/13/3792 3976/13/3829 3846/13/3790
f 3908/13/3746 3932/13/3779 3847/13/3685
f 3885/13/3687 3979/13/3861 3884/13/3731
f 3919/13/3716 3873/13/3704 3933/13/3796
f 3909/13/3749 3830/13/3651 3910/13/3734
f 3912/13/3770 3874/13/6495 3911/13/3752
f 3949/13/3866 3893/13/3736 3912/13/3770
f 3980/13/3800 3927/13/3737 3894/13/3735
f 3897/13/3726 3889/13/3725 3937/13/3781
f 3924/13/3826 3915/13/3754 3928/13/3785
f 3899/13/3806 3942/13/6496 3916/13/3755
f 3943/13/3786 3902/13/3742 3901/13/3787
f 3984/13/3788 3901/13/3787 3924/13/3826
f 3905/13/3791 3904/13/3765 3974/13/3789
f 3990/13/3827 3918/13/3729 3945/13/3839
f 3945/13/3839 3918/13/3729 3857/13/3702
f 3945/13/3839 3857/13/3702 3881/13/3701
f 3881/13/3701 3882/13/3713 3977/13/3837
f 3908/13/3746 3961/13/3794 3946/13/3852
f 3932/13/3779 3872/13/3747 3818/13/3703
f 3885/13/3687 3934/13/3797 3979/13/3861
f 3820/13/3659 3963/13/3780 3911/13/3752
f 3858/13/3718 3935/13/3769 3850/13/3719
f 3894/13/3735 3969/13/6497 3980/13/3800
f 3895/13/3722 3936/13/3771 3950/13/3813
f 3951/13/3772 3970/13/3757 3914/13/3739
f 3938/13/3759 3897/13/3726 3937/13/3781
f 3880/13/3744 3900/13/3743 3954/13/3803
f 3983/13/3808 3898/13/3807 3923/13/3775
f 3943/13/3786 3958/13/6498 3902/13/3742
f 3903/13/3763 3902/13/3742 3958/13/6498
f 3975/13/3764 3918/13/3729 3990/13/3827
f 3977/13/3837 3945/13/3839 3881/13/3701
f 3926/13/3777 3960/13/3776 3978/13/3793
f 3907/13/3745 3978/13/3793 3961/13/3794
f 3920/13/3767 3919/13/3716 3985/13/3817
f 3967/13/3865 3894/13/3735 3949/13/3866
f 3891/13/3727 3938/13/3759 3955/13/3760
f 3957/13/3836 3923/13/3775 3913/13/3774
f 3941/13/3782 3903/13/3763 3959/13/3825
f 3942/13/6496 3899/13/3806 3983/13/3808
f 3973/13/3816 3916/13/3755 3942/13/6496
f 3958/13/6498 3959/13/3825 3903/13/3763
f 3960/13/3776 3925/13/3730 3976/13/3829
f 3882/13/3713 3930/13/3766 3977/13/3837
f 3931/13/3778 3871/13/3714 3884/13/3731
f 4000/13/3799 3909/13/3749 3910/13/3734
f 3986/13/3821 3912/13/3770 3911/13/3752
f 3968/13/3814 3966/13/3812 3875/13/3705
f 3940/13/3784 3981/13/3818 3921/13/3756
f 3981/13/3818 3940/13/3784 3995/13/3842
f 3995/13/3842 3940/13/3784 3972/13/3804
f 3944/13/3792 3991/13/3849 3976/13/3829
f 3908/13/3746 3946/13/3852 3932/13/3779
f 3949/13/3866 3912/13/3770 4038/13/3822
f 3969/13/6497 3894/13/3735 3967/13/3865
f 3971/13/3815 3970/13/3757 3951/13/3772
f 3955/13/3760 3938/13/3759 4004/13/3823
f 3982/13/3820 3956/13/3805 3939/13/3783
f 3957/13/3836 3983/13/3808 3923/13/3775
f 3974/13/3789 3987/13/3880 3989/13/3809
f 4007/13/3906 3982/13/3820 3971/13/3815 4006/13/3845
f 3884/13/3731 3992/13/3863 3931/13/3778
f 3992/13/3863 3884/13/3731 3979/13/3861
f 3887/13/3750 3909/13/3749 3962/13/3798
f 3951/13/3772 4015/13/3834 3971/13/3815
f 3998/13/3879 3973/13/3816 3942/13/6496
f 3944/13/3792 3989/13/3809 3991/13/3849
f 3990/13/3827 3945/13/3839 4022/13/3927
f 3947/13/3795 3931/13/3778 4011/13/6499
f 4001/13/3841 3980/13/3800 3969/13/6497
f 3994/13/3840 3950/13/3813 3996/13/3824
f 3954/13/3803 4069/13/3844 4005/13/3833
f 4035/13/3874 3932/13/3779 3946/13/3852 4034/13/3901
f 3973/13/3816 4008/13/3872 3929/13/3762
f 3972/13/3804 3929/13/3762 4008/13/3872
f 4019/13/3897 3924/13/3826 3956/13/3805
f 4021/13/3848 3984/13/3788 3924/13/3826
f 4022/13/3927 3945/13/3839 3999/13/3838
f 3978/13/3793 4063/13/3860 3961/13/3794
f 4009/13/3850 3930/13/3766 3947/13/3795
f 4050/13/3939 3989/13/3809 3987/13/3880 4032/13/3882
f 4011/13/6499 3931/13/3778 3992/13/3863
f 3872/13/3747 3932/13/3779 4035/13/3874
f 3979/13/3861 3934/13/3797 4025/13/3862
f 4013/13/3903 4025/13/3862 3934/13/3797
f 4013/13/3903 3934/13/3797 3948/13/3748
f 4016/13/3856 3995/13/3842 3972/13/3804
f 3957/13/3836 4018/13/3878 3983/13/3808
f 4048/13/3857 3959/13/3825 3958/13/6498
f 3983/13/3808 3998/13/3879 3942/13/6496
f 3998/13/3879 4020/13/3871 3973/13/3816
f 4021/13/3848 3924/13/3826 4019/13/3897
f 3943/13/3786 4031/13/3847 3958/13/6498
f 3989/13/3809 4051/13/3890 3991/13/3849
f 3985/13/3817 3933/13/3796 4036/13/3875
f 3985/13/3817 4026/13/3864 3886/13/3768
f 3909/13/3749 4067/13/3904 3962/13/3798
f 3969/13/6497 3967/13/3865 4001/13/3841
f 4027/13/3867 3981/13/3818 4003/13/3843
f 3937/13/3781 4027/13/3867 4014/13/3819
f 3994/13/3840 3996/13/3824 4028/13/3920
f 4007/13/3906 4073/13/3869 3982/13/3820
f 4029/13/3910 4016/13/3856 3972/13/3804
f 4029/13/3910 3972/13/3804 4017/13/3911
f 4048/13/3857 3958/13/6498 4031/13/3847
f 4097/13/3938 4089/13/3998 4051/13/3890 4050/13/3939
f 3988/13/3828 3990/13/3827 4049/13/3881
f 3989/13/3809 4050/13/3939 4051/13/3890
f 4022/13/3927 4049/13/3881 3990/13/3827
f 4009/13/3850 3947/13/3795 4011/13/6499
f 4042/13/3905 3948/13/3748 3962/13/3798
f 4000/13/3799 4067/13/3904 3909/13/3749
f 3986/13/3821 3911/13/3752 4066/13/3831
f 4056/13/3886 4002/13/3832 4001/13/3841
f 4005/13/3833 4046/13/3868 4015/13/3834
f 4071/13/3921 4003/13/3843 4016/13/3856
f 4040/13/3835 4002/13/3832 4039/13/3887
f 4072/13/6500 4028/13/3920 3996/13/3824
f 4030/13/3870 3956/13/3805 3982/13/3820
f 4041/13/3889 3997/13/3846 4048/13/3857
f 3987/13/3880 3988/13/3828 4049/13/3881
f 4010/13/3851 4034/13/3901 3946/13/3852
f 3948/13/3748 4042/13/3905 4013/13/3903
f 4071/13/3921 4027/13/3867 4003/13/3843
f 3996/13/3824 3997/13/3846 4072/13/6500
f 4047/13/3888 4072/13/6500 3997/13/3846
f 4008/13/3872 4017/13/3911 3972/13/3804
f 4019/13/3897 3956/13/3805 4030/13/3870
f 4033/13/3873 3991/13/3849 4077/13/3891
f 4053/13/3930 4011/13/6499 3992/13/3863
f 4066/13/3831 4108/13/3931 3986/13/3821
f 4045/13/3885 4044/13/3883 3966/13/3812
f 4058/13/3972 4014/13/3819 4027/13/3867
f 4004/13/3823 4014/13/3819 4059/13/3942
f 4046/13/3868 4005/13/3833 4070/13/3896
f 4029/13/3910 4060/13/3922 4016/13/3856
f 4061/13/3877 4040/13/3835 4039/13/3887
f 4052/13/3914 4022/13/3927 3999/13/3838
f 4052/13/3914 3999/13/3838 4023/13/3858
f 4035/13/3874 4034/13/3901 4079/13/3892
f 4090/13/3916 4038/13/3822 4037/13/3854
f 4058/13/3972 4068/13/3943 4014/13/3819
f 4059/13/3942 4014/13/3819 4068/13/3943
f 3994/13/3840 4028/13/3920 4057/13/3895
f 4020/13/3871 4076/13/3936 4008/13/3872
f 4086/13/3899 4021/13/3848 4062/13/3898
f 4032/13/3882 4087/13/3926 4050/13/3939
f 4087/13/3926 4049/13/3881 4022/13/3927
f 4077/13/3891 4051/13/3890 4089/13/3998
f 4098/13/3900 4185/13/3985 4034/13/3901
f 4044/13/3883 4054/13/3894 3965/13/3811
f 4091/13/3917 4056/13/3886 3967/13/3865
f 4069/13/3844 4004/13/3823 4059/13/3942
f 4039/13/3887 4056/13/3886 4080/13/3935
f 4093/13/3919 4028/13/3920 4072/13/6500
f 4007/13/3906 4095/13/3907 4081/13/3908
f 4072/13/6500 4082/13/3954 4093/13/3919
f 4047/13/3888 4082/13/3954 4072/13/6500
f 4074/13/3924 4061/13/3877 4103/13/3923
f 4128/13/3979 4030/13/3870 4073/13/3869
f 4131/13/3981 4019/13/3897 4030/13/3870
f 3998/13/3879 4085/13/4012 4020/13/3871
f 4084/13/3925 4008/13/3872 4076/13/3936
f 4032/13/3882 4049/13/3881 4087/13/3926
f 4166/13/4073 4110/13/3941 4093/13/3919 4194/13/3989
f 4078/13/3915 4023/13/3858 4024/13/3859
f 3992/13/3863 4065/13/3902 4144/13/3929
f 4090/13/3916 4037/13/3854 4164/13/3963
f 4057/13/3895 4109/13/3918 4045/13/3885
f 4094/13/3934 4058/13/3972 4027/13/3867
f 4105/13/3977 4060/13/3922 4029/13/3910
f 4073/13/3869 4081/13/3908 4126/13/3980
f 4075/13/3909 4105/13/3977 4029/13/3910
f 4073/13/3869 4126/13/3980 4128/13/3979
f 4030/13/3870 4128/13/3979 4131/13/3981
f 4084/13/3925 4075/13/3909 4017/13/3911
f 4062/13/3898 4019/13/3897 4131/13/3981
f 4132/13/3937 4020/13/3871 4085/13/4012
f 4067/13/3904 4099/13/3876 4042/13/3905
f 4057/13/3895 4093/13/3919 4110/13/3941
f 4080/13/3935 4056/13/3886 4092/13/3933
f 4069/13/3844 4102/13/4019 4070/13/3896
f 4095/13/3907 4070/13/3896 4102/13/4019
f 4095/13/3907 4141/13/3965 4081/13/3908
f 4129/13/3997 4047/13/3888 4096/13/3912
f 4086/13/3899 4106/13/3968 4048/13/3857
f 4009/13/3850 4011/13/6499 4134/13/3970
f 4151/13/3994 4134/13/3970 4011/13/6499
f 4151/13/3994 4011/13/6499 4053/13/3930
f 4137/13/3949 4065/13/3902 4013/13/3903
f 4102/13/4019 4069/13/3844 4152/13/3952
f 4127/13/3955 4047/13/3888 4129/13/3997
f 4085/13/4012 3998/13/3879 4113/13/3956
f 4062/13/3898 4115/13/3958 4086/13/3899
f 4106/13/3968 4114/13/3957 4048/13/3857
f 4087/13/3926 4117/13/3992 4097/13/3938
f 4077/13/3891 4089/13/3998 4118/13/3960
f 4052/13/3914 4119/13/4002 4088/13/3928
f 4122/13/3962 4066/13/3831 4026/13/3864
f 3964/13/3810 4100/13/3932 4099/13/3876
f 4165/13/4015 4054/13/3894 4044/13/3883
f 4109/13/3918 4165/13/4015 4044/13/3883
f 4091/13/3917 4055/13/3884 4123/13/3950
f 4112/13/3946 4074/13/3924 4111/13/3953
f 4083/13/3913 4112/13/3946 4113/13/3956
f 4114/13/3957 4129/13/3997 4096/13/3912
f 4063/13/3860 4033/13/3873 4133/13/3969
f 4138/13/4029 4026/13/3864 4136/13/3940
f 4138/13/4029 4122/13/3962 4026/13/3864
f 4165/13/4015 4109/13/3918 4110/13/3941
f 4068/13/3943 4058/13/3972 4153/13/3973
f 4094/13/3934 4071/13/3921 4104/13/3945
f 4093/13/3919 4082/13/3954 4139/13/3974
f 4111/13/3953 4103/13/3923 4140/13/3964
f 4125/13/3975 4082/13/3954 4127/13/3955
f 4156/13/3990 4112/13/3946 4111/13/3953
f 4098/13/3900 4063/13/3860 4133/13/3969
f 4053/13/3930 4144/13/3929 4151/13/3994
f 4121/13/3961 4145/13/3987 4042/13/3905
f 4123/13/3950 4090/13/3916 4205/13/4034
f 4092/13/3933 4123/13/3950 4146/13/3988
f 4140/13/3964 4080/13/3935 4146/13/3988
f 4148/13/4007 4095/13/3907 4102/13/4019
f 4095/13/3907 4148/13/4007 4141/13/3965
f 4141/13/3965 4167/13/4008 4124/13/3966
f 4128/13/3979 4149/13/3978 4222/13/3982
f 4130/13/3967 4105/13/3977 4075/13/3909
f 4168/13/4011 4113/13/3956 4112/13/3946
f 4129/13/3997 4114/13/3957 4169/13/4047
f 4150/13/3991 4169/13/4047 4114/13/3957
f 4118/13/3960 4089/13/3998 4160/13/3999
f 4144/13/3929 4065/13/3902 4187/13/4027
f 4199/13/4020 4239/13/4089 4284/13/4072 4194/13/3989
f 4104/13/3945 4060/13/3922 4154/13/4009
f 4125/13/3975 4127/13/3955 4155/13/3996
f 4130/13/3967 4084/13/3925 4157/13/4048
f 4158/13/4042 4076/13/3936 4132/13/3937
f 4084/13/3925 4076/13/3936 4158/13/4042
f 4157/13/4048 4084/13/3925 4158/13/4042
f 4159/13/4051 4062/13/3898 4143/13/3983
f 4159/13/4051 4115/13/3958 4062/13/3898
f 4163/13/4004 4064/13/3893 4172/13/4084
f 4204/13/4044 4090/13/3916 4164/13/3963
f 4165/13/4015 4166/13/4073 4193/13/4014
f 4165/13/4015 4110/13/3941 4166/13/4073
f 4146/13/3988 4123/13/3950 4206/13/4035
f 4101/13/3944 4068/13/3943 4218/13/4006
f 4152/13/3952 4196/13/4017 4102/13/4019
f 4094/13/3934 4104/13/3945 4198/13/4038
f 4211/13/4040 4113/13/3956 4168/13/4011
f 4170/13/4045 4169/13/4047 4150/13/3991
f 4143/13/3983 4131/13/3981 4222/13/3982
f 4234/13/4080 4116/13/3959 4115/13/3958
f 4087/13/3926 4247/13/4026 4117/13/3992
f 4183/13/4001 4078/13/3915 4162/13/4003
f 4171/13/3986 4135/13/3971 4034/13/3901
f 4172/13/4084 4064/13/3893 4135/13/3971
f 4137/13/3949 4188/13/4028 4065/13/3902
f 4214/13/4030 4138/13/4029 4136/13/3940
f 4122/13/3962 4138/13/4029 4189/13/4031
f 4121/13/3961 4215/13/4005 4249/13/4133
f 4164/13/3963 4108/13/3931 4204/13/4044
f 4200/13/4056 4126/13/3980 4124/13/3966
f 4126/13/3980 4200/13/4056 4149/13/3978
f 4176/13/4046 4155/13/3996 4129/13/3997
f 4129/13/3997 4169/13/4047 4176/13/4046
f 4105/13/3977 4130/13/3967 4177/13/4078
f 4178/13/4022 4179/13/4023 4085/13/4012
f 4234/13/4080 4180/13/4024 4116/13/3959
f 4160/13/3999 4097/13/3938 4181/13/4025
f 4133/13/3969 4120/13/3947 4184/13/4043
f 4162/13/4003 4107/13/3948 4134/13/3970
f 4121/13/3961 4249/13/4133 4145/13/3987
f 4190/13/4062 4215/13/4005 4099/13/3876
f 4100/13/3932 4190/13/4062 4099/13/3876
f 4193/13/4014 4192/13/4033 4054/13/3894
f 4208/13/4106 4147/13/3951 4195/13/4036
f 4173/13/4016 4147/13/3951 4208/13/4106
f 4196/13/4017 4152/13/3952 4173/13/4016
f 4153/13/3973 4094/13/3934 4262/13/4039
f 4241/13/4055 4124/13/3966 4167/13/4008
f 4199/13/4020 4125/13/3975 4155/13/3996
f 4168/13/4011 4156/13/3990 4201/13/4076
f 4177/13/4078 4175/13/4021 4105/13/3977
f 4205/13/4034 4090/13/3916 4204/13/4044
f 4207/13/4037 4146/13/3988 4206/13/4035
f 4221/13/4112 4209/13/4111 4155/13/3996
f 4176/13/4046 4221/13/4112 4155/13/3996
f 4329/13/4177 4222/13/3982 4149/13/3978
f 4210/13/4138 4177/13/4078 4130/13/3967
f 4203/13/3993 4117/13/3992 4235/13/6501
f 4117/13/3992 4247/13/4026 4235/13/6501
f 4163/13/4004 4214/13/4030 4136/13/3940
f 4137/13/3949 4145/13/3987 4188/13/4028
f 4101/13/3944 4218/13/4006 4195/13/4036
f 4217/13/4088 4174/13/4010 4207/13/4037
f 4219/13/4063 4241/13/4055 4167/13/4008
f 4224/13/4053 4159/13/4051 4213/13/4052
f 4285/13/4122 4148/13/4007 4197/13/4018
f 4252/13/4064 4167/13/4008 4148/13/4007
f 4220/13/4057 4198/13/4038 4154/13/4009
f 4209/13/4111 4274/13/4065 4155/13/3996
f 4211/13/4040 4168/13/4011 4254/13/4091
f 4231/13/4117 4210/13/4138 4130/13/3967
f 4223/13/4049 4231/13/4117 4130/13/3967
f 4182/13/3984 4161/13/4000 4247/13/4026
f 4248/13/4119 4119/13/4002 4183/13/4001
f 4133/13/3969 4308/13/4092 4185/13/3985
f 4237/13/4070 4191/13/4032 4122/13/3962
f 4278/13/4228 4311/13/4211 4188/13/4028 4145/13/3987
f 4242/13/4098 4200/13/4056 4241/13/4055
f 4253/13/4110 4149/13/3978 4200/13/4056
f 4232/13/4115 4230/13/4067 4170/13/4045
f 4212/13/4050 4232/13/4115 4170/13/4045
f 4267/13/4116 4157/13/4048 4158/13/4042
f 4223/13/4049 4157/13/4048 4267/13/4116
f 4224/13/4053 4256/13/4081 4115/13/3958
f 4236/13/4083 4118/13/3960 4391/13/4068
f 4238/13/4071 4227/13/4061 4192/13/4033
f 4193/13/4014 4166/13/4073 4272/13/4096
f 4166/13/4073 4284/13/4072 4272/13/4096
f 4208/13/4106 4195/13/4036 4261/13/4097
f 4240/13/4074 4153/13/3973 4251/13/4165
f 4252/13/4064 4148/13/4007 4285/13/4122
f 4262/13/4039 4251/13/4165 4153/13/3973
f 4315/13/4099 4241/13/4055 4219/13/4063
f 4222/13/3982 4289/13/4160 4233/13/4059
f 4212/13/4050 4180/13/4024 4246/13/4082
f 4202/13/4041 4255/13/6502 4158/13/4042
f 4267/13/4116 4158/13/4042 4255/13/6502
f 4225/13/4060 4185/13/3985 4308/13/4092
f 4258/13/4104 4163/13/4004 4172/13/4084
f 4188/13/4028 4259/13/4094 4187/13/4027
f 4207/13/4037 4206/13/4035 4260/13/4087
f 4173/13/4016 4208/13/4106 4273/13/4107
f 4196/13/4017 4173/13/4016 4314/13/4086
f 4198/13/4038 4220/13/4057 4326/13/4156
f 4230/13/4067 4221/13/4112 4176/13/4046
f 4149/13/3978 4253/13/4110 4329/13/4177
f 4222/13/3982 4329/13/4177 4289/13/4160
f 4265/13/4102 4213/13/4052 4233/13/4059
f 4235/13/6501 4268/13/4128 4203/13/3993
f 4269/13/4118 4183/13/4001 4162/13/4003
f 4257/13/4093 4134/13/3970 4226/13/4069
f 4310/13/4186 4172/13/4084 4225/13/4060
f 4258/13/4104 4214/13/4030 4163/13/4004
f 4252/13/4064 4285/13/4122 4299/13/4135
f 4286/13/4158 4228/13/4058 4275/13/4075
f 4220/13/4057 4229/13/4066 4326/13/4156
f 4243/13/4077 4229/13/4066 4175/13/4021
f 4245/13/4079 4244/13/4013 4291/13/4114
f 4307/13/4126 4202/13/4041 4179/13/4023
f 4181/13/4025 4203/13/3993 4376/13/4129
f 4331/13/4279 4247/13/4026 4161/13/4000
f 4119/13/4002 4277/13/4281 4161/13/4000
f 4277/13/4281 4119/13/4002 4248/13/4119
f 4269/13/4118 4162/13/4003 4257/13/4093
f 4311/13/4211 4259/13/4094 4188/13/4028
f 4322/13/6503 4268/13/4128 4235/13/6501 4247/13/4026
f 4145/13/3987 4249/13/4133 4278/13/4228
f 4249/13/4133 4280/13/4132 4278/13/4228
f 4279/13/4120 4237/13/4070 4189/13/4031
f 4279/13/4120 4191/13/4032 4237/13/4070
f 4271/13/4105 4215/13/4005 4190/13/4062
f 4281/13/4134 4216/13/4054 4250/13/4085
f 4238/13/4071 4272/13/4096 4282/13/4155
f 4218/13/4006 4240/13/4074 4261/13/4097
f 4300/13/4144 4275/13/4075 4260/13/4087
f 4326/13/4156 4229/13/4066 4302/13/4192
f 4290/13/4125 4254/13/4091 4264/13/4090
f 4266/13/4101 4288/13/4124 4232/13/4115
f 4292/13/4147 4179/13/4023 4245/13/4079
f 4202/13/4041 4294/13/4127 4255/13/6502
f 4256/13/4081 4293/13/4161 4234/13/4080
f 4246/13/4082 4234/13/4080 4293/13/4161
f 4256/13/4081 4224/13/4053 4295/13/4149
f 4226/13/4069 4323/13/4283 4309/13/4282 4257/13/4093
f 4322/13/6503 4247/13/4026 4331/13/4279
f 4160/13/3999 4181/13/4025 4296/13/4130
f 4225/13/4060 4308/13/4092 4332/13/6504
f 4226/13/4069 4186/13/3995 4297/13/4131
f 4298/13/4121 4191/13/4032 4279/13/4120
f 4340/13/4143 4260/13/4087 4283/13/4095
f 4301/13/4136 4284/13/4072 4239/13/4089
f 4365/13/4157 4262/13/4039 4198/13/4038
f 4286/13/4158 4275/13/4075 4300/13/4144
f 4264/13/4090 4201/13/4076 4263/13/4100
f 4264/13/4090 4352/13/4199 4290/13/4125
f 4295/13/4149 4224/13/4053 4265/13/4102
f 4307/13/4126 4179/13/4023 4292/13/4147
f 4161/13/4000 4277/13/4281 4331/13/4279
f 4332/13/6504 4362/13/4187 4225/13/4060
f 4362/13/4187 4310/13/4186 4225/13/4060
f 4226/13/4069 4297/13/4131 4323/13/4283
f 4279/13/4120 4270/13/4103 4312/13/4152
f 4215/13/4005 4313/13/4142 4280/13/4132
f 4238/13/4071 4337/13/4173 4227/13/4061
f 4287/13/4123 4327/13/4167 4274/13/4065
f 4350/13/4176 4276/13/4113 4221/13/4112
f 4341/13/4196 4302/13/4192 4229/13/4066
f 4303/13/4137 4350/13/4176 4221/13/4112
f 4243/13/4077 4341/13/4196 4229/13/4066
f 4293/13/4161 4256/13/4081 4321/13/4170
f 4243/13/4077 4210/13/4138 4317/13/4146 4353/13/4271
f 4324/13/4151 4172/13/4084 4310/13/4186
f 4297/13/4131 4259/13/4094 4333/13/4213
f 4335/13/4174 4313/13/4142 4271/13/4105
f 4282/13/4155 4337/13/4173 4238/13/4071
f 4301/13/4136 4274/13/4065 4327/13/4167
f 4349/13/4193 4316/13/4109 4242/13/4098
f 4328/13/4159 4263/13/4100 4228/13/4058
f 4304/13/4139 4303/13/4137 4230/13/4067
f 4317/13/4146 4210/13/4138 4231/13/4117
f 4305/13/4140 4267/13/4116 4330/13/4181
f 4319/13/4204 4265/13/4102 4306/13/4141
f 4255/13/6502 4330/13/4181 4267/13/4116
f 4320/13/4150 4265/13/4102 4319/13/4204
f 4344/13/4208 4256/13/4081 4295/13/4149
f 4321/13/4170 4256/13/4081 4344/13/4208
f 4227/13/4061 4337/13/4173 4271/13/4105
f 4281/13/4134 4250/13/4085 4336/13/4153
f 4382/13/6505 4340/13/4143 4281/13/4134
f 4272/13/4096 4284/13/4072 4339/13/4164
f 4263/13/4100 4410/13/4197 4264/13/4090
f 4253/13/4110 4316/13/4109 4369/13/4201
f 4294/13/4127 4358/13/4182 4255/13/6502
f 4330/13/4181 4255/13/6502 4358/13/4182
f 4236/13/4083 4377/13/4209 4308/13/4092
f 4332/13/6504 4308/13/4092 4377/13/4209
f 4333/13/4213 4259/13/4094 4311/13/4211
f 4336/13/4153 4382/13/6505 4281/13/4134
f 4337/13/4173 4282/13/4155 4381/13/4238
f 4338/13/4154 4381/13/4238 4282/13/4155
f 4261/13/4097 4240/13/4074 4346/13/4214
f 4347/13/4216 4299/13/4135 4285/13/4122
f 4348/13/4189 4219/13/4063 4299/13/4135
f 4349/13/4193 4242/13/4098 4315/13/4099
f 4302/13/4192 4368/13/4191 4326/13/4156
f 4263/13/4100 4328/13/4159 4410/13/4197
f 4352/13/4199 4264/13/4090 4410/13/4197
f 4400/13/4200 4329/13/4177 4253/13/4110
f 4318/13/4148 4357/13/6506 4342/13/4162 4292/13/4147
f 4356/13/4180 4266/13/4101 4343/13/4169
f 4300/13/4144 4325/13/4145 4366/13/4168 4286/13/4158
f 4361/13/4185 4294/13/4127 4307/13/4126
f 4339/13/4164 4338/13/4154 4272/13/4096
f 4273/13/4107 4261/13/4097 4383/13/4215
f 4386/13/4241 4304/13/4139 4288/13/4124 4388/13/4219
f 4328/13/4159 4366/13/4168 4409/13/4231
f 4351/13/4195 4385/13/4190 4302/13/4192
f 4290/13/4125 4370/13/4202 4355/13/4179
f 4291/13/4114 4355/13/4179 4318/13/4148
f 4360/13/4184 4320/13/4150 4319/13/4204
f 4390/13/4207 4295/13/4149 4360/13/4184
f 4321/13/4170 4344/13/4208 4375/13/4222
f 4378/13/4223 4269/13/4118 4257/13/4093
f 4362/13/4187 4332/13/6504 4417/13/4224
f 4323/13/4283 4297/13/4131 4418/13/4226
f 4346/13/4214 4240/13/4074 4394/13/4266
f 4394/13/4266 4240/13/4074 4365/13/4157
f 4349/13/4193 4315/13/4099 4407/13/6507
f 4369/13/4201 4316/13/4109 4411/13/4232
f 4386/13/4241 4303/13/4137 4304/13/4139
f 4438/13/4288 4437/13/4260 4383/13/4215 4346/13/4214
f 4371/13/4205 4330/13/4181 4359/13/4183
f 4374/13/4221 4307/13/4126 4342/13/4162
f 4373/13/4220 4321/13/4170 4375/13/4222
f 4419/13/4172 4258/13/4104 4334/13/4163
f 4393/13/4236 4312/13/4152 4270/13/4103
f 4313/13/4142 4404/13/4249 4280/13/4132
f 4348/13/4189 4299/13/4135 4347/13/4216
f 4326/13/4156 4395/13/4217 4365/13/4157
f 4423/13/4304 4350/13/4176 4303/13/4137
f 4303/13/4137 4398/13/4302 4423/13/4304
f 4399/13/4233 4387/13/4218 4352/13/4199
f 4353/13/4271 4341/13/4196 4243/13/4077
f 4401/13/4274 4388/13/4219 4356/13/4180
f 4371/13/4205 4389/13/4243 4305/13/4140
f 4372/13/4206 4319/13/4204 4413/13/4203
f 4429/13/4307 4277/13/4281 4248/13/4119
f 4332/13/6504 4377/13/4209 4417/13/4224
f 4379/13/4210 4334/13/4163 4324/13/4151
f 4278/13/4228 4280/13/4132 4392/13/4227
f 4404/13/4249 4392/13/4227 4280/13/4132
f 4405/13/4296 4298/13/4121 4363/13/4188
f 4336/13/4153 4298/13/4121 4405/13/4296
f 4381/13/4238 4335/13/4174 4337/13/4173
f 4406/13/4263 4382/13/6505 4336/13/4153
f 4340/13/4143 4382/13/6505 4406/13/4263
f 4395/13/4217 4394/13/4266 4365/13/4157
f 4315/13/4099 4348/13/4189 4407/13/6507
f 4301/13/4136 4367/13/4166 4439/13/4239
f 4408/13/4240 4349/13/4193 4407/13/6507
f 4350/13/4176 4423/13/4304 4396/13/4230
f 4303/13/4137 4473/13/4242 4398/13/4302
f 4306/13/4141 4354/13/4178 4412/13/4234
f 4318/13/4148 4355/13/4179 4357/13/6506
f 4402/13/4245 4342/13/4162 4357/13/6506
f 4416/13/4235 4268/13/4128 4322/13/6503
f 4403/13/4171 4391/13/4068 4461/13/4256
f 4277/13/4281 4429/13/4307 4501/13/4280
f 4248/13/4119 4378/13/4223 4429/13/4307
f 4431/13/4247 4257/13/4093 4309/13/4282
f 4333/13/4213 4380/13/4212 4463/13/4248
f 4363/13/4188 4312/13/4152 4393/13/4236
f 4339/13/4164 4421/13/4237 4338/13/4154
f 4273/13/4107 4383/13/4215 4437/13/4260
f 4273/13/4107 4434/13/4261 4435/13/4262
f 4273/13/4107 4435/13/4262 4364/13/4108
f 4422/13/4250 4314/13/4086 4364/13/4108
f 4436/13/4264 4325/13/4145 4340/13/4143
f 4409/13/4231 4366/13/4168 4486/13/4251
f 4385/13/4190 4440/13/4252 4368/13/4191
f 4399/13/4233 4397/13/4198 4455/13/4332
f 4426/13/4341 4359/13/4183 4428/13/4255
f 4296/13/4130 4376/13/4129 4416/13/4235
f 4416/13/4235 4322/13/6503 4331/13/4279
f 4391/13/4068 4296/13/4130 4500/13/4292
f 4461/13/4256 4391/13/4068 4500/13/4292
f 4377/13/4209 4403/13/4171 4430/13/4257
f 4362/13/4187 4504/13/4225 4523/13/4258
f 4405/13/4296 4406/13/4263 4336/13/4153
f 4396/13/4230 4545/13/4330 4439/13/4239 4367/13/4166
f 4339/13/4164 4449/13/4298 4421/13/4237
f 4438/13/4288 4346/13/4214 4394/13/4266
f 4325/13/4145 4436/13/4264 4486/13/4251
f 4334/13/4163 4462/13/4293 4482/13/4349 4419/13/4172
f 4385/13/4190 4441/13/4270 4489/13/4268
f 4442/13/4269 4410/13/4197 4409/13/4231
f 4456/13/4362 4386/13/4241 4388/13/4219
f 4389/13/4243 4443/13/4272 4317/13/4146
f 4457/13/4273 4357/13/6506 4355/13/4179
f 4371/13/4205 4359/13/4183 4426/13/4341
f 4415/13/4246 4375/13/4222 4459/13/4343
f 4498/13/4345 4361/13/4185 4374/13/4221
f 4445/13/4277 4361/13/4185 4498/13/4345
f 4331/13/4279 4522/13/4278 4416/13/4235
f 4436/13/4264 4406/13/4263 4448/13/4312
f 4452/13/4300 4348/13/4189 4347/13/4216
f 4452/13/4300 4407/13/6507 4348/13/4189
f 4455/13/4332 4397/13/4198 4442/13/4269
f 4412/13/4234 4400/13/4200 4477/13/6508
f 4412/13/4234 4458/13/4366 4413/13/4203
f 4357/13/6506 4457/13/4273 4495/13/4340
f 4357/13/6506 4495/13/4340 4402/13/4245
f 4425/13/4275 4371/13/4205 4426/13/4341
f 4444/13/4276 4459/13/4343 4375/13/4222
f 4392/13/4227 4404/13/4249 4464/13/4285
f 4465/13/4324 4363/13/4188 4447/13/4287
f 4404/13/4249 4420/13/4229 4484/13/4309
f 4335/13/4174 4467/13/4259 4466/13/4295
f 4450/13/4289 4345/13/4175 4468/13/4299
f 4485/13/4376 4408/13/4240 4407/13/6507
f 4408/13/4240 4485/13/4376 4470/13/4317
f 4396/13/4230 4471/13/4356 4545/13/4330
f 4396/13/4230 4423/13/4304 4471/13/4356
f 4472/13/4303 4471/13/4356 4423/13/4304
f 4398/13/4302 4473/13/4242 4472/13/4303
f 4474/13/4358 4424/13/4253 4411/13/4232
f 4341/13/4196 4475/13/4319 4351/13/4195
f 4443/13/4272 4516/13/4360 4353/13/4271
f 4401/13/4274 4456/13/4362 4388/13/4219
f 4413/13/4203 4427/13/4254 4372/13/4206
f 4460/13/4368 4360/13/4184 4427/13/4254
f 4460/13/4368 4390/13/4207 4360/13/4184
f 4460/13/4368 4444/13/4276 4390/13/4207
f 4461/13/4256 4500/13/4292 4478/13/4323
f 4479/13/6509 4429/13/4307 4378/13/4223
f 4479/13/6509 4378/13/4223 4431/13/4247
f 4480/13/6510 4431/13/4247 4432/13/4284
f 4533/13/4387 4449/13/4298 4339/13/4164 4469/13/4267
f 4464/13/4285 4404/13/4249 4483/13/4310
f 4465/13/4324 4405/13/4296 4363/13/4188
f 4506/13/4325 4433/13/4297 4405/13/4296
f 4406/13/4263 4433/13/4297 4507/13/4313
f 4530/13/4314 4435/13/4262 4434/13/4261
f 4389/13/4243 4425/13/4275 4493/13/4361 4443/13/4272
f 4485/13/4376 4407/13/6507 4452/13/4300
f 4454/13/4291 4408/13/4240 4490/13/4316
f 4473/13/4242 4538/13/4335 4472/13/4303
f 4454/13/4291 4474/13/4358 4411/13/4232
f 4353/13/4271 4475/13/4319 4341/13/4196
f 4370/13/4202 4399/13/4233 4491/13/4336
f 4370/13/4202 4491/13/4336 4457/13/4273
f 4512/13/4415 4513/13/4333 4455/13/4332 4442/13/4269
f 4457/13/4273 4492/13/4364 4495/13/4340
f 4413/13/4203 4496/13/4365 4427/13/4254
f 4498/13/4345 4374/13/4221 4402/13/4245
f 4428/13/4255 4358/13/4182 4445/13/4277
f 4459/13/4343 4444/13/4276 4499/13/4367
f 4429/13/4307 4503/13/4407 4502/13/4306
f 4503/13/4407 4429/13/4307 4479/13/6509
f 4479/13/6509 4431/13/4247 4480/13/6510
f 4482/13/4349 4446/13/4286 4419/13/4172
f 4434/13/4261 4437/13/4260 4564/13/4327
f 4509/13/4375 4436/13/4264 4448/13/4312
f 4452/13/4300 4450/13/4289 4543/13/4374
f 4488/13/4315 4453/13/4290 4440/13/4252
f 4442/13/4269 4409/13/4231 4511/13/4331
f 4386/13/4241 4456/13/4362 4550/13/4379 4476/13/4305
f 4399/13/4233 4455/13/4332 4514/13/4334
f 4424/13/4253 4517/13/4359 4477/13/6508 4400/13/4200
f 4547/13/4391 4441/13/4270 4475/13/4319 4549/13/4491
f 4477/13/6508 4458/13/4366 4412/13/4234
f 4518/13/4338 4552/13/4320 4414/13/4244
f 4417/13/4224 4430/13/4257 4601/13/4370
f 4504/13/4225 4417/13/4224 4601/13/4370
f 4432/13/4284 4481/13/4294 4561/13/4425
f 4483/13/4310 4505/13/4308 4464/13/4285
f 4506/13/4325 4526/13/4351 4433/13/4297
f 4467/13/4259 4527/13/4426 4466/13/4295
f 4467/13/4259 4528/13/4311 4527/13/4426
f 4530/13/4314 4434/13/4261 4529/13/4352
f 4532/13/4373 4468/13/4299 4422/13/4250
f 4438/13/4288 4534/13/4520 4508/13/4326
f 4450/13/4289 4468/13/4299 4543/13/4374
f 4534/13/4520 4438/13/4288 4451/13/4265
f 4512/13/4415 4442/13/4269 4511/13/4331
f 4472/13/4303 4538/13/4335 4536/13/4355
f 4441/13/4270 4547/13/4391 4537/13/4318
f 4515/13/4337 4399/13/4233 4514/13/4334
f 4353/13/4271 4516/13/4360 4475/13/4319
f 4477/13/6508 4517/13/4359 4554/13/4399
f 4492/13/4364 4457/13/4273 4491/13/4336
f 4554/13/4399 4458/13/4366 4477/13/6508
f 4495/13/4340 4555/13/4363 4497/13/4339
f 4501/13/6511 4541/13/6512 4559/13/4382
f 4541/13/4423 4501/13/4280 4502/13/4306
f 4530/13/4314 4565/13/4386 4531/13/4353
f 4509/13/4375 4448/13/4312 4604/13/4384
f 4451/13/4265 4510/13/4328 4534/13/4520
f 4487/13/4301 4486/13/4251 4544/13/4329
f 4470/13/4317 4587/13/4566 4490/13/4316
f 4537/13/4318 4547/13/4391 4535/13/4354
f 4538/13/4335 4588/13/4433 4536/13/4355
f 4474/13/4358 4454/13/4291 4548/13/4357
f 4498/13/4345 4575/13/4441 4557/13/4465 4445/13/4277
f 4492/13/4364 4491/13/4336 4551/13/4397
f 4519/13/4342 4493/13/4361 4425/13/4275
f 4558/13/4471 4460/13/4368 4539/13/4369
f 4444/13/4276 4460/13/4368 4558/13/4471
f 4481/13/4294 4505/13/4308 4602/13/4424
f 4525/13/4350 4465/13/4324 4447/13/4287
f 4528/13/4311 4449/13/4298 4563/13/4388
f 4607/13/4522 4508/13/4326 4534/13/4520
f 4452/13/4300 4543/13/4374 4667/13/4409
f 4545/13/4330 4609/13/4431 4469/13/4267
f 4470/13/4317 4485/13/4376 4670/13/4460
f 4489/13/4268 4586/13/4413 4488/13/4315
f 4471/13/4356 4611/13/4389 4545/13/4330
f 4538/13/4335 4568/13/4531 4588/13/4433
f 4569/13/4395 4474/13/4358 4548/13/4357
f 4570/13/4393 4515/13/4337 4514/13/4334
f 4572/13/4396 4549/13/4491 4475/13/4319
f 4571/13/4394 4517/13/4359 4474/13/4358
f 4517/13/4359 4571/13/4394 4554/13/4399
f 4573/13/4419 4553/13/4398 4493/13/4361
f 4519/13/4342 4426/13/4341 4428/13/4255
f 4539/13/4369 4427/13/4254 4496/13/4365
f 4575/13/4441 4498/13/4345 4521/13/4346
f 4499/13/4367 4444/13/4276 4598/13/4467 4576/13/4401
f 4568/13/4531 4538/13/4335 4476/13/4305 4590/13/4417
f 4445/13/4277 4599/13/4402 4428/13/4255
f 4540/13/4322 4500/13/4292 4578/13/4447
f 4601/13/4370 4430/13/4257 4581/13/4383
f 4582/13/4592 4503/13/4407 4479/13/6509
f 4560/13/4371 4523/13/4258 4542/13/4347
f 4583/13/4450 4462/13/4293 4560/13/4371
f 4583/13/4450 4482/13/4349 4462/13/4293
f 4562/13/4595 4465/13/4324 4525/13/4350
f 4526/13/4351 4604/13/4384 4507/13/4313
f 4469/13/4267 4609/13/4431 4533/13/4387
f 4487/13/4301 4544/13/4329 4608/13/4410
f 4546/13/4378 4487/13/4301 4612/13/4411
f 4614/13/4529 4512/13/4415 4511/13/4331
f 4652/13/6513 4654/13/4512 4647/13/4511 4645/13/6514
f 4550/13/4379 4552/13/4320 4591/13/4437
f 4554/13/4399 4592/13/4493 4594/13/4400
f 4594/13/4400 4496/13/4365 4458/13/4366
f 4496/13/4365 4597/13/4444 4539/13/4369
f 4575/13/4441 4521/13/4346 4574/13/4380
f 4596/13/4421 4428/13/4255 4577/13/4403
f 4558/13/4471 4598/13/4467 4444/13/4276
f 4599/13/4402 4445/13/4277 4557/13/4465
f 4522/13/4278 4692/13/4715 4416/13/4235
f 4578/13/4447 4658/13/4448 4540/13/4322
f 4580/13/4405 4478/13/4323 4627/13/4422
f 4661/13/4591 4600/13/4406 4503/13/4407
f 4479/13/6509 4480/13/6510 4582/13/4592
f 4480/13/6510 4432/13/4284 4728/13/4486
f 4432/13/4284 4561/13/4425 4728/13/4486
f 4562/13/4595 4506/13/4325 4465/13/4324
f 4526/13/4351 4506/13/4325 4766/13/4555
f 4584/13/4385 4529/13/4352 4564/13/4327
f 4564/13/4327 4508/13/4326 4605/13/4456
f 4605/13/4456 4508/13/4326 4607/13/4522
f 4608/13/4410 4544/13/4329 4509/13/4375
f 4587/13/4566 4615/13/4699 4490/13/4316
f 4615/13/4699 4566/13/4392 4490/13/4316
f 4616/13/4416 4512/13/4415 4614/13/4529
f 4588/13/4433 4568/13/4531 4637/13/4533
f 4570/13/4393 4513/13/4333 4617/13/4434
f 4570/13/4393 4619/13/4436 4515/13/4337
f 4591/13/4437 4552/13/4320 4518/13/4338
f 4710/13/4439 4555/13/4363 4492/13/4364
f 4573/13/4419 4519/13/4342 4596/13/4421
f 4624/13/4538 4539/13/4369 4623/13/4445
f 4522/13/4278 4626/13/4547 4692/13/4715
f 4626/13/4547 4522/13/4278 4579/13/4404
f 4542/13/4347 4601/13/4370 4628/13/4550
f 4629/13/4553 4582/13/4592 4480/13/6510
f 4695/13/4554 4583/13/4450 4560/13/4371
f 4630/13/4449 4524/13/4348 4482/13/4349
f 4483/13/4310 4663/13/4372 4808/13/4455
f 4766/13/4555 4506/13/4325 4562/13/4595
f 4666/13/4458 4532/13/4373 4531/13/4353
f 4635/13/4558 4608/13/4410 4509/13/4375
f 4488/13/4315 4636/13/4462 4610/13/4412
f 4614/13/4529 4511/13/4331 4546/13/4378
f 4779/13/4650 4535/13/4354 4589/13/4390
f 4638/13/4651 4567/13/4414 4566/13/4392
f 4572/13/4396 4639/13/4492 4549/13/4491
f 4555/13/4363 4711/13/4611 4675/13/4440
f 4595/13/4420 4593/13/4418 4520/13/4344
f 4496/13/4365 4594/13/4400 4597/13/4444
f 4641/13/4466 4575/13/4441 4621/13/4442
f 4680/13/4495 4576/13/4401 4643/13/4468
f 4644/13/4472 4539/13/4369 4624/13/4538
f 4647/13/4504 4648/13/4582 4645/13/4498
f 4684/13/4509 4650/13/6515 4651/13/4507
f 4596/13/4421 4622/13/4443 4679/13/4575 4674/13/6516
f 4656/13/4480 4651/13/6517 4650/13/4478
f 4657/13/4484 4658/13/4448 4578/13/4447
f 4659/13/4675 4579/13/4404 4559/13/4382
f 4659/13/4675 4559/13/4382 4541/13/6512
f 4661/13/4591 4503/13/4407 4582/13/4592
f 4628/13/4550 4601/13/4370 4725/13/4485
f 4560/13/4371 4542/13/4347 4628/13/4550
f 4629/13/4553 4480/13/6510 4728/13/4486
f 4662/13/4454 4524/13/4348 4630/13/4449
f 4662/13/4454 4525/13/4350 4524/13/4348
f 4633/13/4453 4562/13/4595 4525/13/4350
f 4466/13/4295 4729/13/4487 4663/13/4372
f 4584/13/4385 4564/13/4327 4664/13/4488
f 4584/13/4385 4665/13/4597 4634/13/4428
f 4666/13/4458 4531/13/4353 4634/13/4428
f 4563/13/4388 4700/13/4459 4696/13/4408
f 4668/13/4523 4534/13/4520 4510/13/4328
f 4609/13/4431 4669/13/4461 4700/13/4459
f 4612/13/4411 4608/13/4410 4635/13/4558
f 4587/13/4566 4470/13/4317 4671/13/4489
f 4638/13/4651 4566/13/4392 4615/13/4699
f 4672/13/4567 4617/13/4434 4616/13/4416
f 4673/13/4490 4547/13/4391 4549/13/4491
f 4518/13/4338 4593/13/4418 4740/13/4570
f 4573/13/4419 4674/13/6516 4620/13/4438
f 4592/13/4493 4676/13/4494 4594/13/4400
f 4677/13/4613 4497/13/4339 4675/13/4440
f 4497/13/4339 4677/13/4613 4678/13/4464
f 4674/13/6516 4573/13/4419 4596/13/4421
f 4597/13/4444 4676/13/4494 4713/13/4537 4623/13/4445
f 4660/13/4630 4724/13/4588 4627/13/4422 4658/13/4448
f 4642/13/4469 4557/13/4465 4641/13/4466
f 4622/13/4443 4577/13/4403 4681/13/4496
f 4643/13/4468 4598/13/4467 4683/13/4473
f 4715/13/4470 4599/13/4402 4642/13/4469
f 4715/13/4470 4681/13/4496 4577/13/4403
f 4644/13/4472 4683/13/4473 4558/13/4471
f 4648/13/4582 4647/13/4504 4686/13/4506
f 4650/13/6515 4687/13/4502 4649/13/4501
f 4685/13/6518 4645/13/4498 4646/13/4500
f 4656/13/4482 4655/13/4544 4691/13/4546
f 4656/13/4482 4691/13/4546 4835/13/4517
f 4416/13/4235 4692/13/4715 4625/13/4446
f 4541/13/6512 4694/13/6519 4693/13/4673 4659/13/4675
f 4697/13/4640 4699/13/4429 4604/13/4384 4603/13/4427
f 4694/13/4634 4541/13/4423 4600/13/4406
f 4680/13/4495 4712/13/4574 4595/13/4420 4556/13/4381
f 4667/13/4409 4543/13/4374 4701/13/4519
f 4635/13/4558 4509/13/4375 4699/13/4429
f 4585/13/4377 4667/13/4409 4702/13/4526
f 4670/13/4460 4585/13/4377 4702/13/4526
f 4613/13/4432 4588/13/4433 4704/13/4606
f 4587/13/4566 4706/13/4565 4615/13/4699
f 4705/13/4564 4616/13/4416 4614/13/4529
f 4588/13/4433 4637/13/4533 4704/13/4606
f 4589/13/4390 4822/13/4530 4779/13/4650
f 4589/13/4390 4547/13/4391 4822/13/4530
f 4568/13/4531 4707/13/4534 4857/13/4532
f 4618/13/4435 4640/13/4463 4569/13/4395
f 4619/13/4436 4570/13/4393 4708/13/4535
f 4711/13/4611 4555/13/4363 4710/13/4439
f 4740/13/4570 4591/13/4437 4518/13/4338
f 4595/13/4420 4826/13/4612 4593/13/4418
f 4649/13/4479 4688/13/6520 4722/13/6521 4655/13/4477
f 4643/13/4468 4714/13/4573 4680/13/4495
f 4715/13/4470 4642/13/4469 4641/13/4466
f 4717/13/4581 4645/13/4498 4648/13/4582
f 4685/13/6518 4755/13/4584 4719/13/6522
f 4685/13/6518 4646/13/4500 4755/13/4584
f 4651/13/4507 4720/13/4628 4689/13/4508
f 4736/13/4648 4636/13/4462 4586/13/4413 4535/13/4354
f 4653/13/4760 4690/13/4515 4652/13/4514
f 4723/13/4548 4579/13/4404 4659/13/4675
f 4694/13/4634 4600/13/4406 4760/13/4635
f 4631/13/4451 4632/13/4452 4888/13/4637
f 4527/13/4426 4696/13/4408 4729/13/4487
f 4665/13/4597 4584/13/4385 4812/13/4556
f 4634/13/4428 4665/13/4597 4698/13/4518
f 4607/13/4522 4816/13/4521 4605/13/4456
f 4731/13/4527 4668/13/4523 4610/13/4412
f 4612/13/4411 4635/13/4558 4732/13/4559
f 4670/13/4460 4702/13/4526 4733/13/4561
f 4611/13/4389 4613/13/4432 4734/13/4560
f 4762/13/4725 4600/13/4406 4661/13/4591 4764/13/4593
f 4535/13/4354 4779/13/4650 4736/13/4648
f 4637/13/4533 4857/13/4532 4704/13/4606
f 4672/13/4567 4737/13/4608 4617/13/4434
f 4737/13/4608 4708/13/4535 4617/13/4434
f 4591/13/4437 4739/13/4569 4707/13/4534
f 4741/13/4571 4592/13/4493 4571/13/4394
f 4741/13/4571 4742/13/4744 4592/13/4493
f 4676/13/4494 4592/13/4493 4742/13/4744
f 4679/13/4575 4784/13/4658 4674/13/6516
f 4676/13/4494 4742/13/4744 4713/13/4537
f 4744/13/4577 4624/13/4538 4713/13/4537
f 4747/13/4615 4715/13/4470 4641/13/4466
f 4682/13/4497 4681/13/4496 4748/13/4579
f 4749/13/4580 4644/13/4472 4624/13/4538
f 4750/13/4618 4751/13/4666 4683/13/4473
f 4643/13/4468 4683/13/4473 4751/13/4666
f 4687/13/4502 4650/13/6515 4753/13/4669
f 4754/13/4751 4753/13/4669 4650/13/6515
f 4650/13/6515 4684/13/4509 4754/13/4751
f 4600/13/4406 4762/13/4725 4760/13/4635
f 4770/13/4770 4696/13/4408 4700/13/4459 4772/13/4600
f 4765/13/4636 4582/13/4592 4629/13/4553
f 4632/13/4452 4808/13/4455 4888/13/4637
f 4663/13/4372 4767/13/4596 4808/13/4455
f 4729/13/4487 4696/13/4408 4810/13/4772
f 4770/13/4770 4810/13/4772 4696/13/4408
f 4814/13/4457 4605/13/4456 4816/13/4521
f 4751/13/4666 4786/13/4706 4714/13/4573 4643/13/4468
f 4697/13/4640 4815/13/4557 4699/13/4429
f 4774/13/4692 4703/13/4528 4732/13/4559
f 4776/13/4605 4671/13/4489 4733/13/4561
f 4613/13/4432 4778/13/4607 4734/13/4560
f 4781/13/4654 4640/13/4463 4618/13/4435
f 4620/13/4438 4859/13/4799 4639/13/4492
f 4677/13/4613 4675/13/4440 4783/13/4745
f 4674/13/6516 4784/13/4658 4620/13/4438
f 4595/13/4420 4712/13/4574 4826/13/4612
f 4714/13/4573 4785/13/4659 4712/13/4574
f 4743/13/4572 4745/13/4662 4641/13/4466
f 4828/13/4576 4622/13/4443 4682/13/4497
f 4747/13/4615 4641/13/4466 4745/13/4662
f 4653/13/4476 4719/13/4540 4800/13/6523 4802/13/6524
f 4750/13/4618 4683/13/4473 4749/13/4580
f 4787/13/4614 4790/13/4667 4748/13/4579
f 4794/13/4621 4648/13/4582 4686/13/4506
f 4718/13/4585 4756/13/4539 4795/13/4921
f 4797/13/4626 4719/13/6522 4755/13/4584
f 4757/13/4505 4798/13/4712 4686/13/4506
f 4583/13/4450 4842/13/4681 4843/13/4768 4630/13/4449
f 4721/13/4541 4874/13/4758 4757/13/4513
f 4801/13/6525 4720/13/4483 4978/13/4586
f 4804/13/4721 4759/13/4587 4724/13/4588
f 4725/13/4485 4581/13/4383 4763/13/4590
f 4885/13/4728 4628/13/4550 4840/13/4594
f 4885/13/4728 4726/13/4551 4628/13/4550
f 4842/13/4681 4583/13/4450 4695/13/4554
f 4603/13/4427 4766/13/4555 4809/13/4641
f 4812/13/4556 4811/13/4731 4768/13/4598
f 4635/13/4558 4815/13/4557 4995/13/4774
f 4730/13/4525 4817/13/4687 4702/13/4526
f 4732/13/4559 4635/13/4558 4995/13/4774
f 4894/13/4776 4772/13/4600 4847/13/4601
f 4731/13/4527 4775/13/4603 4773/13/4602
f 4734/13/4560 4852/13/4646 4847/13/4601
f 4819/13/4647 4703/13/4528 4774/13/4692
f 4821/13/4843 4638/13/4651 4615/13/4699
f 4707/13/4534 4782/13/4610 4911/13/4652
f 4741/13/4571 4640/13/4463 4781/13/4654
f 4620/13/4438 4825/13/4657 4859/13/4799
f 4783/13/4745 4675/13/4440 4711/13/4611
f 4827/13/4663 4713/13/4537 4742/13/4744
f 4712/13/4574 4860/13/4660 4826/13/4612
f 4788/13/4616 4748/13/4579 4790/13/4667
f 4791/13/4619 4749/13/4580 4746/13/4578
f 4792/13/4665 4750/13/4618 4791/13/4619
f 4795/13/4921 4756/13/4539 4832/13/4922
f 4757/13/4505 4874/13/6526 4798/13/4712
f 4803/13/4629 4657/13/4484 4877/13/4714
f 4659/13/4675 4836/13/4674 4723/13/4548
f 4693/13/4673 4837/13/4678 4836/13/4674
f 4804/13/4721 4838/13/4720 4759/13/4587
f 4760/13/4635 4839/13/4724 4806/13/4631
f 4763/13/4590 4761/13/4549 4886/13/4680
f 4765/13/4636 4727/13/4552 4841/13/4730
f 4602/13/4424 4631/13/4451 4844/13/4638
f 4858/13/4702 4856/13/4649 4822/13/4530 4673/13/4490
f 4843/13/4768 4662/13/4454 4630/13/4449
f 4845/13/4639 4633/13/4453 4662/13/4454
f 4808/13/4455 4767/13/4596 4888/13/4637
f 4810/13/4772 4767/13/4596 4729/13/4487
f 4769/13/4599 4846/13/4733 4698/13/4518
f 4814/13/4457 4893/13/4685 4889/13/4683
f 4770/13/4770 4772/13/4600 5098/13/4777
f 4817/13/4687 4733/13/4561 4702/13/4526
f 4849/13/4691 4774/13/4692 4732/13/4559
f 4848/13/4780 4847/13/4601 4851/13/4781
f 4852/13/4646 4851/13/4781 4847/13/4601
f 4775/13/4603 4853/13/4693 4850/13/4688
f 4778/13/4607 4854/13/4695 4852/13/4646
f 4736/13/4648 4955/13/4791 4820/13/4562
f 4857/13/4532 4906/13/4794 4704/13/4606
f 4672/13/4567 4705/13/4564 4905/13/4697
f 4821/13/4843 4823/13/4701 4638/13/4651
f 4785/13/4659 4714/13/4573 4786/13/4706 4963/13/4848
f 4823/13/4701 4618/13/4435 4638/13/4651
f 4639/13/4492 4859/13/4799 4962/13/4655
f 4743/13/4572 4677/13/4613 4861/13/4705
f 4862/13/4704 4825/13/4657 4784/13/4658
f 4827/13/4663 4864/13/4746 4744/13/4577
f 4744/13/4577 4864/13/4746 4918/13/4805 4746/13/4578
f 4745/13/4662 4863/13/4661 4865/13/4747
f 4828/13/4576 4788/13/4616 4866/13/4803
f 4876/13/6527 4722/13/6521 4688/13/6520 5024/13/6528
f 4792/13/4665 4867/13/4707 4751/13/4666
f 4792/13/4665 4791/13/4619 4870/13/4710
f 4868/13/4708 4787/13/4614 4789/13/4617
f 4868/13/4708 4871/13/4809 4790/13/4667
f 4754/13/4751 4684/13/4509 4873/13/4813
f 4718/13/4585 4873/13/4813 4684/13/4509
f 4832/13/4922 4756/13/4539 4799/13/4623
f 4833/13/4671 5024/13/4864 4688/13/4503
f 4875/13/4713 4689/13/4508 4801/13/4627
f 4759/13/4587 4838/13/4720 4883/13/4877 4932/13/4876
f 4722/13/4545 4876/13/4867 5086/13/4672
f 4878/13/4717 4626/13/4547 4723/13/4548
f 4881/13/4764 4880/13/4718 4805/13/4679
f 4759/13/4587 4932/13/4876 4807/13/4589
f 4913/13/4742 4739/13/4569 4740/13/4570 4916/13/4703
f 4763/13/4590 4886/13/4680 4840/13/4594
f 4727/13/4552 4602/13/4424 4841/13/4730
f 4844/13/4638 4888/13/4637 4936/13/4992
f 4809/13/4641 4766/13/4555 4845/13/4639
f 4811/13/4731 4812/13/4556 4889/13/4683
f 4940/13/6529 4813/13/4642 4892/13/4682
f 4701/13/4519 4813/13/4642 4940/13/6529
f 4732/13/4559 4946/13/4783 4849/13/4691
f 4851/13/4781 4852/13/4646 4952/13/4789
f 4896/13/4786 4902/13/4738 4849/13/4691
f 4852/13/4646 4901/13/4740 4952/13/4789
f 4902/13/4738 4904/13/4793 4819/13/4647
f 4904/13/4793 4705/13/4564 4819/13/4647
f 4821/13/4843 4615/13/4699 4908/13/4698
f 4738/13/4568 4911/13/4652 4910/13/4700
f 4780/13/4609 4912/13/4656 4708/13/4535
f 4782/13/4610 4913/13/4742 4911/13/4652
f 4711/13/4611 4912/13/4656 4914/13/4800
f 5025/13/4756 4928/13/6530 4800/13/4624 4797/13/4626
f 4783/13/4745 4711/13/4611 4914/13/4800
f 4917/13/4743 4827/13/4663 4742/13/4744
f 4866/13/4803 4788/13/4616 4830/13/4668
f 4867/13/4707 4792/13/4665 4920/13/4853
f 4872/13/4711 4791/13/4619 4869/13/4709
f 4871/13/4809 4921/13/4806 4790/13/4667
f 4920/13/4853 4792/13/4665 4923/13/4750
f 4793/13/4620 4716/13/4499 4924/13/4857
f 4717/13/4581 4924/13/4857 4716/13/4499
f 4873/13/4813 4718/13/4585 4795/13/4921
f 4927/13/4754 4797/13/4626 4755/13/4584
f 4898/13/4788 4953/13/4787 4900/13/4737 4897/13/4690
f 4802/13/6524 4800/13/6523 4928/13/6531
f 4929/13/4866 4721/13/4543 4758/13/4542
f 4804/13/4721 4724/13/4588 4980/13/4676
f 4807/13/4589 4932/13/4876 4933/13/4766
f 4764/13/4593 4983/13/4723 4762/13/4725
f 4809/13/4641 4938/13/4880 4697/13/4640
f 4939/13/5005 4892/13/4682 4846/13/4733
f 4770/13/4770 5098/13/4777 4990/13/4771
f 4938/13/4880 4891/13/4684 4697/13/4640
f 4701/13/4519 4940/13/6529 4996/13/4686
f 4995/13/4774 5049/13/6532 4732/13/4559
f 4946/13/4783 4732/13/4559 5049/13/6532
f 4894/13/4776 4847/13/4601 4848/13/4780
f 4895/13/4734 4850/13/4688 4950/13/4785
f 4947/13/4778 4818/13/4645 4945/13/4689
f 4897/13/4690 4947/13/4778 4898/13/4788
f 5007/13/4965 4913/13/4742 4916/13/4703 5172/13/5022
f 4902/13/4738 4896/13/4786 4899/13/4735
f 4954/13/4790 4899/13/4735 4903/13/4739
f 4855/13/4694 4900/13/4737 4956/13/4838
f 4955/13/4791 4736/13/4648 4957/13/4792
f 4704/13/4606 4906/13/4794 4854/13/4695
f 4960/13/4795 4737/13/4608 4905/13/4697
f 4823/13/4701 4821/13/4843 4961/13/4845
f 4909/13/4796 4780/13/4609 4737/13/4608
f 4752/13/4583 4925/13/4814 4924/13/4857 4717/13/4581
f 5009/13/6533 4741/13/4571 4781/13/4654
f 5009/13/6533 4917/13/4743 4741/13/4571
f 4862/13/4704 4915/13/4798 4825/13/4657
f 4963/13/4848 4860/13/4660 4785/13/4659
f 4964/13/4801 4918/13/4805 4864/13/4746
f 5014/13/4852 4829/13/4664 4865/13/4747
f 4829/13/4664 4967/13/4807 4789/13/4617
f 4972/13/4911 4871/13/4809 4970/13/4808
f 4973/13/4811 4870/13/4710 4872/13/4711
f 4976/13/4752 5021/13/4861 4831/13/4670 4753/13/4669
f 4990/13/4771 5037/13/4826 4767/13/4596 4810/13/4772
f 5081/13/4816 4798/13/4712 4874/13/6526
f 4837/13/4678 5088/13/5156 4836/13/4674
f 4981/13/4819 4883/13/4877 4838/13/4720
f 4982/13/4930 4881/13/4764 4882/13/4765
f 4839/13/4724 4983/13/4723 5033/13/4987
f 5033/13/4987 4934/13/4767 4839/13/4724
f 4765/13/4636 4983/13/4723 4764/13/4593
f 4983/13/4723 4765/13/4636 4985/13/4823
f 4840/13/4594 4984/13/4821 4885/13/4728
f 4888/13/4637 5037/13/4826 4936/13/4992
f 4989/13/4825 4809/13/4641 4845/13/4639
f 4866/13/4803 4966/13/4804 5013/13/5026 4965/13/4802
f 4991/13/4832 4846/13/4733 4768/13/4598
f 4846/13/4733 4993/13/4833 4939/13/6534
f 4890/13/4732 4889/13/4683 4994/13/4887
f 4994/13/4887 4889/13/4683 4941/13/4773
f 4892/13/4682 4939/13/5005 4940/13/6529
f 4943/13/4643 4944/13/4644 4942/13/4775
f 5162/13/4835 4896/13/4786 4949/13/4784
f 4948/13/4782 4952/13/4789 4998/13/4956
f 4896/13/4786 4849/13/4691 4949/13/4784
f 4896/13/4786 5162/13/4835 4951/13/4736
f 4947/13/4778 4998/13/4956 4898/13/4788
f 4952/13/4789 4898/13/4788 4998/13/4956
f 4953/13/4787 4956/13/4838 4900/13/4737
f 4956/13/4838 4953/13/4787 5113/13/4897
f 4901/13/4740 5113/13/4897 4953/13/4787
f 4903/13/4739 4955/13/4791 4957/13/4792
f 4904/13/4793 5002/13/4962 4905/13/4697
f 5006/13/5019 4780/13/4609 4909/13/4796
f 4910/13/4700 4911/13/4652 5007/13/4965
f 5006/13/5019 4912/13/4656 4780/13/4609
f 4911/13/4652 4913/13/4742 5007/13/4965
f 4962/13/4655 4859/13/4799 5437/13/4901
f 4860/13/4660 5172/13/5022 4916/13/4703
f 4862/13/4704 5010/13/5120 4915/13/4798
f 4862/13/4704 4965/13/4802 5010/13/5120
f 4964/13/4801 4917/13/4743 5062/13/4904
f 5012/13/4850 4865/13/4747 4863/13/4661
f 4865/13/4747 5012/13/4850 5014/13/4852
f 5065/13/4851 4963/13/4848 4786/13/4706
f 4795/13/4921 5023/13/4918 5019/13/4862 4873/13/4813
f 4919/13/4748 4922/13/4749 4869/13/4709
f 4974/13/4812 4868/13/4708 4971/13/4810
f 4921/13/4806 4871/13/4809 4972/13/4911
f 4973/13/4811 4872/13/4711 4922/13/4749
f 4920/13/4853 4923/13/4750 4975/13/4909
f 4969/13/4854 4920/13/4853 4975/13/4909
f 4793/13/4620 4924/13/4857 5016/13/4859
f 5018/13/4915 5017/13/4858 4924/13/4857
f 5018/13/4915 4924/13/4857 4925/13/6535
f 4925/13/6535 5020/13/4916 5018/13/4915
f 5077/13/4860 4976/13/4752 4873/13/4813
f 5042/13/5006 5098/13/4777 4894/13/4776 5048/13/5008
f 4927/13/4754 4755/13/4584 4977/13/4815
f 4833/13/4671 4831/13/4670 5080/13/4863
f 4978/13/4586 5026/13/4869 5135/13/5446
f 4802/13/6524 5212/13/4759 4653/13/4760
f 5030/13/6536 5029/13/4872 4881/13/4764
f 4982/13/4930 5030/13/6536 4881/13/4764
f 4932/13/4876 5034/13/4933 4933/13/4766
f 5036/13/4936 4884/13/4726 4934/13/4767
f 4935/13/4729 4986/13/4822 4841/13/4730
f 4986/13/4822 4935/13/4729 4988/13/4879
f 5039/13/4948 5038/13/4886 4991/13/4885
f 5038/13/4886 5040/13/4893 4992/13/4884
f 5041/13/4953 5038/13/4886 5039/13/4948
f 5043/13/4946 5038/13/4886 5041/13/4953
f 5041/13/4953 5039/13/4948 5044/13/4950
f 4941/13/4773 4893/13/4685 5047/13/4894
f 5046/13/4954 4996/13/4686 4940/13/6529
f 4995/13/4774 4891/13/4684 5107/13/4947 5049/13/6532
f 4834/13/4755 4927/13/4754 5207/13/5066 5025/13/4756
f 4942/13/4775 4944/13/4644 4895/13/4734
f 5048/13/5008 4894/13/4776 4848/13/4780
f 5049/13/6532 5109/13/5103 4946/13/4783
f 4997/13/4834 5051/13/4779 4945/13/4689
f 4950/13/4785 5110/13/4896 4895/13/4734
f 4999/13/4836 4902/13/4738 4954/13/4790
f 4957/13/4792 5052/13/4959 4903/13/4739
f 4954/13/4790 5053/13/4898 4999/13/4836
f 4956/13/4838 5112/13/4961 5001/13/4839
f 5054/13/4960 4908/13/4698 5001/13/4839
f 5002/13/4962 4960/13/4795 4905/13/4697
f 5004/13/4842 4908/13/4698 5056/13/5017
f 4906/13/4794 5057/13/4900 4959/13/4840
f 4856/13/4649 5058/13/4797 5003/13/4844
f 4906/13/4794 4910/13/4700 5057/13/4900
f 4781/13/4654 4824/13/4653 5059/13/4966
f 5006/13/5019 5008/13/4847 4912/13/4656
f 5061/13/4903 4917/13/4743 5009/13/6533
f 4965/13/4802 5063/13/5028 5010/13/5120
f 5064/13/4906 4964/13/4801 5062/13/4904
f 5065/13/4851 5011/13/4849 4963/13/4848
f 4965/13/4802 5013/13/5026 5063/13/5028
f 5066/13/4905 4919/13/4748 4964/13/4801
f 5121/13/4907 5065/13/4851 4867/13/4707
f 4919/13/4748 5066/13/4905 5067/13/4971
f 5015/13/4856 5013/13/5026 4966/13/4804
f 5067/13/4971 4922/13/4749 4919/13/4748
f 4922/13/4749 5070/13/4972 4973/13/4811
f 5073/13/4913 4923/13/4750 4973/13/4811
f 5077/13/4860 5076/13/5152 5021/13/4861
f 5022/13/5256 4793/13/4620 5016/13/4859
f 5084/13/5354 5211/13/5068 5081/13/4818 4929/13/4757
f 4875/13/4713 5133/13/4925 4799/13/4623
f 4928/13/6530 5025/13/4756 5210/13/6537
f 5082/13/4926 4875/13/4713 4978/13/4817
f 4928/13/6531 5083/13/4983 4802/13/6524
f 5083/13/4983 5212/13/4759 4802/13/6524
f 5085/13/6538 4876/13/6527 5024/13/6528 5134/13/6539
f 4842/13/4681 4887/13/4727 4987/13/4824 5096/13/4990
f 4835/13/4517 5213/13/4761 5026/13/4869
f 4876/13/4867 5085/13/5448 5293/13/4868
f 5087/13/4984 4878/13/4717 4931/13/4763
f 5139/13/4870 4804/13/4721 4980/13/4676
f 5029/13/4872 4837/13/4678 4880/13/4718
f 5028/13/4871 5031/13/4873 4879/13/4719
f 5089/13/4929 5030/13/6536 4982/13/4930
f 5031/13/4873 4883/13/4877 4981/13/4819
f 5035/13/4875 5034/13/4933 4932/13/4876
f 5033/13/4987 4983/13/4723 5091/13/4934
f 5032/13/4874 5036/13/4878 5089/13/4929
f 5129/13/5055 5203/13/6540 5076/13/5152 5077/13/4860
f 4936/13/4992 4988/13/4879 4844/13/4638
f 5097/13/4940 4843/13/4768 4842/13/4681
f 4990/13/4771 5098/13/4777 5037/13/4826
f 5099/13/5093 4994/13/4887 5104/13/5091
f 4994/13/4887 5099/13/5093 5100/13/4888
f 5101/13/5098 5105/13/4949 5039/13/4948
f 4939/13/5005 5103/13/4996 4940/13/6529
f 4941/13/4773 5104/13/5091 4994/13/4887
f 5045/13/5099 4940/13/6529 5103/13/4996
f 4940/13/6529 5045/13/5099 5046/13/4954
f 4949/13/4784 4946/13/4783 5109/13/5103
f 4998/13/4956 5321/13/4957 4948/13/4782
f 5053/13/4898 4903/13/4739 5052/13/4959
f 5112/13/4961 4956/13/4838 5113/13/4897
f 5053/13/4898 5114/13/5114 4999/13/4836
f 5113/13/4897 5000/13/4837 4959/13/4840
f 5055/13/4841 4907/13/4741 5115/13/4963
f 5054/13/4960 5056/13/5017 4908/13/4698
f 4999/13/4836 5114/13/5114 5002/13/4962
f 5116/13/5016 4960/13/4795 5002/13/4962
f 4858/13/4702 5171/13/5020 5058/13/4797
f 4960/13/4795 5006/13/5019 4909/13/4796
f 5358/13/5311 5437/13/4901 4859/13/4799
f 4859/13/4799 4915/13/4798 5358/13/5311
f 5010/13/5120 5358/13/5311 4915/13/4798
f 5172/13/5022 4860/13/4660 5174/13/5023
f 5061/13/4903 5119/13/4968 5062/13/4904
f 5010/13/5120 5063/13/5028 5118/13/5118
f 5011/13/4849 5174/13/5023 4860/13/4660
f 5012/13/4850 4861/13/4705 5060/13/4902
f 5068/13/4908 5014/13/4852 5120/13/4969
f 4969/13/4854 5122/13/5239 5121/13/4907
f 5068/13/4908 5178/13/5031 4968/13/4855
f 5122/13/5239 4969/13/4854 5071/13/4910
f 5015/13/4856 4921/13/4806 5072/13/4912
f 5071/13/4910 4975/13/4909 5074/13/4975
f 5123/13/4973 4971/13/4810 4968/13/4855
f 5073/13/4913 5125/13/4974 4975/13/4909
f 4970/13/4808 5126/13/5035 4972/13/4911
f 5017/13/4858 5018/13/4915 5128/13/4977
f 5018/13/4915 5075/13/4917 5128/13/4977
f 5129/13/5055 5077/13/4860 5019/13/4862 5078/13/5059
f 5127/13/4914 5282/13/5252 5022/13/5256 5016/13/4859
f 5079/13/4920 4926/13/4753 5081/13/4816 5208/13/5069
f 4977/13/4815 4793/13/4620 5022/13/5256
f 5079/13/4920 5286/13/4978 4925/13/4814
f 5131/13/5065 5080/13/4863 5021/13/4861
f 5035/13/4931 5031/13/4873 5141/13/6541 5090/13/6542
f 5132/13/4980 4832/13/4922 4799/13/4623
f 5134/13/4924 5080/13/4863 5131/13/5065
f 4799/13/4623 5133/13/4925 5132/13/4980
f 5210/13/6537 5083/13/6543 4928/13/6530
f 4979/13/4716 5137/13/4985 4877/13/4714
f 5140/13/5159 5030/13/6536 5089/13/4929
f 5154/13/4997 4939/13/5005 4993/13/6544 5153/13/5089
f 4984/13/4821 5143/13/4986 5145/13/5077
f 4984/13/4821 5145/13/5077 4987/13/4824
f 5036/13/4878 5092/13/6545 5094/13/4937
f 5092/13/6545 5146/13/6546 5094/13/4937
f 4986/13/4822 5147/13/4989 4985/13/4823
f 5095/13/4938 5146/13/6547 5092/13/4935
f 4988/13/4879 5147/13/4989 4986/13/4822
f 4936/13/4992 5148/13/5172 4988/13/4879
f 5097/13/4940 5149/13/4993 4937/13/4769
f 4937/13/4769 5150/13/4994 4989/13/4825
f 5152/13/6548 5100/13/6549 5099/13/6550
f 5152/13/5094 5234/13/5001 5100/13/5000
f 5013/13/5026 5015/13/4856 5177/13/5237 5175/13/5027
f 5155/13/5003 4993/13/5002 5102/13/6551
f 5104/13/5091 4941/13/4773 5047/13/4894
f 5236/13/5096 5047/13/4894 5050/13/4895
f 5105/13/4949 5157/13/5110 5044/13/4950
f 5159/13/5011 5106/13/4951 5043/13/4946
f 5109/13/5103 5049/13/6532 5107/13/4947
f 5046/13/4954 5156/13/5108 5051/13/4779
f 5158/13/4955 5051/13/4779 5156/13/5108
f 5320/13/5102 4949/13/4784 5109/13/5103
f 5051/13/4779 4997/13/4834 5046/13/4954
f 5048/13/5008 4948/13/4782 5238/13/5012
f 5041/13/4953 5044/13/4950 5161/13/5010
f 5162/13/4835 5160/13/5106 5110/13/4896
f 5114/13/5114 5053/13/4898 5052/13/4959
f 5112/13/4961 5113/13/4897 5166/13/5209
f 4959/13/4840 5166/13/5209 5113/13/4897
f 5054/13/4960 5165/13/5014 5056/13/5017
f 5112/13/4961 5166/13/5209 5165/13/5014
f 5114/13/5114 5167/13/5015 5002/13/4962
f 4959/13/4840 5169/13/5217 5166/13/5209
f 5115/13/4963 5003/13/4844 5168/13/5115
f 5169/13/5217 4959/13/4840 5057/13/4900
f 5003/13/4844 5058/13/4797 5168/13/5115
f 5170/13/5018 4961/13/4845 5004/13/4842
f 5058/13/4797 5171/13/5020 5168/13/5115
f 5170/13/5018 5249/13/4964 4961/13/4845
f 5117/13/4967 5009/13/6533 4781/13/4654
f 5173/13/5232 5060/13/4902 5008/13/4847
f 5174/13/5023 5011/13/4849 5370/13/5323
f 5066/13/4905 5257/13/5029 5067/13/4971
f 5147/13/4989 4988/13/4879 5148/13/5172 5226/13/5171
f 5176/13/5030 5069/13/4970 5067/13/4971
f 5072/13/4912 4972/13/4911 5126/13/5035
f 5125/13/4974 5260/13/5127 5074/13/4975
f 5182/13/5037 4974/13/4812 5123/13/4973
f 5269/13/5040 5183/13/5039 5270/13/5136
f 5183/13/5039 5184/13/5045 5270/13/5136
f 5186/13/5041 5271/13/5138 5268/13/5042
f 5187/13/5139 5188/13/5038 5269/13/5040
f 5191/13/5048 5188/13/5038 5187/13/5139
f 5189/13/5141 5186/13/5041 5192/13/5047
f 5193/13/5046 5185/13/5043 5275/13/5142
f 5188/13/5038 5194/13/5051 5183/13/5039
f 5194/13/5051 5196/13/5149 5183/13/5039
f 5199/13/5148 5200/13/5056 5194/13/5051
f 5127/13/5057 5200/13/5056 5199/13/5148
f 5129/13/6552 5201/13/6553 5203/13/6554
f 5204/13/5061 5078/13/4919 5284/13/5062
f 5075/13/4917 5020/13/4916 5205/13/5343
f 5076/13/5152 5206/13/5064 5021/13/4861
f 5286/13/4978 5205/13/5343 5020/13/4916
f 5132/13/4980 5130/13/4979 5023/13/4918
f 5207/13/5066 5209/13/5351 5025/13/4756
f 5025/13/4756 5209/13/5351 5210/13/5350
f 5086/13/4672 5293/13/4868 5213/13/4761
f 5137/13/4985 4979/13/4716 5214/13/5070
f 4836/13/4674 5088/13/5156 5391/13/5071
f 5088/13/5156 4837/13/4678 5215/13/5072
f 5217/13/5262 5029/13/4872 5030/13/6536
f 5216/13/5073 5218/13/5075 5031/13/4873
f 5140/13/5159 5217/13/5262 5030/13/6536
f 5144/13/4988 5142/13/5162 5091/13/4934
f 5090/13/4932 5220/13/5078 5034/13/4933
f 5141/13/6541 5221/13/6555 5090/13/6542
f 5222/13/5082 5094/13/5160 5146/13/5080
f 5143/13/4986 5034/13/4933 5223/13/5079
f 5090/13/6542 5221/13/6555 5220/13/6556
f 5095/13/6557 5225/13/5167 5224/13/5169
f 5095/13/4938 5093/13/4939 5225/13/5164
f 5009/13/6533 5117/13/4967 5252/13/5233 5061/13/4903
f 4936/13/4992 5227/13/4991 5148/13/5172
f 5149/13/4993 5228/13/5174 5150/13/4994
f 5037/13/4826 5229/13/4995 5227/13/4991
f 5230/13/5285 4938/13/4880 5150/13/4994
f 5152/13/6558 5099/13/5088 5231/13/5087
f 5233/13/4998 5154/13/4997 5232/13/5090
f 5230/13/5285 5107/13/4947 4938/13/4880
f 5235/13/5100 5103/13/4996 5233/13/4998
f 5156/13/5108 5045/13/5099 5235/13/5100
f 5404/13/5284 5320/13/5102 5107/13/4947
f 5238/13/5012 5311/13/5009 5048/13/5008
f 5105/13/4949 5240/13/5290 5157/13/5110
f 5156/13/5108 5046/13/4954 5045/13/5099
f 5110/13/4896 5416/13/5107 5050/13/4895
f 5160/13/5106 5162/13/4835 5320/13/5102
f 5163/13/5112 5159/13/5011 5108/13/4952
f 5242/13/5192 5159/13/5011 5163/13/5112
f 5244/13/5113 5245/13/5194 5243/13/5111
f 5163/13/5112 5243/13/5111 5246/13/5195
f 5168/13/5115 5171/13/5020 5348/13/5214
f 5248/13/5405 5249/13/4964 5170/13/5018
f 5250/13/4899 5007/13/4965 5355/13/5221
f 5370/13/5323 5011/13/4849 5065/13/4851 5255/13/5123
f 5010/13/5120 5366/13/5119 5358/13/5311
f 5254/13/5124 5012/13/4850 5060/13/4902
f 5064/13/4906 5119/13/4968 5368/13/5024
f 5072/13/4912 5258/13/5126 5177/13/5237 5015/13/4856
f 5120/13/4969 5012/13/4850 5254/13/5124
f 5178/13/5031 5120/13/4969 5256/13/5125
f 5266/13/5134 5272/13/5143 5185/13/5043 5268/13/5042
f 5071/13/4910 5259/13/5033 5122/13/5239
f 5074/13/4975 5260/13/5127 5259/13/5033
f 5262/13/5128 5125/13/4974 5263/13/5133
f 5125/13/4974 5073/13/4913 5264/13/5131
f 5265/13/5135 5182/13/5037 5261/13/5130
f 5265/13/5132 5267/13/5137 5126/13/5035
f 5268/13/5042 5264/13/5131 5266/13/5134
f 5271/13/5138 5263/13/5133 5264/13/5131
f 5269/13/5040 5270/13/5136 5265/13/5135
f 5270/13/5136 5184/13/5045 5267/13/5137
f 5275/13/5142 5277/13/5432 5197/13/5052 5193/13/5046
f 5189/13/5141 5192/13/5047 5274/13/5246
f 5190/13/5044 5183/13/5039 5196/13/5149
f 5197/13/5052 5459/13/5248 5203/13/6554 5201/13/6553
f 5278/13/5247 5192/13/5047 5279/13/5146
f 5201/13/5054 5202/13/5053 5198/13/5050 5197/13/5052
f 5220/13/6556 5221/13/6555 5302/13/6559 5305/13/6560
f 5204/13/6561 5279/13/5146 5198/13/5050
f 5198/13/5050 5202/13/6562 5204/13/6561
f 5282/13/5252 5127/13/4914 5199/13/5147
f 5462/13/6563 5128/13/4977 5075/13/4917
f 5075/13/4917 5205/13/5343 5283/13/5342
f 5076/13/5152 5384/13/5151 5206/13/5064
f 5022/13/5256 5282/13/5252 5285/13/5255
f 5289/13/4923 4977/13/4815 5022/13/5256
f 5079/13/4920 5290/13/5154 5286/13/4978
f 5208/13/5069 5211/13/5068 5470/13/5444
f 5134/13/4924 5291/13/5067 5471/13/5352
f 5213/13/4761 5293/13/4868 5292/13/5578
f 5213/13/4761 5477/13/5577 5026/13/4869
f 4930/13/4762 5294/13/5582 5214/13/5070
f 5294/13/5582 4930/13/4762 5087/13/4984
f 5295/13/5454 5028/13/4871 5139/13/4870
f 5295/13/5454 5216/13/5073 5028/13/4871
f 5298/13/5267 5221/13/5266 5141/13/5074
f 5142/13/5162 5093/13/4939 5091/13/4934
f 5143/13/4986 5299/13/5163 5219/13/5076
f 5147/13/4989 5301/13/5161 5144/13/4988
f 5417/13/5109 5406/13/6564 5238/13/5012 5321/13/4957
f 5093/13/4939 5304/13/5269 5300/13/5165
f 5308/13/5275 5306/13/6565 5225/13/6566
f 5308/13/6567 5225/13/5164 5300/13/5165
f 5145/13/5077 5307/13/5362 5096/13/4990
f 5301/13/5161 5147/13/4989 5226/13/5171
f 5149/13/4993 5097/13/4940 5096/13/4990
f 5096/13/4990 5309/13/5173 5149/13/4993
f 5227/13/4991 5310/13/5175 5226/13/5171
f 5229/13/4995 5311/13/5009 5310/13/5175
f 5230/13/5285 5150/13/4994 5228/13/5174
f 5312/13/5176 5151/13/5092 5104/13/5091
f 5232/13/6568 5317/13/5288 5315/13/5287
f 5233/13/4998 5232/13/5090 5315/13/5180
f 5231/13/5087 5151/13/5086 5314/13/6569
f 5232/13/6570 5153/13/5004 5317/13/5184
f 5419/13/6571 5317/13/6572 5155/13/5190
f 5236/13/5096 5411/13/5189 5104/13/5091
f 5419/13/6571 5155/13/5190 5319/13/5191
f 5415/13/5187 5156/13/5108 5235/13/5100
f 5404/13/5284 5107/13/4947 5230/13/5285
f 5406/13/6564 5311/13/5009 5238/13/5012
f 5236/13/5096 5416/13/5107 5413/13/5188
f 5244/13/5113 5323/13/6573 5328/13/5201 5326/13/5196
f 5319/13/5191 5106/13/4951 5239/13/5104
f 5237/13/5101 5240/13/5290 5105/13/4949
f 5321/13/4957 5158/13/4955 5417/13/5109
f 5242/13/5192 5241/13/5105 5159/13/5011
f 5157/13/5110 5323/13/6573 5244/13/5113
f 5324/13/5193 5163/13/5112 5246/13/5195
f 5246/13/5195 5325/13/5399 5324/13/5193
f 5245/13/5194 5327/13/5197 5246/13/5195
f 5246/13/5195 5329/13/5198 5325/13/5399
f 5249/13/4964 5248/13/5405 5352/13/5313 5059/13/4966
f 5330/13/5211 5327/13/5197 5326/13/5196
f 5331/13/5199 5246/13/5195 5327/13/5197
f 5326/13/5196 5332/13/5212 5330/13/5211
f 5330/13/5211 5334/13/5216 5327/13/5197
f 5327/13/5197 5334/13/5216 5331/13/5199
f 5335/13/5303 5341/13/5203 5328/13/5201
f 5338/13/5207 5165/13/5014 5166/13/5209
f 5167/13/5015 5114/13/5114 5164/13/5013
f 5339/13/5208 5164/13/5013 5337/13/5204
f 5331/13/5199 5334/13/5216 5344/13/5205
f 5169/13/5217 5340/13/5210 5166/13/5209
f 5341/13/5203 5343/13/5215 5330/13/5211
f 5248/13/5405 5170/13/5018 5342/13/5213
f 5348/13/5214 5345/13/5304 5247/13/5116
f 5346/13/5226 5334/13/5216 5343/13/5215
f 5334/13/5216 5346/13/5226 5344/13/5205
f 5347/13/5218 5336/13/5206 5344/13/5205
f 5335/13/5303 5349/13/5223 5341/13/5203
f 5349/13/5223 5343/13/5215 5341/13/5203
f 5351/13/5220 5344/13/5205 5346/13/5226
f 5346/13/5226 5360/13/5225 5361/13/5228 5351/13/5220
f 5353/13/5315 5354/13/5222 5349/13/5223
f 5350/13/5219 5356/13/5227 5347/13/5218
f 5355/13/5221 5007/13/4965 5582/13/5117
f 5353/13/5315 5359/13/5314 5354/13/5222
f 5361/13/5228 5356/13/5227 5350/13/5219
f 5354/13/5222 5363/13/5230 5343/13/5215
f 5351/13/5220 5361/13/5228 5350/13/5219
f 5359/13/5314 5364/13/5231 5354/13/5222
f 5060/13/4902 5367/13/5318 5369/13/5326 5254/13/5124
f 5172/13/5022 5251/13/5021 5365/13/5490
f 5367/13/5318 5060/13/4902 5173/13/5232
f 5174/13/5023 5370/13/5323 5447/13/5234
f 5190/13/5044 5196/13/5149 5280/13/5436 5276/13/5508
f 5372/13/5238 5255/13/5123 5121/13/4907
f 5374/13/5240 5179/13/5032 5178/13/5031
f 5374/13/5240 5376/13/5242 5179/13/5032
f 5267/13/5137 5181/13/5036 5126/13/5035
f 5455/13/5129 5266/13/6574 5124/13/4976
f 5377/13/5140 5269/13/5040 5261/13/5130
f 5271/13/5138 5262/13/5128 5263/13/5133
f 5379/13/5244 5187/13/5139 5377/13/5140
f 5184/13/5045 5380/13/5334 5267/13/5137
f 5271/13/5138 5189/13/5141 5274/13/5246
f 5190/13/5044 5380/13/5334 5184/13/5045
f 5381/13/6575 5191/13/5048 5273/13/5144
f 5381/13/6575 5545/13/5431 5191/13/5048
f 5382/13/5145 5191/13/5048 5545/13/5431
f 5363/13/5230 5364/13/5231 5445/13/5408 5446/13/5322
f 5197/13/5052 5277/13/5432 5281/13/5249
f 5383/13/5251 5384/13/5151 5203/13/5150
f 5075/13/4917 5283/13/5342 5462/13/5434
f 5282/13/5252 5385/13/5340 5285/13/5255
f 5386/13/5341 5205/13/5343 5286/13/4978
f 5130/13/4979 5387/13/5257 5288/13/5153
f 5291/13/5067 5131/13/5065 5469/13/5347
f 5136/13/4982 5083/13/4983 5389/13/5521
f 5213/13/4761 5292/13/5578 5477/13/5577
f 5029/13/4872 5392/13/5263 5296/13/5157
f 5297/13/5158 5481/13/5264 5140/13/5159
f 5218/13/5075 5482/13/5359 5141/13/5074
f 5482/13/5359 5298/13/5267 5141/13/5074
f 5301/13/5161 5304/13/5269 5142/13/5162
f 5394/13/6576 5305/13/6577 5302/13/6578
f 5307/13/5362 5145/13/5077 5219/13/5076
f 5394/13/5271 5395/13/6579 5305/13/6580
f 5306/13/6565 5308/13/5275 5396/13/5274
f 5304/13/5269 5301/13/5161 5397/13/5365
f 5395/13/6581 5399/13/5367 5305/13/5166
f 5309/13/5173 5096/13/4990 5307/13/5362
f 5399/13/5367 5299/13/5163 5305/13/5166
f 5398/13/6582 5308/13/6567 5300/13/5165
f 5226/13/5171 5402/13/5364 5301/13/5161
f 5300/13/5165 5401/13/5371 5398/13/6582
f 5300/13/5165 5304/13/5269 5401/13/5371
f 5398/13/6582 5401/13/5371 5400/13/6583
f 5402/13/5364 5226/13/5171 5403/13/5379
f 5310/13/5175 5403/13/5379 5226/13/5171
f 5309/13/5173 5404/13/5284 5228/13/5174
f 5311/13/5009 5406/13/6564 5310/13/5175
f 5312/13/5176 5407/13/5380 5408/13/5279
f 5316/13/6584 5410/13/5286 5405/13/5388
f 5316/13/5181 5500/13/5278 5414/13/5182
f 5312/13/5176 5411/13/5189 5407/13/5380
f 5504/13/5389 5314/13/5392 5313/13/5177
f 5320/13/5102 5404/13/5284 5412/13/5386
f 5320/13/5102 5412/13/5386 5416/13/5107
f 5418/13/5291 5419/13/6571 5319/13/5191
f 5418/13/5291 5319/13/5191 5239/13/5104
f 5423/13/5293 5420/13/5289 5421/13/5394
f 5420/13/5289 5423/13/5293 5240/13/5290
f 5424/13/5294 5422/13/5292 5241/13/5105
f 5423/13/5293 5323/13/6573 5157/13/5110
f 5322/13/5296 5242/13/5192 5324/13/5193
f 5324/13/5193 5325/13/5399 5428/13/5297
f 5427/13/5299 5328/13/5201 5323/13/6573
f 5430/13/5301 5329/13/5198 5333/13/5200
f 5430/13/5301 5333/13/5200 5336/13/5206
f 5517/13/5307 5336/13/5206 5347/13/5218
f 5432/13/5400 5349/13/5223 5335/13/5303
f 5356/13/5227 5517/13/5307 5347/13/5218
f 5167/13/5015 5006/13/5019 5116/13/5016
f 5348/13/5214 5171/13/5020 5345/13/5304
f 5432/13/5400 5353/13/5315 5349/13/5223
f 5171/13/5020 5437/13/4901 5580/13/5309
f 5436/13/5483 5434/13/5306 5356/13/5227
f 5436/13/5483 5356/13/5227 5362/13/5229
f 5172/13/5022 5365/13/5490 5582/13/5117
f 5439/13/5319 5173/13/5232 5357/13/5224
f 5358/13/5311 5366/13/5119 5440/13/6585
f 5443/13/5321 5360/13/5225 5363/13/5230
f 5360/13/5225 5444/13/5320 5361/13/5228
f 5251/13/5021 5447/13/5234 5365/13/5490
f 5133/13/4925 5082/13/4926 5473/13/5260 5472/13/5348
f 5447/13/5234 5370/13/5323 5449/13/5325
f 5064/13/4906 5448/13/5025 5450/13/5327
f 5370/13/5323 5255/13/5123 5647/13/5324
f 5258/13/5126 5452/13/5330 5373/13/5236
f 5453/13/5329 5372/13/5238 5259/13/5033
f 5454/13/5331 5452/13/5330 5181/13/5036
f 5266/13/6574 5455/13/5129 5456/13/5245
f 5456/13/5245 5272/13/5143 5266/13/6574
f 5380/13/5334 5454/13/5331 5267/13/5137
f 5542/13/5427 5381/13/6575 5273/13/5144
f 5458/13/5433 5275/13/5142 5543/13/5332
f 5542/13/5427 5545/13/5431 5381/13/6575
f 5276/13/5508 5457/13/5333 5190/13/5044
f 5275/13/5142 5458/13/5433 5277/13/5432
f 5382/13/5145 5545/13/5431 5546/13/5338
f 5462/13/5254 5280/13/5436 5196/13/5149
f 5464/13/5339 5460/13/5336 5279/13/5146
f 5461/13/5337 5282/13/5252 5382/13/5145
f 5383/13/5564 5547/13/5626 5384/13/5151
f 5462/13/5434 5283/13/5342 5463/13/5435
f 5204/13/5061 5284/13/5062 5464/13/5339
f 5384/13/5151 5547/13/5626 5465/13/5513
f 5385/13/5340 5549/13/5439 5285/13/5255
f 5465/13/5513 5206/13/5064 5384/13/5151
f 5550/13/5438 5284/13/5062 5288/13/5153
f 5285/13/5255 5467/13/5259 5289/13/4923
f 5207/13/5066 5553/13/5442 5209/13/5351
f 5471/13/5352 5291/13/5067 5469/13/5347
f 5210/13/6537 5474/13/5349 5475/13/5571 5083/13/6543
f 5427/13/5299 5323/13/6573 5509/13/5471 5511/13/5470
f 5473/13/5260 5135/13/4981 5476/13/5572
f 5389/13/5521 5083/13/6586 5475/13/5575
f 5085/13/5519 5134/13/4924 5613/13/5353
f 5292/13/5578 5293/13/4868 5478/13/5449
f 5479/13/5523 5087/13/4984 5390/13/5261
f 5391/13/5071 5215/13/5072 5558/13/5450
f 5480/13/5452 5295/13/5454 5139/13/4870
f 5218/13/5075 5216/13/5073 5560/13/5453
f 5393/13/5272 5302/13/5265 5298/13/5267
f 5306/13/5270 5396/13/5274 5484/13/5360
f 5299/13/5163 5307/13/5362 5219/13/5076
f 5485/13/5361 5395/13/6579 5394/13/5271
f 5485/13/6587 5399/13/6588 5395/13/6589
f 5485/13/5361 5489/13/5369 5399/13/6590
f 5309/13/5173 5307/13/5362 5487/13/5376
f 5493/13/5363 5487/13/5376 5307/13/5362
f 5493/13/5363 5299/13/5163 5488/13/5366
f 5401/13/5371 5494/13/6591 5400/13/6583
f 5489/13/5369 5495/13/5383 5492/13/5373
f 5496/13/5378 5491/13/5372 5402/13/5364
f 5493/13/5363 5499/13/5377 5487/13/5376
f 5497/13/5375 5488/13/5366 5492/13/5373
f 5401/13/5371 5498/13/6592 5494/13/6591
f 5492/13/5373 5495/13/5383 5497/13/5375
f 5498/13/5462 5621/13/5460 5494/13/5374
f 5497/13/5375 5408/13/5279 5407/13/5380
f 5495/13/5383 5408/13/5279 5497/13/5375
f 5493/13/5363 5407/13/5380 5499/13/5377
f 5405/13/5277 5498/13/5381 5500/13/5278
f 5496/13/5378 5501/13/5384 5491/13/5372
f 5412/13/5386 5499/13/5377 5407/13/5380
f 5414/13/5182 5500/13/5278 5501/13/5384
f 5406/13/6564 5403/13/5379 5310/13/5175
f 5313/13/5177 5409/13/5280 5502/13/5385
f 5496/13/5378 5403/13/5379 5406/13/6564
f 5407/13/5380 5411/13/5189 5413/13/5188
f 5417/13/5109 5501/13/5384 5496/13/5378
f 5499/13/5377 5412/13/5386 5404/13/5284
f 5415/13/5187 5414/13/5182 5501/13/5384
f 5416/13/5107 5412/13/5386 5413/13/5188
f 5417/13/5109 5415/13/5187 5501/13/5384
f 5406/13/6564 5417/13/5109 5496/13/5378
f 5419/13/5467 5505/13/5390 5317/13/5288
f 5421/13/5394 5420/13/5289 5506/13/5393
f 5507/13/6593 5418/13/5291 5422/13/5292
f 5425/13/5295 5422/13/5292 5424/13/5294
f 5509/13/5471 5423/13/5293 5508/13/5395
f 5423/13/5293 5509/13/5471 5323/13/6573
f 5425/13/5295 5322/13/5296 5426/13/5396
f 5519/13/5481 5518/13/5403 5345/13/5304 5580/13/5309
f 5513/13/5300 5512/13/5398 5325/13/5399
f 5513/13/5300 5325/13/5399 5329/13/5198
f 5515/13/5476 5430/13/5301 5336/13/5206
f 5335/13/5303 5431/13/5302 5516/13/5401
f 5576/13/5402 5515/13/5476 5336/13/5206
f 5518/13/5403 5337/13/5204 5345/13/5304
f 5433/13/5305 5248/13/5405 5342/13/5213
f 5599/13/5425 5455/13/5129 5375/13/5241 5539/13/5420
f 5433/13/5305 5340/13/5210 5521/13/5310
f 5520/13/5404 5352/13/5313 5248/13/5405
f 5438/13/5312 5580/13/5309 5437/13/4901
f 5432/13/5400 5523/13/5494 5353/13/5315
f 5522/13/5406 5117/13/4967 5352/13/5313
f 5438/13/5312 5358/13/5311 5440/13/6585
f 5441/13/5316 5353/13/5315 5523/13/5494
f 5524/13/5543 5440/13/6585 5366/13/5119
f 5366/13/5119 5118/13/5118 5524/13/5543
f 5365/13/5490 5447/13/5234 5588/13/5491
f 5118/13/5118 5526/13/5122 5524/13/5543
f 5445/13/5408 5364/13/5231 5441/13/5316
f 5442/13/5317 5444/13/5320 5528/13/5413
f 5528/13/5413 5530/13/5496 5442/13/5317
f 5531/13/5412 5445/13/5408 5529/13/5495
f 5446/13/5322 5536/13/5499 5443/13/5321
f 5528/13/5413 5444/13/5320 5443/13/5321
f 5534/13/5417 5371/13/5235 5369/13/5326
f 5537/13/5416 5256/13/5125 5371/13/5235
f 5538/13/5422 5374/13/5240 5256/13/5125
f 5539/13/5420 5375/13/5241 5176/13/5030
f 5453/13/5329 5540/13/5424 5595/13/5421
f 5376/13/5242 5374/13/5240 5597/13/5423
f 5502/13/5385 5566/13/5461 5567/13/5463 5504/13/5389
f 5597/13/5423 5379/13/5244 5376/13/5242
f 5378/13/5243 5540/13/5424 5262/13/5128
f 5274/13/5246 5600/13/5503 5378/13/5243
f 5379/13/5244 5656/13/5428 5273/13/5144
f 5380/13/5334 5457/13/5333 5541/13/5426
f 5544/13/5335 5600/13/5503 5274/13/5246
f 5661/13/5563 5544/13/5335 5278/13/5247
f 5661/13/5563 5278/13/5247 5460/13/5336
f 5281/13/5249 5383/13/5564 5459/13/5248
f 5461/13/5337 5549/13/5512 5385/13/5340
f 5607/13/5441 5287/13/5063 5206/13/5064
f 5388/13/5258 5552/13/5515 5387/13/5257
f 5554/13/5443 5466/13/5344 5290/13/5154
f 5556/13/5447 5135/13/5446 5026/13/4869
f 5026/13/4869 5477/13/5577 5556/13/5447
f 5217/13/5262 5561/13/5455 5392/13/5263
f 5222/13/5082 5563/13/5457 5297/13/5158
f 5483/13/5358 5393/13/5272 5298/13/5267
f 5393/13/5272 5564/13/5586 5485/13/5361
f 5490/13/5370 5486/13/5458 5396/13/5274
f 5565/13/5459 5495/13/5383 5489/13/5369
f 5566/13/5461 5502/13/5385 5495/13/5383
f 5503/13/5387 5621/13/5460 5405/13/5388
f 5606/13/5623 5546/13/5338 5545/13/5431 5605/13/5509
f 5505/13/5390 5503/13/5387 5410/13/5286
f 5567/13/5463 5318/13/5391 5504/13/5389
f 5419/13/5467 5570/13/5466 5505/13/5390
f 5568/13/5464 5421/13/5394 5506/13/5393
f 5568/13/5464 5508/13/5395 5421/13/5394
f 5422/13/5292 5571/13/5468 5507/13/6593
f 5510/13/5397 5571/13/5468 5425/13/5295
f 5510/13/5397 5428/13/5297 5512/13/5398
f 5513/13/5475 5573/13/5474 5512/13/5398
f 5431/13/5302 5429/13/5298 5574/13/5473
f 5575/13/5477 5573/13/5474 5430/13/5301
f 5515/13/5476 5576/13/5402 5575/13/5477
f 5574/13/5473 5577/13/5478 5516/13/5401
f 5434/13/5306 5630/13/5601 5517/13/5307
f 5435/13/5308 5578/13/5480 5357/13/5224
f 5252/13/5233 5117/13/4967 5584/13/5486
f 5440/13/6585 5524/13/5543 5438/13/5312
f 5583/13/5485 5362/13/5229 5525/13/5407
f 5587/13/5489 5368/13/5024 5253/13/5121
f 5448/13/5025 5368/13/5024 5587/13/5489
f 5367/13/5318 5586/13/5488 5590/13/5410
f 5525/13/5407 5442/13/5317 5530/13/5496
f 5369/13/5326 5593/13/5546 5534/13/5417
f 5533/13/5414 5443/13/5321 5536/13/5499
f 5536/13/5499 5645/13/5548 5533/13/5414
f 5594/13/5547 5536/13/5499 5531/13/5412
f 5175/13/5027 5648/13/5418 5535/13/5415
f 5651/13/5500 5648/13/5418 5373/13/5236
f 5598/13/5502 5651/13/5500 5452/13/5330
f 5541/13/5426 5598/13/5502 5454/13/5331
f 5656/13/5428 5379/13/5244 5654/13/5504
f 5609/13/5631 5467/13/5259 5285/13/5255 5551/13/5440
f 5606/13/5623 5461/13/5337 5546/13/5338
f 5386/13/5341 5548/13/5437 5283/13/5342
f 5550/13/5438 5288/13/5153 5668/13/5755
f 5695/13/5606 5519/13/5481 5580/13/5309 5438/13/5312
f 5470/13/5444 5612/13/5355 5554/13/5443
f 5611/13/5517 5474/13/5349 5209/13/5351
f 5476/13/5572 5670/13/5518 5473/13/5260
f 5478/13/5449 5085/13/5448 5615/13/6594
f 5137/13/4985 5214/13/5070 5675/13/5583
f 5087/13/4984 5479/13/5523 5294/13/5582
f 5138/13/4928 5137/13/4985 5736/13/5635
f 5559/13/5357 5737/13/5636 5558/13/5450
f 5482/13/5359 5218/13/5075 5618/13/5526
f 5481/13/5264 5676/13/5527 5561/13/5455
f 5297/13/5158 5619/13/5528 5676/13/5527
f 5484/13/5360 5678/13/5530 5563/13/5457
f 5564/13/5586 5393/13/5272 5679/13/5529
f 5565/13/5459 5485/13/5361 5564/13/5586
f 5620/13/5531 5486/13/5458 5490/13/5370
f 5566/13/5461 5565/13/5459 5564/13/5586
f 5570/13/5466 5418/13/5291 5507/13/6593
f 5509/13/5471 5508/13/5395 5622/13/5652
f 5622/13/5652 5572/13/5469 5509/13/5471
f 5688/13/5594 5514/13/5472 5429/13/5298
f 5624/13/5534 5512/13/5398 5573/13/5474
f 5575/13/5477 5626/13/5595 5573/13/5474
f 5514/13/5472 5627/13/5596 5574/13/5473
f 5628/13/5598 5626/13/5595 5575/13/5477
f 5627/13/5596 5577/13/5478 5574/13/5473
f 5575/13/5477 5576/13/5402 5628/13/5598
f 5629/13/5479 5628/13/5598 5576/13/5402
f 5630/13/5601 5629/13/5479 5517/13/5307
f 5434/13/5306 5632/13/5536 5630/13/5601
f 5582/13/5117 5633/13/5541 5521/13/5310
f 5579/13/5482 5696/13/5604 5520/13/5404
f 5727/13/5630 5790/13/6595 5548/13/5437 5386/13/5341
f 5634/13/5539 5584/13/5486 5522/13/5406
f 5582/13/5117 5365/13/5490 5633/13/5541
f 5636/13/5487 5439/13/5319 5357/13/5224
f 5584/13/5486 5587/13/5489 5252/13/5233
f 5583/13/5485 5525/13/5407 5581/13/5484
f 5532/13/5411 5588/13/5491 5447/13/5234
f 5532/13/5411 5449/13/5325 5641/13/5551
f 5591/13/5497 5530/13/5496 5533/13/5414
f 5640/13/5545 5450/13/5327 5448/13/5025
f 5535/13/5415 5637/13/5542 5526/13/5122
f 5592/13/5498 5529/13/5495 5527/13/5409
f 5449/13/5325 5647/13/5324 5641/13/5551
f 5594/13/5547 5645/13/5548 5536/13/5499
f 5534/13/5417 5646/13/5738 5537/13/5416
f 5649/13/5553 5647/13/5324 5451/13/5328
f 5451/13/5328 5372/13/5238 5649/13/5553
f 5780/13/5690 5596/13/5501 5538/13/5422
f 5652/13/5554 5714/13/5689 5595/13/5421
f 5596/13/5501 5654/13/5504 5597/13/5423
f 5601/13/5429 5599/13/5425 5653/13/5555
f 5655/13/5558 5782/13/5556 5600/13/5503
f 5457/13/5333 5659/13/5560 5602/13/5505
f 5658/13/5557 5603/13/5430 5542/13/5427
f 5458/13/5433 5543/13/5332 5660/13/5559
f 5544/13/5335 5661/13/5563 5655/13/5558
f 5660/13/5559 5662/13/5561 5458/13/5433
f 5662/13/5561 5383/13/5564 5281/13/5249
f 5463/13/5435 5663/13/5566 5604/13/5507
f 5547/13/5626 5383/13/5564 5664/13/5565
f 5666/13/5749 5667/13/5511 5461/13/5337
f 5464/13/5339 5550/13/5438 5725/13/5754
f 5578/13/5480 5519/13/5481 5695/13/5606 5694/13/5603
f 5668/13/5755 5725/13/5754 5550/13/5438
f 5553/13/5442 5467/13/5259 5609/13/5631
f 5472/13/5348 5670/13/5518 5610/13/5516
f 5471/13/5352 5469/13/5347 5732/13/5569
f 5474/13/5349 5611/13/5517 5733/13/5570
f 5136/13/4982 5614/13/5697 5555/13/5155
f 5389/13/5521 5671/13/5574 5673/13/5522
f 5136/13/4982 5673/13/5522 5614/13/5697
f 5555/13/5155 5797/13/5698 5674/13/5356
f 5478/13/5449 5672/13/5579 5292/13/5578
f 5557/13/5451 5138/13/4928 5736/13/5635
f 5559/13/5357 5296/13/5157 5853/13/5638
f 5561/13/5455 5676/13/5527 5617/13/5525
f 5482/13/5359 5618/13/5526 5562/13/5456
f 5619/13/5528 5677/13/5641 5676/13/5527
f 5563/13/5457 5678/13/5530 5619/13/5528
f 5620/13/5531 5678/13/5530 5486/13/5458
f 5621/13/5460 5742/13/5588 5620/13/5531
f 5681/13/5645 5742/13/5588 5503/13/5387
f 5503/13/5387 5505/13/5390 5681/13/5645
f 5682/13/5589 5681/13/5645 5505/13/5390
f 5569/13/5465 5683/13/5590 5568/13/5464
f 5570/13/5466 5507/13/6593 5571/13/5468
f 5683/13/5590 5684/13/5827 5508/13/5395
f 5508/13/5395 5684/13/5827 5622/13/5652
f 5686/13/5592 5685/13/5591 5510/13/5397
f 5686/13/5592 5510/13/5397 5512/13/5398
f 5688/13/5594 5511/13/5470 5623/13/5532
f 5688/13/5594 5429/13/5298 5511/13/5470
f 5690/13/5597 5689/13/5655 5626/13/5595
f 5627/13/5596 5691/13/5600 5577/13/5478
f 5692/13/5599 5629/13/5479 5630/13/5601
f 5637/13/5542 5535/13/5415 5774/13/5672 5704/13/5664
f 5757/13/5660 5635/13/5540 5631/13/5535
f 5585/13/5492 5699/13/5721 5633/13/5541
f 5700/13/5610 5586/13/5488 5636/13/5487
f 5438/13/5312 5524/13/5543 5697/13/5605
f 5635/13/5540 5757/13/5660 5701/13/5612
f 5698/13/5607 5587/13/5489 5584/13/5486
f 5588/13/5491 5699/13/5721 5585/13/5492
f 5589/13/5493 5635/13/5540 5701/13/5612
f 5637/13/5542 5704/13/5664 5697/13/5605
f 5638/13/5544 5587/13/5489 5703/13/5609
f 5588/13/5491 5705/13/5671 5699/13/5721
f 5700/13/5610 5706/13/5614 5590/13/5410
f 5588/13/5491 5532/13/5411 5705/13/5671
f 5703/13/5609 5707/13/5674 5638/13/5544
f 5639/13/5611 5527/13/5409 5589/13/5493
f 5641/13/5551 5705/13/5671 5532/13/5411
f 5643/13/5615 5711/13/5681 5710/13/6596 5594/13/5547
f 5642/13/5735 5591/13/5497 5644/13/5549
f 5593/13/5546 5590/13/5410 5708/13/5613
f 5793/13/5799 5729/13/5567 5608/13/5345 5552/13/5515
f 5594/13/5547 5710/13/6596 5712/13/5686
f 5645/13/5548 5594/13/5547 5712/13/5686
f 5593/13/5546 5646/13/5738 5534/13/5417
f 5647/13/5324 5649/13/5553 5713/13/5550
f 5595/13/5421 5714/13/5689 5649/13/5553
f 5780/13/5690 5538/13/5422 5650/13/5552
f 5716/13/5691 5601/13/5429 5653/13/5555
f 5718/13/5617 5656/13/5428 5654/13/5504
f 5657/13/5506 5601/13/5429 5716/13/5691
f 5718/13/5617 5658/13/5557 5656/13/5428
f 5720/13/5621 5785/13/5619 5655/13/5558
f 5659/13/5560 5276/13/5508 5604/13/5507
f 5605/13/5509 5603/13/5430 5786/13/5622
f 5605/13/5509 5787/13/5624 5606/13/5623
f 5461/13/5337 5606/13/5623 5722/13/5625
f 5461/13/5337 5722/13/5625 5724/13/5794
f 5548/13/5437 5790/13/6595 5663/13/5566
f 5724/13/5794 5666/13/5749 5461/13/5337
f 5464/13/5339 5725/13/5754 5791/13/6597
f 5723/13/5627 5465/13/5513 5547/13/5626
f 5726/13/5629 5607/13/5441 5465/13/5513
f 5728/13/5694 5609/13/5631 5551/13/5440
f 5742/13/5588 5681/13/5645 5746/13/5647 5744/13/5706
f 5469/13/5347 5468/13/5346 5730/13/5633
f 5670/13/5518 5734/13/5573 5610/13/5516
f 5671/13/5574 5475/13/5575 5733/13/5570
f 5734/13/5810 5476/13/5445 5556/13/5447
f 5556/13/5447 5477/13/5577 5735/13/5580
f 5560/13/5453 5295/13/5454 5738/13/5640
f 5676/13/5527 5739/13/5642 5617/13/5525
f 5618/13/5526 5801/13/5643 5562/13/5456
f 5619/13/5528 5855/13/5817 5677/13/5641
f 5678/13/5530 5803/13/5819 5619/13/5528
f 5741/13/5763 5903/13/5644 5620/13/5531
f 5620/13/5531 5742/13/5705 5741/13/5763
f 5680/13/5587 5566/13/5461 5564/13/5586
f 5747/13/5646 5682/13/5589 5570/13/5466 5748/13/5648
f 5569/13/5465 5566/13/5461 5745/13/5709
f 5683/13/5590 5569/13/5465 5860/13/5708
f 5796/13/5576 5794/13/6598 5554/13/5443 5612/13/5355
f 5685/13/5591 5749/13/5649 5748/13/5648
f 5622/13/5652 5623/13/5532 5572/13/5469
f 5751/13/5651 5688/13/5594 5623/13/5532
f 5689/13/5655 5624/13/5534 5626/13/5595
f 5754/13/5657 5628/13/5598 5692/13/5599
f 5631/13/5535 5691/13/5600 5816/13/5719
f 5632/13/5536 5755/13/5833 5692/13/5599
f 5758/13/5663 5756/13/5658 5581/13/5484
f 5693/13/5602 5759/13/5666 5636/13/5487
f 5759/13/5666 5700/13/5610 5636/13/5487
f 5821/13/5724 5701/13/5612 5757/13/5660
f 5705/13/5671 5765/13/5725 5699/13/5721
f 5763/13/5667 5706/13/6599 5700/13/5610
f 5764/13/5668 5707/13/5674 5703/13/5609
f 5705/13/5671 5767/13/6600 5765/13/5725
f 5769/13/5840 5702/13/5608 5591/13/5497
f 5769/13/5840 5591/13/5497 5642/13/5735
f 5639/13/5611 5592/13/5498 5527/13/5409
f 5639/13/5611 5823/13/5675 5592/13/5498
f 5707/13/5674 5771/13/5732 5640/13/5545
f 5771/13/5732 5709/13/5419 5640/13/5545
f 5777/13/5682 5643/13/5615 5874/13/5781
f 5710/13/5684 5711/13/5843 5778/13/5685
f 5646/13/5738 5593/13/5546 5772/13/5676
f 5650/13/5552 5537/13/5416 5646/13/5738
f 5713/13/5550 5649/13/5553 5779/13/6601
f 5651/13/5500 5932/13/6602 5928/13/5742
f 5652/13/5554 5782/13/5556 5781/13/5688
f 5602/13/5505 5719/13/5620 5717/13/5618
f 5783/13/5792 5658/13/5557 5718/13/5617
f 5784/13/5692 5660/13/5559 5657/13/5506
f 5783/13/5792 5786/13/5622 5658/13/5557
f 5662/13/5561 5660/13/5559 5784/13/5692
f 5788/13/5628 5464/13/5339 5791/13/6597
f 5731/13/5632 5609/13/5631 5728/13/5694
f 5466/13/5344 5792/13/5695 5669/13/5568
f 5730/13/5633 5468/13/5346 5607/13/5441
f 5554/13/5443 5794/13/6598 5792/13/5695
f 5733/13/5570 5611/13/5517 5795/13/5758
f 5478/13/5699 5615/13/5520 5613/13/5353 5846/13/5700
f 5732/13/5569 5846/13/5700 5613/13/5353
f 5737/13/5636 5799/13/5813 5953/13/5634 5479/13/5523
f 5478/13/5449 5798/13/6603 5672/13/5579
f 5675/13/5583 5294/13/5582 5953/13/5634
f 5763/13/5667 5759/13/5666 5819/13/5722 5761/13/5662
f 5855/13/5817 5619/13/5528 5802/13/5818
f 5619/13/5528 5803/13/5819 5802/13/5818
f 5678/13/5530 5903/13/5644 5803/13/5819
f 5743/13/5703 5745/13/5709 5566/13/5461
f 5806/13/5710 5747/13/5646 5748/13/5711
f 5807/13/5712 5809/13/6604 5808/13/5766
f 5750/13/6605 5807/13/5712 5749/13/5713
f 5750/13/6605 5809/13/6604 5807/13/5712
f 5622/13/5652 5684/13/5827 5810/13/5716
f 5813/13/5717 5687/13/5533 5624/13/5534
f 5865/13/5772 5689/13/5655 5690/13/5597
f 5815/13/5656 5627/13/5596 5625/13/5593
f 5754/13/5657 5914/13/5773 5690/13/5597
f 5755/13/5833 5754/13/5657 5692/13/5599
f 5694/13/5603 5759/13/5666 5693/13/5602
f 5818/13/5720 5634/13/5539 5696/13/5538
f 5760/13/5661 5819/13/5722 5694/13/5603
f 5818/13/6606 5696/13/5604 5699/13/5721
f 5764/13/5668 5698/13/5607 5818/13/5720
f 5764/13/5668 5818/13/6606 5699/13/5721
f 5701/13/5612 5821/13/5724 5823/13/5675 5639/13/5611
f 5706/13/6599 5763/13/5667 5766/13/5669
f 5766/13/5669 5825/13/5734 5824/13/5784 5706/13/6599
f 5767/13/5727 5707/13/5674 5764/13/5668
f 5704/13/5664 5768/13/5673 5825/13/5734 5766/13/5669
f 5702/13/5608 5769/13/5840 5872/13/5895 5822/13/5726
f 5713/13/5550 5779/13/6601 5925/13/5847 5879/13/5846
f 5826/13/5730 5767/13/6600 5705/13/5671
f 5826/13/5729 5827/13/6607 5707/13/5674
f 5823/13/5675 5874/13/5781 5643/13/5615
f 5778/13/5685 5711/13/5843 5876/13/6608
f 5773/13/6609 5712/13/5683 5778/13/5685
f 5641/13/5551 5879/13/5846 5770/13/5670
f 5641/13/5551 5713/13/5550 5879/13/5846
f 5709/13/5419 5832/13/5741 5929/13/6610 5539/13/5420
f 5830/13/5737 5650/13/5552 5646/13/5738
f 5831/13/5740 5709/13/5419 5776/13/5679
f 5779/13/6601 5649/13/5553 5714/13/5689
f 5663/13/5566 5790/13/6595 5837/13/5858 5836/13/5972
f 5714/13/5689 5781/13/5688 5933/13/5745
f 5833/13/6611 5715/13/5616 5780/13/5690
f 5932/13/6602 5651/13/5500 5598/13/5502
f 5834/13/5793 5718/13/5617 5715/13/5616
f 5834/13/5793 5783/13/5792 5718/13/5617
f 5782/13/5556 5785/13/5619 5835/13/5967
f 5785/13/5619 5720/13/5621 5835/13/5967
f 5886/13/5748 5719/13/5620 5659/13/5560
f 5659/13/5560 5604/13/5507 5886/13/5748
f 5940/13/5916 5838/13/6612 5791/13/6597 5725/13/5754
f 5791/13/6597 5838/13/6612 5788/13/5628
f 5839/13/5751 5666/13/5749 5724/13/5794
f 5723/13/5627 5789/13/5693 5841/13/5752 5726/13/5629
f 5793/13/5799 5552/13/5515 5610/13/5516 5892/13/5800
f 5667/13/5511 5840/13/5750 5728/13/5694
f 5729/13/5567 5793/13/5799 5944/13/5801
f 5792/13/5695 5891/13/5796 5669/13/5568
f 5611/13/5517 5731/13/5632 5842/13/5757
f 5848/13/6613 5674/13/5356 5797/13/5698 5895/13/5760
f 5610/13/5516 5844/13/5696 5892/13/5800
f 5795/13/5758 5845/13/5805 5733/13/5570
f 5734/13/5573 5847/13/5809 5844/13/5696
f 5671/13/5574 5733/13/5570 5845/13/5805
f 5898/13/5811 5850/13/5874 5736/13/5635 5675/13/5583
f 5674/13/6614 5848/13/5803 5796/13/5576
f 5672/13/5579 5798/13/6603 5849/13/5807
f 5556/13/5447 5735/13/5808 5734/13/5810
f 5870/13/5892 5758/13/5663 5762/13/5779 5871/13/5778
f 5851/13/5761 5616/13/5524 5736/13/5635
f 5737/13/5636 5800/13/5637 5799/13/5813
f 5854/13/5639 5617/13/5525 5899/13/5814
f 5739/13/5642 5677/13/5641 5855/13/5817
f 5856/13/5762 5740/13/5585 5801/13/5643
f 5803/13/5819 5857/13/5821 5802/13/5818
f 5859/13/5823 5858/13/5704 5805/13/5707
f 5861/13/5765 5683/13/5590 5860/13/5708
f 5861/13/5765 5684/13/5827 5683/13/5590
f 5863/13/5883 5908/13/5770 5811/13/5714
f 5812/13/5715 5863/13/5883 5811/13/5714
f 5864/13/5771 5752/13/5653 5751/13/5651
f 5689/13/5655 5865/13/5772 5753/13/5654
f 5755/13/5833 5914/13/5773 5754/13/5657
f 5815/13/5656 5866/13/5775 5816/13/5719
f 5867/13/5774 5816/13/5719 5866/13/5775
f 5867/13/5774 5869/13/5776 5817/13/5659
f 5869/13/5776 5820/13/5723 5817/13/5659
f 5758/13/5663 5870/13/5892 5756/13/5658
f 5794/13/6598 5796/13/5576 5848/13/5803 5893/13/5802
f 5872/13/5895 5871/13/5778 5822/13/5780
f 5826/13/5729 5828/13/5786 5827/13/6607
f 5775/13/5678 5769/13/5840 5642/13/5735
f 5770/13/5670 5877/13/5845 5826/13/5730
f 5772/13/5676 5824/13/5728 5878/13/5789
f 5770/13/5670 5879/13/5846 5877/13/5845
f 5774/13/5672 5880/13/6615 5875/13/5785
f 5774/13/5672 5926/13/5739 5880/13/6615
f 5925/13/5847 5779/13/6601 5927/13/5903
f 5779/13/6601 5714/13/5689 5927/13/5903
f 5882/13/5790 5780/13/5690 5650/13/5552
f 5931/13/5744 5539/13/5420 5929/13/6610
f 5598/13/5502 5990/13/5746 5932/13/6602
f 5834/13/5793 5715/13/5616 5833/13/6611
f 5884/13/5747 5990/13/5746 5717/13/5618
f 5782/13/5556 5835/13/5967 5933/13/5745
f 5719/13/5620 5886/13/5748 5884/13/5747
f 5991/13/5791 5786/13/5622 5783/13/5792
f 5992/13/5852 5662/13/5561 5784/13/5692
f 5663/13/5566 5836/13/5972 5886/13/5748
f 5789/13/5693 5664/13/5565 5936/13/5854
f 5887/13/6009 5788/13/5628 5838/13/6612
f 5837/13/5858 5790/13/6595 5888/13/5797
f 5940/13/5916 5725/13/5754 5889/13/5753
f 5790/13/6595 5727/13/5630 5888/13/5797
f 5727/13/5630 5669/13/5568 5888/13/5797
f 5840/13/5750 5945/13/5863 5728/13/5694
f 5944/13/5801 5889/13/5756 5729/13/5567
f 5890/13/5798 5730/13/5633 5607/13/5441
f 5794/13/6598 5893/13/5802 5792/13/5695
f 5843/13/5759 5732/13/5569 5730/13/5633
f 5846/13/5700 5843/13/5759 5894/13/5869
f 5560/13/5453 5738/13/5640 5900/13/5931 5801/13/5643
f 5798/13/5871 5846/13/5700 5894/13/5869
f 5849/13/5807 5798/13/5871 5896/13/5870
f 5614/13/5697 5673/13/5522 5897/13/5806
f 5800/13/5637 5853/13/5638 5954/13/5812
f 5812/13/5715 5813/13/5717 5910/13/5830 6022/13/5991
f 5739/13/5642 5855/13/5817 6009/13/5815
f 5857/13/5821 5901/13/5816 5802/13/5818
f 5803/13/5819 5903/13/5644 5902/13/5820
f 5905/13/5824 5904/13/5822 5858/13/5704
f 5745/13/5709 5906/13/5764 5860/13/5708
f 5859/13/5823 5805/13/5707 5747/13/5646
f 5964/13/5880 5861/13/5765 5906/13/5764
f 5907/13/5828 5684/13/5827 5861/13/5765
f 5809/13/5767 5908/13/5770 5968/13/5944
f 5909/13/5826 5810/13/5716 5684/13/5827
f 5864/13/5771 5810/13/5716 5909/13/5826
f 5812/13/5715 6022/13/5991 5863/13/5883
f 5923/13/5848 5828/13/5786 5877/13/5787 5924/13/5900
f 5912/13/5949 5753/13/5654 5865/13/5772
f 5914/13/5773 5912/13/5949 5865/13/5772
f 5866/13/5835 5815/13/5656 5915/13/5832
f 5869/13/5776 5866/13/5835 6025/13/5836
f 5917/13/5837 5918/13/5838 5820/13/5723
f 5919/13/5839 5872/13/5895 5769/13/5840
f 5778/13/5685 5876/13/6608 5920/13/5956
f 5773/13/6609 5981/13/5958 5775/13/5960
f 5922/13/5849 5830/13/5737 5878/13/5789
f 5922/13/6616 5878/13/5788 5880/13/5844
f 5950/13/5867 5948/13/5804 5848/13/6617 5895/13/5868
f 5924/13/5902 5877/13/5845 5925/13/5847
f 5930/13/5963 5833/13/6611 5780/13/5690
f 5883/13/6618 5716/13/5691 5931/13/5744
f 5933/13/5745 5835/13/5967 5988/13/5966
f 5885/13/5851 5784/13/5692 5716/13/5691
f 5720/13/5621 5935/13/5855 5835/13/5967
f 5721/13/5562 5935/13/5855 5720/13/5621
f 5787/13/5624 5786/13/5622 5934/13/5853
f 5788/13/5628 5887/13/6009 5995/13/5856
f 5836/13/5972 5837/13/5858 5996/13/5913
f 6042/13/5973 5789/13/5693 5936/13/5854
f 5996/13/5913 5837/13/5858 5938/13/5860
f 5789/13/5693 6042/13/5973 5939/13/6619
f 5939/13/5862 5841/13/5752 5789/13/5693
f 5942/13/5859 5837/13/5858 5888/13/5797
f 5945/13/5863 5842/13/5757 5728/13/5694
f 5891/13/5796 5792/13/5695 5946/13/5923
f 5947/13/5924 5730/13/5633 5890/13/5798
f 5945/13/5863 5795/13/5758 5842/13/5757
f 5960/13/6620 5959/13/6621 5903/13/5644 5904/13/5822
f 5735/13/5808 5951/13/6622 5847/13/5809
f 5898/13/5811 6006/13/5928 5850/13/5874
f 5799/13/5813 5954/13/5812 5953/13/5634
f 5955/13/5929 5738/13/5640 5852/13/5584
f 5853/13/5638 5854/13/5639 6047/13/5930
f 5854/13/5639 5899/13/5814 6047/13/5930
f 5855/13/5817 5901/13/5816 5957/13/5876
f 5958/13/5937 5804/13/5702 5856/13/5762
f 5902/13/5820 5901/13/5816 5857/13/5821
f 5903/13/5644 5959/13/6621 5902/13/5820
f 5966/13/5882 5862/13/5768 5809/13/5767 5968/13/5944
f 5906/13/5764 5745/13/5709 5961/13/5877
f 5963/13/5879 5806/13/5710 6017/13/5825
f 5967/13/5942 5907/13/5828 5861/13/5765
f 5716/13/5691 5883/13/6618 5992/13/5852 5885/13/5851
f 5969/13/5884 5863/13/5883 6022/13/5991
f 5911/13/5829 5970/13/5885 5814/13/5718
f 5914/13/5773 5972/13/5834 5971/13/5951
f 5868/13/5777 5973/13/5889 5755/13/5833
f 5871/13/5778 5974/13/5891 5870/13/5892
f 5873/13/5782 5918/13/5838 5975/13/5893
f 5871/13/5778 5872/13/5895 5976/13/5894
f 5873/13/5782 6065/13/5897 5978/13/5841
f 5979/13/5998 5977/13/5896 5872/13/5895
f 5919/13/5839 5979/13/5998 5872/13/5895
f 5978/13/5841 5874/13/5781 5873/13/5782
f 5876/13/6608 5711/13/5843 5980/13/6035
f 5920/13/5956 5876/13/6608 5980/13/6035
f 5981/13/5958 5773/13/6609 5778/13/5685
f 5980/13/6035 5711/13/5843 5921/13/5842
f 5829/13/5736 6109/13/5899 5921/13/5842
f 5922/13/6616 5880/13/5844 5983/13/5906
f 5926/13/5739 5983/13/5906 5880/13/6615
f 5929/13/6610 5832/13/5741 5987/13/5907
f 5930/13/5963 5780/13/5690 5882/13/5790
f 5932/13/6602 5986/13/5905 5928/13/5742
f 5714/13/5689 6035/13/5850 5927/13/5903
f 5989/13/5908 5833/13/6611 5930/13/5963
f 6035/13/5850 5933/13/5745 5988/13/5966
f 5989/13/5908 5834/13/5793 5833/13/6611
f 5887/13/6009 5838/13/5915 5939/13/5914 6042/13/5973
f 5886/13/5748 5993/13/6623 6039/13/5909
f 5993/13/6623 5886/13/5748 5836/13/5972
f 5936/13/5854 5662/13/5561 6079/13/5910
f 5722/13/5625 5787/13/5624 5994/13/5911
f 5937/13/5795 5722/13/5625 5994/13/5911
f 6005/13/5926 5896/13/5870 5894/13/5869 5947/13/5975
f 5938/13/5860 5839/13/5917 5937/13/5912
f 5943/13/5861 5939/13/5914 5940/13/5916
f 5942/13/5859 5941/13/5857 5839/13/5917
f 5940/13/5916 6000/13/5921 5943/13/5861
f 6000/13/5921 5940/13/5916 5889/13/5753
f 5941/13/5857 5942/13/5859 5997/13/6012
f 5998/13/5918 5997/13/6012 5942/13/5859
f 5890/13/5798 5841/13/5752 5943/13/5861
f 5890/13/5798 5943/13/5861 6000/13/5921
f 5999/13/5920 5889/13/5756 6001/13/5864
f 5891/13/5796 5946/13/5923 5998/13/5918
f 5947/13/5924 5843/13/5759 5730/13/5633
f 6002/13/5922 5950/13/5867 5795/13/5758
f 5946/13/5923 5893/13/5802 5948/13/5804
f 6003/13/5976 6001/13/5864 5952/13/5925
f 5948/13/5804 5950/13/5867 6004/13/6011
f 5868/13/5777 5974/13/5891 6027/13/6624 6062/13/6031
f 5949/13/5865 5795/13/5758 5950/13/5867
f 5951/13/6622 6005/13/5926 5952/13/5925
f 5847/13/5809 5951/13/6622 5952/13/5925
f 5898/13/5811 6007/13/5927 6006/13/5928
f 6047/13/5930 5954/13/5812 5853/13/5638
f 5956/13/5875 6009/13/5815 6049/13/5978
f 6010/13/5932 5856/13/5762 5801/13/5643
f 6010/13/5932 5958/13/5937 5856/13/5762
f 6011/13/5933 5957/13/5876 5901/13/5816
f 5960/13/6625 6012/13/5934 5959/13/5935
f 6014/13/5938 5743/13/5703 5804/13/5702
f 6014/13/5938 5961/13/5877 5743/13/5703
f 5962/13/5878 6087/13/6019 6086/13/5940
f 6016/13/5941 6087/13/6019 5962/13/5878
f 6016/13/5941 5962/13/5878 5859/13/5823
f 5968/13/5944 6020/13/5943 5966/13/5987
f 6019/13/5989 5907/13/5828 5967/13/5942
f 6054/13/5945 5968/13/5944 5908/13/5770
f 6054/13/5945 5908/13/5770 5969/13/5884
f 6019/13/5989 6021/13/5946 5907/13/5828
f 5864/13/5771 5909/13/5826 6021/13/5946
f 6056/13/5947 5911/13/5829 5864/13/5771
f 5970/13/5885 5911/13/5829 6023/13/5948
f 5971/13/5951 6059/13/6626 5912/13/5949
f 5971/13/5951 6024/13/5950 6059/13/6626
f 6060/13/5952 5915/13/5832 5913/13/5831
f 6026/13/5954 5916/13/5890 6025/13/5836
f 6062/13/6031 5973/13/5889 5868/13/5777
f 6097/13/6100 5972/13/5834 5973/13/5889 6099/13/6033
f 6026/13/5954 5917/13/5837 5916/13/5890
f 5974/13/5891 6029/13/5955 6027/13/6624
f 6028/13/5953 5975/13/5893 5917/13/5837
f 5979/13/5998 5919/13/5839 6030/13/6105
f 5919/13/5839 5775/13/5960 6032/13/5959
f 5983/13/5906 6033/13/6002 5922/13/6616
f 5932/13/6602 6073/13/6043 5986/13/5905
f 5987/13/5907 6036/13/6039 5929/13/6610
f 6036/13/6039 5931/13/5744 5929/13/6610
f 5932/13/6602 5990/13/5746 6073/13/6043
f 5931/13/5744 6036/13/6039 5883/13/6618
f 5990/13/5746 5884/13/5747 6039/13/5909
f 6038/13/5965 5991/13/5791 5989/13/5908
f 5994/13/5911 5934/13/5853 6040/13/5969
f 5836/13/5972 6078/13/5971 5993/13/6623
f 5996/13/6627 5937/13/6628 6043/13/5974
f 6002/13/5922 5945/13/5863 5941/13/5857
f 5997/13/6012 6002/13/5922 5941/13/5857
f 5999/13/5920 6003/13/5976 6000/13/5921
f 6003/13/5976 5999/13/5920 6001/13/5864
f 5946/13/5923 6004/13/6011 5998/13/5918
f 6000/13/5921 6005/13/5926 5947/13/5975
f 6004/13/6011 5950/13/5867 6002/13/5922
f 6004/13/6011 5946/13/5923 5948/13/5804
f 5954/13/5812 6044/13/6049 5953/13/5634
f 6007/13/5927 5953/13/5634 6044/13/6049
f 6006/13/5928 6045/13/6013 5851/13/5761
f 5851/13/5761 6046/13/6014 5955/13/5929
f 6081/13/5979 6047/13/5930 5956/13/5875
f 6048/13/5977 6008/13/5981 5900/13/5931
f 6008/13/5981 6010/13/5932 5900/13/5931
f 6012/13/5934 5960/13/5983 6050/13/5982
f 5904/13/5822 6015/13/5939 6050/13/5982
f 5961/13/5877 6014/13/5938 6052/13/6020
f 5964/13/5880 5961/13/5877 6052/13/6020
f 6053/13/5985 6016/13/5941 5963/13/5879
f 6018/13/5986 5966/13/5987 6020/13/5943
f 6055/13/5990 6054/13/5945 5969/13/5884
f 6022/13/5991 6057/13/5992 6055/13/5990
f 6058/13/5994 6023/13/5948 6056/13/5947
f 5912/13/5949 6059/13/6626 6057/13/5992
f 6095/13/5993 5970/13/5885 6023/13/5948
f 5972/13/5834 6097/13/6100 6024/13/5950
f 6071/13/6006 5930/13/5963 6034/13/5962 6072/13/6080
f 6062/13/6031 6099/13/6033 5973/13/5889
f 6029/13/6629 6062/13/6630 6027/13/6631
f 6064/13/6073 5976/13/5894 5977/13/5896
f 5977/13/5896 6066/13/5999 6064/13/6073
f 6030/13/6105 6105/13/6104 5979/13/5998
f 6104/13/6001 5978/13/5841 6065/13/5897
f 6138/13/6037 5978/13/5841 6067/13/6632
f 5982/13/5898 5978/13/5841 6138/13/6037
f 6033/13/5961 6069/13/6633 6034/13/5962
f 6069/13/6633 6033/13/6002 5986/13/5905
f 6068/13/6003 6070/13/6004 5984/13/5901
f 5986/13/5905 6073/13/6043 6069/13/6633
f 6070/13/6004 6036/13/6039 5987/13/5907
f 6031/13/5957 5920/13/5956 5980/13/6035 6107/13/6034
f 5990/13/5746 6076/13/6041 6073/13/6043
f 5990/13/5746 6039/13/5909 6076/13/6041
f 5883/13/6618 6077/13/6008 5992/13/5852
f 6038/13/5965 6040/13/5969 5991/13/5791
f 6041/13/5970 6114/13/5968 5835/13/5967
f 5993/13/6623 6078/13/5971 6039/13/5909
f 5935/13/5855 6117/13/6010 6041/13/5970
f 6117/13/6010 5935/13/5855 5995/13/5856
f 5996/13/6627 6043/13/5974 6078/13/5971
f 6042/13/5973 6079/13/5910 6080/13/6045
f 6004/13/6011 6002/13/5922 5997/13/6012
f 6005/13/5926 6000/13/5921 6003/13/5976
f 6044/13/6049 5954/13/5812 6047/13/5930
f 6009/13/5815 6082/13/6053 6049/13/5978
f 6009/13/5815 5957/13/5876 6082/13/6053
f 5957/13/5876 6121/13/6057 6082/13/6053
f 6012/13/5934 6085/13/6056 6011/13/5933
f 6050/13/5982 6085/13/6056 6012/13/5934
f 6124/13/6016 6051/13/5984 6013/13/5936
f 6051/13/5984 6052/13/6020 6014/13/5938
f 6016/13/5941 6053/13/6634 6088/13/6018
f 6053/13/6634 6090/13/6024 6088/13/6018
f 6089/13/6021 5965/13/5881 5964/13/5880
f 6053/13/6634 6018/13/6022 6090/13/6024
f 6054/13/6026 6092/13/6027 6127/13/6023
f 6021/13/5946 6093/13/6065 6056/13/6635
f 6093/13/6065 6058/13/6636 6056/13/6635
f 6057/13/5992 6094/13/6029 6092/13/6027
f 6093/13/6065 6095/13/6637 6058/13/6636
f 6132/13/6067 6060/13/5952 6095/13/6637
f 6024/13/5950 6133/13/6638 6096/13/6030
f 6024/13/5950 6097/13/6100 6133/13/6638
f 6098/13/6068 6061/13/5995 6060/13/5952
f 6098/13/6068 6101/13/6072 6061/13/5995
f 6101/13/6072 6026/13/5954 6061/13/5995
f 6026/13/5954 6101/13/6072 6102/13/6071
f 6029/13/5955 6103/13/5996 6100/13/6032
f 6102/13/6071 6028/13/5953 6026/13/5954
f 6063/13/5997 6028/13/5953 6102/13/6071
f 5979/13/5998 6105/13/6104 6066/13/5999
f 6030/13/6105 5919/13/5839 6032/13/5959
f 6078/13/5971 6142/13/6082 6113/13/6044 6039/13/5909
f 5981/13/5958 6031/13/5957 6106/13/6077
f 6069/13/6633 6072/13/6080 6034/13/5962
f 6110/13/6038 6068/13/6003 6074/13/6005
f 6069/13/6633 6111/13/6042 6072/13/6080
f 6073/13/6043 6111/13/6042 6069/13/6633
f 5883/13/6618 6036/13/6039 6112/13/6040
f 6112/13/6040 6077/13/6008 5883/13/6618
f 6076/13/6041 6039/13/5909 6113/13/6044
f 6114/13/5968 6041/13/5970 6115/13/6048
f 6116/13/6046 6043/13/5974 5994/13/5911 6040/13/5969
f 6078/13/5971 6043/13/5974 6143/13/6047
f 6144/13/6083 6117/13/6010 6080/13/6045
f 6044/13/6049 6047/13/5930 6081/13/5979 6118/13/6050
f 6077/13/6008 6112/13/6040 6110/13/6038 6140/13/6639
f 6120/13/6054 6008/13/5981 6048/13/5977
f 6120/13/6054 6083/13/5980 6008/13/5981
f 5957/13/5876 6011/13/5933 6121/13/6057
f 6050/13/5982 6123/13/6017 6085/13/6056
f 6125/13/6058 6052/13/6020 6051/13/5984
f 6087/13/6019 6088/13/6018 6153/13/6091
f 6090/13/6024 6155/13/6090 6088/13/6018
f 6021/13/5946 6091/13/5988 6128/13/6061
f 6093/13/6065 6021/13/5946 6158/13/6062
f 6131/13/6115 6129/13/6063 6094/13/6029
f 6130/13/6064 6095/13/6637 6093/13/6065
f 6130/13/6064 6132/13/6067 6095/13/6637
f 6096/13/6030 6131/13/6115 6094/13/6029
f 6159/13/6099 6133/13/6638 6097/13/6100
f 6097/13/6100 6099/13/6033 6177/13/6098
f 6161/13/6139 6100/13/6032 6103/13/5996
f 6135/13/6070 6136/13/6075 6102/13/6071
f 6103/13/5996 6179/13/6074 6161/13/6139
f 6136/13/6075 6063/13/5997 6102/13/6071
f 6179/13/6074 6103/13/5996 5976/13/5894
f 6137/13/6143 6064/13/6073 6066/13/5999
f 6136/13/6075 6163/13/6076 6104/13/6001
f 6067/13/6000 6104/13/6001 6163/13/6076
f 5981/13/5958 6183/13/6078 6032/13/5959
f 6109/13/5899 6108/13/6036 5921/13/5842
f 6139/13/6079 6071/13/6006 6072/13/6080
f 6110/13/6038 6074/13/6005 6141/13/6081 6140/13/6106
f 6149/13/6087 6085/13/6056 6123/13/6017 6189/13/6128
f 6072/13/6080 6142/13/6082 6139/13/6079
f 6040/13/5969 6038/13/5965 6139/13/6079
f 6139/13/6079 6116/13/6046 6040/13/5969
f 6077/13/6008 6140/13/6639 6080/13/6045
f 6144/13/6083 6080/13/6045 6140/13/6639
f 6145/13/6051 6045/13/6013 6007/13/5927
f 6044/13/6049 6145/13/6051 6007/13/5927
f 6119/13/6052 6147/13/6086 6120/13/6054
f 6120/13/6054 6147/13/6086 6083/13/5980
f 6148/13/6085 6121/13/6057 6149/13/6087
f 6146/13/6109 6119/13/6052 6045/13/6013 6165/13/6108
f 6123/13/6017 6151/13/6112 6189/13/6128
f 6123/13/6017 6086/13/5940 6151/13/6112
f 6086/13/5940 6087/13/6019 6151/13/6112
f 6153/13/6091 6151/13/6112 6087/13/6019
f 6156/13/6093 6155/13/6090 6090/13/6024
f 6092/13/6027 6172/13/6640 6157/13/6094
f 6092/13/6027 6129/13/6063 6172/13/6640
f 6160/13/6101 6101/13/6072 6098/13/6068
f 6100/13/6032 6161/13/6139 6208/13/6069
f 6160/13/6101 6135/13/6070 6101/13/6072
f 6064/13/6073 6137/13/6143 6179/13/6074
f 6163/13/6076 6136/13/6075 6180/13/6120
f 6066/13/5999 6181/13/6103 6137/13/6143
f 6143/13/6047 6139/13/6079 6142/13/6082
f 6164/13/6107 6045/13/6013 6145/13/6051
f 6148/13/6085 6149/13/6087 6189/13/6128 6187/13/6179
f 6118/13/6050 6166/13/6084 6164/13/6107
f 6151/13/6112 6168/13/6126 6189/13/6128
f 6167/13/6110 6152/13/6059 6124/13/6016
f 6193/13/6113 6154/13/6089 6125/13/6058
f 6153/13/6091 6155/13/6090 6194/13/6129
f 6170/13/6092 6089/13/6021 6154/13/6089
f 6155/13/6090 6156/13/6093 6169/13/6114
f 6157/13/6094 6172/13/6640 6200/13/6133
f 6171/13/6095 6158/13/6062 6128/13/6061
f 6199/13/6135 6173/13/6096 6171/13/6095
f 6129/13/6063 6203/13/6136 6172/13/6640
f 6131/13/6115 6206/13/6118 6175/13/6116
f 6206/13/6118 6131/13/6115 6096/13/6030
f 6159/13/6099 6096/13/6030 6133/13/6638
f 6181/13/6103 6030/13/6105 6183/13/6078
f 6030/13/6105 6032/13/5959 6183/13/6078
f 6184/13/6122 6108/13/6036 6109/13/5899
f 6107/13/6034 6184/13/6122 6185/13/6144
f 6166/13/6084 6186/13/6124 6164/13/6107
f 6146/13/6109 6214/13/6145 6147/13/6086
f 6147/13/6086 6188/13/6125 6150/13/6088
f 6214/13/6145 6146/13/6109 6165/13/6108 6213/13/6175
f 6189/13/6128 6190/13/6127 6187/13/6179
f 6192/13/6641 6193/13/6113 6167/13/6110
f 6192/13/6641 6195/13/6130 6193/13/6113
f 6195/13/6130 6170/13/6131 6154/13/6089
f 6192/13/6641 6197/13/6190 6195/13/6130
f 6194/13/6129 6198/13/6132 6196/13/6148
f 6169/13/6114 6198/13/6132 6194/13/6129
f 6199/13/6135 6171/13/6095 6126/13/6060
f 6200/13/6133 6203/13/6136 6202/13/6153
f 6172/13/6640 6203/13/6136 6200/13/6133
f 6201/13/6134 6204/13/6137 6173/13/6096
f 6203/13/6136 6175/13/6116 6226/13/6159
f 6175/13/6116 6206/13/6118 6226/13/6159
f 6096/13/6030 6159/13/6099 6176/13/6117
f 6161/13/6139 6239/13/6141 6208/13/6069
f 6179/13/6074 6210/13/6642 6209/13/6140
f 6210/13/6642 6179/13/6074 6137/13/6143
f 6137/13/6143 6242/13/6142 6210/13/6642
f 6181/13/6103 6211/13/6219 6242/13/6142
f 6182/13/6121 6163/13/6076 6180/13/6120
f 6211/13/6219 6181/13/6103 6183/13/6078
f 6164/13/6107 6213/13/6175 6165/13/6108
f 6186/13/6124 6213/13/6175 6164/13/6107
f 6186/13/6124 6148/13/6085 6187/13/6179 6215/13/6174
f 6279/13/6216 6244/13/6220 6212/13/6643 6185/13/6644
f 6190/13/6127 6216/13/6147 6187/13/6179
f 6191/13/6111 6218/13/6146 6190/13/6127
f 6217/13/6181 6192/13/6641 6167/13/6110
f 6217/13/6181 6219/13/6187 6192/13/6641
f 6197/13/6190 6192/13/6641 6219/13/6187
f 6219/13/6187 6220/13/6186 6197/13/6190
f 6126/13/6060 6195/13/6130 6197/13/6190
f 6199/13/6135 6126/13/6060 6197/13/6190
f 6197/13/6190 6257/13/6151 6199/13/6135
f 6200/13/6133 6202/13/6153 6221/13/6150
f 6201/13/6134 6199/13/6135 6222/13/6152
f 6224/13/6156 6203/13/6136 6258/13/6158
f 6225/13/6157 6205/13/6162 6204/13/6137
f 6174/13/6097 6204/13/6137 6205/13/6162
f 6225/13/6157 6228/13/6163 6205/13/6162
f 6228/13/6163 6229/13/6161 6205/13/6162
f 6206/13/6118 6176/13/6117 6227/13/6160
f 6176/13/6117 6231/13/6201 6262/13/6165
f 6176/13/6117 6234/13/6168 6231/13/6201
f 6233/13/6167 6207/13/6138 6174/13/6097
f 6207/13/6138 6178/13/6119 6134/13/6066
f 6177/13/6169 6236/13/6170 6234/13/6168
f 6236/13/6170 6177/13/6169 6237/13/6206
f 6208/13/6069 6237/13/6206 6177/13/6169
f 6208/13/6069 6239/13/6141 6237/13/6206
f 6238/13/6172 6240/13/6210 6162/13/6102
f 6210/13/6645 6241/13/6235 6209/13/6140
f 6210/13/6645 6275/13/6213 6241/13/6235
f 6240/13/6210 6180/13/6120 6162/13/6102
f 6210/13/6645 6242/13/6142 6275/13/6213
f 6240/13/6210 6243/13/6211 6180/13/6120
f 6243/13/6211 6182/13/6121 6180/13/6120
f 6244/13/6646 6211/13/6647 6183/13/6078 6212/13/6123
f 6281/13/6221 6284/13/6224 6255/13/6191 6282/13/6648
f 6184/13/6122 6280/13/6173 6185/13/6644
f 6245/13/6176 6214/13/6145 6213/13/6175
f 6213/13/6175 6215/13/6174 6245/13/6176
f 6187/13/6179 6246/13/6178 6215/13/6174
f 6245/13/6176 6215/13/6174 6246/13/6178
f 6246/13/6178 6216/13/6147 6245/13/6176
f 6217/13/6181 6167/13/6110 6247/13/6177
f 6245/13/6176 6248/13/6649 6247/13/6177
f 6248/13/6649 6250/13/6180 6247/13/6177
f 6251/13/6183 6216/13/6147 6218/13/6146
f 6250/13/6180 6219/13/6187 6217/13/6181
f 6252/13/6149 6249/13/6182 6251/13/6183
f 6194/13/6129 6252/13/6149 6218/13/6146
f 6250/13/6180 6253/13/6185 6219/13/6187
f 6250/13/6180 6282/13/6648 6253/13/6185
f 6283/13/6189 6252/13/6149 6254/13/6184
f 6253/13/6185 6255/13/6191 6220/13/6186
f 6256/13/6188 6254/13/6184 6221/13/6150
f 6255/13/6191 6288/13/6192 6222/13/6152
f 6202/13/6153 6224/13/6156 6258/13/6158
f 6288/13/6192 6259/13/6194 6225/13/6157
f 6228/13/6163 6225/13/6157 6259/13/6194
f 6227/13/6160 6262/13/6165 6291/13/6195
f 6230/13/6164 6228/13/6163 6259/13/6194
f 6264/13/6199 6259/13/6194 6263/13/6198
f 6261/13/6197 6263/13/6198 6292/13/6196
f 6231/13/6201 6261/13/6197 6262/13/6165
f 6232/13/6166 6230/13/6164 6265/13/6200
f 6263/13/6198 6266/13/6650 6265/13/6200
f 6263/13/6198 6267/13/6202 6266/13/6650
f 6267/13/6202 6263/13/6198 6231/13/6201
f 6265/13/6200 6268/13/6204 6232/13/6166
f 6236/13/6170 6270/13/6229 6235/13/6171
f 6238/13/6172 6233/13/6167 6269/13/6203
f 6270/13/6229 6236/13/6170 6274/13/6207
f 6239/13/6141 6274/13/6207 6237/13/6206
f 6273/13/6209 6240/13/6210 6238/13/6172
f 6209/13/6140 6241/13/6235 6274/13/6207
f 6182/13/6121 6305/13/6217 6280/13/6173
f 6278/13/6218 6244/13/6220 6279/13/6216
f 6185/13/6644 6280/13/6173 6279/13/6216
f 6249/13/6182 6245/13/6176 6216/13/6147
f 6248/13/6649 6245/13/6176 6249/13/6182
f 6250/13/6180 6248/13/6649 6249/13/6182
f 6281/13/6221 6249/13/6182 6252/13/6149
f 6282/13/6648 6250/13/6180 6281/13/6221
f 6255/13/6191 6253/13/6185 6282/13/6648
f 6284/13/6224 6281/13/6221 6283/13/6189
f 6243/13/6211 6301/13/6236 6305/13/6217 6182/13/6121
f 6285/13/6222 6284/13/6224 6283/13/6189
f 6256/13/6651 6286/13/6652 6283/13/6653
f 6289/13/6225 6284/13/6224 6287/13/6654
f 6285/13/6222 6290/13/6226 6287/13/6654
f 6286/13/6223 6290/13/6226 6285/13/6222
f 6260/13/6193 6288/13/6192 6289/13/6225
f 6258/13/6655 6291/13/6656 6286/13/6657
f 6290/13/6226 6289/13/6225 6287/13/6654
f 6289/13/6225 6290/13/6226 6291/13/6195
f 6291/13/6195 6261/13/6197 6293/13/6227
f 6266/13/6650 6294/13/6230 6265/13/6200
f 6294/13/6230 6266/13/6650 6267/13/6202
f 6265/13/6200 6294/13/6230 6268/13/6204
f 6294/13/6230 6295/13/6228 6268/13/6204
f 6270/13/6229 6297/13/6231 6267/13/6202
f 6295/13/6228 6271/13/6205 6269/13/6203
f 6298/13/6239 6297/13/6231 6270/13/6229
f 6299/13/6233 6298/13/6239 6270/13/6229
f 6241/13/6235 6275/13/6213 6299/13/6233
f 6300/13/6234 6301/13/6236 6271/13/6205
f 6301/13/6236 6243/13/6211 6272/13/6208
f 6301/13/6236 6300/13/6234 6302/13/6237
f 6277/13/6215 6303/13/6238 6298/13/6239
f 6304/13/6240 6299/13/6233 6275/13/6213
f 6277/13/6215 6298/13/6239 6304/13/6240
f 6276/13/6214 6305/13/6217 6302/13/6237
f 6304/13/6240 6278/13/6218 6277/13/6215
f 6285/13/6222 6287/13/6654 6284/13/6224
